:020000040800F2
:10000000000001204D5D0008B54C0008B74C000809
:10001000B94C0008BB4C0008BD4C000800000000B3
:10002000000000000000000000000000BF4C0008BD
:10003000C14C000800000000C34C0008C54C00087B
:100040009D5D00089D5D0008C94C00089D5D00088D
:100050009D5D00089D5D00089D5D00089D5D000898
:10006000D54C00089D5D0008DB4C00089D5D000834
:100070009D5D00089D5D00089D5D0008E14C000845
:100080009D5D00089D5D00089D5D00089D5D000868
:100090009D5D00089D5D0008ED4C00089D5D000819
:1000A0009D5D00089D5D00089D5D00089D5D000848
:1000B000054D0008114D00089D5D00089D5D00087C
:1000C0009D5D00089D5D00089D5D00089D5D000828
:1000D0009D5D00081D4D00089D5D00089D5D0008A8
:1000E0009D5D00089D5D0008294D00089D5D00088C
:1000F0009D5D00089D5D00089D5D00089D5D0008F8
:100100009D5D00089D5D0008354D00089D5D00085F
:100110009D5D00089D5D00089D5D00089D5D0008D7
:100120009D5D00089D5D00089D5D00089D5D0008C7
:080130009D5D00089D5D0008C3
:1001400010B5054C237833B9044B13B10448AFF311
:1001500000800123237010BD08B4002000000000BF
:10016000D084010808B5034B1BB103490348AFF322
:10017000008008BD000000000CB40020D0840108FD
:1001800001F0FF01102A2BDB10F0070F08D010F848
:10019000013B013A8B422DD010F0070F42B3F6D14C
:1001A000F0B441EA012141EA014122F007047FF065
:1001B00000070023F0E80256083C85EA010586EABC
:1001C000010685FA47F5A3FA87F586FA47F6A5FAF8
:1001D00087F68EB9EED1F0BC01F0FF0102F0070204
:1001E00032B110F8013B013A83EA010313B1F8D1AF
:1001F0000020704701387047002D06BF3546033890
:10020000073815F0010F07D1013015F4807F02BFC8
:10021000013015F4C03F0130F0BC0138704700BF19
:10022000034613F8012B002AFBD1181A0138704736
:1002300081F0004102E000BF83F0004330B54FEA97
:1002400041044FEA430594EA050F08BF90EA020F04
:100250001FBF54EA000C55EA020C7FEA645C7FEA97
:10026000655C00F0E2804FEA5454D4EB5555B8BFBA
:100270006D420CDD2C4480EA020281EA030382EA2B
:10028000000083EA010180EA020281EA0303362DBD
:1002900088BF30BD11F0004F4FEA01314FF4801C90
:1002A0004CEA113102D0404261EB410113F0004FA2
:1002B0004FEA03334CEA133302D0524263EB430359
:1002C00094EA050F00F0A780A4F10104D5F1200EF7
:1002D0000DDB02FA0EFC22FA05F2801841F1000152
:1002E00003FA0EF2801843FA05F359410EE0A5F126
:1002F00020050EF1200E012A03FA0EFC28BF4CF057
:10030000020C43FA05F3C01851EBE37101F000450C
:1003100007D54FF0000EDCF1000C7EEB00006EEB19
:100320000101B1F5801F1BD3B1F5001F0CD34908A3
:100330005FEA30004FEA3C0C04F101044FEA4452FA
:1003400012F5800F80F09A80BCF1004F08BF5FEA81
:10035000500C50F1000041EB045141EA050130BD61
:100360005FEA4C0C404141EB0101013C28BFB1F573
:10037000801FE9D291F0000F04BF01460020B1FABE
:1003800081F308BF2033A3F10B03B3F120020CDA91
:100390000C3208DD02F1140CC2F10C0201FA0CF06F
:1003A00021FA02F10CE002F11402D8BFC2F1200CD4
:1003B00001FA02F120FA0CFCDCBF41EA0C0190408A
:1003C000E41AA2BF01EB0451294330BD6FEA0404D3
:1003D0001F3C1CDA0C340EDC04F11404C4F12002BE
:1003E00020FA04F001FA02F340EA030021FA04F3D0
:1003F00045EA030130BDC4F10C04C4F1200220FA27
:1004000002F001FA04F340EA0300294630BD21FA64
:1004100004F0294630BD94F0000F83F4801306BF2A
:1004200081F480110134013D4EE77FEA645C18BF1E
:100430007FEA655C29D094EA050F08BF90EA020FB5
:1004400005D054EA000C04BF1946104630BD91EAAD
:10045000030F1EBF0021002030BD5FEA545C05D1B0
:100460004000494128BF41F0004130BD14F58004EF
:100470003CBF01F5801130BD01F0004545F0FE4163
:1004800041F470014FF0000030BD7FEA645C1ABF98
:10049000194610467FEA655C1CBF0B46024650EACF
:1004A000013406BF52EA033591EA030F41F40021FB
:1004B00030BD00BF90F0000F04BF0021704730B581
:1004C0004FF4806404F132044FF000054FF0000156
:1004D00050E700BF90F0000F04BF0021704730B517
:1004E0004FF4806404F1320410F0004548BF4042EC
:1004F0004FF000013EE700BF42004FEAE2014FEA41
:1005000031014FEA02701FBF12F07F4393F07F4F1B
:1005100081F06051704732F07F4208BF704793F01E
:100520007F4F04BF41F40021704730B54FF4607431
:1005300001F0004521F000411CE700BF50EA010234
:1005400008BF704730B54FF000050AE050EA0102DD
:1005500008BF704730B511F0004502D5404261EB4D
:1005600041014FF4806404F132045FEA915C3FF48E
:10057000D8AE4FF003025FEADC0C18BF03325FEA2B
:10058000DC0C18BF033202EBDC02C2F1200300FADC
:1005900003FC20FA02F001FA03FE40EA0E0021FA01
:1005A00002F11444BDE600BF70B54FF0FF0C4CF4EF
:1005B000E06C1CEA11541DBF1CEA135594EA0C0FA1
:1005C00095EA0C0F00F0DEF82C4481EA030621EADC
:1005D0004C5123EA4C5350EA013518BF52EA033517
:1005E00041F4801143F4801338D0A0FB02CE4FF0C9
:1005F0000005E1FB02E506F00042E0FB03E54FF0F9
:100600000006E1FB03569CF0000F18BF4EF0010EF0
:10061000A4F1FF04B6F5007F64F5407404D25FEAEC
:100620004E0E6D4146EB060642EAC62141EA55519F
:100630004FEAC52040EA5E504FEACE2EB4F1FD0CE1
:1006400088BFBCF5E06F1ED8BEF1004F08BF5FEA5F
:10065000500E50F1000041EB045170BD06F0004611
:1006600046EA010140EA020081EA0301B4EB5C04BE
:10067000C2BFD4EB0C0541EA045170BD41F48011B6
:100680004FF0000E013C00F3AB8014F1360FDEBFDB
:10069000002001F0004170BDC4F10004203C35DAB7
:1006A0000C341BDC04F11404C4F1200500FA05F33A
:1006B00020FA04F001FA05F240EA020001F00042DB
:1006C00021F0004110EBD37021FA04F642EB060151
:1006D0005EEA430E08BF20EAD37070BDC4F10C047B
:1006E000C4F1200500FA04F320FA05F001FA04F23F
:1006F00040EA020001F0004110EBD37041F100012B
:100700005EEA430E08BF20EAD37070BDC4F1200535
:1007100000FA05F24EEA020E20FA04F301FA05F29D
:1007200043EA020321FA04F001F0004121FA04F245
:1007300020EA020000EBD3705EEA430E08BF20EA15
:10074000D37070BD94F0000F0FD101F0004640004F
:1007500041EB010111F4801F08BF013CF7D041EAD1
:10076000060195F0000F18BF704703F000465200D5
:1007700043EB030313F4801F08BF013DF7D043EAA6
:100780000603704794EA0C0F0CEA135518BF95EA5C
:100790000C0F0CD050EA410618BF52EA4306D1D1E3
:1007A00081EA030101F000414FF0000070BD50EA02
:1007B000410606BF1046194652EA430619D094EA8C
:1007C0000C0F02D150EA013613D195EA0C0F05D176
:1007D00052EA03361CBF104619460AD181EA0301CA
:1007E00001F0004141F0FE4141F470014FF0000082
:1007F00070BD41F0FE4141F4780170BD70B54FF01D
:10080000FF0C4CF4E06C1CEA11541DBF1CEA13559C
:1008100094EA0C0F95EA0C0F00F0A7F8A4EB05047E
:1008200081EA030E52EA03354FEA013100F0888075
:100830004FEA03334FF0805545EA131343EA12633E
:100840004FEA022245EA111545EA10654FEA0026F3
:100850000EF000419D4208BF964244F1FD0404F5AC
:10086000407402D25B084FEA3202B61A65EB030508
:100870005B084FEA32024FF480104FF4002CB6EBC5
:10088000020E75EB030E22BFB61A754640EA0C0045
:100890005B084FEA3202B6EB020E75EB030E22BF85
:1008A000B61A754640EA5C005B084FEA3202B6EBC6
:1008B000020E75EB030E22BFB61A754640EA9C0085
:1008C0005B084FEA3202B6EB020E75EB030E22BF55
:1008D000B61A754640EADC0055EA060E18D04FEA13
:1008E000051545EA16754FEA06164FEAC30343EAB3
:1008F00052734FEAC2025FEA1C1CC0D111F4801F80
:100900000BD141EA00014FF000004FF0004CB6E778
:1009100011F4801F04BF01430020B4F1FD0C88BF17
:10092000BCF5E06F3FF6AFAEB5EB030C04BFB6EB22
:10093000020C5FEA500C50F1000041EB045170BD15
:100940000EF0004E4EEA113114EB5C04C2BFD4EB42
:100950000C0541EA045170BD41F480114FF0000EC6
:10096000013C90E645EA060E8DE60CEA135594EA42
:100970000C0F08BF95EA0C0F3FF43BAF94EA0C0F45
:100980000AD150EA01347FF434AF95EA0C0F7FF4BA
:1009900025AF104619462CE795EA0C0F06D152EA0E
:1009A00003353FF4FDAE1046194622E750EA4106F2
:1009B00018BF52EA43067FF4C5AE50EA41047FF403
:1009C0000DAF52EA43057FF4EBAE12E74FF0FF3C68
:1009D00006E000BF4FF0010C02E000BF4FF0010C39
:1009E0004DF804CD4FEA410C7FEA6C5C4FEA430CB2
:1009F00018BF7FEA6C5C1BD001B050EA410C0CBF01
:100A000052EA430C91EA030F02BF90EA020F002062
:100A1000704710F1000F91EA030F58BF994208BFC9
:100A200090422CBFD8176FEAE37040F00100704786
:100A30004FEA410C7FEA6C5C02D150EA013C07D1DD
:100A40004FEA430C7FEA6C5CD6D152EA033CD3D028
:100A50005DF8040B704700BF8446104662468C4622
:100A60001946634600E000BF01B5FFF7B7FF002855
:100A700048BF10F1000F01BD4DF808EDFFF7F4FF7E
:100A80000CBF012000205DF808FB00BF4DF808ED09
:100A9000FFF7EAFF34BF012000205DF808FB00BF2C
:100AA0004DF808EDFFF7E0FF94BF012000205DF84E
:100AB00008FB00BF4DF808EDFFF7CEFF94BF012003
:100AC00000205DF808FB00BF4DF808EDFFF7C4FFFC
:100AD00034BF012000205DF808FB00BF4FEA410C45
:100AE0007FEA6C5C02D150EA013C0AD14FEA430C28
:100AF0007FEA6C5C02D152EA033C02D14FF0000065
:100B000070474FF0010070474FEA410212F50012A2
:100B100015D211D56FF47873B3EB625212D94FEA44
:100B2000C12343F0004343EA505311F0004F23FA2E
:100B300002F018BF404270474FF00000704750EA83
:100B4000013005D111F0004008BF6FF00040704740
:100B50004FF00000704700BF4FEA4102B2F1E0439E
:100B600024BFB3F5001CDCF1FE5C0DD901F0004C94
:100B70004FEAC0024CEA5070B2F1004F40EB8300E4
:100B800008BF20F00100704711F0804F21D113F110
:100B90003872BCBF01F00040704741F480114FEA49
:100BA0005252C2F11802C2F1200C10FA0CF320FAD2
:100BB00002F018BF40F001004FEAC1234FEAD323EF
:100BC00003FA0CFC40EA0C0023FA02F34FEA430359
:100BD000CCE77FEA625307D150EA01331EBF4FF0E2
:100BE000FE4040F44000704701F0004040F0FE40FD
:100BF00040F40000704700BF80F0004002E000BFFA
:100C000081F0004142001FBF5FEA410392EA030FF7
:100C10007FEA226C7FEA236C6AD04FEA1262D2EB41
:100C20001363C1BFD218414048404140B8BF5B4246
:100C3000192B88BF704710F0004F40F4000020F0DF
:100C40007F4018BF404211F0004F41F4000121F0F5
:100C50007F4118BF494292EA030F3FD0A2F101023F
:100C600041FA03FC10EB0C00C3F1200301FA03F17D
:100C700000F0004302D5494260EB4000B0F5000FA0
:100C800013D3B0F1807F06D340084FEA310102F15F
:100C90000102FE2A51D2B1F1004F40EBC25008BF11
:100CA00020F0010040EA03007047490040EB0000DB
:100CB000013A28BFB0F5000FEDD2B0FA80FCACF1DC
:100CC000080CB2EB0C0200FA0CF0AABF00EBC25009
:100CD00052421843BCBFD0401843704792F0000FF7
:100CE00081F4000106BF80F400000132013BB5E74A
:100CF0004FEA41037FEA226C18BF7FEA236C21D0C0
:100D000092EA030F04D092F0000F08BF0846704724
:100D100090EA010F1CBF0020704712F07F4F04D1F2
:100D2000400028BF40F00040704712F100723CBF05
:100D300000F50000704700F0004343F0FE4040F42F
:100D4000000070477FEA226216BF08467FEA2363ED
:100D50000146420206BF5FEA412390EA010F40F4D8
:100D6000800070474FF0000304E000BF10F0004324
:100D700048BF40425FEA000C08BF704743F096430B
:100D800001464FF000001CE050EA010208BF704726
:100D90004FF000030AE000BF50EA010208BF7047AD
:100DA00011F0004302D5404261EB41015FEA010CC2
:100DB00002BF84460146002043F0B64308BFA3F1BA
:100DC0008053A3F50003BCFA8CF2083AA3EBC2539C
:100DD00010DB01FA02FC634400FA02FCC2F12002BB
:100DE000BCF1004F20FA02F243EB020008BF20F0F2
:100DF0000100704702F1200201FA02FCC2F1200258
:100E000050EA4C0021FA02F243EB020008BF20EA4C
:100E1000DC7070474FF0FF0C1CEAD0521EBF1CEA7A
:100E2000D15392EA0C0F93EA0C0F6FD01A4480EA68
:100E3000010C400218BF5FEA41211ED04FF0006351
:100E400043EA501043EA5111A0FB01310CF000407D
:100E5000B1F5000F3EBF490041EAD3715B0040EAA3
:100E6000010062F17F02FD2A1DD8B3F1004F40EB73
:100E7000C25008BF20F00100704790F0000F0CF046
:100E8000004C08BF49024CEA502040EA51207F3A0A
:100E9000C2BFD2F1FF0340EAC250704740F40000E5
:100EA0004FF00003013A5DDC12F1190FDCBF00F0D6
:100EB00000407047C2F10002410021FA02F1C2F184
:100EC000200200FA02FC5FEA310040F1000053EA20
:100ED0004C0308BF20EADC70704792F0000F00F06E
:100EE000004C02BF400010F4000F013AF9D040EA74
:100EF0000C0093F0000F01F0004C02BF490011F408
:100F0000000F013BF9D041EA0C018FE70CEAD15305
:100F100092EA0C0F18BF93EA0C0F0AD030F0004C85
:100F200018BF31F0004CD8D180EA010000F0004039
:100F3000704790F0000F17BF90F0004F084691F0F7
:100F4000000F91F0004F14D092EA0C0F01D1420231
:100F50000FD193EA0C0F03D14B0218BF084608D1FA
:100F600080EA010000F0004040F0FE4040F4000044
:100F7000704740F0FE4040F4400070474FF0FF0CD7
:100F80001CEAD0521EBF1CEAD15392EA0C0F93EA1E
:100F90000C0F69D0A2EB030280EA010C49024FEA70
:100FA000402037D04FF0805343EA111143EA101329
:100FB0000CF000408B4238BF5B0042F17D024FF4E1
:100FC000000C8B4224BF5B1A40EA0C00B3EB510FBC
:100FD00024BFA3EB510340EA5C00B3EB910F24BFA5
:100FE000A3EB910340EA9C00B3EBD10F24BFA3EB2A
:100FF000D10340EADC001B0118BF5FEA1C1CE0D1F2
:10100000FD2A3FF650AF8B4240EBC25008BF20F0A4
:10101000010070470CF0004C4CEA50207F32C2BFF8
:10102000D2F1FF0340EAC250704740F400004FF095
:101030000003013A37E792F0000F00F0004C02BFC6
:10104000400010F4000F013AF9D040EA0C0093F090
:10105000000F01F0004C02BF490011F4000F013BEA
:10106000F9D041EA0C0195E70CEAD15392EA0C0F52
:1010700008D142027FF47DAF93EA0C0F7FF470AF8A
:10108000084676E793EA0C0F04D14B023FF44CAFCD
:1010900008466EE730F0004C18BF31F0004CCAD162
:1010A00030F000427FF45CAF31F000437FF43CAF9E
:1010B0005FE700BF4FF0FF3C06E000BF4FF0010CC0
:1010C00002E000BF4FF0010C4DF804CD4FEA4002A2
:1010D0004FEA41037FEA226C18BF7FEA236C11D0EC
:1010E00001B052EA530C18BF90EA010F58BFB2EB9F
:1010F000030088BFC81738BF6FEAE17018BF40F01F
:10110000010070477FEA226C02D15FEA402C05D1D2
:101110007FEA236CE4D15FEA412CE1D05DF8040B57
:10112000704700BF844608466146FFE70FB5FFF7EA
:10113000C9FF002848BF10F1000F0FBD4DF808EDA2
:10114000FFF7F4FF0CBF012000205DF808FB00BF93
:101150004DF808EDFFF7EAFF34BF012000205DF8ED
:1011600008FB00BF4DF808EDFFF7E0FF94BF01203A
:1011700000205DF808FB00BF4DF808EDFFF7D2FF37
:1011800094BF012000205DF808FB00BF4DF808ED7A
:10119000FFF7C8FF34BF012000205DF808FB00BF47
:1011A0004FEA40024FEA41037FEA226C02D15FEA34
:1011B000402C08D17FEA236C02D15FEA412C02D196
:1011C0004FF0000070474FF0010070474FEA4002B7
:1011D000B2F1FE4F0FD34FF09E03B3EB12620DD965
:1011E0004FEA002343F0004310F0004F23FA02F0CF
:1011F00018BF404270474FF00000704712F1610F76
:1012000001D1420205D110F0004008BF6FF000404C
:1012100070474FF00000704742000ED2B2F1FE4F0F
:101220000BD34FF09E03B3EB126209D44FEA0023B5
:1012300043F0004323FA02F070474FF0000070477C
:1012400012F1610F01D1420202D14FF0FF3070471D
:101250004FF00000704700BF53B94AB9002908BFDA
:1012600000281CBF4FF0FF314FF0FF3000F06AB98B
:10127000ADF1080C6DE904CE00F006F8DDF804E0ED
:10128000DDE9022304B070472DE9F047089D0C46C4
:10129000002B4ED194468C458646B2FA82F262D932
:1012A0004AB1C2F12003914020FA03F30CFA02FC88
:1012B000194300FA02FE4FEA1C471FFA8CF6B1FBF5
:1012C000F7F44FEA1E4307FB141143EA014304FB02
:1012D00006F199420AD91CEB030304F1FF3080F0B8
:1012E0001281994240F20F81023C6344591A1FFA5D
:1012F0008EF3B1FBF7F007FB101143EA014300FB4B
:1013000006F69E420AD91CEB030300F1FF3180F080
:10131000FC809E4240F2F980634402389B1B40EA05
:10132000044000211DB1D3400022C5E90032BDE8D0
:10133000F0878B4205D90DB1C5E9000100210846AF
:10134000F5E7B3FA83F1002946D1A34202D39042D4
:10135000C0F0F080861A64EB03030120002DE6D074
:10136000C5E90063E3E7002A40F09080A1EB0C049C
:101370004FEA1C481FFA8CF70121B4FBF8F64FEA3C
:101380001E4308FB164443EA044307FB06F0984259
:1013900008D91CEB030306F1FF3402D2984200F295
:1013A000CD8026461C1A1FFA8EF3B4FBF8F008FB1A
:1013B000104443EA044300FB07F79F4208D91CEBA3
:1013C000030300F1FF3402D29F4200F2B0802046B6
:1013D000DB1B40EA0640A5E7C1F120068B4022FA5C
:1013E00006F71F4320FA06FC04FA01F343EA0C0354
:1013F000F44000FA01F8380C4FEA1349B4FBF0FE50
:101400001FFA87FC00FB1E4449EA04440EFB0CF95A
:10141000A14502FA01F20AD93C190EF1FF3A80F017
:101420008480A14540F28180AEF1020E3C44A4EBE1
:1014300009041FFA83F9B4FBF0F300FB134449EAF3
:10144000044403FB0CFCA44507D93C1903F1FF300D
:1014500067D2A44565D9023B3C4443EA0E40A0FB59
:101460000293A4EB0C049C42CE469C4651D34ED032
:1014700055B1B8EB0E0364EB0C0404FA06F6CB404E
:101480001E43CC40C5E90064002150E7C2F12003AF
:1014900020FA03F10CFA02FC24FA03F394400C4303
:1014A0004FEA1C4800FA02FE1FFA8CF7B3FBF8F073
:1014B00008FB1031230C43EA014300FB07F199427A
:1014C00008D91CEB030300F1FF362CD299422AD92C
:1014D000023863445B1AA4B2B3FBF8F108FB113382
:1014E00044EA034401FB07F3A34208D91CEB0404BC
:1014F00001F1FF3613D2A34211D902396444E41A30
:1015000041EA004139E70446F0E6084606E7C845E7
:10151000AED2B9EB020E63EB070C0138A8E73146F7
:10152000EDE7034699E73046D4E7D6467FE76344C4
:1015300002384DE70646234608460FE7023E63445D
:1015400030E700BF704700BF0121402012F0B8BD56
:10155000F8B5154E154C338801339BB2B3F57A7F3D
:10156000338004D9E388A3800123E38033800025FE
:101570002F462278EBB29A4200D8F8BD637002334E
:1015800054F823309A8801329A803288B2F57A7FF3
:1015900024BFDA885A801A6928BFDF8012B11B7A0B
:1015A00003B190470135E4E726B4002028B40020B9
:1015B00073B500242246224B009441F28831214821
:1015C000214E12F0FBFE2246204B009440F6B8312B
:1015D0001F4812F0F3FE224621461E4B022012F055
:1015E0005DFC00F07CFD00F0D7FD1B491B4A1C4B45
:1015F000126E01254D63284691F8301000F082FAF2
:1016000001F0FAF8174B00942A464FF4FA6130467D
:1016100012F0D4FE304612F07DFF134A21464020DE
:1016200012F018FE2946402012F04AFD0F4B2246C8
:101630002146022002B0BDE8704012F02FBC00BF6E
:10164000A920000888B4002058B40020E520000834
:1016500070B40020598501086CB600203CB700200A
:101660008121000879430008491500087A8501089E
:101670000B4B0C4A196812780A441A601B68033332
:101680000CD9BFF34F8F0849084BCA6802F4E062D7
:101690001343CB60BFF34F8F00BFFDE7FFF758BF89
:1016A000CCD60020A4B1002000ED00E00400FA0533
:1016B00003680B4A934201D101F06AB9094A934287
:1016C0000DD1094A138801339BB2B3F57A7F138099
:1016D00005D3064BD98B59830021D98311807047DC
:1016E000004801400044014024B400206CB00020B8
:1016F000042802D0102802D0704702F089BE00F002
:10170000EFBC00002DE9F043012891B005460E46DC
:1017100040F0948000230A93D5238DF82C304A4B57
:1017200008934A4B4A4C09934A4B0D934A4B0C93EE
:1017300008A94A4B0E93204605F05EF828B14FF0F9
:10174000FF39484611B0BDE8F0830DF10301204692
:1017500004F02BFE0028F2D19DF803306B2BEED164
:1017600001A9204604F00EFC9DF806309DF80410F7
:101770009DF80520DFF8E8803A4FC8F804409B0048
:1017800043EA4103384913434B60F007374B7B6012
:1017900009D5012A07D1364A36491B68D16020464F
:1017A00098470028CBD1B10726D47207C7D47B68ED
:1017B000D8F80400DB6808A998478146002840D182
:1017C0009DF82040631E5C425C419DF82130012B56
:1017D0009DF822304FEA440408BF44F00104012B75
:1017E00008BF44F00404032735EA060313D0013F81
:1017F0004FEA4505F8D1A4E79DF80430012BD4D178
:101800001B4B1D4A1A617B68D8F804001B68984777
:101810000028CAD093E735EA0403E8D1174B144AED
:1018200053F82530D8F80400033352F823301B68EE
:1018300098470028DBD06FF0040982E76FF00109B8
:101840007FE76FF006097CE7B55E0008A15D000840
:10185000A0B40020255E0008F15D0008595E000874
:1018600000B50020E0B40020D8B400206CB1002006
:10187000E8B4002024B1002048B100209C85010874
:1018800001280B4610B5114619D80E4A52F82020EF
:1018900003EA0204934312D10B4A52F8242000EBCE
:1018A00040031344094A52F82330094A1B6A52F88C
:1018B00020009847002818BF6FF0040010BD6FF09B
:1018C0000100FBE7D8B400209C850108E8B40020A3
:1018D00000B50020012808B508D1064B586804F06F
:1018E00070FF002818BF6FF0040008BD6FF0010002
:1018F000FBE700BF00B50020012808B508D1064B62
:10190000586804F068FF002818BF6FF0040008BD95
:101910006FF00100FBE700BF00B500202DE9F043A8
:101920000F4691B0002878D17F238DF82C303E4BA4
:1019300008933E4B3E4C09933E4B0D933E4B0A9011
:101940000C9308A93D4B0E93204605F02DFC28B1C1
:101950004FF0FF34204611B0BDE8F0830DF10701D0
:10196000204605F0A3FB0028F2D19DF80730A02BFC
:10197000EED102A9204605F0EDFA314B9DF8082082
:10198000DFF8C080304D1A60F907304BC8F80040CE
:101990002B6009D5012A07D12D4A2E491B681160F9
:1019A000204698470028D3D12B68D8F80000DB6880
:1019B00008A99847044698BB9DF820506B1E5D42CD
:1019C0005D419DF82130012B9DF8223008BF45F084
:1019D0000205012B08BF45F004054FF0020901265E
:1019E00036EA070307D0B9F1010F4FEA4606B1D036
:1019F0004FF00109F4E736EA0503F4D1164BD8F8A5
:101A0000000053F82620124B53F822301B689847E9
:101A10000028E8D06FF004049CE76FF0010499E718
:101A20006FF0060496E700BFB55E0008A15D0008F0
:101A300008B50020255E0008F15D0008595E000829
:101A400040B5002060B5002048B5002090B10020CE
:101A500050B500207CB10020B0850108012808B5F0
:101A600018D80E4B53F8203001EA0302994311D1E4
:101A70000B4B53F822300B4A03EB400352F8233050
:101A8000094A1B6852F820009847002818BF6FF0D9
:101A9000040008BD6FF00100FBE700BF40B5002067
:101AA000B085010850B5002060B50020BFF34F8F0E
:101AB0000549064BCA6802F4E0621343CB60BFF3EA
:101AC0004F8F00BFFDE700BF00ED00E00400FA0506
:101AD00038B504460D4613F009FF291B013190FB70
:101AE000F1F303FB1100044413F000FF054603F07B
:101AF0001BFA023005EB5000A4B213F0C9FE2046D9
:101B000038BD00002DE9F341884615461E460746BC
:101B100005F0BEFC254CC4F8E00005F0BFFCC4F89D
:101B2000E40005F0C1FCD4E938325340C4F8E800C1
:101B3000584013F0ADFE002F1D4AC4F8F4600CBFEE
:101B40000123022313701B4A84F8DA7013701A4AB7
:101B50001A4BA4F8D88008BF134605F57A75002201
:101B6000C4F8EC50114600930220154B12F096F980
:101B7000144B1B7873B194F8DA30ABB9D4F8EC306D
:101B8000D4F8F02013600022009311460E4B02207F
:101B900012F084F94FF47A716420FFF799FF02B0D4
:101BA000BDE8F04103F0C8B90023E9E76CB50020B7
:101BB000A4000020A5000020C4850108C8850108F4
:101BC000CD85010868B50020F985010810B50A4CDB
:101BD0002378012B094B04BF44F620621A601B686E
:101BE0003BB9A0604EF660213220FFF771FFA36879
:101BF0000344A36010BD00BF6CB50020A00000200E
:101C000007B50B4B9B684EF66021B3FBF1F201FB6D
:101C100012334FF47A71B3FBF1F3CDE900230022C4
:101C2000044B1146022012F039F903B05DF804FBB1
:101C30006CB5002024860108074B10B5D3F8DC40B2
:101C40003CB9064B22462146022012F027F92046D5
:101C500010BD0120FCE700BF6CB500205F860108C5
:101C6000034B91F909205A80022283F8F92070472A
:101C70006CB5002030B5124B93F8D6400E2C1ED810
:101C8000651C83F8D650105593F8D600441C83F891
:101C9000D6400C0E145493F8D600441C83F8D6405A
:101CA0000C14145493F8D600441C83F8D6400C123C
:101CB000145493F8D600441C83F8D640115430BD18
:101CC0006CB5002010B501231078984200D210BDE9
:101CD000C818D45C00F8014C0133DBB2F4E7000013
:101CE00037B5304D304CB5F90230626A9A4207D0B0
:101CF0002046042240F8243F4FF4816100F0EEF9C1
:101D000095F8F930D4F8C4209A4207D02748C4F88F
:101D1000C43004224FF4956100F0E0F995F8FA30F0
:101D2000D4F8C8209A4207D02148C4F8C830042209
:101D300040F2AC4100F0D2F9D5F8F03000221B6837
:101D4000009311461B4B022012F0A8F8AB790093C8
:101D500000221146184B022012F0A0F8B4F92430EA
:101D6000009300221146154B022012F097F8D4F888
:101D7000C420134B142505FB0233002200931146A7
:101D8000104B022012F08AF8D4F8C8200E4B05FB45
:101D900002330022009311460C4B022012F07EF811
:101DA00003B030BD6CB500206CB6002030B7002009
:101DB00034B700207D860108A7860108C686010881
:101DC00050000020E286010800000020038701087F
:101DD00037B50546FFF730FF00283FD0204CB5B996
:101DE000022384F8F93042F21073A360A571D4F88D
:101DF000DC0012F041FBA168D4F8DC0012F0C4FB57
:101E0000D4F8DC0003B0BDE8304012F083BB637946
:101E10000133DBB200226371114600930220114BA3
:101E200012F03CF863790E2B4FF0000510D9B4F88E
:101E3000D8300D4865715843FFF7C8FE012384F878
:101E4000F93084F8FA30FFF74BFFFFF7D9FECEE701
:101E500049F64040FFF7BAFE2B46F0E703B030BD2D
:101E60006CB500202487010880EE360073B55B4C0A
:101E70005B4AD4F8F030C4F8DC101968914205468A
:101E800008D900201860574B1B78012B5AD1D4F881
:101E9000F430984794F8F8202B78A12A40F08680F7
:101EA000002B00F09780032684F8F9606D7A002DEE
:101EB0004DD123790133DBB223712A4600932946A1
:101EC000494B022011F0EAFF23796580092B84F841
:101ED000FA6039D9434B25711B780226012B84F80F
:101EE000F96023D1D4E93B2329461A6030463F4BA1
:101EF0002A4611F0D3FFB4F8D8303D48A5715843B5
:101F0000FFF764FEFFF7ECFEFFF77AFED4F8DC0083
:101F100012F0B2FAA168D4F8DC0012F035FBD4F864
:101F2000DC0012F0F7FAA06802B070BDFFF7D8FE2F
:101F3000304B2A462946304611F0B0FF4FF47A70F4
:101F400002F0FAFFFFF7B2FD49F64040D8E700255E
:101F5000294B25712A462946022011F09FFFA379BB
:101F6000217B0133DBB20222994284F8FA20A3716B
:101F70000FD942F21073A3601A4B1B78012BC1D109
:101F8000D4F8F0301868C4F8EC00D4F8F43098476E
:101F9000B8E7012384F8FA301548B4F8D83084F84B
:101FA000F9205843A571FFF711FEE5E793B10D4BFA
:101FB0001B78012B04BFD4F8EC30EB600022A12386
:101FC00084F8F83011460D4B022011F067FFFFF73F
:101FD00017FEA8E7002384F8F830A4E76CB50020CA
:101FE000EED8FFFFA400002046870108678701089C
:101FF00080EE36008F870108B9870108DF87010866
:10200000F8B5274C012384F8D630264B5A6B1B6B4E
:10201000A4F8D830A37984F8DA200327012B0546E9
:102020000E4627731FD0022B2CD00BB10023A371B7
:1020300094F8F830A279A12B14BF0023032384F86D
:10204000F93094F8D630142101FB0242013BDBB297
:1020500093733370A07901FB00420E322946BDE82C
:10206000F840FFF72FBE04F1220202200021FFF703
:1020700001FEA279142303FB02420E323846FFF719
:10208000F9FDD5E704F1360204200021FFF7F2FD47
:10209000A279142303FB02420E320420EFE700BFB3
:1020A0006CB500206CB6002010B5094C237873B1D4
:1020B000084812F0E1F908480022202106F048FB08
:1020C00005480022802106F043FB0023237010BD49
:1020D00068B6002088B400200004004870477047AC
:1020E00070470000002208B511460A4B022011F08B
:1020F000D5FE4FF4FA7002F01FFFBFF34F8F064971
:10210000064BCA6802F4E0621343CB60BFF34F8F03
:1021100000BFFDE7FD87010800ED00E00400FA05BF
:1021200010B5144C20460FF00DFE04F124010020E0
:102130000FF068FD04F1140101200FF063FD04F1BC
:10214000340109200FF05EFD04F1440108200FF076
:1021500059FD00221146084B022011F09FFE0FF09E
:102160008FFE0022BDE81040044B1146022011F002
:1021700095BE00BF48B700201A88010848880108AA
:10218000044B43F8600F04224FF494711846FFF794
:10219000A5BF00BF3CB70020034B012283F8DA2023
:1021A00000221A70FFF7BCBF6CB500200C4B9022C8
:1021B0001A760C4A1269082A0DD004DC022A05D0CE
:1021C000042A06D07047102A07D0704700221A75DB
:1021D00070470822FBE70C22F9E70422F7E700BF6B
:1021E0003C200020580400202DE9F843674D684C3E
:1021F000AE686378B6F5806F39D2002B35D0654F65
:102200006549B868FEF7BAFE0146FEF703FEFEF721
:1022100073F902460B46D4E90C01FEF70FF8C4E946
:102220000C015D49F868FEF7A9FE0146FEF7F2FDD4
:10223000FEF762F902460B46D4E90E01FDF7FEFFF8
:10224000C4E90E0154493869FEF798FE0146FEF7CD
:10225000E1FDFEF751F902460B46D4E91001FDF706
:10226000EDFFC4E910010136AE60BDE8F883002B34
:10227000FBD04A4B0022D4E90C01FEF795F9FEF79A
:102280006BFC15F0EBFFFEF737F9444B0022C4E975
:102290001201D4E90E01FEF787F9FEF75DFC15F097
:1022A000DDFFFEF729F93D4B0022C4E91401D4E912
:1022B0001001FEF779F9FEF74FFC15F0CFFFFEF79E
:1022C0001BF90222C4E9160116210120FFF714FBB5
:1022D000082215210120FFF70FFBD4E91889D4E962
:1022E000120142464B46FEF789FAFEF70DFC46B254
:1022F00042464B46D4E9140184F86860FEF77EFA42
:10230000FEF702FC4B46424684F86900D4E9160108
:10231000FEF774FAFEF7F8FBF2B284F86A00732154
:102320000120FFF7E9FA94F8692074210120FFF7F2
:10233000E3FA94F86A2075210120FFF7DDFA712293
:102340005C210120FFF7D8FA124B5B211A7801209B
:10235000FFF7D2FA002256210120FFF7CDFAC02262
:1023600058210120FFF7C8FAE0225E210120FFF783
:10237000C3FA0023AB6063706B7C002B7FF475AFF6
:10238000BDE8F843064808F0EDB800BF6CB0002087
:10239000580400203C20002000007A440000503FF8
:1023A00068D2002038B5284B1B69082B3BD004DCD1
:1023B000022B15D0042B25D038BD102BFCD1234D7A
:1023C000234CB5F9000004F077FAA060B5F90200DB
:1023D00004F072FAE060B5F9040004F06DFA0FE061
:1023E0001A4D1B4CB5F9000004F048FAA060B5F98D
:1023F000020004F043FAE060B5F9040004F03EFA8C
:102400002061D9E7114D124CB5F9000004F040FAF3
:10241000A060B5F9020004F03BFAE060B5F90400F1
:1024200004F036FAECE7094D094CB5F9000004F068
:1024300039FAA060B5F9020004F034FAE060B5F9A9
:10244000040004F02FFADBE7580400206C20002081
:102450003C200020000000002DE9F8438C4E8D4CFC
:10246000D6F80890A378B9F5806F2CD24BB3D4F886
:102470008830032B5FDC884A216F9368D768156921
:1024800023F0004827F0004725F00045C4F87C8081
:10249000C4F88070C4F884504046FEF777FE08B157
:1024A000C4F87080616F3846FEF770FE00B1676750
:1024B000A16F2846FEF76AFE00B1A56709F1010386
:1024C000B360BDE8F883002BFBD0D4F88830032B31
:1024D00031DC616F206F15F0DBFEA16F15F0D8FEC7
:1024E0006E490546FEF748FE002840F0B7806C496B
:1024F0002846FEF741FE002840F0B2806949284690
:10250000FEF73AFE002814BF042302232361C4F817
:102510008C50FFF74BFE604B1A7D1B7E10211A4337
:102520000120FFF7E9F9D4F888300133C4F8883086
:10253000A378002BC5D0D4F88830042BC1D1A06873
:10254000FDF7DAFF4AA3D3E90023FEF72DF84AA3EB
:10255000D3E90023FEF728F880468946606852498F
:10256000FEF70CFDFDF7C8FF42464B46FEF71CF890
:10257000FEF7F2FA0546A0612069FEF7F7FB014677
:102580004FF08740FEF7FAFC484907462846FEF719
:1025900041FC01463846FEF73DFC39A3D3E9002350
:1025A000054649464046FDF7FFFFFEF7D5FA13F012
:1025B000D3F801462846FEF72DFCFDF79DFF32A318
:1025C000D3E90023FEF71AF9FEF7C6FA4FF07E5161
:1025D0000546FEF7C7FD002844D135492846FEF7D9
:1025E000CBFD002840D12846FEF716FE40F0400300
:1025F000DBB2294F71223B705C2100230120C4F81B
:102600008430C4F88030E367C4F88C30A367636714
:1026100023677D60FFF770F93A785B210120FFF7AF
:102620006BF9002256210120FFF766F9C0225821DC
:102630000120FFF761F9E0225E210120FFF75CF93C
:102640000023B360A370C4F88830737C002B7FF440
:1026500038AFBDE8F843174807F084BF102355E7AB
:10266000082353E74123C4E77F23C2E7AFF3008089
:102670000492B06F2711913F00000060FB211940C8
:10268000000000C0E9A8233F05A3923A019D334012
:102690006CB00020580400203C2000200000AF4512
:1026A00000002F450000AF4400007A44F304B53F1A
:1026B00000007C4268D200202DE9F047374DDFF85A
:1026C000E0A0DFF8E09000244FF07E582046FEF7AF
:1026D0004DFB5146FEF79EFB4946FEF74FFC13F0BB
:1026E00087F801464046FEF78BFA4FF07C51FEF723
:1026F00091FB05F5804706460146B868FEF78AFB60
:10270000B86005F500573146B868FEF783FBB8603E
:10271000A8683146FEF77EFB0134B4F5806F45F8BA
:10272000080FD3D120492148214F12F0CBFE214977
:102730001E4812F0C7FE20491C4812F0C3FE1F4974
:102740002246A1F5005012F043FF1D492246A1F593
:10275000A04012F03DFF1B492246A1F5004012F0B7
:1027600037FF174C00254FF06E5657F8040F3146CF
:10277000FEF750FB386020683146FEF74BFB44F80B
:10278000040B3146D4F8FC0FFEF744FB0135B5F5D8
:10279000806FC4F8FC0FE8D1BDE8F0876C20002002
:1027A000DB0FC94000C07F4474600020A0D100202E
:1027B000708000207440002074200020748000206D
:1027C0007490002074A0002070B1012814BF032071
:1027D000022059B1012914BF03230223834206DDDD
:1027E0000A2202FB003070470120F2E701230A228F
:1027F00002FB0300704700002DE9F84300255C4C04
:102800005C48A57001232A464FF4806112F03AF823
:102810002580594CE58004F51044237E0BB9607E79
:1028200010B10020BDE8F8830121FFF777F80028F8
:1028300040F083800121FFF711F9003818BF012013
:102840004000B0FA80F0637E40092076002BE4D18E
:1028500002210120FEF756FF002874D1474DDFF812
:102860002091EB6A98472B7E2A7D10211A43012084
:10287000FFF742F8D9F80800FDF73EFE34A3D3E98C
:102880000023FDF791FE34A3D3E90023FDF78CFE6E
:1028900006460F46D9F804003A49FEF76FFBFDF7EC
:1028A0002BFE32463B46FDF77FFEFEF755F980468C
:1028B000C9F81800D9F81000FEF758FA01464FF091
:1028C0008740FEF75BFB304981464046FEF7A2FA9F
:1028D00001464846FEF79EFA21A3D3E9002380462D
:1028E00039463046FDF760FEFEF736F912F034FF48
:1028F00001464046FEF78EFAFDF7FEFD1AA3D3E926
:102900000023FDF77BFFFEF727F94FF07E510646C7
:10291000FEF728FC98B91D493046FEF72DFC80B91A
:102920003046FEF779FC40F04003DBB22B706E605E
:10293000002383F0010363766FE7012081E74123E1
:10294000F4E77F23F2E70123F3E700BFAFF3008052
:102950000492B06F2711913F00000060FB211940E5
:10296000000000C0E9A8233F05A3923A019D33402F
:102970009CD10020A0D100206C2000203C20002011
:102980005804002000007A44F304B53F00007C4264
:1029900037B5214CE38B94F826500133E38315BB04
:1029A000637E012084F82600D3B1A4F510420221F1
:1029B000FEF766FF08B3194803F050FA228C531C47
:1029C0009BB2092A238410D9154B1648DD70258443
:1029D00007F0C8FD144B2A462946022011F05EFA82
:1029E000002384F8263003B030BD00932A460F4BF5
:1029F0002946022011F052FAF2E70D4B0D4D2084CA
:102A00009B6A9847EB699847AB6A98472B6A984747
:102A10006B6A9847E4E700BF6CB0002078D60020CE
:102A20009CD1002068D20020738801089788010893
:102A30003C2000205804002038B50D4623490446A8
:102A4000FEF786FB18B14FF07E532B6038BD1F494F
:102A50002046FEF791FB28B11D492046FEF778FB82
:102A60000028F0D11A492046FEF786FB28B1194903
:102A70002046FEF76DFB0028E5D116492046FEF7FB
:102A80007BFB28B114492046FEF762FB0028DAD10F
:102A900011492046FEF770FB28B110492046FEF789
:102AA00057FB0028CFD10D492046FEF765FB28B122
:102AB0000B492046FEF74CFB0028C4D108492046AC
:102AC000FEF75AFB0028BED1C0E700BF00007A41E4
:102AD000008022420080A24200601F4300F0A04319
:102AE000002820442DE9F84F002481468A46934669
:102AF0009846002526462746ABB298451DD8404645
:102B0000FEF734F9014605463846FEF737FA15F068
:102B1000A5FB0A9B294618603046FEF72FFA15F0F0
:102B20009DFB0B9B294618602046FEF727FA15F0FF
:102B300095FB0C9B1860BDE8F88F59F835100846D6
:102B4000FEF768F901463846FEF75CF85AF835108A
:102B500007460846FEF75EF901463046FEF752F892
:102B60005BF8351006460846FEF754F90146204644
:102B7000FEF748F801350446BEE7000000000000FB
:102B80002DE9F74F3A4B3B4CD3F81C38019327689B
:102B90006668A568DFF8E0A000239B46019A93458C
:102BA00025D143B1009B6361C4F81890C4F81C8020
:102BB00027606660A5602668304615F04FFB6768A1
:102BC0002062384615F04AFBA5686062284615F079
:102BD00045FB3946A0623046FEF714F82946FEF759
:102BE00011F815F03BFBE06003B0BDE8F08F1EA3C9
:102BF000D3E90023FAE90201FDF700FEFDF7ACFF7F
:102C000019A3D3E900230090DAE92001FDF7F6FDCE
:102C1000FDF7A2FF14A3D3E900238146DAE94001BE
:102C2000FDF7ECFDFDF798FF009980460846FEF79A
:102C3000F1F801463846FDF7E5FF494607464846A4
:102C4000FEF7E8F801463046FDF7DCFF4146064650
:102C50004046FEF7DFF801462846FDF7D3FF0BF1AB
:102C6000010B0546012399E7000000609EA0F63F96
:102C700010180020C0B7002008B800200000000095
:102C80002DE9F04F144B95B01B7D13910446002B9A
:102C900040F08A81114A0792114A0692114A049221
:102CA0000F4A1293A2F1180A0E4A4FF00009A2F13E
:102CB000100BDDE912128A421ADC53B10A4B029A58
:102CC000C3F808805F601E60084B5A60009A9D60E0
:102CD0001A6015B0BDE8F08F5804002008B8002035
:102CE00098020020C0000020B000002080020020D8
:102CF000206AFDF701FCA8A3D3E90023FDF754FCEB
:102D0000FDF72AFF8046E069FDF7F6FBA2A3D3E9B1
:102D10000023FDF749FCFDF71FFF0746A069FDF7FB
:102D2000EBFB9DA3D3E90023FDF73EFCFDF714FF69
:102D3000079B0646F3E902010793FDF70DFF079B8A
:102D400060610090D3E92001FDF706FF079B206139
:102D50000290D3E94001FDF7FFFE9149E06005468E
:102D60004046FEF757F8009A01461046FEF706F96E
:102D70000090FDF7C1FBCDE90801DDE908230699C4
:102D80003846C1E94A238649FEF744F8029B0146CA
:102D90001846FEF7F3F80290FDF7AEFBCDE90A0105
:102DA0000699DDE90A233046C1E926237C49FEF76E
:102DB00031F801462846FEF7E1F80546FDF79CFB91
:102DC000CDE90C01DDE90C230699E1E90223404637
:102DD0000691FDF791FB02460B46DDE90801FDF780
:102DE0000DFDCDE90E01DDE90E2304993846C1E958
:102DF0004A23FDF781FB02460B46DDE90A01FDF798
:102E0000FDFC049B07468846C3E926783046FDF75B
:102E100073FB02460B46DDE90C01FDF7EFFCCDE943
:102E20001001DDE910230499E1E902230022049155
:102E30004FF48013DDE90801FDF728FE08B1CDF855
:102E40000090DDE90A0100224FF48013FDF71EFE19
:102E500008B1CDF80890DDE90C0100224FF4801391
:102E6000FDF714FE00B14D46DDE90E0100224FF4DE
:102E70008013FDF70BFE002840F08780494B0022AD
:102E8000DDE90E01FDF790FBFDF766FE0646002228
:102E90004FF4801338464146FDF7F8FD002876D1FF
:102EA000404B002238464146FDF77EFBFDF754FEBD
:102EB0000746DDE9100100224FF48013FDF7E6FD1F
:102EC000002866D1374B0022DDE91001FDF76CFBCD
:102ED000FDF742FE804600990846FDF79BFFFDF78F
:102EE0000BFB02460B46DAE94E01FDF7A7F9CAE9EA
:102EF0004E0102990846FDF78DFFFDF7FDFA0246E7
:102F00000B46DAE92A01FDF799F9CAE92A012946AF
:102F10002846FDF77FFFFDF7EFFA02460B46DAE998
:102F20000601FDF78BF9CAE9060131463046FDF787
:102F300071FFFDF7E1FA02460B46DBE94C01FDF7B4
:102F40007DF9CBE94C0139463846FDF763FFFDF7C3
:102F5000D3FA02460B46DBE92801FDF76FF9CBE90E
:102F6000280141464046FDF755FFFDF7C5FA0B46DF
:102F70000246DBE90401FDF761F9129B013312936C
:102F8000CBE904013034012393E64E467FE74F46F8
:102F90008FE7C8469FE700BF182D4454FB21194016
:102FA000F304B53F00408F40B94BBA4C186ADFF8C4
:102FB000E8B2FDF7D7FE0146FDF724FE4FF06A5157
:102FC000FDF728FF06462068FDF7D0FE4FF07C5144
:102FD000FDF720FF3146FDF71DFF0546E060606804
:102FE000FDF7C4FE4FF07C51FDF714FF3146FDF7AD
:102FF00011FF20618146A068FDF7B8FE4FF07C51BB
:10300000FDF708FF3146FDF705FFA44960618046E2
:103010002846FEF7BBF800284CD02846FDF76CFA8E
:1030200099A3D3E90023FDF7BFFAFDF795FDDBE98E
:103030004E23DFF86CA2CDE90023DAE94C23CDE979
:103040000223984B04460146D86AFDF797FFFDF727
:1030500053FA06460F462046CBE95067FDF74CFA77
:1030600002460B4630463946FDF7C8FB04460D467E
:1030700032463B46CAE94E4530463946FDF794FA9A
:10308000DDE90023FDF7DAF8874BCBE94E0100229A
:1030900020462946FDF788FA22462B46FDF784FA9A
:1030A000814B0022FDF780FADDE90223FDF7C6F827
:1030B000CAE94C0179494846FEF768F800284CD027
:1030C0004846FDF719FA70A3D3E90023FDF76CFA1F
:1030D000FDF742FDDBE92A34DFF8C491CDE9003485
:1030E000D9E92834CDE902346E4B06460146186B07
:1030F000FDF744FFFDF700FA04460D463046CBE9E4
:103100002C45FDF7F9F902460B4620462946FDF706
:1031100075FB06460F4622462B46C9E92A6720461C
:103120002946FDF741FADDE90023FDF787F85E4BFC
:10313000CBE92A01002230463946FDF735FA3246FE
:103140003B46FDF731FA584B0022FDF72DFADDE939
:103150000223FDF773F8C9E9280150494046FEF7FC
:1031600015F800284AD04046FDF7C6F9DFF830A12F
:1031700045A3D3E90023FDF717FAFDF7EDFCDAE9E3
:103180000423CDE90023474B04460146586BFDF765
:10319000F5FEFDF7B1F906460F462046CBE9086774
:1031A000FDF7AAF902460B4630463946FDF726FBE5
:1031B000DBE9068904460D4632463B46CAE9064528
:1031C00030463946FDF7F0F942464B46FDF736F8F2
:1031D000354BCBE90601002220462946FDF7E4F9EC
:1031E00022462B46FDF7E0F92F4B0022FDF7DCF9D4
:1031F000DDE90023FDF722F8CAE90401DFF898B001
:10320000DFF89CA0DBE9508942464B4640464946E0
:10321000FDF7CAF902460B46DBE94E01FDF70EF851
:10322000DBE92C45CBE94E0122462B4620462946B8
:10323000FDF7BAF902460B46DBE92A01FCF7FEFF6F
:10324000DBE90823CBE92A0120462946CDE90423FE
:10325000FDF7AAF902460B46DBE90601FCF7EEFF93
:10326000DAE94E23CBE9060110461946CDE90023E1
:10327000FDF79AF902460B46DAE94C01FCF7DEFF4E
:1032800014E000BFAFF30080182D4454FB21194017
:103290003C200020A8B70020800200200000484009
:1032A000B0000020C0B7002000408F40DAE92A2398
:1032B000CAE94C0110461946CDE90223FDF774F91D
:1032C00002460B46DAE92801FCF7B8FFDAE906679F
:1032D000CAE9280132463B4630463946FDF764F9D3
:1032E00002460B46DAE90401FCF7A8FF1C4BCAE9C9
:1032F0000401002240464946FDF756F9184BCBE938
:103300005001002220462946FDF74EF9144BCBE927
:103310002C010022DDE90401FDF746F90EA3D3E9F3
:103320000023CBE90801DDE90001FDF73DF90AA31F
:10333000D3E90023CAE94E01DDE90201FDF734F9C2
:1033400005A3D3E90023CAE92A0130463946FDF72F
:103350002BF9CAE90601BCE40000000080842E417C
:1033600000408F402DE9F04F8DB000AF1C46BB6D83
:103370007A60073323F00703ADEB030DC7E90210B2
:10338000BA6DC7F828D00021684613F04AF804F552
:1033900040733B61BB6D1E3B3B607B6803F10C0AD5
:1033A000BB6803F10C09FB68002503F10C0800233E
:1033B0000426BD61FD62FB613B627B624EE0731CD3
:1033C0007B61BB6A9B5D002B41D1D8F804B0796A60
:1033D0005846FDF7DBFE70B1D8F800105846FDF7EF
:1033E000D5FE40B1D8F808105846FDF7CFFE10B111
:1033F000FE62C7F824B0D9F804B0396A5846FDF720
:10340000C5FE70B1D9F800105846FDF7BFFE40B1B7
:10341000D9F808105846FDF7B9FE10B1BE61C7F8DB
:1034200020B0DAF804B0F9695846FDF7AFFE70B184
:10343000DAF800105846FDF7A9FE40B1DAF8081096
:103440005846FDF7A3FE10B13546C7F81CB07E699B
:103450000AF1040A09F1040908F104083B68B342BF
:10346000ADD87B6AA3603B6A6360FB692360FB6A3B
:10347000E362BB69BA69F96AC4E90953FB6A023DB0
:10348000023B023A0331002B05DBB86D9842C2BF04
:10349000B86A0126C654002A05DBB86D9042C2BF47
:1034A000B86A01268654002D05DBB86DA842C2BF5C
:1034B000B86A012646550133994205F1010502F12A
:1034C0000102E0D13B6930349C427FF466AF34376F
:1034D000BD46BDE8F08F00002DE9F04F8FB0464C9F
:1034E000464A47494748DFF820B1484D4FF400733A
:1034F0000093464BFFF736FF206AFDF733FC014689
:10350000FDF780FB0026DBF828386062DBF82498A2
:10351000DBF820A8DBF81C4805900393A846374643
:103520000399D8F80800FDF731FE68B1D8F8040017
:103530004946FDF72BFE38B1D8F800005146FDF79B
:1035400025FE08B1013401260137102F08F130089B
:10355000E6D10EB1CBF81C48DBF81C3813B90123B7
:10356000CBF81C382A4B039300230493264B049A70
:10357000D3F81C38274C934205F1300552D8234D1F
:10358000EB6A286A03F50053023354F82320224BD8
:103590001A60AB6A03F5E053023354F823201F4B43
:1035A0001A606B6A03F5C053023354F823201C4B96
:1035B0001A60FCF7A1FF02460B46D5E9C401FCF7EF
:1035C0003DFEC5E9C401E869FCF796FF02460B46DB
:1035D000D5E9C601FCF732FEC5E9C601A869FCF7CA
:1035E0008BFF02460B46D5E9C801FCF727FEC5E96B
:1035F000C8010FB0BDE8F08F3C2000209CB900202E
:103600009CC100209CC9002010180020E804002064
:1036100008B800206C20002098B9002094B9002040
:1036200090B9002055F8046CDFF834A206F5005379
:10363000013354F8238006F500530333404654F811
:1036400023703946FDF7DCFA07903046FDF78AFB18
:1036500001460D90FDF7D6FA01464046FDF7D0FA37
:103660003946FDF7CFFA01460798FDF787FC4FF082
:103670007C51FDF7CFFB55F8088CCAF8040308F518
:10368000E0520132089054F8229008F5E0520332DB
:10369000484654F822703946FDF7B2FA0990404680
:1036A000FDF760FB01468346FDF7ACFA014648464C
:1036B000FDF7A6FA3946FDF7A5FA01460998FDF788
:1036C0005DFC4FF07C51FDF7A5FB55F80C7CCAF86A
:1036D000080307F5C05207F5C0510331013254F811
:1036E000213054F822200A901946104606930C9275
:1036F000FDF786FA07F5C05102310B9054F821907E
:1037000049464846FDF77EFA0C9A01461046FDF7F9
:1037100077FA0699FDF776FA01460B98FDF72EFC2D
:103720004FF07C51FDF776FB4FF06A51CAF80C035D
:1037300006900598FDF76EFB0D9B824601461846E4
:10374000FDF768FB514645F8100C0C905846FDF704
:1037500061FB834645F8140C3846FDF703FB5146E0
:10376000FDF758FB0C9B3F4945F8180C074606F53A
:1037700000561846FFF760F9023658463A49FFF7F7
:103780005BF938463949FFF757F954F82600FCF73A
:10379000B3FE824607988B46FCF7AEFE344B002200
:1037A000FCF702FF064608980F46FCF7A5FE024606
:1037B0000B4630463946FCF7F7FE02460B465046AC
:1037C0005946FCF739FD039B08F5E058E3E902018F
:1037D00008F10208039354F82800FCF78DFE824696
:1037E00009988B46FCF788FE214B0022FCF7DCFE93
:1037F00006460A980F46FCF77FFE02460B46304607
:103800003946FCF7D1FE02460B4650465946FCF7B6
:1038100013FD039BC3E920014846FCF76DFE0646F5
:103820000B980F46FCF768FE114B0022FCF7BCFE1C
:10383000804606988946FCF75FFE02460B464046E6
:103840004946FCF7B1FE0B46024639463046FCF7C6
:10385000F3FC039BC3E94001049B013385E600BFF1
:10386000E804002004B8002008B800200CB80020AC
:103870000000D03F2DE9F84F0546061FDFF8A8A04D
:10388000D0F8FC0789469046002440F2FF1B56F80A
:10389000041F5C450CBF2F687768FDF7B3F9394604
:1038A000FDF7B0F95146FDF769FB48F824000134F3
:1038B000B4F5007F05D03068E9E7214617E02046DF
:1038C00029E0002500244FF07E5A00272646EB1BF6
:1038D000C3F30803214658F823B05846FDF756FCB9
:1038E0000028EAD059465046FDF748FB01463046CD
:1038F000FDF788F90137332F0646E8D10B49FDF76C
:103900003DFB21460646FDF741FC0028D7D0314655
:103910005046FDF733FB49F825000135B5F5007F2A
:10392000D3D1BDE8F88F00BF0000404000004C42FA
:103930002DE9F0412C4A2D492D482C4CFFF79AFFD8
:103940002C4A2D492D48FFF795FF2D4A2D492E4829
:10395000FFF790FF00254FF400782E462F4654F8CD
:10396000041B3846FDF74EF9D4F8FC1707463046DD
:10397000FDF748F9D4F8FC1F06462846FDF742F942
:10398000B8F101080546EAD1204C4FF06C51E760D0
:10399000266160613846FDF73DFA4FF06C512060BA
:1039A00007463046FDF736FA4FF06C516060064628
:1039B0002846FDF72FFA1649A06005463846FDF760
:1039C00029FA04F580541249C4F828083046FDF756
:1039D00021FA0F49C4F824082846FDF71BFAC4F859
:1039E0002008BDE8F08100BF9CC900202808002005
:1039F00074A000209CC1002028100020749000209A
:103A00009CB9002028180020748000201008002095
:103A10000000A04038B5184C4FF400552A4600214C
:103A2000204612F0FEFC2A460021A4F5005012F0B8
:103A3000F8FC2A4600214FF48055A4F5804012F08E
:103A4000F0FC2A46002104F5005012F0EAFC2A4658
:103A5000002104F5405012F0E4FC2A46002104F550
:103A6000804012F0DEFC054B00229A605A601A601A
:103A7000034B00229A6038BD74600020C0B700205C
:103A80006CB000202DE9F04F8FB006460193189BD3
:103A90000893199B09931A9B0A934B4B059018683E
:103AA0004A4B0091069119680C91904607920B9031
:103AB000FDF74EFB041E18BF01240EAB03EB84037D
:103AC00053F80C1C424B1868FDF760FB002875D1B9
:103AD00084F0010A4FF002090EAB03EB840503EBFF
:103AE000890755F8182C57F8181C03921046FDF753
:103AF00087F820F0004302930EAB03EB8A0B039A86
:103B00005BF8181C1046FDF77BF8324920F00040A6
:103B1000FDF728FB029BA8B92E4955F8246C1846DE
:103B2000FDF720FB00283AD1304614F097FB2A49D4
:103B3000FDF770F90546002C3ED0012C14BF032080
:103B4000022029E023491846FDF70CFBA0B100999B
:103B50003046FDF757F84146FDF754F814F07EFB68
:103B60001D49FDF757F905461C48019B1D601C4B7C
:103B700018610FB0BDE8F08F5BF8241C55F8240CD9
:103B8000FDF740F814F06AFB1349FDF743F951467D
:103B900005462046FEF718FEFDF7E8F8E5E757F87A
:103BA000241C3046FDF72EF814F058FB0A49FDF7A7
:103BB00031F949460546ECE70120EDE74FF0000AF0
:103BC00002244FF0010987E798B9002094B900203A
:103BD00090B900200000A04000007A440000F642A6
:103BE000800200202DE9F04FDFF8B0A0DAE90645A9
:103BF00087B029462046FCF7AFFF059014F02EFB56
:103C00002749FDF707F9FCF777FCDAE92A67CAE9E3
:103C1000280139463046FCF79FFF834614F01EFB0F
:103C20001F49FDF7F7F8FCF767FCDAE94E89CAE9A6
:103C30004C0149464046FCF78FFF049014F00EFB00
:103C40001749FDF7E7F8FCF757FC164B059ACAE948
:103C5000700199690291D96901911B6A04980093D6
:103C600059460AF10C03FFF70DFF42464B4630461A
:103C70003946FCF7E3FA22462B46FCF7DFFAFCF75D
:103C80006BFF14F0EBFA0649FDF7C4F8FCF734FCBF
:103C9000CAE9720107B0BDE8F08F00BF80020020C2
:103CA00000007A44E80400202DE9F04FDFF8B0A0CE
:103CB000DAE9044587B029462046FCF74DFF059018
:103CC00014F0CCFA2749FDF7A5F8FCF715FCDAE962
:103CD0002867CAE9260139463046FCF73DFF83468E
:103CE00014F0BCFA1F49FDF795F8FCF705FCDAE97A
:103CF0004C89CAE94A0149464046FCF72DFF049029
:103D000014F0ACFA1749FDF785F8FCF7F5FB164BF4
:103D1000059ACAE96E0199690291D96901911B6AF4
:103D20000498009359460AF10C03FFF7ABFE424694
:103D30004B4630463946FCF781FA22462B46FCF7C3
:103D40007DFAFCF709FF14F089FA0649FDF762F8DD
:103D5000FCF7D2FBCAE9700107B0BDE8F08F00BFE5
:103D6000B000002000007A44E80400202DE9F04F64
:103D70000022934D934B95B01146022010F08EF81F
:103D8000AB68B3F5806F40F018818F4C0294221F0E
:103D90000192A4F1080200928C4AA4F13408A2F521
:103DA0000051A1F50050FEF79DFED8F82C10D8F870
:103DB0003070D8F834600846FDF72CF839460446D0
:103DC0003846FDF727F801462046FCF71BFF314631
:103DD00004463046FDF71EF801462046FCF712FF68
:103DE00014F03CFA7A4BC8F838001F7D002F40F0E1
:103DF0000581FEF761FCFFF79BFDFFF76DFBFEF70A
:103E0000BFFE744B744CB3F81C182046FEF738FF05
:103E10006F4B1B7D002B00F06681D8F82C3005938A
:103E20006E4B059A1A60D8F8303012936C4B129A88
:103E30001A606C4D6C4BD8F834A0C3F800A0D5E9DB
:103E40004E34CDE90634D5E92A34CDE90834D5E934
:103E50000634CDE90A34654BDDE90A01DE681F69E5
:103E6000D3F814B0FCF778FE8146DDE90801FCF7D1
:103E700073FE0446DDE90601FCF76EFE21465C4C4C
:103E8000CDF808B04A4605F10C0301970096FFF7FC
:103E9000F9FDD4E94C23CDE90C23D4E92823CDE95D
:103EA0000E23D4E9042319461046CDE91023FCF76C
:103EB00053FE1390DDE90E01FCF74EFE8146DDE96D
:103EC0000C01FCF749FE139ACDF808B004F10C037D
:103ED000494601970096FFF7D5FD51465046FCF73D
:103EE00099FF129982460846FCF794FF059981468E
:103EF0000846FCF78FFF3F4BCDF808B052464946C5
:103F000001970096FFF7BEFDD8F810003A49FDF77B
:103F100035F8DDE90823C8F81000DDE90601FCF7F3
:103F20008DF9DDE90A23FCF789F9FCF715FE14F099
:103F300095F93149FCF76EFFFCF7DEFADDE90E2357
:103F4000C5E97201DDE90C01FCF778F9DDE9102320
:103F5000FCF774F9FCF700FE14F080F92649FCF731
:103F600059FFFCF7C9FAC4E97001FFF753FD184D7A
:103F700018481C4900242C70C0F81C481B4D1C48D4
:103F80002C6000220023C1E90623C1E92A23C1E9EC
:103F90004E23C0E90423C0E92823C0E94C23C5E926
:103FA0000144C0E90623C0E92A23C0E94E23C1E940
:103FB0000823C1E92C23C1E9502315B0BDE8F08FD7
:103FC0006CB00020C0880108F4B7002074600020A5
:103FD0005804002010180020E804002098B90020A0
:103FE00094B900208002002090B90020A8B70020DA
:103FF000B0000020D0B7002000007A444F4B9A68F0
:10400000059200265A68D3F800901292A5F5104543
:1040100008960696002405F5804A2146DAF808B08D
:104020005846FDF7A9F828B1DAF810002146FDF747
:104030008FF850B921465846FDF78AF848B1DAF8AA
:1040400010002146FDF798F818B1059B0133CDE922
:10405000053705F5005A2146DAF808B05846FDF74D
:104060008BF828B1DAF810002146FDF771F850B945
:1040700021465846FDF76CF848B1DAF810002146A1
:10408000FDF77AF818B1129B089701331293D5F80F
:1040900008A021465046FDF76FF820B12869214657
:1040A000FDF756F848B921465046FDF751F838B1AA
:1040B00028692146FDF760F810B109F101093E4673
:1040C0001F4B08359D42A6D11C4B0EB1C3F8009082
:1040D000089A0AB1129A5A60069A002A3FF491AEE1
:1040E000059A9A608DE6D8F83410D8F83050D8F890
:1040F0002C700846FCF78EFE294606462846FCF73B
:1041000089FE394605463846FCF784FEA3690293CA
:10411000E3690193236A009332460A4B2946FFF76D
:10412000B1FC0949D8F81000FCF728FFC8F81000C6
:10413000FFF758FDFFF7B8FD17E700BFA8B700204D
:1041400064400020D0B7002000007A442DE9F047F9
:10415000344D354B05F510471B78BE68B6F5806FBA
:1041600039D2B3B3DFF8C4803149D8F80800FCF77E
:1041700005FF3049FCF74EFE740004F102092C499A
:1041800045F82900D8F80C00FCF7F8FE2949FCF79F
:1041900041FE04F60209264945F82900D8F8100026
:1041A000FCF7ECFE2349FCF735FE41F20209631CE3
:1041B00004EB090AE11C4B4404F60304002245F811
:1041C0002A00013645F8212045F8242045F823200F
:1041D000BE60BDE8F087002BFBD071225C2101207E
:1041E000FDF78AFB114B5B211A780120FDF784FB58
:1041F000002256210120FDF77FFBC022582101201B
:10420000FDF77AFBE0225E210120FDF775FBFFF749
:10421000ADFD7B7C002BDCD1BDE8F047064806F005
:10422000A1B900BF6C200020580400203C200020D1
:1042300000007A440AE81C4168D200202DE9F04FC2
:10424000DFF8108198F8033089B0002B6DD0424B15
:104250001A78002A69D15B780593002B65D13F4D10
:104260000DF11F0205F510461B210120FDF732FB61
:104270009DF81F30B46883F01003C3F30013B4F546
:10428000806F337454D2364F3649B868FCF776FEE7
:104290003549FCF7BFFD640004F10208314945F8D7
:1042A0002800F868FCF76AFE2F49FCF7B3FD04F616
:1042B00002092C4945F829003869FCF75FFE2A49B4
:1042C000FCF7A8FD41F2020B631C5B4404EB0B0AF4
:1042D000002245F82A00E11C45F8232004F60304D7
:1042E00045F8212045F8242055F82A001D49FCF7FF
:1042F00091FDFCF76BFF029055F829001949FCF776
:1043000089FDFCF763FF0190164955F82800FCF77A
:1043100081FDFCF75BFF059A144B009011460220CB
:104320000FF0BCFDB3680133B36009B0BDE8F08F96
:10433000FFF71CFD347C002CF7D10D4888F80340B2
:10434000747406F00FF90B4B2246214602200FF041
:10435000A5FDEAE79CD10020580400206C20002035
:104360003C20002000007A440AE81C41EA88010849
:1043700068D200207388010810B5234C236833F0FD
:104380007F4340D06378C3B1002216210120FDF79E
:10439000B3FA002215210120FDF7AEFA00227321A5
:1043A0000120FDF7A9FA002274210120FDF7A4FAEB
:1043B000002275210120FDF79FFA00225C210120D7
:1043C000FDF79AFA00225B210120FDF795FA002201
:1043D00056210120FDF790FA002258210120FDF717
:1043E0008BFA00225E210120FDF786FA00220023CD
:1043F000C4E91023C4E90E23C4E90C230348BDE833
:10440000104006F089B810BD5804002068D2002082
:10441000F7B51F4D00F088FD2B6898421BD31D4F48
:10442000FE787EBB00F080FD2B681B4C6433984205
:1044300088BF26702678731C237076B900F074FD4F
:10444000237800F5FA702860324600933146134B0A
:1044500002200FF023FD03B0F0BD00252A46104BCB
:104460002570294602200FF019FDFFF7D3FA0D4BF6
:104470000D485D610122FA705A7403B0BDE8F04046
:1044800006F04AB800F050FD00F57A702860E2E7C7
:10449000A80000209CD10020A4B70020F6880108C5
:1044A000258901086CB0002068D200201348144A06
:1044B00008B54FF00043C0E9002304224261012205
:1044C0000023C2614FF480510722C0E90233C0E9E2
:1044D0000933C0E90C1203610383837680F820302E
:1044E00080F82C30826380F83C30C36403F050F8CD
:1044F00018B1BDE8084000F03FBB08BDB4D10020B2
:10450000002401400268084B9A4282B00AD14FF061
:10451000B0431A6E42F400721A661B6E03F4007305
:104520000193019B02B07047002401400268054BD3
:104530009A4201BF4FF0B042136E23F4007313662A
:10454000704700BF0024014030B585B00024054607
:10455000CDE901440394FFF7A9FF144803F0ACFB35
:1045600008B100F009FB1148039401A9CDE90154F9
:1045700003F06CF908B100F0FFFA0C4803F0C6FA3A
:1045800008B100F0F9FA4FF0FF31084803F000F9E4
:10459000064803F073FB054803F054F9044603484A
:1045A00003F016FB204605B030BD00BFB4D100209B
:1045B000014B024A1A607047B4D100200024014028
:1045C00008B50948FFF7C0FF68B1084BB3F8AA3037
:1045D0004FF6FF72934216BF40F6E442044B53433A
:1045E000B3FBF0F398B208BD002000B40075FF1FC4
:1045F000D8084C0013B50023ADF80630FFF7E0FFF4
:1046000004461948FFF7A0FF184BB3F8C820B3F8C9
:10461000A8108A4204FB00F018D040F6E443B0FB37
:10462000F3F364205B1A4343521A93FBF2F31E33F5
:104630001BB2ADF80630BDF806305BB21B02ADF818
:104640000630BDF8060000B202B010BD4FF47A7219
:1046500040F6FF73B0FBF3F35343A3F53923A3F5FF
:104660000C6340F6C412E0E7001000B00075FF1FB5
:104670004FF0B04307B59A6C42F004029A649A6C0A
:1046800002F004020192019A9A6C42F001029A64CB
:104690009B6C002203F00103009311460F20009B46
:1046A00003F0A8FB0F2003B05DF804EB03F0D4BBCC
:1046B00008B503F04DFE10B16FF0040008BD064BC5
:1046C0009A6942F040429A614CF2FA321A6103F060
:1046D00051FE0028F2D0EFE700400058F0B585B059
:1046E00000230D4600930646A8B3FFF7E1FF0446FA
:1046F00070BB03F02DFE88BB1A481B4A02230193AE
:10470000D0F8E01506F1784302EA8121B3FBF1F716
:1047100001FB1733DB0A0293D0F8E00505F178417D
:104720000139314402EA8022B1FBF2F002FB1011A0
:10473000C3EBD1230133694601A8039303F09AFE2A
:1047400020B1022814BF6FF00104012403F012FE0F
:10475000204605B0F0BD6FF00504F9E76FF00404E2
:10476000F6E700BF0070FF1F00FCFF03014B18605D
:104770000020704718D200202DE9F04FB0F1006FF3
:1047800089B006460F469046C0F0C080DFF8909191
:10479000644DD9F8E03505EA832303F10063013B5A
:1047A000984200F2B380002900F0B38040EA02038F
:1047B0005B0740F0AE80FFF77BFF044690BB03F041
:1047C000C7FD002840F0A880D9F8E015009705EA59
:1047D000812106F17842B2FBF1F301FB132208F1CB
:1047E0007843013B3344B3FBF1F001FB1033DB0AA8
:1047F00001334FEAD22AA3EBD222012A039388BFC6
:10480000C6F30A050AF58037C6F108038CBFC5F563
:1048100000654546FF02B3460693039B9A4505D3C0
:1048200003F0A8FD204609B0BDE8F08FA6F108030B
:10483000069A1A4495421CD8009B04950193CDF822
:1048400014B04FF00009059B09EB0301049B994547
:104850003DD3009BAB442B44A8EB0505B5F5006F99
:10486000009328BF4FF400650AF1010A07F50067BD
:10487000D3E753F8081F5A68B2F1FF3F08BFB1F100
:10488000FF3FD5D0284B186810B96FF00504C7E773
:1048900027B14FF4006239460FF006FCDFF888902C
:1048A0000099D9F80030CBF30A001844AAB20FF0EF
:1048B000FBFB4FF400613846FFF710FF00BBD9F84F
:1048C000003001934FF4006305970493B9E7019B0F
:1048D00007914B4402930120D3E9002303F084FDA8
:1048E00088B90799019BD1E9000259F80310029B8E
:1048F0005B689A4208BF884205D109F10809A2E71E
:104900006FF001048CE76FF0030489E74FF0FF3488
:1049100088E76FF0050485E76FF0040482E700BFC5
:104920000070FF1F00FCFF0318D20020B1F1006FE0
:1049300070B510D30B4BD3F8E0650B4B03EA86231D
:1049400003F10063013B994205D838B192B20FF0F0
:10495000ABFB002070BD4FF0FF30FBE76FF00500B0
:10496000F8E700BF0070FF1F00FCFF03B0F1006F0D
:1049700010B40DD3084BD3F8E045084B03EA842369
:1049800003F10063013B984202D810BCFFF7A6BEBA
:104990004FF0FF3010BC70470070FF1F00FCFF039A
:1049A0004FF0B04382B0DA6C0243DA64DB6C034050
:1049B0000193019B02B07047F0B587B0142200212B
:1049C00001A811F02EFD0420FFF7EAFF0220374D69
:1049D000FFF7E6FF0120FFF7E3FF8020FFF7E0FF8E
:1049E000202100222846002403F0B2FE03264FF6C1
:1049F0004A6301A92846CDE90136039403F088FDF6
:104A000042F2440301A92A480394CDE9013603F098
:104A10007FFD48F2F37301A94FF09040CDE90136D4
:104A20000827039403F074FD01A922480394CDE9FB
:104A3000017603F06DFD022604224FF4041301A950
:104A40002846CDE90123039603F062FD4FF4881355
:104A50004FF4C871CDE90113284601A9039603F06C
:104A600057FD01232020CDE9010301A92846CDE906
:104A7000036403F04DFD22462146384603F0BAF99F
:104A8000384603F0E9F9224621460A2003F0B2F93C
:104A90000A2003F0E1F922462146162003F0AAF984
:104AA000162003F0D9F907B0F0BD00BF000400489C
:104AB00000080048001C004800B59BB048220021B7
:104AC00008A811F0AEFC1C22002101A811F0A9FCDD
:104AD00004F01CFA4FF0B0420120D2F8903023F0DD
:104AE0001803C2F89030D2F8003423F4C06343F4C2
:104AF0000073C2F80034D2F8003403F4C0630093AA
:104B0000009B2423089381230B930023CDE91003FA
:104B1000B02208A8CDE9122304F070FB08B172B6E8
:104B2000FEE74F23CDE90130CDE903000590079062
:104B3000022101A804F0FCFD08B172B6FEE71BB02B
:104B40005DF804FB08B502F07FFCFFF7B5FFFFF747
:104B500033FF00F073FD00F097FA00F07BFA4FF49A
:104B6000FA7000F0E9F9034805F0D6FC00F06DFD9D
:104B7000FCE700BFB4D2002072B6FEE700B58DB0EE
:104B80002C22002101A811F04CFC1748174B0360A0
:104B90001F2383604FF080420023C0E90433C0E943
:104BA000072383614FF48073436205F081F808B1F5
:104BB000FFF7E2FF0C4805F0A7F908B1FFF7DCFFAB
:104BC0004FF0005300220793074808924FF4807378
:104BD00001A9029206920B9305F0CAF808B1FFF7FB
:104BE000CBFF0DB05DF804FB1CD200200028004074
:104BF00010B5044690B03822002102A811F011FC33
:104C00002268194B9A422CD14FF48033029302A8A8
:104C10004FF480730F9304F0C9FE08B1FFF7ACFFA7
:104C20004FF0B0430220D3F8902042F40042C3F882
:104C300090209A6D42F480629A659B6D002203F485
:104C4000806311460193019B03F0D4F8022003F026
:104C500003F900222A20114603F0CCF82A2003F0A1
:104C6000FBF810B010BD00BF0028004070470000E6
:104C700008B502F0FFFB044B0120C3F88800BDE833
:104C8000084004F09BB900BF0004005802F0F9BBD3
:104C900008B502F0F6FBBDE8084000F069BC08B5B5
:104CA00002F0E8FBBDE808400121002004F036B91D
:104CB00070477047FEE7FEE7FEE7FEE7FEE7704756
:104CC00070477047FCF7D4BC014805F043B900BFFA
:104CD0001CD20020042003F059BD102003F056BD63
:104CE000014803F0A3BA00BF08D3002008B5802014
:104CF00003F04CFDBDE80840014803F0FDBA00BFD9
:104D00001CB10020014805F049BC00BFB4D200200E
:104D1000014805F043BC00BF68D20020014805F0FF
:104D200035BE00BF68D30020014804F047BF00BF74
:104D30001CD20020014805F036BB00BF54D2002031
:104D4000054808B50823036005F04AF918B1BDE825
:104D50000840FFF711BF08BD54D200204FF0B04308
:104D600007B55A6E42F001025A665B6E002203F0EC
:104D70000103019311463220019B03F03BF83220DE
:104D800003B05DF804EB03F067B800000CB407B59E
:104D9000054A05AB102101930FF052FC03B05DF8FA
:104DA00004EB02B0704700BF6489010830B585B0DC
:104DB000044602A80D460FF0BBFABDF90C30064AB6
:104DC00000931021029B2046FFF7E0FF2046FBF7EF
:104DD00027FA288005B030BD648901084FF0B04241
:104DE00010B5936823F4004393600FF0DDFA0E4B87
:104DF00001241C7000F0A6F80EF0E6FF0B480EF040
:104E0000FDFF0B4B4FF400421A6102200EF0FCFF35
:104E1000FFF7CEFB00F0C4F80FF0F0F82146204673
:104E2000BDE810400FF00AB960D20020AD4D000877
:104E3000004000580FF018B908B5FFF7C1FB40F665
:104E4000B83398420CD8B0F5E16F0BD3FE23A0F530
:104E5000E16058434FF49663B0FBF3F0C0B208BD75
:104E6000FE20FCE70020FAE77FB5684600F07CF8FA
:104E70000198FCF7ABF900B207B05DF804FB000045
:104E8000194A38B5D2F88035591C044619D102F0B8
:104E9000FFFA054602F008FB054402F0FFFA2B0E6C
:104EA000E3712B0CA3712B0A6371030EE370C0F343
:104EB0000742C0F307232571C0B2A270637020704F
:104EC00038BD190AC3718171190C1B0E4171037130
:104ED000D2F88435C370D2F88405C0F30722C0F33A
:104EE0000743000EE9E700BF0070FF1F38B5094B0C
:104EF000D3F8803503600133054609D102F0C8FAC2
:104F0000044602F0CBFA444002F0CEFA44402C6052
:104F100038BD00BF0070FF1F012102200FF078B8DC
:104F2000002102200FF074B8024B187808B100F08D
:104F30003FB9704760D2002082B00190019802B062
:104F400000F0D2B9074A08B5D2F8903043F4804354
:104F5000C2F8903002F0AEFA02F0B4FABDE80840B0
:104F600002F0B8BA0008005810B50446FFF742FB3B
:104F7000074BA36040F30F20FBF7F8FE054B064AF2
:104F80002360064B6060C4E90323002010BD00BF0E
:104F90000000484200007A440D093E00AB030500C2
:104FA000002070470120704708B511F08DFA1623D4
:104FB00003604FF0FF3008BD08B511F085FA1623E5
:104FC0000360FEE770B50D4614460E46731B9C4207
:104FD00001DC204670BDAFF3008006F8010BF5E759
:104FE00070B50D4614460E46731B9C4201DC2046EC
:104FF00070BD16F8010BAFF30080F5E74FF0FF30FE
:1050000070474FF400534B600020704701207047F9
:10501000002070470B4A116810B5034609B90A49C8
:105020001160106809490A4C0344091B8B4206D9D8
:1050300011F04AFA0C2303604FF0FF3010BD1360EB
:10504000FCE700BF64D20020B0F500200000012082
:10505000000800000A480B4A08B52F23C0E90023C6
:10506000002340F2E732C0E90232C0E90433836131
:1050700005F076FB18B1BDE80840FFF77DBD08BD1F
:10508000B4D20020004401400E4B0F480F4A196A69
:105090002F2310B5C0E900230D4B00224C00A3EBD9
:1050A0004103B3FBF4F3053BC0E903328023826084
:1050B0004261836105F054FB18B1BDE81040FFF771
:1050C0005BBD10BD3C20002068D20020004801409C
:1050D00040420F0007B50368184A934215D14FF0BC
:1050E000B0431C201A6E42F400321A661B6E002276
:1050F00003F4003300931146009B02F07BFE1C205A
:1051000003B05DF804EB02F0A7BE0D4A934211D143
:105110004FF0B0431D201A6E42F480221A661B6EB7
:1051200003F48023019300220521019B02F062FE1B
:105130001D20E5E703B05DF804FB00BF004401401B
:1051400000480140014B1868704700BF00D30020A1
:105150000320704708B501464FF47A72002380029D
:10516000890DFCF779F808BD4FF47A73A0FB0303AF
:10517000800A40EA83507047034B98689A689042CF
:10518000FBD1C043704700BF0028004008B5FFF7BF
:10519000F3FF014B186008BD00D3002008B5FFF7EE
:1051A000EBFF024B1B68C01A08BD00BF00D30020F4
:1051B000024B187808B1FFF7DFBF704704D3002017
:1051C00010B5074B074C0122DA654FF48071204679
:1051D00004F0BAFC4FF0FF332363002010BD00BF82
:1051E000002800401CD2002002460021014804F0A3
:1051F000C2BE00BF1CD2002002460121014804F0BB
:10520000BABE00BF1CD2002010B58CB02C220021E9
:10521000044601A811F005F9FFF7D2FF0C4B0D4829
:105220001B681C440023089306934FF00053E4438B
:10523000079301224FF4807301A902940B9304F0A9
:1052400097FD08B1FFF798FC00200CB010BD00BF1F
:1052500000D300201CD2002038B50546FFF78CFF94
:1052600002210446074804F08DFEC4F309024FF4FE
:105270007A71A2FB0121920AA30A2A8043EA805094
:1052800038BD00BF1CD200200148002104F07ABEC6
:105290001CD200200148012104F074BE1CD2002061
:1052A000F8B50F4D2E78CEB90E4C4FF0FF3727636F
:1052B000FFF764FCFFF784FF4FF48071204604F091
:1052C00043FC2046276304F001FE324620460221BB
:1052D00004F051FEFFF75AFF01232B700020F8BDA8
:1052E00004D300201CD20020014610B54FF47A727E
:1052F00000238002890DFBF7AFFF0146FFF73CFF5B
:105300000446FFF739FF031B8B4200D310BD00BFDB
:10531000F7E70FF051B9000010B5064C0221204606
:1053200004F030FE0221421C2046BDE8104004F08B
:1053300022BE00BF1CD200201648174A08B54FF401
:105340001653C0E9002300230C22C0E90233C0E950
:105350000523C0E90733C0E90933036106F0FFF80C
:1053600008B1FFF709FC0B48002106F070FA08B1FC
:10537000FFF702FC0748002106F089FA08B1FFF7A1
:10538000FBFB044806F043FA18B1BDE80840FFF7FC
:10539000F3BB08BD68D300200044004030B597B08F
:1053A00005461422002103A811F03BF83822002101
:1053B00008A811F036F82A682C4B9A4253D10223E0
:1053C000089308A82A4B0A9304F0F0FA08B1FFF7F3
:1053D000D3FB4FF0B04301219A6D264C42F40032CA
:1053E0009A659A6D02F400320292029ADA6C42F0E7
:1053F0000102DA64DB6C03F0010301930C22019BD0
:105400000223CDE903230323CDE905134FF0904098
:10541000072303A9079303F07BF817481423C4E973
:1054200000034FF0100C002380222046C4E902C381
:10543000C4E90423C4E90633236202F081FD08B104
:10544000FFF79AFB0B48102102F046FF08B1FFF767
:1054500093FB00222520EC671146A56202F0CAFCEE
:10546000252002F0F9FC17B030BD00BF0044004019
:1054700004000C0008D300205800024002680C4BC6
:105480009A4210B5044612D14FF0B0420C21936DF0
:1054900023F4003393654FF0904003F0E5F8E06F9C
:1054A00002F0C0FDBDE81040252002F0E3BC10BDB5
:1054B0000044004008B50A460146024805F0CAF912
:1054C000002008BD68D3002013B5114B114C1860A3
:1054D0004FF40013009302AB13E90600204606F0D8
:1054E0003AF92368DA69D103FCD4DA695202FCD5AF
:1054F0009A68084842F480029A6006F072F90649F8
:105500000448012206F0E0F8002002B010BD00BF00
:10551000FCD3002068D3002004D4002008B5074B3A
:105520001860FFF7A5F8FFF707FF054AD2F88030AB
:1055300043F00063C2F88030002008BD00D4002092
:105540000008005808B54FF0B04308489A6B42F481
:1055500000329A639A6B22F400329A63FFF78EFF4F
:105560000F2002F087FC002008BD00BF68D3002098
:1055700008B5074805F0F3FF08B1FFF7FDFA054845
:1055800002F0DEFC18B1BDE80840FFF7F5BA08BD2F
:1055900068D3002008D300200268044B9A4203D14C
:1055A000034B00201B681847704700BF00440040B1
:1055B00000D4002002680B4B9A4210B504460FD16C
:1055C000094B1B682BB1D0F8902012B90748012174
:1055D000984720460549BDE81040012206F074B8FE
:1055E00010BD00BF00440040FCD3002004D40020C4
:1055F000014B00221A70704705D40020014B187827
:10560000704700BF05D4002010B5034C0349227831
:105610000EF04AFD207810BD05D4002006D40020ED
:1056200010B504490446F2220348FCF7E9FC204681
:1056300010BD00BF05D4002006D4002008B5FFF738
:10564000CDFBBDE8084000F087BA4FF0FF300EF008
:105650006FBD704770470000014BD870704700BFA6
:10566000A0B00020014B1874704700BFA0B000200C
:1056700007B5064B00221B5C00931146044B022029
:105680000EF00CFC03B05DF804FB00BFDA890108E2
:10569000C089010808B5022000210EF011FDBDE807
:1056A000084001480EF036BF4CD6002000210120F2
:1056B0000EF006BD10B54EF66023084C002818BF4A
:1056C0000346074823600EF0D7FE216804480EF019
:1056D0005BFFBDE8104002480EF01CBF9CB00020EC
:1056E0004CD600201FB50446002837D00378002B85
:1056F0002ED01F480EF00EFF002211461D4B022037
:105700000EF0CCFB94F91830039394F90A3002930D
:10571000237C0193E368009300221146164B03207B
:105720000EF0BCFB0022154B114602200EF0B6FB1A
:10573000237A012B14D1617A114A124B002918BF28
:1057400013460022009311460F4B02200EF0A6FBD9
:105750000E492046FCF78AFB0D4B186004B010BDC3
:1057600000220C4B114602200EF098FBF0E700BF20
:1057700028D50020E3890108148A0108458A010818
:10578000DF890108DE890108528A01084CD6002011
:105790009CB00020638A010837B5044628B390F90D
:1057A000065025BB13480EF067FE134B2A462946C8
:1057B00002200EF073FBE379012B0CBF0F4B104B53
:1057C0000022114602200EF069FB94F90600FCF756
:1057D000FFFA94F90530019394F904300093002204
:1057E000084B114603200EF059FB03B030BD064BA9
:1057F000E6E700BFF8D40020718A0108868A010814
:10580000A38A0108D78A0108C08A01080A4601490B
:10581000FFF78CB800F0030838B51B480EF02CFEDB
:1058200006F09EFC044650B10022184B114602209F
:105830000EF034FBBDE8384015480EF06BBE154B3A
:10584000154D0246014602200EF028FB134B1B7833
:10585000012B11D10220124B2870224621460EF056
:105860001DFB104806F008FB2878012106F05CF8C3
:1058700005480EF04FFEDDE701232B7022460A4B50
:1058800021460220EBE700BF4CD60020008B010828
:1058900034D600201E8B0108A4000020A5000020A3
:1058A000328B0108A0B00020528B010800B50346DE
:1058B0008DB000282CD0407802280AD003282AD0A6
:1058C000164B0022114602200DB05DF804EB0EF0DD
:1058D000E5BA1A7F0B92DA7E0A929A7E09925A7E74
:1058E00008921A7E0792DA7D06929A7D05925A688E
:1058F0000492DA68039293F914200292B3F9122009
:1059000001921B7C00930022054B11460EF0C6FA53
:105910000DB05DF804FB034BD3E700BF718B0108AA
:10592000888B0108FA8B010801284FF000020CBF98
:10593000024B034B114602200EF0B0BA198C01083D
:105940002B8C0108054B1A78054B1B789A4203D122
:10595000002108200EF0B4BB704700BFA400002057
:10596000A500002008B506F004FC80B906F0C2F8D6
:1059700001280CD1BFF34F8F0549064BCA6802F4CA
:10598000E0621343CB60BFF34F8F00BFFDE708BD5C
:1059900000ED00E00400FA0530B5044687B00D467E
:1059A000002953D02A480EF0B5FD2B78EBB1E4B1B5
:1059B0006368D3B11B780193237800930022254BB1
:1059C000114602200EF06AFA2378022B2ED0032B08
:1059D0000BD16378012B08D163681878012802D0B5
:1059E000022800D008B906F079F92B7C052B16D8CF
:1059F00095F90A20059295F909200492164A52F861
:105A00002330039395F90830029323780193EB68D0
:105A100000930022114B114603200EF03FFA294655
:105A2000204607B0BDE83040FCF71AB96378012B77
:105A3000DBD163681A7812F0010216BF0022084B0E
:105A4000084B114603200EF029FACEE707B030BD0F
:105A500010D500203F8C010804B100206F8C010894
:105A60005C8C0108668C010838B504460D46074871
:105A70004FF40061FEF77AFF30B92A462146034809
:105A8000BDE83840FEF778BE38BD00BF00F003081F
:105A900010B506F003FC10F1080F07D1064B0022E9
:105AA000BDE81040114602200EF0F8B9013001D1D6
:105AB000024BF4E710BD00BFB68C0108CC8C010886
:105AC00037B506F02BF80446002837D11C4D0223C9
:105AD0002B70FFF78DFD2046FFF7A2FD194C68687B
:105AE000FFF792FDFFF78AFD637A687033B106F025
:105AF00001F8012802D120460EF0BEFC124B1048DE
:105B0000D978002206F020F8024638B90F4B01463A
:105B1000012003B0BDE830400EF0C0B906320DD10F
:105B200005F0E2FF50B100224FF47A731146B0FB4A
:105B3000F3F0074B009001200EF0B0F903B030BD38
:105B400094B00020F8D40020A0B00020E48C01081C
:105B5000F38C010870477047F0B587B00024012529
:105B60000327504B029422462146CDE900570220DC
:105B7000022605940EF092F90623CDE90063224631
:105B8000494B0295214630460EF088F9474B009567
:105B900022462146CDE9017530460EF07FF905A970
:105BA000204606F0CBFA059BC3F307220292C3F30B
:105BB00007421B0E0192009322463D4B2146304680
:105BC0000EF06CF905A9284606F0B8FA059BDAB282
:105BD0000392C3F307220292C3F307421B0E019202
:105BE00000932246334B214630460EF057F9324B94
:105BF0003248009422464FF4FA710EF0DFFB304B2E
:105C00003048009422464FF4FA710EF0D7FB2E4B29
:105C10002E4800942A464FF4FA710EF0CFFB20462E
:105C2000FEF7A4FD08B1FEF7A7FF294B0094002260
:105C30004FF4FA6127480EF0C1FB274A00210120EA
:105C40000EF008FB254A002102200EF003FB244A37
:105C5000002104200EF0FEFA224A002108200EF056
:105C6000F9FA00F051F82049204806F01DFA2048C2
:105C700006F002F9FBF79CFC14480EF04BFC1D4BA0
:105C80000121187805F050FE1B4900941B4B096850
:105C90001B4800220EF092FB19480EF03BFC07B0A7
:105CA000F0BD00BF118D0108328D0108538D010830
:105CB000748D0108958D01085356000828D50020E1
:105CC000575B000810D50020555B0008F8D4002071
:105CD0004559000834D600207DBC0008C15A000890
:105CE000915A00081958000800000301B8B00020BC
:105CF000A0B00020A40000209CB000209556000811
:105D00004CD60020FBF7F4BC034B0022C3E902226F
:105D10000122C3E90022704764D600200048704782
:105D200064D6002008B501F0DDFB08BD08B501F020
:105D300003FC08BD0020704708B501F01BFC08BD3E
:105D400008B501F019FC08BD01F018BC0D488546E6
:105D500001F053FB0C480D490D4A002302E0D458D2
:105D6000C4500433C4188C42F9D30A4A0A4C0023A5
:105D700001E013600432A242FBD310F0ABFBFEF74C
:105D8000E1FEFEE7000001200000002008B4002032
:105D90005C2C020808B40020ACF50020FEE70000EF
:105DA000114A08B513680BB9002008BD013B136008
:105DB000002BF9D14FF0B0424FF40061936D23F402
:105DC000800393654FF0904002F04EFC4FF09040FE
:105DD0004FF4805102F048FC044802F06DFE0028A8
:105DE000E2D06FF00700E0E774D6002078D60020FC
:105DF0001FB54FF48054CDE90134009201230A46C7
:105E00000146074802F072FE40B1054803F029F848
:105E1000042814BF6FF003006FF0650004B010BDDC
:105E200078D600201FB54FF48054CDE9013400929C
:105E300001230A460146074802F032FF40B10548F7
:105E400003F00FF8042814BF6FF003006FF0650033
:105E500004B010BD78D60020FFF766B8134A144B83
:105E600070B50026C0E900230123C0E90263C0E940
:105E70000466C0E906660662044602F0C7FD3146C4
:105E80000546204602F0EFFF0543EDB2AD1B31465B
:105E9000204618BF012503F00CF8B04218BF0125B9
:105EA0004FF4001003F02AF8284670BD0058004057
:105EB000190B20002DE9F0432F4A304E304B336050
:105EC0001368591C97B011601BB1002017B0BDE8D2
:105ED000F083304602F0C2FF05460028F5D1342297
:105EE000014609A810F09DFA4FF0B04480230893B2
:105EF00008A84FF440230E9303F058FDE36C43F0E1
:105F00000103E364E36C03F001030293029B4FF08F
:105F100012094FF400634FF00108042703A94FF062
:105F20009040CDE90339CDE90585079702F0F0FAF5
:105F30004FF4805303A94FF09040CDE90339CDE9E8
:105F40000585079702F0E4FAA36D43F48003A36587
:105F5000A36D03F4800301933046019BFFF77EFF9E
:105F6000014610B16FF00700B0E7304602F07BFF4A
:105F70000028AAD0F6E700BF74D6002078D600200B
:105F80000058004040F201124FF47A63C1E9002347
:105F900000201023C1E90230024B0B614B6100234A
:105FA0008B6170470058D04510B44469007BA4460B
:105FB00010BC604710B40469007BA44610BC604765
:105FC00010B590F83130012B044608D090F833100A
:105FD000203000F07FFE20B9012384F8313000200A
:105FE00010BD4FF0FF30FBE770B590F831500C4614
:105FF000012D06464649204647D1FBF7B3F8002855
:106000002BD144492046FBF7ADF800282FD1424957
:106010002046FBF7A7F860BB40492046FBF7A2F8F3
:1060200048BB3F492046FBF79DF830BB3D49204621
:10603000FBF798F818BB3C492046FBF793F800BBE8
:106040003A492046FBF78EF8E8B939492046FBF774
:1060500089F8002814BF09250A25294606F12000E1
:1060600000F038FE003818BF0120404270BD022504
:10607000F3E70325F1E70425EFE70525EDE706251E
:10608000EBE70725E9E70825E7E7FBF76BF80028CA
:106090002ED120492046FBF765F858BB1E49204603
:1060A000FBF760F840BB1D492046FBF75BF828BBB7
:1060B0001B492046FBF756F810BB1A492046FBF750
:1060C00051F8F8B918492046FBF74CF8E0B91749E0
:1060D0002046FBF747F8C8B915492046FBF742F8B8
:1060E000002814BF09230A2386F833300020BDE7B7
:1060F0000123F9E70223F7E70323F5E70423F3E796
:106100000523F1E70623EFE70723EDE70823EBE795
:10611000000048410000D041000050420000D04241
:10612000000050430000D043004050440040D044A1
:1061300000405045022908B50DDD04290DDD082970
:10614000CCBF01210321203000F0C0FB003818BF74
:106150000120404208BD0021F5E70221F3E710B518
:1061600090F83230012B044608D090F834102030DB
:1061700000F050FE20B9012384F83230002010BD19
:106180004FF0FF30FBE7000070B590F832500C463E
:10619000012D06464649204647D1FAF7E3FF00287D
:1061A0002BD144492046FAF7DDFF00282FD1424980
:1061B0002046FAF7D7FF60BB40492046FAF7D2FFE6
:1061C00048BB3F492046FAF7CDFF30BB3D4920464A
:1061D000FAF7C8FF18BB3C492046FAF7C3FF00BBDB
:1061E0003A492046FAF7BEFFE8B939492046FAF79E
:1061F000B9FF002814BF09250A25294606F1200009
:1062000000F008FE003818BF0120404270BD022592
:10621000F3E70325F1E70425EFE70525EDE706257C
:10622000EBE70725E9E70825E7E7FAF79BFF0028F2
:106230002ED120492046FAF795FF58BB1E4920462B
:10624000FAF790FF40BB1D492046FAF78BFF28BBA9
:106250001B492046FAF786FF10BB1A492046FAF779
:1062600081FFF8B918492046FAF77CFFE0B91749D1
:106270002046FAF777FFC8B915492046FAF772FFAA
:10628000002814BF09230A2386F834300020BDE714
:106290000123F9E70223F7E70323F5E70423F3E7F4
:1062A0000523F1E70623EFE70723EDE70823EBE7F4
:1062B000000048410000D041000050420000D042A0
:1062C000000050430000D043004050440040D04400
:1062D0000040504570B500F12004054601212046DC
:1062E00000F009FC10B14FF0FF3070BD01212046D5
:1062F00000F04DFC0028F6D10121204600F030FCD2
:106300000028F0D10121204600F041FC0028EAD10C
:106310000121204600F09CFB01460028E3D12046E5
:1063200000F04CFC01460028DDD1042685F83360DE
:10633000204600F0CFFC01460028D4D1204600F0D2
:10634000C5FA01460028CED185F83460204600F019
:1063500061FD0028C7D10C21204600F012FB002867
:10636000C1D1012385F83030BFE77D2908B514DDA0
:10637000FA2914DDB1F5FA7F13DDB1F57A7F12DD6C
:10638000B1F5FA6FCCBF01210C21203000F0F9FAF1
:10639000003818BF0120404208BD0221F5E7002166
:1063A000F3E70421F1E70821EFE708B5203000F01A
:1063B000D0FB003818BF0120404208BD38B590F826
:1063C0003130044693B100F1200500F13301284635
:1063D00000F0A8FA014610B14FF0FF3038BD284652
:1063E00000F078FC0028F7D184F831000020F5E7B0
:1063F00013B50C4620300DF1070100F093FA18BBDD
:106400009DF807300A2B1FD8DFE803F0060A0C0EB0
:1064100010121416181A1C000023236002B010BDBD
:106420000B4BFAE70B4BF8E70B4BF6E70B4BF4E79C
:106430000B4BF2E70B4BF0E70B4BEEE70B4BECE7AC
:106440000B4BEAE70B4BE8E74FF0FF30E6E700BF06
:10645000000048410000D041000050420000D042FE
:10646000000050430000D043004050440040D0445E
:10647000004050450058D04513B50C4620300DF172
:10648000070100F03AFA88B99DF80730032B0DD8C0
:10649000DFE803F0020A0608064B236002B010BDD5
:1064A000054BFAE7054BF8E7054BF6E74FF0FF30F1
:1064B000F4E700BF23DB793D23DBF93D23DB793EA5
:1064C00023DBF93E13B50C4620300DF1070100F037
:1064D00014FA88B99DF80730032B0DD8DFE803F0D4
:1064E000020A06080223236002B010BD0423FAE763
:1064F0000823F8E71023F6E74FF0FF30F4E713B571
:106500000C462030694600F0D8FA50B9BDF800308A
:106510002380BDF802306380BDF80430A38002B050
:1065200010BD4FF0FF30FAE77FB504460D4600235B
:1065300002A92030019300F0C0FA20B14FF0FF34DF
:10654000204604B070BD204601A9FFF795FF044620
:106550000028F3D1019EBDF90800FAF707FC314687
:10656000FAF758FCFAF732FE2860BDF90A00FAF78C
:10657000FDFB3146FAF74EFCFAF728FE6860BDF9DC
:106580000C00FAF7F3FB3146FAF744FCFAF71EFE6B
:10659000A860D5E738B590F83230044693B100F1E1
:1065A000200500F13401284600F026FA014610B11A
:1065B0004FF0FF3038BD284600F02CFC0028F7D102
:1065C00084F832000020F5E710B50446FFF7F6FE28
:1065D00010B14FF0FF3010BD2046FFF7DBFF002861
:1065E000F7D184F8330084F8340084F83000F2E7FF
:1065F00013B50C4620300DF1070100F0FDF918BB72
:106600009DF807300A2B1FD8DFE803F0060A0C0EAE
:1066100010121416181A1C000023236002B010BDBB
:106620000B4BFAE70B4BF8E70B4BF6E70B4BF4E79A
:106630000B4BF2E70B4BF0E70B4BEEE70B4BECE7AA
:106640000B4BEAE70B4BE8E74FF0FF30E6E700BF04
:10665000000048410000D041000050420000D042FC
:10666000000050430000D043004050440040D0445C
:10667000004050450058D04513B50C4620300DF170
:10668000070100F095F9D0B99DF807300C2B16D80A
:10669000DFE803F00B1307150D1515150F1515156C
:1066A0001100084B236002B010BD074BFAE7074BFF
:1066B000F8E7074BF6E7074BF4E7074BF2E74FF035
:1066C000FF30F0E700008C4000000C4100008C41DE
:1066D00000000C4200008C4200000C4313B50C4635
:1066E00020300DF1070100F063F9F0B99DF8073093
:1066F0000C2B1AD8DFE803F00B1607190D1919191E
:106700001019191913007D23236002B010BDFA235C
:10671000FAE74FF4FA73F7E74FF47A73F4E74FF4BC
:10672000FA63F1E74FF47A63EEE74FF0FF30ECE7FE
:1067300013B50C462030694600F0A1F950B9BDF8F8
:1067400000302380BDF802306380BDF80430A380A0
:1067500002B010BD4FF0FF30FAE77FB504460D469A
:10676000203002A900F08BF920B14FF0FF34204611
:1067700004B070BD204601A9FFF77EFF0446002843
:10678000F3D1019EBDF90800FAF7F0FA3146FAF7A5
:1067900041FBFAF71BFD2860BDF90A00FAF7E6FA9B
:1067A0003146FAF737FBFAF711FD6860BDF90C00C6
:1067B000FAF7DCFA3146FAF72DFBFAF707FDA86085
:1067C000D5E708B52030012300F04CF8003818BF99
:1067D0000120404208BD07B501238DF80720203075
:1067E0000DF1070200F044F8003818BF01204042C4
:1067F00003B05DF804FB000010B5044610B94FF07B
:10680000FF3010BD4A680B6842608A68036082608E
:106810000A7B02730A6902614A6942618A6982617C
:106820000E4A42620E4A0262CA69C0E90A20002B7F
:10683000E5D098470028E2D1A368022BE1D194F873
:106840003030002BDDD10C2212212046FFF7C3FF90
:10685000003818BF01204042D3E700BFA95F0008FD
:10686000B55F000810B44468C068A44610BC604717
:1068700010B40468C068A44610BC604708B5FAF7B5
:1068800075FA0249FAF7C6FA08BD00BF23DB793D65
:1068900008B5FAF76BFA0249FAF7BCFA08BD00BF6F
:1068A00023DBF93D08B5FAF761FA0249FAF7B2FAC3
:1068B00008BD00BF23DB793E08B5FAF757FA024955
:1068C000FAF7A8FA08BD00BF23DBF93E37B501236C
:1068D0000D4601AA10210446FFF7C4FF58B99DF8E0
:1068E000043065F383038DF8043001AA01231021DD
:1068F0002046FFF7BDFF03B030BD13B501230C46A2
:1069000001AA1021FFF7AEFF9DF80430C3F3810305
:10691000022B04D0032B02D05A1E53425341237042
:1069200002B010BD13B501230C4601AA1021FFF7D8
:1069300099FF9DF804301B09013B0A2B1FD8DFE8A3
:1069400003F0060A0C0E10121416181A1C0001236C
:10695000237002B010BD0223FAE70323F8E70423F3
:10696000F6E70523F4E70623F2E70723F0E7082319
:10697000EEE70923ECE70A23EAE70B23E8E7002325
:10698000E6E737B501230D4601AA11210446FFF7BA
:1069900069FF58B99DF8043065F303038DF804309E
:1069A00001AA012311212046FFF762FF03B030BD89
:1069B00013B501230C4601AA1121FFF753FF9DF8DF
:1069C000043003F00F030C2B14D8DFE803F0071199
:1069D00013130B1313130D1313130F000023237042
:1069E00002B010BD0423FAE70823F8E70C23F6E70A
:1069F0000123F4E70223F2E713B501230C4601AAB1
:106A00001121FFF72FFF9DF804301B09013B092BD3
:106A10001CD8DFE803F005090B0D0F11131517192A
:106A20000123237002B010BD0223FAE70323F8E725
:106A30000423F6E70523F4E70623F2E70723F0E74C
:106A40000823EEE70923ECE70A23EAE70023E8E757
:106A500037B501230D4601AA12210446FFF702FFB4
:106A600058B99DF8043065F386138DF8043001AAF7
:106A7000012312212046FFF7FBFE03B030BD13B502
:106A800006230C466A462221FFF7ECFE9DF8012002
:106A90009DF8003003EB022323809DF803209DF82E
:106AA000023003EB022363809DF805209DF804303B
:106AB00003EB0223A38002B010BD13B506230C46DE
:106AC0006A462821FFF7CEFE9DF801209DF8003090
:106AD00003EB022323809DF803209DF8023003EB93
:106AE000022363809DF805209DF8043003EB022308
:106AF000A38002B010BD37B501230D4601AA1821AD
:106B00000446FFF7AFFE58B99DF8043065F3410322
:106B10008DF8043001AA012318212046FFF7A8FEB2
:106B200003B030BD37B501230D4601AA194604460E
:106B3000FFF798FE58B99DF8043065F387138DF878
:106B40000430012301AA19462046FFF791FE03B045
:106B500030BD08B50A4601230F21FFF783FE08BDAB
:106B600037B501230D4601AA12210446FFF77AFE2C
:106B700058B99DF8043065F300038DF8043001AA7C
:106B8000012312212046FFF773FE03B030BD37B555
:106B900001230D4601AA12210446FFF763FE58B9EE
:106BA0009DF8043065F382038DF8043001AA0123B7
:106BB00012212046FFF75CFE03B030BD37B501233C
:106BC0000D4601AA0A210446FFF74CFE58B99DF86C
:106BD000043065F302038DF8043001AA01230A2171
:106BE0002046FFF745FE03B030BD38B50D46022103
:106BF0000446FFF797FF98B901232A46462120460D
:106C0000FFF730FE60B90123EA1847212046FFF75D
:106C100029FE28B901462046BDE83840FFF782BF6B
:106C200038BD37B50C4602210546FFF77BFF50B94A
:106C3000012301AA5F212846FFF714FE18B9014677
:106C40002846FFF76FFF9DF80430C3F3C103022B02
:106C500004D0032B02D05A1E53425341237003B079
:106C600030BD37B50D4602210446FFF75BFF78B90A
:106C7000012301AA05212046FFF7F4FD40B9014692
:106C80002046FFF74FFF9DF80430C3F300132B702D
:106C900003B030BD37B50D4602210446FFF742FF71
:106CA000B0B9012301AA60212046FFF7DBFD78B9C6
:106CB0009DF80430C3F30113022B04D0032B02D040
:106CC0005A1E534253412B7000212046FFF72AFFE2
:106CD00003B030BD73B50D4601A90446FFF785FF2B
:106CE00000286ED19DF80420C2F34001C2F30003D6
:106CF0000B43C2F380010B43C2F3C0010B43C2F349
:106D000000110B43C2F340110B43C2F380110B433C
:106D100043EAD2139DF80520C2F300010B43C2F3EE
:106D200040010B43C2F380010B43C2F3C0010B438C
:106D3000C2F300110B43C2F340110B43C2F38011A5
:106D40000B4343EAD213DB073BD50DF1010120468B
:106D5000FFF767FF002834D19DF801302E46032B42
:106D600006D8DFE803F00222262A012D38BF0126CB
:106D700000238DF8023000284AD10DF1020120468F
:106D8000FFF76FFF9DF80230012B2DD10DF10301AC
:106D90002046FFF77FFF00283AD19DF80330032BF0
:106DA00014D8DFE803F01015191D022D38BF022694
:106DB000DEE7032D38BF0326DAE7042D38BF0426AB
:106DC000D6E72E46D4E7012D38BF01252E460CE02C
:106DD000022D38BF0225F9E7032D38BF0325F5E75B
:106DE000042D38BF0425F1E790B901236A4610212C
:106DF0002046FFF737FD58B99DF8003066F30713BA
:106E00008DF800306A46012310212046FFF730FD3F
:106E100002B070BD73B50D4601A90446FFF7E5FE4B
:106E200000286ED19DF80420C2F34001C2F3000394
:106E30000B43C2F380010B43C2F3C0010B43C2F307
:106E400000110B43C2F340110B43C2F380110B43FB
:106E500043EAD2139DF80520C2F300010B43C2F3AD
:106E600040010B43C2F380010B43C2F3C0010B434B
:106E7000C2F300110B43C2F340110B43C2F3801164
:106E80000B4343EAD213DB073BD50DF1010120464A
:106E9000FFF7C7FE002834D19DF801302E46032BA2
:106EA00006D8DFE803F00222262A012D38BF01268A
:106EB00000238DF8023000284AD10DF1020120464E
:106EC000FFF7CFFE9DF80230012B2DD10DF103010C
:106ED0002046FFF7DFFE00283AD19DF80330032B50
:106EE00014D8DFE803F01015191D022D38BF022653
:106EF000DEE7032D38BF0326DAE7042D38BF04266A
:106F0000D6E72E46D4E7012D38BF01252E460CE0EA
:106F1000022D38BF0225F9E7032D38BF0325F5E719
:106F2000042D38BF0425F1E790B901236A461121E9
:106F30002046FFF797FC58B99DF8003066F3071319
:106F40008DF800306A46012311212046FFF790FC9E
:106F500002B070BD0123054A0B60002000230871B8
:106F60008B60CA600B614B61704700BF00004843F3
:106F70002DE9F84384680546884691461E466CB163
:106F80000020BDE8F88308EB040109EB04026F69F7
:106F9000287B012389B2B847013410B9B442F2D139
:106FA000EEE74FF0FF30ECE72DE9F8438468054643
:106FB000884691461E466CB10020BDE8F88308EB78
:106FC000040109EB04022F69287B012389B2B84729
:106FD000013410B9B442F2D1EEE74FF0FF30ECE7E4
:106FE00038B590F83030044623B1012384F83030AE
:106FF000002038BD4FF07E5300F12005436301218E
:10700000284600F0B5F910B14FF0FF30F1E701214B
:10701000284600F0DBF901460028F5D1284600F0AB
:10702000F9F80028E1D0EFE738B50C4605464FF0F7
:107030007E512046FAF796F8D0B910492046FAF763
:1070400091F8B8B90E492046FAF78CF8A0B90D4965
:107050002046FAF787F8002814BF2221322105F1D3
:10706000200000F0D7F8003818BF0120404238BD9A
:107070000421F4E70221F2E71221F0E70000C84101
:10708000000048420000C84210B590F83130012B92
:10709000044606D0416BFFF7C7FF20B9012384F8EF
:1070A0003130002010BD4FF0FF30FBE713B50C4628
:1070B00020300DF1070100F082F920B99DF807306A
:1070C000237002B010BD4FF0FF30FAE713B50C4645
:1070D00020300DF1070100F025F948B99DF807307F
:1070E000122B10D007D8022B0FD010D9042B10D0A0
:1070F0004FF0FF3005E0222B0ED0322BF8D1074B9A
:10710000236002B010BD064BFAE7064BF8E70023F8
:10711000F6E74FF07E53F3E7034BF1E700004843F7
:10712000000048420000C8410000C84210B590F875
:107130003130044683B100F13401FFF7C7FF014647
:1071400010B14FF0FF3010BD04F1200000F062F8E4
:107150000028F6D184F831000020F4E710B590F84B
:107160003030012B044603D0002084F8300010BDDD
:10717000FFF7DCFF0028F7D04FF0FF30F7E737B517
:107180000D4620300DF1060100F009F9044638B92A
:10719000BDF9060000F034F82860204603B030BD89
:1071A0004FF0FF34F9E70000B0B14A680B68426065
:1071B0008A68036082600A7B02730A6902614A6915
:1071C00042618A698261064A4262064A0262CA696B
:1071D000C0E90A2003B118474FF0FF30704700BFE5
:1071E000716F0008A96F000810B44468C068A44615
:1071F00010BC604710B40468C068A44610BC604767
:1072000008B5F9F7B3FD0249F9F7B8FE08BD00BFAC
:107210000000C84237B501230C4601AA04210546E7
:10722000FFF7E2FF28B901236A460C212846FFF741
:10723000DBFF012C35D190BB9DF8003043F00203F9
:107240008DF800306A4623460C212846FFF7D2FF0E
:1072500028BB9DF8003060F341038DF800306A468A
:1072600001230C212846FFF7C5FFC0B9C4F3400233
:1072700004F0010343EA820304F0300213439DF853
:107280000420A40802F04A0243EAC41313438DF811
:10729000043001AA012304212846FFF7ABFF03B005
:1072A00030BD04F0DF03022B01D0122B1FD19DF85B
:1072B00004305B071BD40028F1D19DF8003043F067
:1072C00002038DF800306A4601230C212846FFF79F
:1072D00091FF0028E3D19DF8003060F341038DF861
:1072E00000306A4601230C212846FFF783FF042C57
:1072F000BBD10028D3D19DF8003023F0420343F0E6
:1073000042038DF800306A4601230C212846FFF71E
:1073100071FF0028C3D19DF8003023F0420343F0F1
:1073200040039AE713B5012301AA0C460421FFF795
:107330005BFF9DF80430DA09C3F38001920042EA52
:10734000410203F031031343122B07D009DC022B57
:1073500004D0042B02D05A1E53425341237002B072
:1073600010BD222BFAD0322B0CBF32230023F5E7BD
:1073700037B501230D4601AA04210446FFF734FF67
:1073800058B99DF8043065F386138DF8043001AACE
:10739000012304212046FFF72DFF03B030BD13B5B4
:1073A00002230C4601AA0621FFF71EFF9DF80520C7
:1073B0009DF8043003EB0223238002B010BD08B512
:1073C00001230A461946FFF70FFF08BD37B5012311
:1073D0000D4601AA04210446FFF706FF58B99DF89F
:1073E000043065F3C3038DF8043001AA012304219E
:1073F0002046FFF7FFFE03B030BD704738B5104C94
:10740000237805460BB9012038BD01F0E7FE22784C
:107410004FF47A73B3FBF2F3B0FBF3F000F03CFDF2
:1074200004460028EFD10F2DEDD8024629464FF033
:10743000FF3000F0DFFC034B20461D60E4E700BF97
:10744000A4B10020A8B1002010B5032000F0C0FCBA
:1074500001F0C4FE064B18600020FFF7CFFF044682
:1074600018B9FDF726FC204610BD0124FBE700BF3C
:10747000A0B100204FF0E022136923F00203136152
:1074800070474FF0E022136943F002031361704725
:10749000014BD3F8900570470070FF1F014BD3F8E4
:1074A000940570470070FF1F014BD3F89805704793
:1074B0000070FF1F024A536843F001035360704796
:1074C000002004E0024A536843F00203536070470F
:1074D000002004E0024A536843F0040353607047FD
:1074E000002004E04FF0B04330B5DA6C114842F0B0
:1074F0000402DA64DB6C87B003F004030093009BA2
:10750000382501230022CDE9015301A90323CDE948
:10751000032300F0FDFF0748294601F022F9044645
:1075200020B902462946034801F012F9204607B067
:1075300030BD00BF0008004808B5032815D8DFE8B3
:1075400000F002090B1100220948382101F000F96E
:10755000002008BD0122F7E718222021044801F08D
:10756000FCF8F5E728221021F8E70120F1E700BF39
:10757000000800480120704701207047002814BF10
:1075800016200F2070478068C0F38000704700000D
:10759000F7B5002301930446002800F0E980856DCB
:1075A00025B9FCF7AFFFE56584F8545023689A6865
:1075B000D00040F1A1809A68D10000F1B480A26DA2
:1075C00042F01002A265E26D42F00102E26501257F
:1075D0001846FFF7D8FFA26D02F01002024340F0F8
:1075E000C980A26D206922F4817242F00202A26574
:1075F0009A68D2075DD4226BA67E94F82CC0003A1C
:1076000018BF01221703D4E902120A43217E42EA7D
:107610008132617E42EAC13242EA4632002842EAC1
:107620004C02B4BF20F000414FF400113A430A432A
:1076300094F82010012903D1002E76D142F4803233
:10764000616A21B1A66A01F4E07131430A43D96845
:10765000E66C21F4FE3121F4FF711143D96094F8F6
:107660003C206168012A01F0404C4CEA060609D131
:10767000D4E910273A433243A66C324342EA0C0263
:1076800042F001061F693E4A3A4032431A6121F036
:107690000042B2F1804F0CD0B1F1004F09D0394E09
:1076A000D6F8082701F4701122F470120A43C6F8C4
:1076B00008275A69666BA16B22F0070232435A61B0
:1076C0005A6922F0700242EA01125A61002835D14B
:1076D0009A6A62F00F029A625B6903F007039E42A6
:1076E0003CD10023E365A36D23F0030343F00103C2
:1076F000A365284603B0F0BD9A68234922F01042E2
:1077000022F0170242F080529A60204A1268B2FBBF
:10771000F1F2013252000192019A002A3FF44BAF7C
:10772000019A013AF7E7002552E7A16D41F02001E7
:10773000A165E16D41F00101E16581E7B0F5001F50
:10774000CAD19A6AE269013A92006FF00F0102F021
:107750001C0201FA02F2216E0A43BCE7A36D23F07A
:10776000120343F01003A365E36D43F00103E365E7
:107770000125BEE7A36D43F01003A365F8E700BF42
:1077800002FCFF1F00200140400D0300A0B10020BB
:10779000F8B54569082D04460E460AD00368DB6833
:1077A000D80705D5A36D43F02003A3650120F8BDDC
:1077B0000425FDF7B9FB074623681A682A4220D042
:1077C000A26D42F40072A265DA6812F4406F14D11F
:1077D000A27E92B91A6812070FD51846FFF7D3FE9A
:1077E00020BB5A6822F00C025A60A26D22F480720B
:1077F00022F0010242F00102A265227EFAB10020CD
:10780000D5E7711CD9D0FDF78FFBC01BB04201D862
:10781000002ED1D123681B682B40CDD1A26D84F8F6
:10782000543042F00402A2650320C0E7A26D42F08A
:107830002002A265E26D42F00102E265DDE70C2262
:107840001A60DCE70368186C70470000F7B5002386
:10785000019390F85430012B044600F0C080056875
:107860000269012380F854302846FFF78CFE002877
:1078700040F0AF80D1E90030022822F004027ED02F
:10788000B2F1004FC3F3110E35D1AA6A42EA0E02DB
:10789000AA628A68686902EA032222F07C4222F026
:1078A000FF0220EA03210A43002B6A611DDA4D4AD8
:1078B0004D4DD2F80817AB4201F0E07043D10D02F4
:1078C00013D4D2F8083723F0E073034343F40003E2
:1078D000C2F80837454B1A68454BB2FBF3F20C234C
:1078E00002FB03330193019B53BB0020002384F868
:1078F000543003B0F0BD226E00F01F074FF00F0CA4
:107900000CFA07FC6FEA0C0622EA0C0CBEF1000F21
:1079100011D1C3F38462BA4042EA0C0222668008A5
:10792000E26901309042B4D8A86AC3F38362BA40D6
:1079300006403243ACE793FAA3F2B2FA82F2EAE7E6
:10794000019B013BCEE72B4DAB420BD1C901CCD4FF
:10795000D2F8083723F0E073034343F08073C2F892
:107960000837C2E7244DAB42BFD14B02BDD4D2F899
:10797000083723F0E073034343F48003EFE7B2F1E9
:10798000004F01BFAA6AC3F311018A43AA62002B08
:10799000ABDA154813498342D1F8082709D1D1F849
:1079A000083702F0A07223F0E0731A43C1F80827E9
:1079B0009BE71048834204D1D1F8083702F4400213
:1079C000F1E70D48834290D1D1F8083702F0C07238
:1079D000E9E7A26D42F02002A265184686E7022080
:1079E00087E700BF00200140001000B0A0B10020D8
:1079F000400D0300004000B8002000B4026838B514
:107A000004461046FFF7BFFD08B9002038BD936853
:107A1000990707D4936823F0004323F0170343F03A
:107A200010039360FDF780FA054623689B685B07A7
:107A3000EBD5FDF779FA401B0228F6D923689B683D
:107A40005A07F2D5A36D43F01003A365E36D43F02D
:107A50000103E3650120D9E773B5002302680193B0
:107A60009368DD07044602D5002002B070BD91681E
:107A7000214B194209D0A36D43F01003A365E36DB8
:107A800043F00103E3650120EFE7936823F000432F
:107A900023F0170343F001039360184BD3F8083722
:107AA00018021CD4637E012BDED0FDF73DFA144E84
:107AB000054622681368DB07D6D49368D9075FBFF1
:107AC0009368334043F001039360FDF72DFA401BA8
:107AD0000228EED923681B68DA07EAD4CBE7094B02
:107AE000094A1B68B3FBF2F301330193019B002B9E
:107AF000D8D0019B013BF8E717000080002001402F
:107B0000E8FFFF7FA0B10020400D030038B5044618
:107B10000068FFF738FD054620BB94F85430012B70
:107B200020D0012384F854302046FFF795FFB0B9E8
:107B3000A36D226823F4706323F0010343F4807380
:107B4000A3651C23E065136084F85400936823F058
:107B5000004323F0170343F00403936038BD84F817
:107B60005450FBE70220F9E7026838B59368916842
:107B70000446C80701D4002038BD9907FBD4936898
:107B800003F00503012B19D1936823F0004323F080
:107B9000170343F00203936003231360FDF7C4F956
:107BA000054623689B68DB07E5D5FDF7BDF9401B5B
:107BB0000228F6D923689B68DA07F2D5A36D43F053
:107BC0001003A365E36D43F00103E3650120D3E7F0
:107BD00070B5044600284BD0836D43F002038365E3
:107BE000FFF70CFF054668B92046FFF7BDFF0546C5
:107BF00008B90123A3652268936823F0104323F09A
:107C00001703936023685A6822F4677222F0030214
:107C10005A6040F29F321A60D968164A0A40DA6008
:107C20005A6922F007025A6100269A6A9E621A6A0D
:107C300002F0F0221A625A6A02F0F0225A62DA6AFC
:107C400002F0F022DA621A6922F040421A610A4A0E
:107C5000D2F8083723F0FE73C2F808372046FCF745
:107C600065FCE6652666A66584F85460284670BD06
:107C70000125FBE700023E830020014010B590F88B
:107C80005430012B044615D0012380F85430FFF7FF
:107C9000B5FE58B92046FFF767FF38B9A36D23F446
:107CA000807323F0010343F00103A365002384F8EC
:107CB000543010BD0220FCE7F7B50023019390F883
:107CC0005430012B04467FD0012380F85430FFF755
:107CD0004BFF23689A6812F00102054607D0A36D96
:107CE00043F01003A365002384F854302DE0A16D08
:107CF000364F21F4817141F00201A165DE68D96837
:107D000026F4FF4626F07C0621F40041360421F0DB
:107D10000301360CD96008209968394041F00041D0
:107D200099609968002913DA01990131019101994B
:107D3000B1F52E3FF5D3A36D23F0120343F01003EA
:107D4000A365002384F854300125284603B0F0BD14
:107D5000D3F8B410013801F07F010A44DCD19968EE
:107D60001A48014041F001019960D3F8B41021F0A4
:107D70007F0141EAD202C3F8B4209A68024042F07F
:107D800002029A60FDF7D0F8074623689A68D20786
:107D900008D4DA683243DA60A36D23F0030343F0BA
:107DA00001039FE7FDF7C0F8C01B0228EDD9236847
:107DB0009B68D907E9D5A36D43F01003A365E36D74
:107DC00043F00103E365BFE70225BEE7E8FFFF7F5D
:107DD0000749CA6822F4E0620302120403F4E06374
:107DE000120C134343F0BF6343F40033CB6070477E
:107DF00000ED00E0164B30B5DC68C4F30224C4F19A
:107E00000703251D042B28BF0423062D4FF0FF3543
:107E10008CBF033C002405FA03F321EA0303A540C9
:107E200022EA0502A340002843EA0203ACBF00F1A6
:107E30006040084A4FEA0313B8BF00F00F00DBB2FE
:107E4000AABF00F56140135480F8003330BD00BF75
:107E500000ED00E014ED00E0002807DB044A4109D2
:107E6000012300F01F00834042F82130704700BF1B
:107E700000E100E000280CDB4309064900F01F0088
:107E800020330122824041F82320BFF34F8FBFF3FC
:107E90006F8F704700E100E00138B0F1807F0BD2B6
:107EA0004FF0E023054A5861F02182F823100020AA
:107EB000072298611A6170470120704700ED00E0C9
:107EC00070B5D0E913456560446D14B1D0E916452D
:107ED0006560D0E9105404F01C060124B4406C60C5
:107EE000046863608368102B0BBFA260A160E1602F
:107EF000E26070BD0268416CD3B210B5083B142437
:107F0000B3FBF4F30B4CA24288BF0B4A21F00301F0
:107F100099BF01F1804202F50232521807338264A0
:107F2000064AC26403F01F03012202FA03F3036549
:107F300010BD00BF070402401C0802408008024038
:107F400038B500285CD002682E4B9A424FF01401DD
:107F50004AD82D4B1344B3FBF1F32C499B00C0E9E5
:107F60001013022380F825301368056923F4FF43BA
:107F700023F070031360D0E9024323432B43456988
:107F800011682B4385692B43C5692B43056A2B4335
:107F90000B431360FFF7AEFFB4F5804F04BF00231F
:107FA00043604368816C03F07F020A60D0E91314D8
:107FB000013B032B4C601ED8154B164981651344B9
:107FC0009B000121013A01FA02F200214365C265DA
:107FD0001960114B5A6400230122C36380F82430D6
:107FE00080F82520184638BD0C4B1344B3FBF1F341
:107FF0000B499B00B3E70023C0E91533C365EAE7EB
:108000000120F0E707040240F8FFFDBF0000024036
:108010003F8200104009024000090240F8FBFDBF0A
:108020000004024038B5002841D00268136823F0EC
:10803000010313601F4B9A424FF0140130D81E4BBE
:108040001344B3FBF1F31D499B00C0E91013012455
:1080500003F01C0304FA03F3002515604B60FFF7DF
:1080600049FF836C41681D60D0E913325A604A1E93
:10807000032A06D8124B0B449B0094401D60114B01
:108080005C640023C363C0E91533C0E90B33C0E966
:108090000D33C36580F8253080F82430184638BD8C
:1080A000094B1344B3FBF1F308499B00CDE70120D2
:1080B000F5E700BF07040240F8FFFDBF00000240E3
:1080C0003F82001000090240F8FBFDBF000402409F
:1080D00070B590F82450012D04463BD090F82560EF
:1080E0000125AE4280F824504FF000062CD1022525
:1080F00080F825500568C6632E6826F001062E60BC
:10810000FFF7DEFE036BBBB12B6843F00E032B6061
:10811000A36C1A68D20342BF1A6842F480721A60D4
:10812000636D1BB11A6842F480721A602B6843F0C9
:1081300001032B60002070BD2B6823F004032B602B
:108140002B6843F00A03E2E78023C36380F82460CE
:108150002846F0E70220EEE7034640B190F82520DC
:10816000022A06D00422C263002280F824200120C3
:1081700070470268806C116821F00E01116001687F
:1081800021F480710160116821F001011160D3E9CF
:10819000100202F01C0101228A404260D3E913213F
:1081A00051605A6D32B1116821F480711160D3E9C8
:1081B000162151600122002083F8252083F8240035
:1081C000704708B590F82530022B03D00423C36311
:1081D000012008BD03681A6822F00E021A601A68AE
:1081E00022F001021A60826C136823F4807313601A
:1081F000D0E9101303F01C02012393404B60D0E937
:1082000013325A60436D33B11A6822F480721A60D7
:10821000D0E916325A60012380F82530002380F817
:108220002430836B03B198470020D2E770B4426CCE
:10823000046C036826681D6802F01C02042191404A
:1082400031420FD015F0040F0CD01A6892065EBFB1
:108250001A6822F004021A60036B6160002B33D0AD
:1082600070BC184702219140314217D015F0020F1F
:1082700014D01A68940606D41A6822F00A021A600A
:10828000012280F82520114A93428CBF104B114BDC
:108290005960002380F82430C36ADFE70821914049
:1082A000314211D029070FD5196821F00E0119604C
:1082B000012303FA02F26260C36380F825300023D1
:1082C00080F82430436BC9E770BC704780000240DF
:1082D000000402400000024060B10268C806136852
:1082E00005D5C9024CBF43F4801323F480131360F7
:1082F0000020704701207047036803F01F01C3F39B
:1083000000435B0103F1B04301228A40D3F80C180B
:10831000114204D0C3F80C28436803B118477047D2
:108320000A4A536943F4802330B55361EFF3108454
:1083300072B60023CD58C5500433B3F5807FF9D110
:108340001369DB03FCD484F3108830BD004000586F
:10835000064B5A69002ABFBF054A9A6002F188326B
:108360009A60BABF5869C00F00207047004000589B
:1083700023016745044B5A6942F000425A6158692B
:10838000C043C00F704700BF0040005870B505469D
:10839000FCF7CAFD124E04463369D90313D433697E
:1083A000DA0744BF012232614CF2FA32134011D194
:1083B0000B4E306910F480200BD0FCF7B5FD001B8C
:1083C000A842F6D304E0FCF7AFFD001BA842E3D3BC
:1083D000032070BD024A1361024A01205360F8E78E
:1083E00000400058D0D600202DE9F041184D9846A5
:1083F0002B78012B06460C46174626D001232B70FE
:108400004FF47A7000236B60FFF7C0FFA0B9012E14
:1084100016D1104A536943F0010353612760BFF33B
:108420006F8FC4F804804FF47A70FFF7AFFF094AEA
:10843000536923EA0603536100232B70BDE8F081E2
:1084400039462046FFF76CFFEDE70220F6E700BF54
:10845000D0D6002000400058054A536923F47E73AB
:1084600043EAC00040F4803040F0020050617047A1
:10847000004000582DE9F041234F3B78012B054681
:1084800088463FD001233B704FF47A7000237B6015
:10849000FFF77CFF044688B92B68042B13D11B4AD5
:1084A000536943F4803343F0040353614FF47A700B
:1084B000FFF76CFF0446154B1A681B6800233B70DE
:1084C0002046BDE8F0814FF0FF33C8F800306E68F9
:1084D000D5E901321344B3420AD93046FFF7BCFF55
:1084E0004FF47A70FFF752FF50B1C8F800600446AD
:1084F000064A536923F47E7323F002035361DAE7DB
:108500000136E5E70224DBE7D0D600200040005822
:108510002DE9F04F524C00234FF00F090A6832FA50
:1085200003F501D1BDE8F08F012505FA03F818EA3B
:10853000020200F08E804E68032706F003054FEA22
:10854000430E07FA0EFC6F1E012F6FEA0C0C32D897
:10855000876807EA0C0ACF6807FA0EF747EA0A07A6
:108560008760476827EA0808C6F300179F4047EA74
:1085700008074760C76807EA0C088F6807FA0EF714
:1085800047EA0807022DC76017D14FEAD30800EB6E
:10859000880803F0070AD8F820704FEA8A0A09FA17
:1085A0000AFB27EA0B0B0F6907FA0AF747EA0B07E2
:1085B000C8F8207001E0032DDCD1076805FA0EF53C
:1085C00007EA0C073D4316F4403F056041D023F015
:1085D000030707F1804707F5803703F0030CBD68F8
:1085E0004FEA8C0C4FF0070E0EFA0CFEB0F1904FD4
:1085F00025EA0E0E2FD01B4DA8422ED005F5806522
:10860000A84214BF0725022505FA0CF545EA0E0518
:10861000BD602568D74316F4801F0CBF3D4015434D
:108620002560656816F4001F0CBF3D40154365606A
:10863000D4F8805016F4803F0CBF3D401543C4F879
:108640008050D4F88450B60354BF3D401543C4F85D
:108650008450013362E70025D6E70125D4E700BF47
:108660000008005800040048374A2DE9F04F002365
:108670004FF0010A4FF0070B4FF00F0931FA03F4E6
:1086800001D1BDE8F08F0AFA03FC1CEA010654D0C0
:1086900023F0030404F1804404F5803403F003075D
:1086A000A568BF000BFA07F8B0F1904F08EA050E75
:1086B00045D0264DA84244D005F58065A8420CBFA0
:1086C00002250725BD40754517D1D2F8805025EA0F
:1086D0000605C2F88050D2F8845025EA0605C2F893
:1086E0008450156825EA06051560556825EA0605D3
:1086F0005560A56825EA0805A560056803265C00A5
:1087000006FA04F423FA06F6254300EB8606056014
:1087100003F00705376AAD0009FA05F527EA0507F2
:108720003762856825EA04058560456825EA0C05F9
:108730004560C56825EA0404C46001339EE700254E
:10874000C0E70125BEE700BF00080058000400484C
:108750000AB1816170478162704742EA01428261D9
:10876000704782B04FF480330193019B0B43019318
:10877000019BC361C161019BC361C3690193C0696E
:1087800080F48030C0F3004002B07047044AD168E2
:10879000014208B502D0D060FDF7B4FA08BD00BFB1
:1087A0000008005803689A69910744BF00229A6242
:1087B0009A69D2075EBF9A6942F001029A617047D6
:1087C00030B5039D04682B4343EA0243064A6068C0
:1087D000C1F309010B4342EA555223F0004320EA5A
:1087E00002000343636030BDFF63FF0303682DE9AC
:1087F000F0419C6914F0100405460F4616466FD0F0
:1088000010220024DA61A0462B689A69900661D490
:10881000B8F1000F35D044F0040401202E68B3698C
:10882000D90541BF4FF48072F26144F00104012088
:108830005A0541BF4FF4806244F00804F261012000
:108840009B054FD54FF4007344F00204F3612846B2
:10885000FFF7A8FF736823F0FF7323F48B3323F42F
:10886000FF7323F0010373606B6C23436B6420235D
:1088700085F84130002385F8423085F840300120EA
:1088800032E07A1CC1D0FCF74FFB801BB84201D804
:10889000002FB9D12B68596895F8422098690004D7
:1088A000D2B20AD5490408D4202A06D05A6842F424
:1088B00080425A60FCF738FB06462B689B699B0692
:1088C000A2D4FCF731FB801B1928F6D920244FF0E5
:1088D000010899E7B8F1000F9DD12022DA619AE7EB
:1088E00020469BE70028B2D1BDE8F08170B5044670
:1088F0000D46164623689B699B0701D500201FE0A3
:10890000324629462046FFF771FFC0B96A1CF1D0F4
:10891000FCF70AFB801BA84201D8002DEAD123688E
:108920009B6913F00203E5D1626C84F8403042F099
:1089300020026264202284F8412084F84230012021
:1089400070BD2DE9F041DDF8188004460F4616464B
:108950001D4623689B6937EA03030CBF01230023EC
:10896000B34201D0002025E0424629462046FFF7C9
:108970003DFFF0B96B1CECD0FCF7D6FAA0EB080079
:10898000A84201D8002DE4D123689B6937EA03038C
:108990000CBF01230023B342DBD1636C43F02003FF
:1089A0006364202384F84130002384F8423084F843
:1089B00040300120BDE8F08170B504460D461646F2
:1089C00023689B699B0601D500201DE0324629469D
:1089D0002046FFF70BFFB0B9FCF7A6FA801BA842B0
:1089E00001D8002DECD123689B6913F02003E7D157
:1089F000626C84F8403042F020026264202284F8E5
:108A0000412084F84230012070BD704710B5044603
:108A100000284ED090F8413003F0FF021BB980F8D7
:108A20004020FFF7F2FF242384F8413023681A68BE
:108A300022F001021A60626822F070621A619A687C
:108A400022F400429A60D4E90221012906D142F4BD
:108A500000429A605A6822F4006207E042F404423D
:108A600002299A60F6D15A6842F400625A605A6844
:108A700042F0007242F400425A60DA6822F4004286
:108A8000DA60D4E904210A43A16942EA0122DA60EA
:108A9000D4E907210A431A601A6842F001021A60F9
:108AA00000202023606484F84130206384F8420071
:108AB00010BD0120FCE7704710B5044698B102686C
:108AC000242380F84130136823F001031360FFF77B
:108AD000F2FF0020606484F8400084F841002063C5
:108AE00084F8420010BD0120FCE700002DE9F74F9B
:108AF000994690F84130BDF834A0DDF83880202B3D
:108B000004460F46164640F0C6800C9B13B1BAF1DE
:108B1000000F06D14FF400736364012003B0BDE879
:108B2000F08F90F84030012B00F0B5804FF0010B32
:108B300080F840B0FCF7F8F91923054600905A4632
:108B40004FF400412046FFF7FCFE0028E5D1212329
:108B500084F84130402384F842300C9B63624F4BD1
:108B600060646063A4F82AA05FFA89F20093394632
:108B700020464FF08073FFF723FE2A4641462046E9
:108B8000FFF7B4FE18BBB9F1010F236815D1F6B297
:108B90009E6200220095434680212046FFF7D1FEC9
:108BA000A8B9638D9BB2FF2B15D8628D92B2228536
:108BB0004FF000730090D2B212E0320A9A6241463E
:108BC0002A462046FFF792FE08B92368DFE7002314
:108BD00084F84030A1E7FF2222854FF08073009097
:108BE00039462046FFF7ECFD2A4641462046FFF76E
:108BF0007DFE002891D1636A226813F8011B9162FF
:108C00006362638D228D013B9BB26385638D013A64
:108C100092B29BB22285B3B1AAB900954346802196
:108C20002046FFF78EFE00287FF477AF638D9BB25E
:108C3000FF2B28D9FF2222854FF080730090394600
:108C40002046FFF7BDFD638D9BB2002BCCD12A4699
:108C500041462046FFF7B0FE00287FF45EAF236850
:108C60002021D9615A6822F0FF7222F48B3222F45B
:108C7000FF7222F001025A6084F8411084F840002B
:108C800084F842004AE7628D92B222854FF0007369
:108C90000090D2B2D3E7022040E700BF002000805E
:108CA0002DE9F74F994690F84130BDF834A0DDF832
:108CB0003880202B04460F46164640F0C9800C9B96
:108CC00013B1BAF1000F06D14FF4007363640120B1
:108CD00003B0BDE8F08F90F84030012B00F0B88071
:108CE0004FF0010B80F840B0FCF71EF919230090FB
:108CF00005465A464FF400412046FFF722FE034640
:108D00000028E4D1222284F84120402284F8422025
:108D10000C9A62624F4A60646063A4F82AA03946E4
:108D2000009220465FFA89F2FFF74AFD2A46414643
:108D30002046FFF7DBFD20BBB9F1010F236816D1F8
:108D4000F6B29E6200220095434640212046FFF77E
:108D5000F8FDB0B9638D9BB2FF2B3F4B15D8628DE8
:108D600092B222850093D2B24FF0007312E0320A21
:108D70009A6241462A462046FFF7B8FD08B92368A3
:108D8000DEE7002384F84030A1E7FF22228500932C
:108D90004FF0807339462046FFF712FD0095434699
:108DA000002204212046FFF7CCFD00288FD1236844
:108DB0005A6A636A1A70636A228D01336362638D33
:108DC000013B9BB26385638D013A92B29BB22285CF
:108DD000B3B1AAB90095434680212046FFF7B1FD03
:108DE00000287FF474AF638D9BB2FF2B28D9FF223C
:108DF00022854FF08073009039462046FFF7E0FC53
:108E0000638D9BB2002BC9D12A4641462046FFF70D
:108E1000D3FD00287FF45BAF23682021D9615A6815
:108E200022F0FF7222F48B3222F4FF7222F0010250
:108E30005A6084F8411084F8400084F8420047E703
:108E4000628D92B222854FF000730090D2B2D3E7C8
:108E500002203DE7002000800024008090F84100BF
:108E60007047406C704710B590F84120202A0346A7
:108E7000D4B21CD190F84020012A18D0242280F8C6
:108E800041200268106820F001001060106820F492
:108E9000805010601068014311601168002041F09B
:108EA0000101116083F8414083F8400010BD0220A9
:108EB000FCE710B590F84120202A0346D4B21BD11C
:108EC00090F84020012A17D0242280F8412002681F
:108ED000106820F001001060106820F4706040EA13
:108EE000012111601168002041F00101116083F837
:108EF000414083F8400010BD0220FCE7024A53685D
:108F000003435360704700BF00000140024A1368EA
:108F100043F4807313607047000400580D4B10B584
:108F20005B690C4628B99A0507D500F027F820B1EF
:108F300010BD9B0501D400F019F8074A1369012CF4
:108F400023F00403136101D130BFF1E740BF20BF1C
:108F500020BFEDE70004005800ED00E0024B186868
:108F600000F4C060704700BF00040058024A136854
:108F700043F4804313607047000400580C4A1368A0
:108F800023F4804313600B4B1B6832214B430A4987
:108F9000B3FBF1F35169890500D533B9536913F473
:108FA000007F14BF032000207047013BF2E700BFA1
:108FB00000040058A0B1002040420F000B4A136883
:108FC00023F0070343F002031360094B1A690128D9
:108FD00042F004021A6105D130BF1A6922F004027E
:108FE0001A61704740BF20BF20BFF6E70004005859
:108FF00000ED00E04FF0B0431868C0F34040704708
:109000004FF0B0431868C0F3400070474FF0B042D3
:10901000536823F47F4343EA0023536070474FF0C3
:10902000B0431868C0F34060704700007FB54FF050
:10903000B0432C4AD3F80831C0F3031003F00F03F8
:1090400052F82040284A52F82330B4FBF3F4FFF7DB
:1090500085FF264B054693E80700B5F5007F04AB76
:1090600003E9070010D0224B9C4218D303F5B70345
:1090700003F67F539C4229D903F5741303F510635B
:109080009C4225D802230BE01A4B9C4207D91A4B6D
:109090009C421BD903F5370303F5D853F0E70023AF
:1090A00004AA02EB830353F80C4C144D2B6823F0F5
:1090B000070323432B60FBF737FF06462B6803F0BB
:1090C00007039C4206D1002004B070BD0123E7E7EE
:1090D0000024EAE7FBF728FF801B0228EED90320D3
:1090E000F2E700BFC88D0108288E0108E884010856
:1090F000C0CF6A00BFEA21013F933402004000580C
:109100004FF0B04310B59A68D96812F00C0205D040
:109110000C2A4AD101F00303012B51D14FF0B04189
:109120002B480B6813F0080306D00B6813F00803F4
:1091300037D1D1F8941007E00C68240756BFD1F856
:1091400094300968C3F3032350F82330002A0CBF7E
:10915000184600204FF0B0418A6802F00C020C2A39
:109160001ED1CA6802F00302022A2ED0032A06D1B9
:109170000B68184A13F4801F174B18BF13464FF0A3
:10918000B042D068D168D268C0F306205843C1F31A
:1091900002130133B0FBF3F0530F0133B0FBF3F0D4
:1091A00010BD0B68C3F30313CEE7042A05D0082AC9
:1091B00006D11B6813F4801305D006480023C9E7C5
:1091C00000231846C6E70448C4E7024BD7E700BFB0
:1091D000C88D01080024F4000048E80108B5FFF735
:1091E0008FFF4FF0B043044A9B68C3F3031352F858
:1091F0002330B0FBF3F008BD288E01082DE9F041C3
:109200000446002853D04FF0B0439D68DE680368E1
:109210009B0605F00C0506F0030668D5026A1DB131
:109220000C2D46D1012E44D1002A40D04FF0B0433E
:10923000A16A1A68170756BFD3F894301B681B0938
:1092400003F0F00399421FD90846FFF7EFFE00280C
:109250002DD14FF0B042136843F008031360136838
:10926000A16A23F0F0030B431360606AFFF7CEFEA0
:10927000FFF7B4FFAB4B1860AB4B1868FEF7BEF8B6
:10928000002834D0BDE8F0814FF0B042136843F0BD
:1092900008031360136823F0F0030B431360606A44
:1092A000FFF7B4FE0846FFF7C1FE0028E0D001201A
:1092B000E8E74FF0B043002A54D01A6842F00102A8
:1092C0001A60FBF731FE0746FFF79AFE002842D0EE
:1092D0004FF0B042136843F0080313601368A16AAB
:1092E00023F0F0030B431360606AFFF78FFE2368DF
:1092F000D80748D42368990700F18C8023681E079B
:1093000040F1FA80A3694FF0B046002B00F0E180F5
:10931000D6F89430E16903F01002914200F0C48065
:1093200003F00302022AC2D0D80740F1B380D6F876
:10933000943023F00103C6F89430FBF7F5FD07469F
:10934000D6F89430990740F1A580FBF7EDFDC31BDB
:10935000112BF5D904E0FBF7E7FDC01B0228B3D9B8
:1093600003208FE71A6822F001021A60FBF7DCFD88
:109370000746FFF745FE0028B9D0FBF7D5FDC01B17
:109380000228F6D9ECE7082D03D00C2D05D1032EC9
:1093900003D16368002BADD189E74FF0B043A168DA
:1093A0001A6822F480120A431A606268B2F5803F9C
:1093B00010D11A6842F480321A60FBF7B5FD0746F7
:1093C000FFF718FE002895D1FBF7AEFDC01B6428FF
:1093D000F6D9C5E7B2F5041F04D11A6842F40012A9
:1093E0001A60E6E7196821F480311960196821F4E0
:1093F00000111960002AE0D1FBF796FD0746FFF740
:10940000F9FD00283FF476AFFBF78EFDC01B642802
:10941000F5D9A5E7042D236903D00C2D0ED1022E1A
:109420000CD1002B3FF443AF4FF0B0426169536859
:1094300023F0FE4343EA016353605FE74FF0B04619
:10944000BBB1336843F480733360FBF76DFD0746AF
:1094500033685A0505D4FBF767FDC31B022BF7D908
:109460007EE77368626923F0FE4343EA0263736038
:1094700044E7336823F480733360FBF755FD0746F8
:1094800033685B057FF53AAFFBF74EFDC31B022B3C
:10949000F6D965E74FF0B042E169D2F8943023F095
:1094A00010030B43C2F894304FF0B047D7F8943014
:1094B00043F00103C7F89430FBF736FD0646D7F8B2
:1094C00094309A0718D4FBF72FFD831B112BF6D984
:1094D00046E7D6F8943023F00103C6F89430FBF742
:1094E00023FD0746D6F894309B0705D5FBF71CFDF6
:1094F000C31B112BF6D933E72368580754D50B4FFC
:109500003B68D90514D4FFF701FDFBF70DFD0646B6
:109510003B68DA050CD4FBF707FD831B022BF7D958
:109520001EE700BFA0B10020A8B100200004005831
:10953000E3684FF0B046002B58D023F08003052B92
:1095400002BFD6F8903043F00403C6F890304FF0D5
:10955000B046FBF7E9FCD6F8903043F0010307462C
:10956000C6F8903041F28838D6F890309B0705D481
:10957000FBF7DAFCC31B4345F6D9F1E6E36823F0B9
:109580000403812B1BD1FBF7CFFCD6F8903043F0BE
:109590008003C6F8903007464FF0B04641F2883855
:1095A000D6F89030180504D5E36A002B4AD1002084
:1095B00068E6FBF7B9FCC01B4045F1D9D0E6FBF7E4
:1095C000B3FCD6F8903023F08003C6F890300746FD
:1095D0004FF0B04641F28838D6F890301905E3D5FF
:1095E000FBF7A2FCC01B4045F6D9B9E6FBF79CFC93
:1095F000D6F8903023F080030746C6F8903041F249
:109600008838D6F890301A0516D4FBF78DFCD6F8BA
:10961000903023F00103C6F8903007464FF0B04871
:1096200041F28836D8F890309B07BDD5FBF77CFC1B
:10963000C31BB342F6D993E6FBF776FCC01B40454B
:10964000DFD98DE60C2D4ED0022B4FF0B0431A68B7
:1096500022F080721A6033D1FBF766FC0546FFF7F3
:10966000DEFC38BBD4E90C314FF0B0420B43D0687C
:109670002D4901400B43E16B0B43216C0B43616CA3
:109680000B43A16B43EA0123D360136843F080735B
:109690001360D36843F08053D360FBF745FC044666
:1096A000FFF7BDFC002882D1FBF73EFC001B0A2817
:1096B000F6D955E6FBF738FC401B0A28CFD94FE610
:1096C000FBF732FC0446FFF7AAFC30B94FF0B0427A
:1096D000164BD1680B40D36069E7FBF725FC001BF4
:1096E0000A28F0D93CE6012B3FF4E1AD4FF0B0433E
:1096F000D868236B00F003029A427FF4D8AD626B06
:1097000000F0700393427FF4D2ADA26B00F4FE43ED
:10971000B3EB022F7FF4CBAD636C00F06040C01A56
:1097200018BF0120AEE500BF8C80C111FCFFFEEE2A
:109730002DE9F0410D46044610B90120BDE8F08145
:10974000754E336803F007038B4216D323689807DE
:1097500027D54FF0B047A268BB6823F0F00313434E
:10976000BB60FBF7E1FB0646BB68D90319D4FBF7E6
:10977000DBFB831B022BF7D911E0336823F00703CF
:109780000B433360FBF7D0FB0746336803F0070356
:10979000AB42DBD0FBF7C8FBC01B0228F5D9032086
:1097A000CCE723689A0616D54FF0B0476269D7F820
:1097B000083123F0F0031343C7F80831FBF7B4FB7B
:1097C0000646D7F808319B0305D4FBF7ADFB831B96
:1097D000022BF6D9E3E72368580617D54FF0B047B8
:1097E000A269D7F8083123F00F0343EA1213C7F830
:1097F0000831FBF799FB0646D7F80831D90305D4A1
:10980000FBF792FB831B022BF6D9C8E723685A07A4
:1098100013D54FF0B047E268BB6823F4E06313430D
:10982000BB60FBF781FB0646BB689B0305D4FBF7D7
:109830007BFB831B022BF7D9B1E72368180714D5EC
:109840004FF0B0472269BB6823F4605343EAC20378
:10985000BB60FBF769FB0646BB68590305D4FBF701
:1098600063FB831B022BF7D999E72368DA070FD430
:10987000294C236803F00703AB4239D8FFF7AEFC4D
:10988000264B1860264BBDE8F0411868FDF7B6BDC1
:109890006268022A1DD1FFF7ADFB00283FF44DAFEF
:1098A0004FF0B04641F28838B36823F00303134306
:1098B000B360FBF739FB0746B368626803F00C033B
:1098C000B3EB820FD4D0FBF72FFBC01B4045F3D97D
:1098D00065E7032A02D1FFF7A2FBDEE712B9FFF723
:1098E0008FFBDAE74FF0B0431B685B05D8D424E761
:1098F000236823F007032B432360FBF715FB064681
:10990000236803F00703AB42B8D0FBF70DFB801BC5
:109910000228F5D943E700BF00400058A0B100205D
:10992000A8B1002008B5FFF759FC4FF0B043044A36
:109930009B68C3F3022352F82330D84008BD00BF10
:10994000088E010808B5FFF749FC4FF0B043044A00
:109950009B68C3F3C22352F82330D84008BD00BF30
:10996000088E01084FF0B043D3F89000C0F34000D8
:1099700070474FF0B0410209D1F8883002F47F22DD
:10998000000123EA020300F47F200343C1F888307A
:1099900070474FF0B041020CD1F88830120423EA2E
:1099A000020343EA0040C1F8880070470368DA0305
:1099B00070B5044639D5FFF7A9FAFBF7B5FA614E41
:1099C00005463368DB0532D54FF0B043616BD3F801
:1099D000902002F4407291421DD0D3F89010D3F839
:1099E000902042F48032C3F89020D3F8902021F4E4
:1099F000407022F480328D07C3F89020C3F89000A5
:109A000009D5FBF791FA41F288360546FFF7AAFF20
:109A1000012840F090804FF0B042616BD2F8903056
:109A200023F440730B43C2F89030002605E0FBF7A7
:109A30007BFA401B0228C4D903262568E8070AD50B
:109A40004FF0B0416268D1F8883023EA124392B2F5
:109A50001343C1F88830A9070AD54FF0B041A26876
:109A6000D1F8883023EA124392B21343C1F8883008
:109A7000AA0609D54FF0B0422169D2F8883023F404
:109A800040630B43C2F88830AB0502D5206AFFF76C
:109A900080FF680502D5606AFFF77BFF290502D5C4
:109AA000A06AFFF776FF6A0602D56069FFF761FFDB
:109AB0002B0602D5A069FFF75CFFE80502D5E06937
:109AC000FFF757FFE90610D54FF0B042E168D2F832
:109AD000883023F440730B43C2F88830B1F5807F9F
:109AE00002BFD36843F08073D3602A040ED54FF0D1
:109AF000B042216BD2F8883023F040430B43C2F8C8
:109B0000883019B9D36843F08073D3606B0410D5E3
:109B10004FF0B042E16AD2F8883023F040530B4353
:109B2000B1F1005FC2F8883003D1D36843F48033C9
:109B3000D360304670BDFBF7F7F9401BB0427FF6AB
:109B400065AF79E70004005830B590F82C30012B50
:109B500002464FF0020022D0174B82F82D00CA2493
:109B6000012582F82C505C6253245C62B1F5807F41
:109B7000146B996914D121F488519961596C24F0BE
:109B8000010421F0004159641463DD650A4BFF2193
:109B900059620020012382F82D3082F82C0030BD5C
:109BA00021F408519961D96C24F0020421F000419C
:109BB000D9641463D865E9E70028004070B50B4EFE
:109BC000036B756D1D40EA07044603D50123F36559
:109BD000FBF79FFBAB0704D50223F365204600F09B
:109BE000C9F9012384F82D3070BD00BF0028004062
:109BF00038B50A4CE36823F02003E360FBF794F9DF
:109C00000546E3689B0601D5002038BDFBF78CF9BB
:109C1000401BB0F57A7FF4D90320F6E70028004016
:109C2000F8B5114DEC6814F0400406461AD1EB6803
:109C300043F08003EB60FBF777F923460746EC68B7
:109C400014F0400401D1032B01D11846F8BDFBF7F5
:109C50006BF9C01BB0F57A7F234684BF032386F8D7
:109C60002D30ECE70023F0E70028004038B50F4C1A
:109C7000E36823F08003E360A3699B06054606D4EE
:109C8000FFF7B6FF10B1032085F82D0038BDA3699A
:109C900023F02003A361FFF7ABFF10B1032085F889
:109CA0002D00A36943F02003A361EFE700280040E3
:109CB00038B5044600284BD090F82D3003F0FF0251
:109CC0001BB980F82C20FAF793FF0223214D84F86A
:109CD0002D30EB68DB0636D4CA236B6253236B62EC
:109CE0002046FFF79DFF10B1FF236B6238BDAB69C3
:109CF00023F08E6323F04003AB6121696368AA6996
:109D00000B431343A2691343AB61D4E9022343EA33
:109D100002432B61D4E90931EA680B4322F4F8527B
:109D20001343EB602046FFF7A1FF0028DCD1D4E904
:109D30000713AA690B4322F060421343626913437D
:109D4000AB61FF236B62012384F82D300020CDE747
:109D50000120CBE7002800400023092803D840EA6F
:109D60000310C0B270470A380133C0B2F5E70000F3
:109D70002DE9F04790F82C30012B05464FF00200FA
:109D800069D0012385F82C304E4B85F82D00DE6814
:109D900006F44076B6F5807F78D04C69087891F863
:109DA000019091F802A091F82470002A55D19B6986
:109DB00013F0400308BFCB70FFF7CEFF8046484644
:109DC000FFF7CAFF02465046FFF7C6FF81463846F6
:109DD000FFF7C2FF0B6ACF78234343EA875343EA76
:109DE000090343EA084343EA022343EA0063354A8E
:109DF000CA205062532050628C6A8869B4F5807F13
:109E0000946945D124F4885494610124D465B6F54D
:109E1000807F09BFCB6913640343536418BF506448
:109E2000284B4A681A672A6B42F001022A639A6932
:109E300042F488529A61244AD2F8803043F40033C5
:109E4000C2F880301F4BFF225A620020012385F8A0
:109E50002D3085F82C00BDE8F087B4F1803F07D0A5
:109E6000B4F5000F04D09B6913F0400308BFCB701A
:109E70000B6ACA781C4344EA0A0444EA004343EAF2
:109E8000092343EA825343EA0763B0E70023AEE7BE
:109E900024F4085494610224D465B6F5807F09BF88
:109EA000CB6993640343D36418BFD064054B4A68FD
:109EB0005A672A6B42F002022A639A6942F40852F6
:109EC000B8E700BF002800400008005890F82C2098
:109ED000012A03464FF0020012D00A4A83F82D00EF
:109EE000CA21516253215162916941F0200191616F
:109EF000FF2151620020012283F82D2083F82C00DD
:109F0000704700BF0028004090F82C20012A03462B
:109F10004FF0020019D00D4A83F82D00CA2151627A
:109F20005321516291690A4841F080019161D0F852
:109F3000801041F48021C0F88010FF215162002080
:109F4000012283F82D2083F82C0070470028004060
:109F500000080058064B5A6D520610B5044603D54A
:109F60004022DA65FBF7D8F9012384F82D3010BDC3
:109F7000002800407047890001F1804101F531411E
:109F80000A607047890001F1804101F5314108689C
:109F900070470000034AD2F8903043F40043C2F8FF
:109FA0009030704700040058034AD2F8903023F4F0
:109FB0000043C2F89030704700040058074B1A68FD
:109FC00022F040021A6040F441704FF4B852186019
:109FD0005A601A6842F040021A6070470000015847
:109FE00037B5054600284ED0837903F0FF046BB1E6
:109FF000032C0BD0254B4FF400629A612868FFF7C1
:10A00000DDFF002401232B71AC602FE000236B7176
:10A010002846FAF7A3FE1E4AD2F8903043F4805344
:10A02000C2F89030002CE5D102234FF0B042AB7162
:10A03000D2F8943023F40043C2F89430154B1B68D7
:10A040001C214B43DB0C64214B430193019B93B9CF
:10A050000124AC60FFF79EFF0C4B9A6842F400624B
:10A060009A604FF400629A61002CC7D00123AB7153
:10A07000204603B030BD019B013B0193D2F89430E0
:10A080005B04E3D4E6E70124F2E700BF00040058D4
:10A0900000080058A0B1002037B5174D2B680246C4
:10A0A0001C204343DB0C6420434314480193019B71
:10A0B00093B901209060114C21732B681C214B43F4
:10A0C000DB0C64214B430193019B6BB90120906031
:10A0D0000A4BDB6803B030BD019B013B01938368F1
:10A0E0009C07E4D50020E6E7019B013B0193A368B0
:10A0F000DB07E9D5ECE700BFA0B100200000015864
:10A1000037B5184D2B6802461C204343DB0C6420F6
:10A11000434315480193019BA3B901209060124C61
:10A12000FF2323732B681C256B43DB0C64256B43D7
:10A130000193019B73B9012090600B4BDB680B709E
:10A1400003B030BD019B013B019383689C07E2D5BE
:10A150000020E4E7019B013B0193A368DB07E8D5FE
:10A16000EBE700BFA0B10020000001580E4B0F49E3
:10A170001B681822534382B01B0D64225343019382
:10A180004B69019AC3F3800322B902238360012043
:10A1900002B07047019A013A01924A69920701D5CB
:10A1A000002BEDD10020F3E7A0B1002000040058FF
:10A1B00007B50379012B0FD10A4B1B6818225343B3
:10A1C0001B0C0193FFF7F0FE019B013B0193019BE8
:10A1D000002BF9D1FFF7DEFE03B05DF804EBFFF7CB
:10A1E000C5BF00BFA0B10020F8B51E468379012B82
:10A1F000154604460F46DAB22DD14379012B2AD0F9
:10A20000022342718371FFF7D3FF0D212046FFF730
:10A21000CBFEFFF741FF390A2046FFF73DFFF9B2B9
:10A220002046FFF739FF2E44B5420ED12046FFF7F6
:10A23000B1FEFFF79BFFA06801230038A3714FF028
:10A24000000318BF01206371F8BD15F8011B2046FB
:10A25000FFF722FFE8E70220F6E7F8B51E4683790C
:10A26000012B154604460F46DAB22FD14379012B54
:10A270002CD04271FFF79CFF1D212046FFF794FE72
:10A28000FFF70AFF390A2046FFF706FFF9B220461A
:10A29000FFF702FF00212046FFF7FEFE2E44B542E5
:10A2A0000ED12046FFF776FEFFF760FFA06801237E
:10A2B0000038A3714FF0000318BF01206371F8BD8F
:10A2C00029462046FFF71CFF0135E8E70220F6E7A4
:10A2D000F8B51F468379012B154604460E46DAB2BF
:10A2E0002CD14379012B29D04271FFF761FF06F091
:10A2F000EF03A3F1840253425341237131462046B8
:10A30000FFF752FEFFF7C8FE2F44AF4210D1FFF710
:10A3100041FE842E02D02046FFF728FFA0680123CB
:10A320000038A3714FF0000318BF01206371F8BD1E
:10A3300015F8011B2046FFF7AFFEE6E70220F6E71F
:10A34000F8B51E468379012B154604460F46DAB24E
:10A3500027D14379012B24D04271FFF729FF3946D9
:10A360002046FFF721FEFFF797FE00212046FFF76A
:10A3700093FE2E44B5420ED12046FFF70BFEFFF7A9
:10A38000F5FEA06801230038A3714FF0000318BF49
:10A3900001206371F8BD29462046FFF7B1FE013563
:10A3A000E8E70220F6E737B50023ADF8043001AA4C
:10A3B000022312210546FFF7C3FFBDF80440022324
:10A3C00064BA1946A4B201AA2846FFF781FFE30741
:10A3D00002D5284609F0FAFB04F04203022B02D111
:10A3E000284609F0F9FB600702D5284609F01EFC53
:10A3F000210702D5284609F01FFCE20602D52846AF
:10A4000009F020FCA30602D5284609F009FC6006E5
:10A4100002D5284609F0E6FB210606D514F4807122
:10A4200018BF0121284609F0E3FBA20502D5284602
:10A4300009F0EEFB630402D5284609F009FC03B0DD
:10A4400030BDF8B51E468379012B154604460F46EC
:10A45000DAB227D14379012B24D04271FFF7A8FE4D
:10A460000E212046FFF7A0FDFFF716FE39462046D5
:10A47000FFF712FE2E44B5420ED12046FFF78AFDAB
:10A48000FFF774FEA06801230038A3714FF00003AA
:10A4900018BF01206371F8BD15F8011B2046FFF7B6
:10A4A000FBFDE8E70220F6E7F8B51E468379012BAD
:10A4B000154604460F46DAB22BD14379012B28D03A
:10A4C0004271FFF775FE1E212046FFF76DFDFFF775
:10A4D000E3FD39462046FFF7DFFD00212046FFF768
:10A4E000DBFD2E44B5420ED12046FFF753FDFFF7AA
:10A4F0003DFEA06801230038A3714FF0000318BF90
:10A5000001206371F8BD29462046FFF7F9FD0135AA
:10A51000E8E70220F6E7000090F83D30012B1BD160
:10A52000022380F83D300368DA6842F00102DA6005
:10A530000A4A934202D0B3F1804F07D19968084A82
:10A540000A40062A06D0B2F5803F03D01A6842F0CE
:10A5500001021A600020704701207047002C014062
:10A56000070001000368DA6822F00102DA60196A64
:10A5700041F21112114208D1196A40F244421142CB
:10A5800002BF1A6822F001021A60012380F83D30F0
:10A59000002070477047704770477047036870B578
:10A5A000DD681E69B20704460DD5A9070BD56FF00B
:10A5B00002021A61012202779B699A0774D0FFF7A1
:10A5C000EAFF00232377730710D568070ED52368A9
:10A5D0006FF004021A61022222779B6913F4407F14
:10A5E000204667D0FFF7D7FF0023237731070FD529
:10A5F0002A070DD523686FF008021A61042222771A
:10A60000DB699B0720465BD0FFF7C5FF002323775C
:10A61000F00610D5E9060ED523686FF010021A6116
:10A6200008222277DB6913F4407F20464ED0FFF7E3
:10A63000B2FF00232377F20708D5EB0706D523687E
:10A640006FF001021A612046F7F732F8300608D59C
:10A65000290606D523686FF080021A61204600F0B3
:10A66000B0F8F20508D52B0606D523686FF4807282
:10A670001A61204600F0A6F8700608D5690606D5CE
:10A6800023686FF040021A612046FFF786FFB2068A
:10A6900022D5AB0620D523686FF0200220461A6130
:10A6A000BDE8704000F08CB8FFF774FF2046FFF75C
:10A6B00073FF86E7FFF76EFF2046FFF76DFF93E716
:10A6C000FFF768FF2046FFF767FF9FE7FFF762FF8E
:10A6D0002046FFF761FFACE770BD00001E4A03682B
:10A6E000904210B502D0B0F1804F09D14C6823F0F0
:10A6F0007003904243EA040309D0B0F1804F06D0C2
:10A70000164A904203D002F58062904203D1CA6893
:10A7100023F4407313434A6923F080031343036017
:10A720008B68C3620B6883620B4B984207D003F5BA
:10A73000C053984203D003F58063984201D10B695E
:10A740000363012343610369DB0742BF036923F00D
:10A750000103036110BD00BF002C01400044014013
:10A7600010B5044650B390F83D3003F0FF021BB91A
:10A7700080F83C20FAF7AEFC0223206884F83D30D4
:10A78000211DFFF7ABFF012384F84830002084F837
:10A790003E3084F83F3084F8403084F8413084F80B
:10A7A000423084F8433084F8443084F8453084F8EB
:10A7B000463084F8473084F83D3010BD0120FCE776
:10A7C000704770477047026852E8003F23F0C003AB
:10A7D00042E8003102680029F5D102F1080353E88C
:10A7E000003F23F4000302F1080C4CE8003100297B
:10A7F000F3D12023C0F888307047000010B50268FC
:10A8000052E8003F23F4907342E8003102680029C7
:10A81000F5D10F4C02F1080353E8003F234002F149
:10A82000080C4CE800310029F4D1C36E012B07D18C
:10A8300052E8003F23F0100342E800310029F7D12D
:10A840002023C0F88C300023C366436710BD00BFCF
:10A85000FEFFFFEFF8B504461346D4F88850202DCC
:10A8600032D1F1B1EAB1E06FA4F85620A4F8542037
:10A8700000262122C4F890602165C4F8882022684F
:10A8800088B1124FC762124F0763124F2832C0E9D6
:10A890000D76FDF71DFC30B11023C4F89030C4F8DC
:10A8A00088500120F8BD236840221A62226802F114
:10A8B000080353E8003F43F0800302F1080141E838
:10A8C00000300028F3D1EDE70220EBE7D9A800081B
:10A8D00021A900082DA9000808B50346806A1B6855
:10A8E0001B6813F0200317D1A0F85630026802F15C
:10A8F000080353E8003F23F08003083242E80031A8
:10A9000002680029F2D152E8003F43F0400342E8D8
:10A9100000310029F7D108BDFAF73EFEFBE770478A
:10A9200008B5806AFFF7FBFF08BD7047806A38B53D
:10A930000468D0F88830D0F88C50A268120606D58A
:10A94000212B04D10023A0F85630FFF73CFFA36869
:10A950005B0606D5222D04D10023A0F85E30FFF758
:10A960004DFFD0F8903043F01003C0F89030FFF75F
:10A97000DCFF38BD08B5806A0023A0F85E30A0F87F
:10A980005630FFF7D2FF08BD704700000368D96951
:10A990001A682DE9F04140F60F0631429D680446E1
:10A9A00010D18E0640F1978002F0200605F0805706
:10A9B0003E4300F09080436F002B00F08580BDE89F
:10A9C000F0411847AB4EAC482E401040304300F0E9
:10A9D0008280CF0709D5D00507D501201862D4F8A9
:10A9E000900040F00100C4F890008F0709D5E807F7
:10A9F00007D502201862D4F8900040F00400C4F893
:10AA000090004F0709D5E80707D504201862D4F84D
:10AA1000900040F00200C4F890000F070BD502F040
:10AA20002000304307D008201862D4F8900040F08E
:10AA30000800C4F890000E050AD5500108D54FF45F
:10AA400000601862D4F8903043F02003C4F89030CE
:10AA5000D4F89030002B37D08B0609D502F02002B5
:10AA600005F080552A4303D0636F0BB12046984709
:10AA70002668D4F89020B36802F0280203F040035F
:10AA800053EA0205204621D0FFF7B8FEB3685F06FF
:10AA900017D5226802F1080353E8003F23F0400372
:10AAA000083242E800310029F3D1D4F8800040B1E7
:10AAB000724B8363FDF785FB30B1D4F88000836B64
:10AAC0007DE72046FFF731FFBDE8F081FFF72DFF5E
:10AAD000C4F89050F8E7E06E012840F08980CE0677
:10AAE00040F18680D00640F1838010221A629A6875
:10AAF00051064BD5D4F8802011684A6892B2002ADA
:10AB0000E2D0B4F85C009042DED9A4F85E200A6876
:10AB100092062FD453E8002F22F4807243E80021DC
:10AB20000029F7D103F1080252E8002F22F00102B8
:10AB300003F1080040E800210029F3D103F10802E5
:10AB400052E8002F22F0400203F1080040E8002103
:10AB50000029F3D12022C4F88C20E16653E8002FAD
:10AB600022F0100243E800210029F7D1D4F8800038
:10AB7000FDF7F2FA02232367B4F85E30B4F85C10F4
:10AB8000C91A89B22046FFF7FFFE9DE7B4F85E20A0
:10AB9000B4F85E00B4F85C1080B292B2002893D092
:10ABA000891A89B200298FD053E8002F22F49072BD
:10ABB00043E800200028F7D1314D03F1080252E8A4
:10ABC000002F2A4003F1080646E800200028F4D1AF
:10ABD0002022C4F88C206067E06653E8002F22F042
:10ABE000100243E800200028F7D102232367C9E7B9
:10ABF000CF0209D56E0207D54FF4801220461A62A3
:10AC0000BDE8F04100F0A4BD08060BD502F08000BD
:10AC100005F40005284305D0A36F002B3FF454AF83
:10AC20002046CCE64F0611D556060FD553E8002F27
:10AC300022F0400243E800210029F7D12023C4F884
:10AC40008830A1672046FAF7A7FC3DE70D0206D53C
:10AC5000500004D52046BDE8F04100F07BBDCB019B
:10AC60007FF532AF002ABFF62FAF2046BDE8F04196
:10AC700000F06FBD010000102001000475A900085C
:10AC8000FEFFFFEFD0F88C20B0F86010222A08B544
:10AC9000036855D15B6A826D0B401370836D01337D
:10ACA0008365B0F85E30013B9BB2A0F85E30B0F82F
:10ACB0005E309BB2002B42D1026852E8003F23F481
:10ACC000907342E8003103680029F5D103F10802CE
:10ACD00052E8002F22F0010203F1080C4CE8002199
:10ACE0000029F3D12022C0F88C20184A41679342F2
:10ACF000016705D1C26E012A0ED0FAF75BFC1EE097
:10AD00005A681102F6D553E8002F22F0806243E81A
:10AD100000210029F7D1EDE70022C26653E8002F99
:10AD200022F0100243E800210029F7D1DA69B0F8D7
:10AD30005C10D20644BF10221A62FFF725FE08BD40
:10AD40009A6942F008029A61F9E700BF008000406A
:10AD5000D0F88C20B0F86010222A08B5036852D1D0
:10AD60005A6A1140826D22F8021B8265B0F85E209B
:10AD7000013A92B2A0F85E20B0F85E2092B2002AAA
:10AD800040D153E8002F22F4907243E800210029BB
:10AD9000F7D103F1080252E8002F22F0010203F17B
:10ADA000080C4CE800210029F3D12022C0F88C20A7
:10ADB000174A41679342016705D1C26E012A0ED03E
:10ADC000FAF7F8FB1EE05A681102F6D553E8002F97
:10ADD00022F0806243E800210029F7D1EDE700224C
:10ADE000C26653E8002F22F0100243E80021002938
:10ADF000F7D1DA69B0F85C10D20644BF10221A62AB
:10AE0000FFF7C2FD08BD9A6942F008029A61F9E7AE
:10AE1000008000402DE9F84F0368B0F86060D3F877
:10AE20001CB01F689D68D0F88C20222A044640F090
:10AE3000B980B0F8683043B1DFF87491DFF874A1DD
:10AE40004FF000081BF0200F20D1B4F85E309BB209
:10AE5000D3B1B4F868209A4216D9226802F10803E7
:10AE600053E8003F23F08053083242E80031226863
:10AE70000029F2D1504B636752E8003F43F02003B2
:10AE800042E800310029F7D1BDE8F88F2368A26DB0
:10AE90005B6A33401370A36D0133A365B4F85E3071
:10AEA000013B9BB2A4F85E302368D3F81CB01BF0C2
:10AEB000070F2ED01BF0010F09D0F90507D501228D
:10AEC0001A62D4F8902042F00102C4F890201BF0DE
:10AED000020F09D0EA0707D502221A62D4F890209F
:10AEE00042F00402C4F890201BF0040F09D0E807D8
:10AEF00007D504221A62D4F8903043F00203C4F854
:10AF00009030D4F8903023B12046FFF70EFDC4F8FE
:10AF10009080B4F85E309BB2002B93D1226852E847
:10AF2000003F23F4807342E8003123680029F5D103
:10AF300003F1080252E8002F02EA090203F10800B7
:10AF400040E800210029F3D120225345C4F88C2089
:10AF5000616721670AD05A68110207D553E8002FAC
:10AF600022F0806243E800210029F7D1E26E012A35
:10AF700014D10022E26653E8002F22F0100243E8C9
:10AF800000210029F7D1DA69B4F85C10D20644BF79
:10AF900010221A622046FFF7F7FC53E72046FAF723
:10AFA00009FB4FE79A6942F008029A616CE700BF1B
:10AFB000FEFFFFEF0080004085AC00082DE9F84F50
:10AFC0000368B0F86060D3F81CB01F689D68D0F8C3
:10AFD0008C20222A044640F0B780B0F8683043B194
:10AFE000DFF87091DFF870A14FF000081BF0200F20
:10AFF00020D1B4F85E309BB2D3B1B4F868209A4245
:10B0000016D9226802F1080353E8003F23F0805369
:10B01000083242E8003122680029F2D14F4B6367C1
:10B0200052E8003F43F0200342E800310029F7D105
:10B03000BDE8F88F2368A26D596A314022F8021BDF
:10B04000A265B4F85E20013A92B2A4F85E20D3F86B
:10B050001CB01BF0070F2ED01BF0010F09D0F90513
:10B0600007D501221A62D4F8902042F00102C4F8F8
:10B0700090201BF0020F09D0EA0707D502221A62BE
:10B08000D4F8902042F00402C4F890201BF0040F82
:10B0900009D0E80707D504221A62D4F8903043F0AB
:10B0A0000203C4F89030D4F8903023B12046FFF763
:10B0B0003CFCC4F89080B4F85E309BB2002B95D174
:10B0C000226852E8003F23F4807342E8003123688D
:10B0D0000029F5D103F1080252E8002F02EA090223
:10B0E00003F1080040E800210029F3D12022534554
:10B0F000C4F88C20616721670AD05A68110207D50D
:10B1000053E8002F22F0806243E800210029F7D1A4
:10B11000E26E012A14D10022E26653E8002F22F0E9
:10B12000100243E800210029F7D1DA69B4F85C1075
:10B13000D20644BF10221A622046FFF725FC55E7CD
:10B140002046FAF737FA51E79A6942F008029A6105
:10B150006EE700BFFEFFFFEF0080004051AD00082A
:10B1600038B5044603682169A2681D68C0690A43AE
:10B1700061690A437749024329400A431A605A68C1
:10B18000E16822F440520A435A60734AA16993422B
:10B190001CBF226A11439A6822F06E4222F4306288
:10B1A0000A439A60DA6A616A22F00F020A43DA629D
:10B1B0006A4A934219D14FF0B043694AD3F88830B4
:10B1C00003F0030343F44033934200F0B480B3F13F
:10B1D000031F24D0013A934240F0B580B0F5004FF0
:10B1E00040F08F80FDF78CFF6EE05E4A93421CD1E9
:10B1F0004FF0B0435C49D3F8883003F00C0343F4BC
:10B2000040228A4200F0978006D8002B7CD0574B12
:10B210009A42E3D0012026E0B2F10C1FFAD1B0F53A
:10B22000004F53D04FF4004075E04B4A9342F1D1A8
:10B230004FF0B043D3F8883003F44063B3F5006FA8
:10B2400018D006D85BB1B3F5806FE3D1FDF758FF96
:10B2500007E0B3F5406FDDD14FF400400BE0FEF79F
:10B2600061FB40B900204FF00113A3660023C4E93D
:10B270001D3338BD3E4865683E4B626A05EB4501AB
:10B2800033F81220B0FBF2F39942C3D8B3EB053F79
:10B29000C0D800231946F5F7DFFF090241EA106123
:10B2A0006B080002C0182A464FF0000341F100016C
:10B2B000F5F7D2FF304BA0F540729A42AAD8236826
:10B2C000D860CFE7FEF72EFB0028CBD06168294B72
:10B2D000626A33F81220B0FBF2F24B0803EB420330
:10B2E0004FF6EF72B3FBF1F3A3F11001914291D845
:10B2F00023F00F02216892B2C3F342031343CB60E1
:10B30000B0E7FDF7FDFE04E0B0F5004FDAD0FEF740
:10B3100009FB0028A6D06368616A164A32F811203A
:10B32000B0FBF2F000EB5300B0FBF3F04FF6EF731D
:10B33000A0F11002C1E7B0F5004F0D48EBD1C5E711
:10B34000FEF700FBC0E7B0F5004FF9D0FEF7FAFAC0
:10B35000DFE700BFF369FFCF008000400038014005
:10B36000020003000044004008000C0004000C0030
:10B370000024F400688E0108FFFC0F00836A1A079E
:10B3800010B506D50168846B4A6822F40042224356
:10B390004A60DC0706D50168C46A4A6822F40032B4
:10B3A00022434A60990706D50168046B4A6822F473
:10B3B000803222434A605A0706D50168446B4A68C6
:10B3C00022F4802222434A60DC0606D50168C46B61
:10B3D0008A6822F4805222438A60990606D5016861
:10B3E000046C8A6822F4005222438A605A060FD500
:10B3F0000168446C4A6822F480122243B4F5801F2D
:10B400004A6005D14A68846C22F4C00222434A6033
:10B410001B0606D50268C16C536823F400230B4356
:10B42000536010BD2DE9F843DDF8209005460E4627
:10B43000174698462A68D36936EA03030CBF0123EE
:10B440000023BB4201D0002029E0B9F1FF3FF2D038
:10B45000F9F76AFDA0EB080048452C6802D8B9F15D
:10B46000000F1ED154E8003F23F4D07344E80032AB
:10B47000002AF7D104F1080353E8003F23F0010349
:10B4800004F1080141E80032002AF3D12023C5F875
:10B490008830C5F88C30002385F884300320BDE85F
:10B4A000F88323685A07C5D5802EC3D0402EC1D05B
:10B4B000E3691B05BED54FF40063236254E8003FE7
:10B4C00023F4D07344E80032002AF7D104F10803D2
:10B4D00053E8003F23F0010304F1080141E8003282
:10B4E000002AF3D12023C5F88830C5F88C30C5F880
:10B4F0009030D0E773B504460026C0F89060F9F7A5
:10B5000013FD23681B681A07054619D423681B68B6
:10B510005B070AD56FF07E43009300222B464FF461
:10B5200080012046FFF77EFFB0B900202023C4F839
:10B53000883084F88400C4F88C30E06620670CE022
:10B540006FF07E430093324603464FF400112046CD
:10B55000FFF768FF0028D9D0032002B070BD10B5F6
:10B56000044650B3D0F888301BB980F88430F9F71E
:10B5700015FF22682423C4F88830136823F00103E0
:10B580001360A36A13B12046FFF7F8FE2046FFF7C9
:10B59000E7FD012811D023685A6822F490425A60CE
:10B5A0009A6822F02A029A601A6842F00102204644
:10B5B0001A60BDE81040FFF79DBF012010BD0000DC
:10B5C00030B581658168A0F85C200023B1F5805F0B
:10B5D000A0F85E20436735D10369002B40F2FF13CA
:10B5E00018BFFF23A0F860300023C0F8903022235A
:10B5F000C0F88C30016801F1080353E8003F43F0C4
:10B600000103083141E800340368002CF2D1456E93
:10B6100084680169B5F1005F32D1B0F86850954295
:10B620002ED8B4F5805F244A03D1244C002908BFEA
:10B6300022464267B1B153E8002F42F4807243E8DA
:10B640000021F7E729B90369002B14BF7F23FF23EB
:10B65000C8E7B1F1805FC5D10369002B14BF3F2358
:10B660007F23BFE703F1080252E8002F42F0805227
:10B6700003F1080040E800210029F3D1002030BD8B
:10B68000B4F5805F0E4A03D10E4C002908BF224654
:10B69000426741B153E8002F42F4907243E8002121
:10B6A0000029F7D1EAE753E8002F42F0200243E8EF
:10B6B00000210029F7D1E1E715AE0008BDAF000871
:10B6C00085AC000851AD0008D0F88C30202B30B488
:10B6D00015D1B9B1B2B100230468C3660A4B9C42CC
:10B6E0000AD063681B0207D554E8003F43F080632B
:10B6F00044E80035002DF7D130BCFFF761BF0220D0
:10B7000030BC70470120FBE700800040436E30B53D
:10B710002BB90123A0F86A30A0F8683030BD036867
:10B72000094D9A689968094C490FC2F342626B5CF3
:10B73000615CDB00B3FBF1F3A0F86A30AB5CA25CA8
:10B74000DB00B3FBF2F3E7E7888E0108808E010887
:10B750007047704770471FB504AB03E9060090F8C7
:10B760008430012B04463AD0012380F8843024230E
:10B77000C0F8883003681A6822F001021A609A68DB
:10B7800022F440120A439A6071B95A68BDF80C005D
:10B790009DF80E1022F0100202435A605A6822F0FF
:10B7A0007F4242EA01625A601A6842F001021A605E
:10B7B000F9F7BAFB6FF07E42034600924FF4800126
:10B7C00000222046FFF72EFE38B92023C4F8883027
:10B7D000002384F8843004B010BD0320F8E7022071
:10B7E000F9E790F88430012B0FD0012380F88430E2
:10B7F000016851E8002F42F0020241E80023002BCB
:10B80000F6D180F88430184670470220704710B592
:10B8100090F88430012B044617D02423C0F88830D8
:10B8200003681A68196821F00101196042F000529A
:10B830004FF0005141661A60FFF768FF2023C0F8FF
:10B840008830002084F8840010BD0220FCE770B529
:10B8500090F88430012B044617D005682423C0F8E3
:10B8600088302E682B6823F001032B60AB6823F02F
:10B8700060431943A960FFF749FF20232E60C0F8F9
:10B880008830002084F8840070BD0220FCE770B589
:10B8900090F88430012B044617D005682423C0F8A3
:10B8A00088302E682B6823F001032B60AB6823F0EF
:10B8B00060631943A960FFF729FF20232E60C0F8B9
:10B8C0008830002084F8840070BD0220FCE700006E
:10B8D00038B5084D052455F8043B2BB9013C14F04C
:10B8E000FF04F8D1204638BDDB6898470028F5D022
:10B8F000F9E700BF24D80020034BD870034B1B6826
:10B900001B6C03B1184770470CD8002008D80020E2
:10B91000034B1874034B1B685B6C03B118477047EB
:10B920000CD8002008D80020F0B5314D314B95F9E6
:10B930000420314E91B00C46012795F905108DF881
:10B94000047002288DF809208DF80A1010D18DF8A6
:10B950000800D8711C7202F091FD337803B114B164
:10B9600001A803F0F3F9254B059A1A6011B0F0BD58
:10B9700059714FF480711A71D9801C7233788DF827
:10B98000087053BB1F2306A88DF81C208DF81830B3
:10B9900002F052FF20238DF8183006A82B798DF87D
:10B9A0001C3002F049FF22238DF8183006A86B796D
:10B9B0008DF81C3002F040FF21238DF8183006A8C6
:10B9C0006B798DF81C3002F037FF29238DF8183081
:10B9D00006A80B4B079302F02FFF02F04FFD012347
:10B9E00006A88DF818308DF81C3002F025FFB4E75A
:10B9F0000CD80020DCB10020E8D60020DCD70020E5
:10BA0000000400017FB5092301A88DF8043003F07C
:10BA10009DF90038044B059A1A6018BF0120404276
:10BA200007B05DF804FB00BFDCD7002070B504460A
:10BA30000B46144962784A700020A2780A72087096
:10BA40001A884A729A788A72DB780B746368CB60C2
:10BA50000D4B1B68DA6A2AB1237803F0FB030A2B2B
:10BA600000D09047094E002556F8043B1BB15B6A95
:10BA70000BB1204698470135EBB2052B6DB2F3D1DF
:10BA800070BD00BFACB1002008D8002024D8002031
:10BA900070B5044611480123037063784370A3789E
:10BAA0008372E368C360E37803762369437623797E
:10BAB00043720B4B1B689B6A03B19847094E0025E4
:10BAC00056F8043B1BB19B690BB1204698470135E2
:10BAD000EBB2052B6DB2F3D170BD00BFC0B1002039
:10BAE00008D8002024D80020014B1868704700BFF8
:10BAF000DCD7002000B58BB0012368468DF80030FC
:10BB000002F074FD38B99DF80400003818BF012018
:10BB10000BB05DF804FB0020FAE7000008B501F067
:10BB20005BFE40B9FFF7E6FF012806D0054B197A06
:10BB3000D879FFF7F9FE012008BDBDE80840FFF7FE
:10BB4000C7BE00BFDCB100202DE9F04186B005463C
:10BB50000E46174601F040FE002873D101F054FE56
:10BB6000044640B9FFF7C6FF01280AD03D4B197AB9
:10BB7000D879FFF7D9FE6FF00204204606B0BDE881
:10BB8000F081DFF8E48088F80860003E18BF0126E5
:10BB90008DF80460354E687833798DF81230694637
:10BBA00002F0C2FC00283FD08DF804400394ADF8A9
:10BBB00010406FF0060495E803002D4B83E8030066
:10BBC000337988F80A30394601A803F0EBF9294B9C
:10BBD000059A1A6011283FD801A353F820F000BF3E
:10BBE0004BBC000845BC000859BC000859BC000803
:10BBF00059BC000859BC000859BC000877BB0008B4
:10BC000059BC000859BC000859BC00083FBC0008DA
:10BC100059BC000859BC000845BC000845BC0008D8
:10BC200045BC00085FBC00082B788DF808306B78A5
:10BC3000ADF810306B6803934FF0FF34BBE76FF043
:10BC400005049AE76FF0010497E70B4B00221A7086
:10BC5000E31D18BF144690E74FF0FF348DE76FF0F7
:10BC600004048AE7DCB10020C0B100200CD8002019
:10BC7000D0B10020DCD70020DBD7002037B501F0A1
:10BC8000CDFD134D052455F8043B4BB11A693AB16B
:10BC90009B682BB1984718B155F8043C1B6998472D
:10BCA000013C14F0FF04EED1FFF712FE68B9094D14
:10BCB0002B7853B1084BADF80040D9780194224657
:10BCC0006846FFF741FF00B92C7003B030BD00BFDC
:10BCD00024D80020DBD700200CD8002030B58BB052
:10BCE000044601F079FD0546002835D1FFF702FF33
:10BCF000012834D168468DF8005002F077FC40BB33
:10BD00009DF80430A34204D0012C22D0022C12D082
:10BD100014B100200BB030BD002BFAD068468DF86E
:10BD2000044002F089FDA0B90E4B1B681B6B002B71
:10BD3000EFD09847EDE763B968468DF8044002F00C
:10BD40007BFD30B9074B1B681B6B002BE1D02046F5
:10BD5000EFE74FF0FF30DDE76FF00100DAE76FF05B
:10BD60000200D7E708D8002010B504468AB018B9F9
:10BD70004FF0FF300AB010BD002368468DF8003048
:10BD800002F034FC0028F3D19DF804302370F1E771
:10BD90007FB500220B4620498DF8072001220A704A
:10BDA00042784A700446002A33D102790A721A880E
:10BDB0004A729A788A72DB780B740369CB60C37815
:10BDC000164D8DF80830037B8DF809308368039396
:10BDD0002B68DB6A0BB102A898472B689B6B13B1E9
:10BDE000227E02B198470E4E052556F8043B1BB142
:10BDF000DB690BB120469847013D15F0FF05F4D1F2
:10BE00000DF10700FFF7B0FF637913B1054B012275
:10BE10001A7004B070BD00BFACB1002008D800207B
:10BE200024D80020DBD7002010B504468AB018B90A
:10BE30004FF0FF300AB010BD202368468DF8003067
:10BE400002F0D4FB0028F3D1024A9DF9043023709C
:10BE50001371EFE70CD8002000B58BB023230190BD
:10BE600068468DF8003002F0E7FC003818BF01206A
:10BE700040420BB05DF804FB70B5694C01468EB0D2
:10BE80001822204606F046F8664B00221A70F9F791
:10BE900045FF23784068012202FA03F1014004D1F2
:10BEA000614B084607F0FAFFFEE7604960481A4612
:10BEB00002F026F918B14FF0FF300EB070BD272305
:10BEC00004A88DF8103002F0B7FC5A4E5A4D0028E5
:10BED00079D1012333702B68DB690BB100209847BF
:10BEE000FFF708FE012804D101F08EFC08B102F032
:10BEF000C5FA272304A88DF8103002F077FB059BC4
:10BF000093F84820227093F8182193F81A31627040
:10BF1000A370464BD3E9020105F0ECFE054600286C
:10BF2000C9D1464E062304A88DF8103002F05EFBFE
:10BF3000059B736104A802F07FFC022304A88DF81E
:10BF40001030059602F052FB0836032304A88DF842
:10BF50001030059602F04AFB0F2605F091FF0123F1
:10BF600004A88DF814308DF8106002F065FC1023E1
:10BF70000DEB03008DF810308DF8145002F05CFCCE
:10BF800004238DF8103004A8A3788DF8143002F043
:10BF900053FC3A238DF8103004A86369059302F02E
:10BFA0004BFC02A920788DF8086004F0E9F800380D
:10BFB00018BF0120E0711420FFF74EFFE07903F075
:10BFC000B3F9284679E728238DF810302B681B69D0
:10BFD00043B104A802F00AFB2B6805981B6940F2E4
:10BFE000C4519847272304A88DF8103002F024FC90
:10BFF00050B9012304A88DF8103002F0F7FA9DF82B
:10C000001430002B7FF465AF3378002B7FF463AFDF
:10C01000052204A88DF81020059302F00DFC78E7A6
:10C020000CD80020DBD70020908E0108E0D700203C
:10C03000F8D70020E8D6002008D8002048D80020F3
:10C0400037B500230D4601930446D0B900F0A8FB94
:10C050000190019BD3B10F4A42F824300E4A9A62F4
:10C060000E4A1268916B1963916C596392690C497D
:10C07000D9625A6128465B680A49F2229847002033
:10C0800006E001A900F092FB0028E2D04FF0FF305B
:10C0900003B030BD24D8002029B9000808D80020FA
:10C0A00005BA0008E9D60020194B07B51860194BEE
:10C0B000194A1A60194A5A60194A9A60194ADA608C
:10C0C000194B02681A6042685A6082689A60C268B6
:10C0D000DA60164A1A6182695A61154BC26B5A605E
:10C0E000144A019119609A601946134ADA600020D7
:10C0F000FFF7A6FF48B901A800F056FB003818BFAB
:10C100000120404203B05DF804FB4FF0FF30F9E737
:10C1100008D80020F8D7002091BA000891BD000887
:10C12000B5C100082DBA0008E0D700203101010890
:10C1300038D80020F9B8000811B9000849B118B181
:10C14000012804D000207047034B0B60FAE7034B33
:10C15000FBE74FF0FF3070470004000103000102CD
:10C1600008B503F0FDF8002814BF6FF001000020AF
:10C1700008BD08B502F0AAF9002814BF6FF001004D
:10C18000002008BD10B504468AB018B94FF0FF3042
:10C190000AB010BD212368468DF8003002F026FA5F
:10C1A0000028F3D1024A9DF9043023705371EFE760
:10C1B0000CD800202DE9F0412F4D304F00232B707B
:10C1C00043786B703B689B6A8AB004460BB1284683
:10C1D0009847DFF8AC80002658F8043B1BB11B6A77
:10C1E0000BB1204698470136F3B2052B76B2F3D156
:10C1F0002378052B2FD00B2B35D0012B25D1214CAB
:10C20000062368468DF8003002F0F0F90199E079D4
:10C2100005F0B6FD10B91C4B019A5A611B48FFF797
:10C2200003FE1B48FFF7AEFF6B788BB9A371194B68
:10C230005878FFF753FD3B685B6A0BB1114898478C
:10C240006B7813B9E07905F02DFE0AB0BDE8F081F6
:10C25000FF23A371EFE7104B01225A74227A9A74DC
:10C26000627ADA74F1E76378002BEED00AB0BDE8A9
:10C27000F041FFF7C7BB00BFC0B1002008D80020C5
:10C2800024D80020DCB1002048D80020E0B10020F4
:10C29000E1B100200CD80020ACB1002030B58BB04B
:10C2A000FFF767FF0446F0B903F04AFF831C1DD077
:10C2B000F8B9134D2B685B69DBB1272368468DF80D
:10C2C000003002F093F92B6801985B694FF4B96173
:10C2D000984703F047FF78B92CB9094B1B68DB6915
:10C2E0000BB10120984720460BB030BD6FF007041A
:10C2F000EFE74FF0FF34ECE74FF0FF34F3E700BF18
:10C3000008D80020014B1878704700BF7CD8002067
:10C31000014B5878704700BF7CD800207047000060
:10C32000044B9A7A0AB101225A70034B5B6903B13C
:10C33000184770477CD80020E8B1002073B5224C24
:10C340006378002B33D008F053F866680546FFF792
:10C35000CBFB0644AE4214D2A37A93B1E0228DF80F
:10C3600000208DF80130217AE368019301226846AC
:10C37000FFF7EAFB08B1073010D100236370A37206
:10C38000656094F83430EBB1002384F834300F4BFF
:10C390005B6BBBB102B0BDE87040184740F2DC51A6
:10C3A0000B4808F0F1F80A4808F0B4F8E8E794F808
:10C3B0003520002AE5D094F8360084F83530FFF7B0
:10C3C0008DFCDEE702B070BD7CD80020E8B1002013
:10C3D00060D8002037B5104D104CC8B1C1B16272A1
:10C3E000012300222860E16023700D480D4B00926C
:10C3F0004FF0FF3107F0E2FF00250B482582202295
:10C40000294605F09BFD6570A574A58603B030BD77
:10C4100000232B602370EFE778D800207CD8002021
:10C4200060D8002021C3000890D800202DE9F047F3
:10C430008E4C23788CB0002B56D0C2780AB9837BFF
:10C4400013B1238A01332382437B002B4CD0E02A93
:10C450004AD10023A372876897F80080B8F1220FB1
:10C4600027D8B8F1220F30D8DFE818F04100FB00E0
:10C4700052005A0061006E0075008E009D00B400ED
:10C48000C7002F002F002F002F002F002F002F009C
:10C490002F002F002F002F002F002F002F002F0024
:10C4A0002F002F002F002F002F002F00C900D000D9
:10C4B000D400B8F17E0F00F0CC80B8F17F0F00F00F
:10C4C000DF80B8F17D0F00F0AB80A57A002D00F081
:10C4D0005B81674C637A3BB94FF47A71204608F070
:10C4E00053F8204608F016F80CB0BDE8F087E36872
:10C4F00001220021A2721970A37AE1689818A07233
:10C500000620C854A37AE1689818A072CA54DCE7E0
:10C51000584B9B6A002BD8D0012102209847D4E7C2
:10C520007B7884F83630012384F83530CDE7042356
:10C530008DF804307B78003B18BF012301A88DF8EB
:10C54000083002F079F9C0E77878003818BF012088
:10C5500002F0EAFEB9E7484E0FCE01AD0FC50FCE8F
:10C560000FC596E8070085E807007B780A2BACD852
:10C57000424A12685268002AA7D00CA901EB830333
:10C5800053F82C0C9047A0E77878431E012B9CD8D9
:10C590003A4B01381B6818BF012020729B68002BA2
:10C5A00093D0984791E7E26801230821A3721170A4
:10C5B000627A057BA17AAA4228BF2A46934284D296
:10C5C00085685A1CEB5CE56801334E1CA6726B54FF
:10C5D000D3B2EDE7E3680122A27209221A70A37AAE
:10C5E000E268218A581CA072D154A27A238AE16899
:10C5F0001B0A501CA0728B5467E7238265E7052352
:10C600008DF8043001A802F0A1FB5EE7194BDB6A4C
:10C6100098475AE7194B78781B686075DB68BEE766
:10C62000037B072B7FF451AF06238DF80430B7F856
:10C630000130ADF808307B793A791B0443EA0223D4
:10C64000FA781343642253430393BB798DF8103077
:10C65000D8E73B2201A88DF804208DF8083002F0BD
:10C66000EBF8012384F834302FE700BF7CD800209A
:10C6700060D80020E8B10020F484010878D80020B8
:10C680002A2301A88DF8043001F0B0FF94F80A9035
:10C69000E6689DF808009DF809509DF80A709DF81D
:10C6A0000BC09DF80D309DF80E209DF80F109DF8E1
:10C6B0000CE009F1010A84F80AA006F80980354E59
:10C6C00094F80A903668D4F80C8009F1010A84F8CD
:10C6D0000AA096F803A008F809A094F80A90D4F8E4
:10C6E0000C8009F1010A84F80AA096F802A008F863
:10C6F00009A094F80A90D4F80C8009F1010A84F892
:10C700000AA096F801A008F809A094F80A9009F187
:10C71000010A84F80AA096F80080E66806F8098005
:10C7200094F80A80E66808F1010984F80A9006F88E
:10C7300008C094F80AC0E6680CF1010884F80A8081
:10C7400006F80C70A77AE66807F1010C84F80AC0B5
:10C75000F555A57AE6686F1CA7727055A07AE56852
:10C76000461CA6722954A17AE0684D1CA572425459
:10C77000A27AE168501CA0728B54A37AE268591C1B
:10C78000A17202F803E0A0E6034807F075FE6570A9
:10C79000AAE600BF78D8002060D8002070470000CB
:10C7A00000487047E8B10020002070474FF0FF308C
:10C7B00070470000044B054A93F81831022B18BF4C
:10C7C000062382F89034704724DF0020E8E400203C
:10C7D000034BD3F8483313B15B6903B11847704773
:10C7E000E8E40020034A137843F004031370FFF7D2
:10C7F000EFBF00BFCCD80020074BD3F8402322F472
:10C800008072C3F8402393F8912442F0100283F819
:10C810009124FFF7DDBF00BFE8E400201FB50A4BFD
:10C820008DF8090093F87C208DF80A2093F88C206D
:10C8300093F848000D3202A98DF8082003F0A0FCFF
:10C84000C0B205B05DF804FB24DF002008B507483E
:10C8500007F012FE064B93F81A2412B1012283F856
:10C860001924BDE80840FFF7B3BF00BFE8E8002087
:10C87000E8E4002010B50C4CD4F8403343F08003BA
:10C88000C4F8403394F81A3413B10020FFF7DEFFE8
:10C8900094F8913423F0120343F0120384F8913496
:10C8A000BDE81040FFF786BFE8E400202DE9F04125
:10C8B000DFF8AC8098F81831022B06460D4602D0FE
:10C8C000284BDB6A984702F0E6FD044628B10220B7
:10C8D00002F0D7FD002002F0D9FD98F81831012BA5
:10C8E00017D102F0DAFD074630B1002002F0CAFD90
:10C8F000002002F0CCFD3C4602F0D1FD48B1002002
:10C9000002F0C1FD002002F0C3FDBDE8F041FFF7D9
:10C9100051BF002CF9D1144C94F8902494F81A3497
:10C92000BAB90BB184F84164304602F057FFD8F829
:10C930002C0007F067FDD4F8B4339842E5D30B48D8
:10C9400007F09AFD94F8913443F0100384F8913481
:10C95000DBE70BB184F84154284602F03FFFF1E7D2
:10C9600024DF002008960108E8E4002080E8002089
:10C97000074A10B5137843F002031370FFF728FF3E
:10C98000BDE81040034B01220021022007F086BAC7
:10C99000CCD80020D98E0108074A10B5137843F08F
:10C9A00008031370FFF714FFBDE81040034B01228A
:10C9B0000021022007F072BACCD80020E98E0108CD
:10C9C0002DE9F0410F4616461D46804607F010FD42
:10C9D0000B4A0C4C1378278123F0110343F0110309
:10C9E000C4E90008137066812573FFF7F1FEBDE806
:10C9F000F041054B01220021022007F04FBA00BF91
:10CA0000CCD80020B8D80020F98E010813B507F063
:10CA1000EFFC0D4B6C461860204607F089FC94E84B
:10CA200003000A4A0A4B83E80300137843F020030B
:10CA30001370FFF7CDFE074B01220021022002B048
:10CA4000BDE8104007F02ABAC8D80020CCD8002092
:10CA500020E80020068F01082DE9F04192B006463B
:10CA600002F019FD002840F05881AD4D95F81831BD
:10CA7000012B09D02B6BAB4C93B194F80431BBB1B3
:10CA8000042B6FD0032003E002F007FD18B10F2044
:10CA900012B0BDE8F08102F002FD0028EAD0F6E70E
:10CAA000B5F82031D4F81C24013B53432B63E4E751
:10CAB0009D4803F09CFA002840F0128194F80C3154
:10CAC00023802B6B0C930DF1180895F839308DF8F5
:10CAD0003830404695F81C318DF83A3007F04EFC5E
:10CAE000D5F82831009302AF98E80600D5F8243134
:10CAF000384607F0DAFB97E803000FAB83E8030042
:10CB0000EB6A0D9300238DF844302388ADF846304E
:10CB100095F8303101228DF839201BB98DF8442069
:10CB20008DF83930814B0093814B95F84800A3F183
:10CB300079020CA903F099FBC0B10B28A8D1D4F855
:10CB4000941499B1002EA3D0D4F84033794843F01F
:10CB50002003C4F8403307F017FD764807F0DAFCED
:10CB6000002095E7704803F076FAA4E795F848703E
:10CB700095F9693095F9392095F87D106E4E384653
:10CB800003F080FB009641B2EB6C95F850203846DC
:10CB9000183603F01BFB0096EB6C95F8502095F9C6
:10CBA000701095F8480003F011FBD4F8C413AB6D76
:10CBB000D4F8DC230B44C4F8B033EB6D1344C4F851
:10CBC000B43394F80431042B07D02B6E0B44C4F813
:10CBD000B0336B6E1344C4F8B4330023089395F854
:10CBE0003031002B40D100238DF8133095F83930C7
:10CBF0008DF8213095F838308DF82230D5F8803016
:10CC00000993D5F884300A932388ADF82C3095F831
:10CC1000303194F81B648DF82E3095F84800474B5E
:10CC20008DF820600DF1130208A903F0E3FA012347
:10CC300084F8413495F8393084F842349DF8133043
:10CC400084F84334D4F81C34C4F85064C4F848342D
:10CC5000C4F8583402F025FCC8B1D4F81C0402F022
:10CC600032FCA0B1102013E708A802F0E7FC60B97D
:10CC700095F9390094F837629DF82070FFF7CEFDE2
:10CC80003E44B042AFD2082002E7132000E795F8F7
:10CC90001831012B01D102F018FC02F005FC002331
:10CCA000059394F8043195F9395094F81B649BB1BD
:10CCB000042B7FF4E7AE05A802F0F4FE58BB94F80D
:10CCC000183413B1059B013B0593174B0598324669
:10CCD000E9B202F049FF02E0134802F01DFF08B17B
:10CCE0001120D5E6D4F8403394F80C11218043F09C
:10CCF0000203C4F8403394F8183411480133DBB20E
:10CD000084F8183484F845340E4B00259B6AC4F827
:10CD10009854984724E71220BAE60E20B8E600BFE0
:10CD200024DF0020E8E40020F0E5002054DF0020AC
:10CD30007CE9002050E80020A0E8002004E9002061
:10CD4000EAE400200896010873B5134D134E0096CF
:10CD5000EB6C95F8502095F9781095F8480003F0A1
:10CD600035FA95F83031337595F8480040F20123D3
:10CD700006F13C023146738203F034FA50B196F862
:10CD80003C3086F88230064B00205B6B9847F37C82
:10CD900086F8A83002B070BD24DF0020D0E8002063
:10CDA00008960108F8B5324C94F81831012B054665
:10CDB0000ED0022B4ED0002B57D138B9D4E91B012D
:10CDC00004F1740383E803000020F8BD012806D1B4
:10CDD00002F06CFB0028F8D184F81851F5E702281E
:10CDE00043D1244E84F8180106F5747CBCE80F008A
:10CDF00006F57A770FC79CE8030094F8E92094F8C9
:10CE0000003187E8030086F8FB53D2B1022B18D11A
:10CE1000D4F804316367C6F8EC3394F87D3094F8A5
:10CE2000082186F8F83394F88C3084F8782086F856
:10CE3000F93396F81B2486F8E82340F20133A6F86C
:10CE4000FA33002386F81A340B4BDB6A9847FFF756
:10CE50007BFFB9E748B9074B84F81801062283F82D
:10CE60009024054BDB6A9847AEE70320ADE700BF8F
:10CE700024DF0020E8E4002008960108F0B5504CBB
:10CE8000504EB4F8DC202287D4E92D0194F8B1206B
:10CE900084F8692004F16C0282E80300D4E92F01D0
:10CEA00004F1740282E80300B4F8C420A4F87C20E2
:10CEB00091B0D4F8CC20D4F8C810C4F88420002550
:10CEC000D4F8D020C4F888200123A4F82031C4F875
:10CED000801084F83051A56284F81B5184F83A50D0
:10CEE00084F81D5184F81E51C4F83451C6F8985482
:10CEF000A6F8185486F81A54A4F838518DF818304A
:10CF000004F50973039304F50A7394F84800049335
:10CF100003A92D4B84F84551C4E94F55A4F8465157
:10CF2000059303F03BF9E36EC6F8D43394F87D30F3
:10CF300086F8E03394F88C3086F8E1334FF4807350
:10CF4000A6F8E23386F8D05394F8303186F8E4330B
:10CF500006F574770FCF06F57A740FC497E80300CF
:10CF600040F2012384E80300A6F8FA33D6F84833E8
:10CF700086F81B54CDE901551BB15A685B690192D3
:10CF80000293124B0793A3F148020892A3F11402F3
:10CF900009920F4A0B9229330A93A2F19C030C9336
:10CFA000A2F198030D93131D0E9301A902F14C03F6
:10CFB00007A802F599620F9302F062FA11B0F0BD72
:10CFC00024DF0020E8E40020D0D8002050E9002031
:10CFD00008E00020F8B50D4F0D4E0C4607F04CFA56
:10CFE0003B6B98470B4A96F84800214603F0FAF845
:10CFF00050B1094D706D95F8243485F86A347B6B17
:10D000009847E37C85F89034F8BD00BF0896010886
:10D0100024DF00200CE90020E8E400200F4890F80D
:10D020001B3480F8B8330E4B93F8692080F8BB238B
:10D0300093F87D2080F8C82393F88C2080F8C923CA
:10D0400093F8303180F8CC330022A0F8CA2300F5E1
:10D050006E7100F56070FFF7BDBF00BFE8E400200F
:10D0600024DF0020114890F89034EBB190F81B3485
:10D0700080F8D0330E4BDA6EC0F8D42393F87D20BD
:10D0800080F8E02393F88C2080F8E12393F8303186
:10D0900080F8E4334FF48072A0F8E22300F5747155
:10D0A00000F56670FFF796BF704700BFE8E4002008
:10D0B00024DF002070B5344C2421204604F040FFCA
:10D0C000636A984218BF60624FF01C012F4814BF7A
:10D0D0000125002504F034FF636C984218BF60649A
:10D0E0004FF480712A4818BF45F0020504F028FF6C
:10D0F000D4F84831984218BFC4F848014FF0D40121
:10D10000244818BF45F0040504F01AFFD4F8203273
:10D11000984218BFC4F820024FF000011E4818BF03
:10D1200045F0080504F00CFFD4F82432984218BFEB
:10D13000C4F824024FF46071184818BF45F0100578
:10D1400004F0FEFED4F8A835984218BFC4F8A8052C
:10D150004FF01401124818BF45F0200504F0F0FE0E
:10D16000D4F8C03598420F4B18BFC4F8C005D3F8A7
:10D17000483318BF45F040052BB11B691BB1284649
:10D18000BDE87040184770BD24DF00204CDF002050
:10D190006CDF002070E0002048E100204CE100201E
:10D1A000D0E40020E8E400202DE9F04F8FB04FF0EC
:10D1B0000009012B06460F4690468DF80D90ADF8FC
:10D1C000109002D84C46BC4202D30FB0BDE8F08F9D
:10D1D000305D02F073FA2044B842F6DC335D651C22
:10D1E000023BEDB2112BF0D801A252F823F000BFA0
:10D1F00039D2000863D2000861D3000889D300083F
:10D2000019D400083FD40008A5D40008CDD40008E4
:10D2100055D50008CBD10008CBD10008A9D500080E
:10D22000CBD10008CBD1000851D6000879D6000830
:10D23000B1D60008E5D60008052002F0E7FA70B183
:10D240000521002002F0A8FA725DBF4BE51C0234F4
:10D25000E4B283F85C24325D83F85D24EDB22C46A1
:10D26000B1E700238DF80E308DF80F308DF81430B3
:10D270008DF81830B9F1000F6DD1B44C4FF005099D
:10D2800094F87C208DF831206B1E94F839208DF8AD
:10D290003320334494F838200B938DF8342094F8DD
:10D2A0001A3194F868208DF83520D4F82C218DF8A7
:10D2B00032300A9273B37B1C5B1BDBB28DF83030CB
:10D2C00006AB019305AB009394F848000DF10F03F2
:10D2D0000DF10E020AA902F099FF8DF80D0000F081
:10D2E0000700072813D194F939209DF90E3084F8EE
:10D2F00039309A429DF80F3084F83830B8BF012297
:10D300009DF81430B8BF84F81D2184F868304FF0C0
:10D31000000A09E00523D1E701220DF10D010320E8
:10D3200002F0E4F80AF1010A5FFA8AF29DF8183077
:10D33000B3FBF9F19142EFD82B44DDB26B1EDBB2A7
:10D340009F420BD9F25C032A9AD0AF4288BF1D4698
:10D350004FF0010983E70534E5B2F9E71D46F7E729
:10D36000735D7A4903F00F03012281F81B31023407
:10D3700002FA03F3A1F82031E4B2002204A9042048
:10D3800002F0B4F825466AE707238DF80D30735D87
:10D39000DFF8B8A1C3F3021203F00F030F2B8DF8CF
:10D3A000283004BF9AF870308DF828308DF8292085
:10D3B000651DA21CE31C0434DBB2E4B2F15C335DF6
:10D3C0009AF84800D2B21B04B25C43EA012313432B
:10D3D000642253430AA90B9302F027FF00F00703CE
:10D3E000072BEDB28DF80D000ED19DF828308AF88C
:10D3F00070308AF878300B9BCAF86C30CAF87430F9
:10D400009DF829308AF869308DF81000012204A9AE
:10D41000052002F06BF822E74B4BD3F8483363B199
:10D420001B6853B1984708F03F038DF810008DF842
:10D430001130022204A90620EBE7FF20F3E70323C3
:10D440008DF80D30735D8DF81C300AAB0693E31C2C
:10D45000DBB2A51DF25C231DDBB206A9F35C1B0445
:10D4600043EA0223A21CD2B20534B25C1343642205
:10D470005343E4B20A9300230B93335D8DF83030AD
:10D48000324B93F8480002F0D6FEC3B20028EDB24A
:10D490008DF80D30FFF6E3AE8DF81030012204A9AF
:10D4A0000720B6E7735D03F00F03012B4FF47A7288
:10D4B00038BF01235343254A0234936503F57A7339
:10D4C000D365E4B2002204A9082059E7735D1F4D1B
:10D4D000C3F340128DF8152095F84800C3F30012ED
:10D4E00005A903F00F038DF814208DF8163002F013
:10D4F000A8FE02340130E4B23FF444AFBDF814306A
:10D50000134AA5F87C309DF816309DF814A0D05C25
:10D51000F3F728FC0223C5F880000AA995F8480013
:10D520008DF828308DF82AA002F02AFE95F93930BE
:10D53000069040B29842B8BF184685F839000022DC
:10D5400004A909201CE700BFE8E4002024DF002034
:10D55000138F010803238DF80D30735D8DF828308B
:10D56000E31CDBB2651DF25C231DDBB20234F35C0D
:10D57000E4B21B0443EA0223325D134364225343A3
:10D580000B93644B0AA993F8480002F060FEC3B203
:10D590000028EDB28DF80D30FFF661AE8DF8103039
:10D5A000012204A90A2034E7092002F02FF9DFF84C
:10D5B00068B1002849D00921002002F0EDF80023CD
:10D5C000ADF81E30A31CDBB2F25CE31CDBB216F834
:10D5D00003A0735D4FEA0A4A4AEA022A4AEA030AAA
:10D5E000231DDBB2A51D0534F35CE4B24AEA036AED
:10D5F000335D4FF47A7253430AAC1B122046ADF8E8
:10D600001C3006F095FE454B53440693DBF83C3343
:10D6100000930DF1180A9AE80600DBF8383308A8E1
:10D6200006F043FE099B009394E80600089B5046D1
:10D6300006F020FE9AE8030006F052FE01F040FFDB
:10D640000123EDB28BF8383409E68BF8380406E68E
:10D650000C2002F0DBF800283FF401AE0C21002082
:10D6600002F09AF82C4B93F89034043B012B7FF690
:10D67000F6AD01F021FFF2E5A31CDBB2725DF15CB7
:10D68000E31CDBB2651DF35C0434E4B21B04305DC3
:10D6900043EA012313436421594300F00F0001F0D2
:10D6A0000CFFEDB28DF81000012204A91120B0E6A4
:10D6B0000D2002F0ABF800283FF4D1AD0D21002081
:10D6C00002F06AF8A31CDBB2154AF05C735D1268C5
:10D6D000251D0334E4B243EA0020315DEDB201F0D0
:10D6E000EEFEBCE5725DA31C251D0334DBB2E4B283
:10D6F000F15C335D1B0443EA012313436420584368
:10D7000001F0DFFEEDB28DF81000012204A9132014
:10D710007FE600BF24DF0020E8E40020803DD51232
:10D72000B8D800200E4B93F89124920703D593F8B4
:10D730008F24012A08D90B4991F81A2122B18A6A4B
:10D74000501C18BF01328A620022A3F8182483F803
:10D750001A24D3F8402322F00202C3F84023704772
:10D76000E8E4002024DF002070B5184C1848194D5B
:10D7700006F082FED4F84033D4F89804D5F89060CF
:10D7800023F02003C4F8403338B106F03BFE864254
:10D7900003D2002385F83A3070BD0120FFF75CF911
:10D7A0000028F9D00B28F7D095F8393084F84234A6
:10D7B000092094F8183484F8453484F8410402F0C0
:10D7C0000DF8BDE87040FFF7ADBF00BFE8E40020F2
:10D7D00050E8002024DF0020094BD3F84023012A21
:10D7E0000AD008490978C90708D43AB993F89204CD
:10D7F000013818BF01207047002070470120704792
:10D80000E8E40020CCD80020034BD3F84003431EAB
:10D8100058425841704700BFE8E400202DE9F04F1E
:10D82000A9B0EFF3108272B6DFF8F0B20021DBF896
:10D830000030CBF8001082F31088B94C002B00F0B8
:10D84000E180DAB29B06039264D5B64D95F81831A3
:10D85000022B02D0B44BDB6A9847EFF3108872B604
:10D86000B24F06F0C5FD3E68D4F8B013361A314405
:10D87000AF4806F089FEAE4806F04CFED4F8B4136B
:10D88000AC48314406F080FEAA4806F043FE88F317
:10D89000108894F81A34002B00F06B81152312A91C
:10D8A00095F848008DF8483002F06AFCD4F8B413BB
:10D8B0000F900144A04806F067FE9F4806F02AFE3C
:10D8C0003B6894F81B24EB620DAF38468DF870204E
:10D8D0001D9306F053FDD5F82831009306AE97E866
:10D8E0000600D5F82431304606F0DFFC96E8030048
:10D8F0001FAB83E80300D4F81C341E9395F8303135
:10D9000095F84800003B18BF01231CA98DF8713021
:10D9100002F03FFC039BDF0648D5824DDFF81CA2D6
:10D92000D5F8E42004929BF80020BAF90A809AF90D
:10D930000C90A4F88C84002363F300020A9384F80B
:10D940004434A4F8223484F82534C4F82834A4F8E4
:10D950002C3484F82E34C4F8303484F82034C4F8DD
:10D96000343484F83834C4F83C346F4B8BF80020DE
:10D9700094F89024DB6A84F88E9484F88F24DAF883
:10D980000470BAF80860984794F88F3413B969485E
:10D9900006F072FD3146384601F07BFD83460028D3
:10D9A00000F0EA80A4F87E8484F88094039B190731
:10D9B0001AD55C4B93F81831022B02D05A4BDB6A14
:10D9C00098470220FEF7F6FE84F8410401F006FFB6
:10D9D00094F81A3413B1012384F8193494F891346B
:10D9E00043F0100384F89134039B5A0703D50621B2
:10D9F0000520FEF75BFF039B9B0703D50421032053
:10DA0000FEF754FF01F063FD94F89124D7065FD52B
:10DA1000002384F89234D4F840331E0644BF23F028
:10DA20008203C4F8403312F0050F00F005830B2089
:10DA300001F0ECFE002800F0FF8294F89134DD073D
:10DA400000F1FA82580740F11183D4F8403323F0F3
:10DA50000203C4F84033D4F8402382BB94F89154B5
:10DA600015F001011EBF2B4662F3000384F89134C8
:10DA700094F891345E0744BF6FF3820384F89134C5
:10DA8000012384F8923421B1D4F844332C481B6824
:10DA900098476D070BD52B4801F0C4FE01F0F2FE4C
:10DAA00028B194F8913443F0040384F8913401F0E0
:10DAB000FCFC94F891346FF3041384F8913401233F
:10DAC00084F8923494F8913443F0200384F891342C
:10DAD00094F8913418070AD56FF3C3031A4984F8F0
:10DAE0009134D4F84433A1F12400DB68984794F8CA
:10DAF000913499070AD56FF34103134984F891349F
:10DB0000D4F84433A1F16C005B68984794F89034E2
:10DB1000022B1BD1FFF718F918E000BFCCD800206A
:10DB2000E8E4002024DF002008960108C8D800207F
:10DB300068E8002080E80020E8E80020B8D800204D
:10DB400028E900203CE9002074E9002094F8913491
:10DB50009A0640F1CE826FF3451384F89134D4F8DD
:10DB60004033002B40F0C58229B0BDE8F04FFFF7ED
:10DB7000A1BA84F84134A3E695F81831012B0CD1F1
:10DB800001F08BFC804668B1584601F07BFC58469A
:10DB900001F07DFC042384F88F347EB9012384F8DE
:10DBA000213455E101F07BFC0028F6D0404601F01D
:10DBB0006AFC404601F06CFC0523ECE73B780593DA
:10DBC0005B09013B062B00F22082DFE813F007001F
:10DBD0001E029B001E0298001E020F02102EDDD9AD
:10DBE00095F830311297F6B28DF84C60002BD5D1F4
:10DBF0001CA804F0B7F812AA1CA9FF2002F0D0F864
:10DC0000A0B99DF8583003F00F020F2A16D0C3F3C5
:10DC100003038DF82C3095F8480095F87D308DF889
:10DC20002D3007220BA902F0BEFA38B9012001F00D
:10DC3000EDFD002850D0012107204BE09DF8533026
:10DC40009DF852201599C5F8E4101B0443EA0223FD
:10DC50009DF8512002201343C5F8E03004F090F8FD
:10DC60009DF8583095F84800C3F3021285F86920F2
:10DC700003F00F020F2A1EBFC3F3030385F87030B1
:10DC800085F878309DF85930012B38BF01234FF4C7
:10DC90007A725343AB651344EB650DF15A030127C8
:10DCA00010934FF0000894F81B348DF83C30113E6F
:10DCB0000FA985F8687085F82E818DF8446002F010
:10DCC0007AFA0223384685F8303101F09FFD18B109
:10DCD0003946404601F060FD94F88F34012B00F284
:10DCE000A28194F81A34002B40F0958194F8913475
:10DCF00043F0100384F89134FEF75CFD56E60123EF
:10DD000084F8203495F87D308DF82E3094F8243442
:10DD10008DF82D3095F88C3095F848000D330BA90F
:10DD20008DF82C3002F02CFAA6F10D031BB20990ED
:10DD300023EAE37300B283423FF730AF0B2E7FF646
:10DD40002DAFBC4B25931CA8FF231C978DF8746046
:10DD50008DF8983002F0F0F8074600287FF41EAFE7
:10DD600095F81831012B13D101F097FB002872D0E0
:10DD7000384601F087FB384601F089FB04239DF803
:10DD80007C101E9884F88F34C1F3001101F09EFBC3
:10DD90009DF87C301E99C4F8341413F00F0203D0A0
:10DDA0009DF89000002862D19DF89800002861D06D
:10DDB000002A7FF4F3AE9DF89020002A14BF4FF0A4
:10DDC00003084FF0020800220A92D5F8EC2095F8DB
:10DDD000E900914251D100284FD0D5F80C1195F8A7
:10DDE000EAB009680A9195F81811022902D10321B5
:10DDF00084F88F14B8F1030F7FF4D0AE13F0600FE6
:10DE00007FF4CCAE0492012795F82E31BBF1000FC0
:10DE100036D0BBF1010F13D1012B33D16FF00906BE
:10DE200046FA08F606F00106C6F10206F6B2BDF89B
:10DE30007E100AAA304601F041FE38B3072823D0ED
:10DE4000012384F821340A9BC4F83034C4F86C34BC
:10DE5000FEF710FDAAE501F022FB002898D0384615
:10DE600001F011FB384601F013FB052387E74FF063
:10DE70000008A8E74FF00108A5E74FF0010BC3E742
:10DE80000426D4E70326D2E70823DAE71CAB009385
:10DE900004990A9B3246584601F0CEFE20B1022872
:10DEA00014BF0B230A237AE60A9BC4F83034C4F863
:10DEB0006C349DF87C3084F82104C3F3401384F85B
:10DEC0002E3484F8443494F88F3484F82274012B6F
:10DED0009EBF0122A86285F81E21012FC4F82804E4
:10DEE00084F82C0484F841043ED1022284F82024D2
:10DEF00095F83A20002A50D19DF87C20D6064CD4C3
:10DF0000D4F83C2412B1012284F82524012B94F882
:10DF100040149DF87C2005D8012901D1900601D537
:10DF200001F076FBB8F1020F94F88F3440D0B8F1CD
:10DF3000030F0AD09DF87C10B8F1010F4A4601F09A
:10DF40000F0120A838D0FFF72FF99DF8903084F802
:10DF50002334259BC4F828349DF8983084F82C3459
:10DF6000012384F82D342DE0059A02F0E002A02A66
:10DF700018D195F82E11012285F83A2009B9279970
:10DF80006963012B84F8202407D9D5F89020C4F8C0
:10DF90003C24DAF80020C4F8982495F81821002AC7
:10DFA000B1D0ADE7002285F83A2084F82024A3E719
:10DFB0009DF8981025984A46FFF7F6F89DF890309E
:10DFC00084F823349DF89020E02A08D195F81F3179
:10DFD0002BB984F82324C4F82834A4F82C3494F8FA
:10DFE000913443F0020384F8913475E6114D013EFB
:10DFF000B2B2791C284603F08DFF0323A4F8203425
:10E00000C4F8285484F82C64E9E7012384F8213407
:10E01000FEF730FC60E694F84434002B3FF466AE23
:10E020000020FEF713FC94F88F34022B3FF464AE0B
:10E030005CE600BF20E7002094F89134590715D51D
:10E04000012001F0E3FB60B1012001F0B7FB08B94A
:10E0500084F81804D4F8403323F00203C4F84033A2
:10E0600004E0062001F0D2FB0028F3D194F89134AB
:10E07000DA077FF5F0AC94F840240AB1032A18D1EE
:10E080001D4A94F8181492F86820914205D29B0713
:10E0900023D594F88F34012B1FD8184806F0ECF9DB
:10E0A000D4F8403323F02003C4F84033FFF73AFBA1
:10E0B000D1E4012A11D194F81924002A3FF4CBAC01
:10E0C0000D4A94F8181492F868209142E5D29F07FF
:10E0D00003D594F84434002BDFD194F89134002018
:10E0E0006FF3041384F8913484F81904FFF73CFBB0
:10E0F000B1E429B0BDE8F08F24DF002050E8002013
:10E100002DE9F04F89468DB090460746002800F073
:10E110008F81002900F08C810368002B00F088813A
:10E120004368002B00F084818368002B00F080811D
:10E13000C368002B00F07C81104602F01DF8002817
:10E1400000F07881BD4CBE4D384601F0DBFA40F25C
:10E15000C4520021204603F0F1FE40F23452002167
:10E16000284603F0EBFEB74BC4F82C3104F50973D5
:10E17000089304F50A7300264046099308A9B24B98
:10E1800084F848800A9384F8186184F88C608DF8CC
:10E190002C6002F003F80F2306A994F848008DF8CC
:10E1A000183001F0EDFF801B18BF01204FF00A0B63
:10E1B00084F81C0106A994F848008DF818B001F005
:10E1C000DFFF4FF0060A84F8DC0006A994F8480047
:10E1D0008DF818A001F0D4FF102384F8DD0006A903
:10E1E00094F848008DF8183001F0CAFF1123C4F8E4
:10E1F0009C0006A994F848008DF8183001F0C0FF83
:10E200001223C4F8A00006A994F848008DF818302D
:10E2100001F0B6FF1323C4F8A40006A994F848003F
:10E220008DF8183001F0ACFF1423C4F8A80006A93B
:10E2300094F848008DF8183001F0A2FF1623C4F8B6
:10E24000AC0006A994F848008DF8183001F098FF4A
:10E25000172384F8B10006A994F848008DF8183007
:10E2600001F08EFF18230DEB0301C4F8B400C4F8CD
:10E27000BC0094F848008DF8183001F081FFC0B25E
:10E280001D2384F8B80084F8C00006A994F848005B
:10E290008DF8183001F074FF1E2384F8C40006A91D
:10E2A00094F848008DF8183001F06AFF1F2384F8B5
:10E2B000C50006A994F848008DF8183001F060FFF9
:10E2C0002023C4F8C80006A994F848008DF8183037
:10E2D00001F056FF0B23C4F8CC0006A994F84800BF
:10E2E0008DF8183001F04CFF0C2306A9A4F8D000DB
:10E2F00094F848008DF8183001F042FFD4F89C30B3
:10E300006365D4F8A030A365D4F8A430E365D4F8ED
:10E31000A83023664FF00108D4F8AC300590A4F87B
:10E32000D200636684F8B080C4F894B084F898A0F2
:10E33000C4F84CB084F850A084F8688084F81F8139
:10E34000C5F84893FEF79AFDC5F84473C4E90B6617
:10E350003E4B84F8198185F89164C5F840833246B4
:10E360004FF0FF31009605F55A7006F027F8384B4C
:10E37000009632464FF0FF3105F5607006F01EF84A
:10E38000344B009632464FF0FF3105F5667006F0CB
:10E3900015F802AF304B009632464FF0FF3105F5CD
:10E3A000806006F00BF8384605F0E8FF97E80300B8
:10E3B00004F5927383E80300284B294F1E60294B14
:10E3C000C5F84C33284BC5F85433284BC5F85C339B
:10E3D000274BC5F85033274BC5F8583305F5537014
:10E3E0003B68984704F5A67003F0E6FA20B11126C1
:10E3F00030460DB0BDE8F08F204601F02FFB00281D
:10E40000F5D101F065F8B8B91B4801F079FB064673
:10E410000028ECD17B69984703F05AFDBB6D94F856
:10E4200019019847FB6A9847012385F89234DFE782
:10E430000326DDE70926DBE71326D9E724DF0020E2
:10E44000E8E4002000040001D0D8002069D70008CB
:10E450001DD0000865D000084DC80008CCD80020A9
:10E46000089601080DCA0008C1C90008E5C70008E0
:10E4700099C9000871C900080CE0002008B5034BD9
:10E480000020C3F84003FEF795F908BDE8E400203A
:10E4900010B5FFF7A1F90A4C60B90A4B93F818318F
:10E4A000022B02D1084BDB6A98470123C4F84033A2
:10E4B000002010BDD4F84003013818BF0120F8E750
:10E4C000E8E4002024DF00200896010838B5124C4B
:10E4D000204605F0D1FF04F1180005F0CDFF04F14E
:10E4E000300005F0C9FF04F1980005F0C5FF00F009
:10E4F000DBFF0A4B0025DB6A984744F8285CFEF7EF
:10E50000D9FD0749074840F2C45203F003FD012337
:10E5100044F8283C284638BD50E8002008960108F9
:10E5200024DF002060D9002070B52E4B8AB005464C
:10E5300093F8DD008DF8090093F8DC008DF80A00EF
:10E5400029489A6A90F81804039200268DF80B0067
:10E5500004960C46002940D00692D3F888200792F2
:10E560001A8F93F81A118DF8151052BAADF82020B1
:10E5700093F87C2093F848308DF8243003AB8DF865
:10E5800022008DF8232000930DF10A020DF10B03F8
:10E590000DF1090105A88DF8146000F003FF9DF945
:10E5A0000900FEF73BF9607004A801F047F8B0B924
:10E5B000049A0F2A0DD863789A420AD81544AB42C0
:10E5C000A3EB02012CBF002001202170C0000AB083
:10E5D00070BD002323700820F9E70320F7E713201C
:10E5E000F5E700BF24DF0020E8E400201FB5044663
:10E5F000002800F010810378412B00F20781DFE84A
:10E6000013F0420049004D005100550059005E00D2
:10E6100005010501050105010501050105010501CA
:10E62000650069006D0078007F00820085008A0027
:10E6300088008C0090009300960099009C009F0039
:10E64000AE00B200BA00B600BE00C100C500CE00E8
:10E65000CA00CC000501D200050105010501050134
:10E66000050105010501050105010501050105017A
:10E67000050105010501DA00DE00E200E700EB001C
:10E68000EF00F300FC00664B93F818312371002073
:10E6900004B010BD624B93F83031F7E7406803F0E7
:10E6A0001BFBF4E7406803F05DFBF0E75C4B93F87D
:10E6B0001A31EBE75A4BD3F8E0306360E7E7584B89
:10E6C000011D93F8300103F065FBE0E7544B93F82C
:10E6D0001931DBE7524B93F88C30D7E71C238DF8C8
:10E6E00008304F4B02A993F8480001F049FD6060E3
:10E6F000CDE74C4B043493E8030084E80300C6E7FD
:10E70000494B0434F7E7494B0434F4E7484B0434ED
:10E71000F1E71A23E3E71923E1E7414B93F8683067
:10E72000B4E73F4B5B6DC8E73D4B9B6DC5E73C4B8A
:10E73000DB6DC2E73A4B1B6EBFE7394B5B6EBCE744
:10E7400002238DF80830364B02A993F87C2093F809
:10E7500048008DF80A2001F013FD207197E7304B37
:10E7600093F8DD3092E72E4B93F839308EE72C4B3F
:10E7700093F8DC308AE72A4B93F8383086E7284B49
:10E78000DB6C9AE7264B93F850307FE7244BD3F8A5
:10E79000843063607BE7224B8FE7264B8DE7204B6D
:10E7A000D3F8CC30F5E71E4BD3F82C31436001F0A1
:10E7B00075FDA0606BE71A4BD3F890307DE7184BDE
:10E7C00093F81F3162E7164BB3F88830A3805EE7F9
:10E7D000134BB3F88A30F9E7114BB3F8D030F5E7B3
:10E7E0000F4BB3F8D230F1E70D4B93F848200AB144
:10E7F000062A12D1B3F8A035E8E7094B93F8482070
:10E800000AB1062A09D1D3F8A43556E704B0BDE809
:10E81000104000F04DBE03203AE7182038E700BF53
:10E8200024DF002090DF0020D8DF002098DF0020C8
:10E83000E0DF002060D900207FB5044610B9032036
:10E8400004B070BDA34DD5F840339A0700F1738230
:10E850000278412A00F26C82DFE812F042004700A1
:10E8600055005B005F00640069007600810087004E
:10E870008D00930099009F00A500AB00B5006A02CF
:10E88000BA00DC00EF0016013801290142014B01FA
:10E890004F01530157015B016A025F017101990148
:10E8A0008701AB01B501BC01C101C6016A022C029E
:10E8B0006A026A026A026A026A026A026A026A02F8
:10E8C0006A026A026A026A026A026A026A026A02E8
:10E8D00038023D02420247024C02510256026002D7
:10E8E0000079FEF75FFA30B1AAE70379022BA6D0D0
:10E8F000794A82F8303195F8913443F0200385F855
:10E90000913400209CE7406803F0D8F90028F2D049
:10E9100095E7406803F016FAF8E76F4B027983F841
:10E920001A21E8E76C4B4268C3F8E020E3E76A4E3F
:10E93000416896F8300103F023FA00287FF47FAF96
:10E940006368C6F8E430D6E7416800293FF477AF42
:10E95000002001F005FA0028CDD0112070E74168B1
:10E9600000293FF46CAF0120F3E7416800293FF430
:10E9700066AF0820EDE7416800293FF460AF092049
:10E98000E7E7416800293FF45AAF0C20E1E741680E
:10E9900000293FF454AF0D20DBE7416800293FF424
:10E9A0004EAF0E20D5E7416800293FF448AF0F2055
:10E9B000CFE74A4C484B007983F81901A36D98477B
:10E9C000E36A984797E7444B027983F88C2092E7F3
:10E9D000414E037A8DF8043096F8480096F87D3061
:10E9E0008DF80530072201A901F0DDFB00283FF476
:10E9F00026AF636896F848000193002201A901F050
:10EA0000D2FB00283FF41BAF6C36D4E9010186E845
:10EA1000030070E7304E037A8DF8043096F8480012
:10EA200096F87D308DF80530072201A901F0BBFB77
:10EA300000283FF404AFB436E7E7274E037A8DF899
:10EA4000043096F8480096F87D308DF8053007229E
:10EA500001A901F0A8FB00283FF4F1AED4E90101BF
:10EA600006F1740383E8030096F81831022B7FF453
:10EA700042AF96F83031002B3FF43DAF174BDB6AC5
:10EA80009847FEF761F936E7134E037A8DF80430A4
:10EA900096F8480096F87D308DF80530072201A9D8
:10EAA00001F081FB00283FF4CAAEBC36ADE74368F5
:10EAB000029301238DF80C30074B02A993F848000C
:10EAC00001F07EFB00287FF416AFB8E6436802939E
:10EAD0000023EFE7E8E4002024DF00200896010887
:10EAE00003795A1E0E2A3FF6AAAE954A82F868307C
:10EAF00001E7934B42685A65FDE6914B42689A657F
:10EB0000F9E68F4B4268DA65F5E68D4B42681A6686
:10EB1000F1E68B4B42685A66EDE6894C037994F82E
:10EB200048008DF80430062201A901F03CFB0028C2
:10EB30003FF485AE9DF8043084F8DD30DBE6804C90
:10EB400003798DF8043094F8480094F87C308DF8FF
:10EB50000630052201A901F026FB00283FF46FAE24
:10EB60009DF8043084F83930C5E6754C037994F883
:10EB700048008DF804300A2201A901F014FB002896
:10EB80003FF45DAE9DF8043084F8DC30B3E66C4CA5
:10EB9000037994F848008DF80430092201A901F0A6
:10EBA00002FB00283FF44BAE9DF8043084F8383067
:10EBB000A1E64368B3F5FA7F3FF641AE604AC2F87A
:10EBC0009430D36497E65E4B027983F8982083F8FB
:10EBD000502090E65A4B4268C3F884208BE6584B8D
:10EBE0004268C3F8CC2086E6012B40F0A480554C47
:10EBF0002421204603F0A4F9636A984201D017202B
:10EC00001EE61C2104F1280003F09AF9636C984277
:10EC1000F5D14FF4807104F1480003F091F9D4F874
:10EC200048319842EBD1D42104F5A67003F088F95D
:10EC3000D4F820329842E2D1002104F5097003F0A3
:10EC40007FF9D4F824329842D9D14FF4607104F599
:10EC50000A7003F075F9D4F8A8359842CFD1142181
:10EC600004F2AC5003F06CF9D4F8C0359842C6D128
:10EC7000334E2146304640F2C45203F04BF9204651
:10EC800040F2C452002103F059F995F81B3485F87D
:10EC9000E833736FC5F8EC3396F87D3085F8F833B8
:10ECA00040F20123A5F8FA33274B96F819019B6D22
:10ECB000984720E68379012B3FF6C1AD204B42688F
:10ECC0004068C3F82C2100F0E5FE44E61C4B426886
:10ECD000C3F890200FE61A4B027983F81F210AE649
:10ECE000174B8288A3F8882005E6154B8288A3F885
:10ECF0008A2000E6124B8288A3F8D020FBE5104B57
:10ED00008288A3F8D220F6E50D4B93F848200AB18B
:10ED1000062A12D1A288A3F8A025ECE5084B93F8A7
:10ED200048200AB1062A08D16268C3F8A425E2E5A2
:10ED300000F0C0FBD7E5012082E5182080E500BF88
:10ED400024DF002060D90020089601082DE9F04357
:10ED500089B00023ADF808300646002800F00F8186
:10ED60000361FEF739FD20B10127384609B0BDE83F
:10ED7000F08300F08DFD80460028F5D100F082FD83
:10ED800020B980481422414603F0D8F87E4D95F80A
:10ED90009134012243F0040385F8552485F8913419
:10EDA00033788DF80C300021013B8DF80D20ADF843
:10EDB0000E100C2B00F2BA80DFE803F007B8B8B8E9
:10EDC0007880B8B88FB8AC99A800D5F8407317F020
:10EDD0002007C9D196F80490B9F1020F46D1DFF8A7
:10EDE000AC916B4CFEF74AF83A4696F9051099F843
:10EDF000480001F032FA89F83900B37989F83830DF
:10EE0000384607238DF80D30FDF7CCFFFF2304F5BE
:10EE10008670A5F80C3185F80471C5F8084102F038
:10EE2000A1FF04F58A7002F057FF3846FDF714FE83
:10EE3000074600284FD096F9051099F8480001229E
:10EE400001F00BFA89F83900D5F894343361002FBA
:10EE500070D000F017FD002887D195F8913485F81F
:10EE60001A0460F3820385F891347EE7B9F1010F4B
:10EE70004FF002035AD1454C8DF81C3094F84800ED
:10EE800084F81D7104A901F089F9337984F83031CF
:10EE90008DF80D708DF80E90FDF79AFC95F8913471
:10EEA00043F0100385F89134C846CDE7002202A94B
:10EEB000022000F01BFB70B11327C5E7354BB28869
:10EEC000DB6B96F90C10B0689847D5F8403343F0E7
:10EED0000203C5F840330027B6E704A90D2000F06F
:10EEE0007BFB0028F7D0002202A90D20E1E7274B89
:10EEF00093F81831D3B9347904F0070000F0D3FA4D
:10EF00008DF80840012202A91020D2E7002202A9B0
:10EF10001220CEE78DF80F2000F0B6FA044638B97B
:10EF200000F0AFFA204600F0B1FAD4E702278BE7F1
:10EF3000012789E703A800F0F9FBB8F1000F3FF4BF
:10EF400014AF154B1A784AB901221A701348144BA2
:10EF500000973A464FF0FF3105F030FAD5F84033CC
:10EF60000E4843F48073C5F8403305F085FA0A2152
:10EF70000A4805F009FB094805F0CCFAF5E6032735
:10EF8000F3E600BF3CE90020E8E4002024DF002095
:10EF9000EAE4002008960108B4D8002084E90020A3
:10EFA000F9C700082DE9F04F99B08046059118B9CE
:10EFB000032019B0BDE8F08F00230361FEF70CFCBD
:10EFC0000446002840F0A58046460FCE0EAD0FC582
:10EFD0001422524898F800A0B8F80C7098F90EB0B6
:10EFE0004F4E214602F0AAFF4E4B012283F84124E6
:10EFF00096F83021022A25460BD196F81821022ACC
:10F0000007D196F81E2122B9BAF1010F38BF4FF08F
:10F01000010ABAF1010F2BD0BAF1030F2AD0BAF1CD
:10F02000000F33D102229DF83C30DDF8409002936E
:10F0300062F34715012496F87C108DF832100222F5
:10F040000CA996F848008DF8302001F099F896F850
:10F050001A3196F830C196F81D1140B2002B63D0DA
:10F06000BCF1010F57D1002955D1002C61D153E0DB
:10F070000422D8E70023DDF83C90BDF840709DF9EC
:10F0800042B0029365F01F050124D4E74FF0000B56
:10F09000D946CDF808B0CEE74FF0010084F81A0445
:10F0A000D2E005F2B2420BA900F0D4FA002800F039
:10F0B00015811320049B33871A4B002283F81A24EE
:10F0C00023E105F2B2452A460BA900F0C3FA002855
:10F0D000EFD10B9B84F82801C4F82C5184F830310F
:10F0E000FCE0B9F1000F00F0F980002A00F0F68092
:10F0F0004946E01C02F00EFF94F8373201332380BA
:10F10000ECE01220D6E70220D4E70720D4E7132052
:10F11000D2E701204DE7FCB90220F6E028E9002003
:10F1200024DF0020E8E40020002CF5D05845B8BFCB
:10F13000584696F87C308DF82000052296F8480055
:10F140008DF8223008A901F02EF800283FF430AFE6
:10F150009DF8203086F839306F4A704BD2F8980409
:10F16000D3F8904038B105F04DF96C4B84423CBF68
:10F17000002283F83A20198F1A8F93F830010491F6
:10F18000996A099152BA0028BFD093F81B0100B9BF
:10F19000186393F81801ADF85820013893F87C20D3
:10F1A00093F81A411491D0F1000BD3F888108DF820
:10F1B0005B204BEB000B93F8482093F83A0093F850
:10F1C00068308DF85A3009AB0093554B03904FF0DF
:10F1D00001008DF84C0015918DF85C20A3F12F01F2
:10F1E000A3F1300213A88DF84D4000F0DBF8039B2B
:10F1F0004FEA0B1B4BEA431B00264BEA801B4BEAF2
:10F20000C413B145444C039308BF37463A464946B8
:10F2100004F59C70CDE90A669B46268084F81A6442
:10F2200002F078FEE9B2A570C5F34215FAB2042DDA
:10F230003A4E039B84F837223FF42EAF072D3FF45C
:10F2400050AF022D7FF45FAF364D84F80D110420CE
:10F25000029984F80401FF2084F80C0184F8281135
:10F2600084F81431D6F8E410C4F8085105F59B73FE
:10F270000AA8C4F8101184F83021C4F82C3100F029
:10F2800011FC00287FF43DAF0A9BA4F844040BA8AE
:10F29000A4F81631C4F84C3400F0D0F900287FF4FB
:10F2A00008AF0B9BD3B196F93900FDF7B7FA94F884
:10F2B0003732002B3FF405AF0B9B0F2B3FF6F1AE1F
:10F2C00005F58B720BA90F2000F0C4F900287FF41C
:10F2D000F0AE0B9B63F3030B84F814B10598FDF7B4
:10F2E000BBFB00287FF4E6AE099B86F83A00B362C8
:10F2F00000F080F900287FF40AAF94F8913484F884
:10F3000040A443F0010384F89134034BD3F89434C0
:10F31000C8F810304DE600BFE8E4002024DF0020EC
:10F320008CDF0020EAE4002037B50B4D8DF8040097
:10F3300004460F2295F8480001A900F034FF40B1BF
:10F34000064A85F81C4192F8913443F0200382F874
:10F35000913403B030BD00BF24DF0020E8E400207A
:10F3600010B5FFF795F8044688B90A4805F084F807
:10F37000094805F081F8094805F07EF800F094F896
:10F38000FDF77CFD064BDB6A9847204610BD012443
:10F39000FBE700BF50E8002068E8002080E800207C
:10F3A000089601082DE9F04F8BB047780093149B25
:10F3B00090F90C8090F90D6090F80EB08A46416883
:10F3C000196004469146002F58D002238DF8103062
:10F3D00004A9C37B007C8DF8123000F0D1FEB4F894
:10F3E00008C0618943B26068984545466144B8BF2A
:10F3F0001D46604534BF00270127884209D30A21F2
:10F400008DF81010207C019304A900F0B9FE019B37
:10F4100046B2B4F808C0608961680CEB400E7145D3
:10F4200019D3A1EB0C01B1FBF0FC00FB1C1191B94D
:10F43000984503DC2378CBB94FF0010B21238DF8DD
:10F440001030207CE37B8DF8115004A98DF8123028
:10F4500000F096FE45B2009B8AF80050384689F8C5
:10F46000006083F800B00BB0BDE8F08F0223207C71
:10F470008DF8243006A900F091FEDDE74546EAE765
:10F48000704770477047704700207047704770475B
:10F490007047002070470020704700207047002010
:10F4A00070470020704770477047704702207047D0
:10F4B0000220704702207047704700207047704755
:10F4C00070470020704700207047704770477047B2
:10F4D00010B5054C4FF403722046002102F02EFDBA
:10F4E0000020C4E9000010BD1CEA00202DE9F8430B
:10F4F0008146904600293CD01F4C2023224604F12F
:10F50000100012F8017F6FBB8242FAD11B4E3368A4
:10F51000013403B93460736803B11C6000252560B1
:10F52000C4F8088074601FFA88F284F80490601DA3
:10F5300002F0F0FCB9F1110F4FF0000398BF104D2D
:10F540006373D6F8083298BF25FA09F503F1010371
:10F5500098BF05F0010543442573C6F808323846C4
:10F56000BDE8F883013B13F0FF030446C6D1022730
:10F57000F5E70127F3E700BF23EA00201CEA00209B
:10F580002007020010B518B3124A1368984204D13C
:10F5900003681360002305E00B46002BFAD01968BE
:10F5A0008842F9D15168884208BF53600BB10168A5
:10F5B0001960D2F808328168013B00245B1A0460AC
:10F5C0002146C2F80832102202F0B8FC204610BDD5
:10F5D0000120FCE71CEA0020054B1B6813B11A79D7
:10F5E0008242FAD1002B0B600CBF03200020704731
:10F5F0001CEA002010B5054B186800B910BD037B4C
:10F6000004680BB9FFF7BEFF2046F6E71CEA0020AE
:10F6100038B5084B084C186800B938BD037905683F
:10F62000112B05D824FA03F3DB0701D5FFF7AAFF56
:10F630002846F1E71CEA00202007020028B1044B0D
:10F64000D3F808320360002070470120704700BFE4
:10F650001CEA00202DE9F04107460E46154642B34C
:10F6600039B3154B1C6800232CB93046FFF7E6FF71
:10F670000020BDE8F081A268F91A0132914215D349
:10F680002279EA54581C22895FFA80F8611D55FAE4
:10F6900080F002F03FFCA368246898445FFA88F386
:10F6A000E2E720462568FFF76DFF2C46002CF8D1D5
:10F6B000DBE70120DDE700BF1CEA00200238C0B212
:10F6C00011289ABF014B185C00207047238F010856
:10F6D00030B50B4B93F820200446084672B1002148
:10F6E0001C330578A54208D001319842CDB214BF31
:10F6F00004301038AA42F4D8002030BD1046FCE790
:10F7000028EC002010B5084C00232060142204F1DE
:10F710000C00FF2184F82030C4E9010002F00EFC47
:10F72000012384F8213010BD28EC002010B50E4ACA
:10F7300092F82010042915D8936804781C70447836
:10F740005C70C478807898700131DC7082F8201089
:10F7500002F11C018B4214BF043302F10C039360CD
:10F76000012010BD0020FCE728EC0020094B93F895
:10F77000200068B15A6803F11C018A4200F1FF3091
:10F7800014BF043203F10C0283F820005A600120F8
:10F79000704700BF28EC002010B5074B93F82020DD
:10F7A0000446084632B15968FFF792FF10B10123B1
:10F7B0004470837010BD00BF28EC002008B5064BD4
:10F7C00093F820202AB15968FFF782FF08B14078EA
:10F7D00008BD0120FCE700BF28EC002030B50A4A34
:10F7E00092F82010536882F8210061B191680124D9
:10F7F0001C32DD78587005B99C70934214BF0433F5
:10F80000103B9942F5D130BD28EC002008B5044BDF
:10F810005968FFF75DFF003818BF012008BD00BF21
:10F8200028EC0020F7B50422154E044600210DEB0C
:10F83000020096F8207002F081FB0025EBB29F4297
:10F8400001D803B0F0BD7368197821705A786270DE
:10F85000987838B1336820469B689847FFF786FF51
:10F860000135EBE7DB788DF804108DF805208DF875
:10F870000730FFF77BFF01A8FFF758FFF0E700BF55
:10F8800028EC0020014B93F82000704728EC002062
:10F89000034B93F82000042894BF002001207047F8
:10F8A00028EC00201FB50024CDE90244C41F8DF8C8
:10F8B00000408DF801100C0AADF80420090C120C60
:10F8C0008DF803108DF806208DF8073002461B0ACC
:10F8D000012168468DF802408DF8083002F097F952
:10F8E000002818BF0E2004B010BD2DE9F04188B0EB
:10F8F00090460D460F9A0746002847D00024012164
:10F90000CDE904448DF810109DF838108DF81510CD
:10F91000ADF81630190CCDE900441B0ECDE90244B8
:10F920008DF81930ADF81A20130C120E07948DF8CB
:10F9300018108DF81C308DF81D20E3B21E01002D2B
:10F94000F6B203DC002008B0BDE8F08101331021DD
:10F950008DF81F3042466B460DEB010002F0EDF8CA
:10F960000346A8B9102D28463E44A8BF102069467A
:10F97000327811F801CB013382EA0C02984206F882
:10F98000012BF5DC103D2DB20134D6E70920DAE772
:10F990000E20D8E70138032815D8DFE800F0020868
:10F9A0000C100A4B1B681B690B6000207047074B4B
:10F9B0001B685B69F8E7054B1B689B69F4E7034B21
:10F9C0001B68DB69F0E70520704700BF4CEC0020A6
:10F9D0002DE9F041C4B00C464A9E17461D468046AC
:10F9E000B8B3B1F5807F36D84FF4887200216846ED
:10F9F00002F0A4FA492300934FF48073ADF8043069
:10FA00002B0C8DF80830330CADF80650ADF80A60B9
:10FA10008DF80C3022460023414604A82D0E360EE8
:10FA20008DF80E308DF809508DF80D608DF80F406F
:10FA300002F070FA04F110014B9A3B4689B2684615
:10FA400002F065F810B1012818BF0E2044B0BDE8DF
:10FA5000F0810920FAE70D20F8E7000010B590B119
:10FA60000A4C28220021206002F068FA2368084A24
:10FA70001A6000204FF0FF32C3E90302C3E90522F8
:10FA8000C3E9072210BD0820FCE700BF4CEC0020B2
:10FA900000010101024B1B6818600020704700BF85
:10FAA0004CEC002030B1044B1B68DB680133036071
:10FAB00000207047092070474CEC002013B500234C
:10FAC0000C460193CAB101A9FFF764FF18B9019B65
:10FAD000591C02D1146002B010BD99B2611A0029FC
:10FAE00001DD5C18F6E702D113600720F3E71B0C79
:10FAF0001B0403F580331C44ECE70920EBE700000E
:10FB000028B1044B1B681C33436200207047092056
:10FB1000704700BF4CEC002013B50446D8B1114B20
:10FB20001A68938801339BB29380C38200F05FFA16
:10FB300098B904F11803009321680123132201F0FE
:10FB4000DBFF60B9204600F052FA003818BF0120F0
:10FB5000000102B010BD0920FBE71020F9E70E20DC
:10FB6000F7E700BF4CEC0020F0B5054687B01C4617
:10FB700013B9092007B0F0BD2E4E3368DB6883420D
:10FB800055D894F82020002A0CBF0822092283426D
:10FB900005D3204600F05FFA68B11020EAE70023A1
:10FBA00001900093A36894F82810606AFFF79DFE07
:10FBB0000028EED0DEE723792168B4F808C0A768F2
:10FBC000043B9AB20029D4D0B2F5807F2DD8ADF88D
:10FBD0000EC08DF817304FEA174C04F12C033F0E7E
:10FBE0008DF8117000932F0C08234FF0490EADF8DB
:10FBF0000C008DF814708DF816002F0E0DEB03001D
:10FC0000CDF808E08DF810C0ADF812508DF81570E1
:10FC100001F072FF08B10E20ACE7204600F01BFA9D
:10FC20000028BAD13368DD60A4E70D20A2E70620E2
:10FC3000A0E700BF4CEC00202DE9FF410A9D804663
:10FC40000F4616461C46002D5AD0002303A9104625
:10FC50000393FFF79FFE18B1062004B0BDE8F081C2
:10FC6000039B9C4201D80133F6D1284600F064F989
:10FC7000002847D1264B1A78424503D01A794245CD
:10FC800042D10120AA68BA4240D103EB8002EB6A5C
:10FC900092F801802979CDE90043043992782868E7
:10FCA0003B4689B2FFF794FE0028D6D195F8203064
:10FCB0000194002B4FF00103009314BF4246082229
:10FCC00095F82810686A3B46FFF70FFE0028C4D15C
:10FCD000013E032EC1D8DFE806F002070B0F0D4BE3
:10FCE0001B681C611C62B8E70A4B1B685C61F9E782
:10FCF000084B1B689C61F5E7064B1B68DC61ACE7B1
:10FD00000920AAE70F20A8E70B20A6E70220A4E716
:10FD100020B200204CEC00201FB50B294FF000034F
:10FD2000CDE90033CDE902330A4607D00C2914D0BF
:10FD30000A2910D00A2005B05DF804FB012802D181
:10FD400020238DF800300021684601F060FF002874
:10FD500018BF0E20EFE73023F3E70B21F4E7000094
:10FD600038B5054601F04EFF044610B10E2420467A
:10FD700038BD002DFBD1094B1B680B219878FFF78C
:10FD8000CBFF0028F2D10C21FFF7C6FF0028EDD1F0
:10FD90000A21FFF7C1FF0028E9D0E7E74CEC00207B
:10FDA0002DE9F04380468FB00C461746002A6BD0F1
:10FDB000002969D0002529461D2206A8059506F0D0
:10FDC00030FB8DF81350344D2B680DF114099E88CB
:10FDD000CDF804900DF1130302933B7900933B6837
:10FDE00032462146404601F02EFF00284ED13868A9
:10FDF0003A79494602F08EF8384600F04FF800286C
:10FE000046D13C7AFA79BB79240444EA02241C43A3
:10FE10002B689A6894423DD99C609DF813000B2191
:10FE2000FFF77AFF034658BB0C21FFF775FF034627
:10FE300030BB0A21FFF770FF034608BB7B7ABA7A12
:10FE4000FF7A3F0447EA02271F433A4633462146DA
:10FE50000920FFF727FD034690B933463A4621466D
:10FE60000820FFF71FFD034650B92A689DF81310BC
:10FE700091700021D1604FF0FF31C2E9041191610E
:10FE800018460FB0BDE8F0830923F9E70E23F7E722
:10FE90000F23F5E70323F3E74CEC002010B50446ED
:10FEA000002845D00168002942D011F8013B437178
:10FEB0000322063002F02EF82046032250F8091BD8
:10FEC000043102F027F82168CB79E3600A7A43EA2B
:10FED0000223E3604A7A43EA0243E3608A7A43EA10
:10FEE0000263E360CB7A23740B7B63742379212B49
:10FEF0001AD110220D3104F1120002F00BF81D226C
:10FF00002168501C8B5C6362085C43EA0023901CF0
:10FF10006362085C033243EA004363628A5C43EA3B
:10FF200002636362002010BD112B03DC0D22E7E7A2
:10FF30000220F8E70120F6E710B50446002854D067
:10FF40000168002951D00B7843714B7883608A781F
:10FF500043EA02238360CA7843EA024383600A7952
:10FF600043EA026383604B7903738B79C381CA7957
:10FF700043EA0223027BC38102F00F0208311030F2
:10FF800001F0C8FF237B002203F00F0384F8202038
:10FF900084F82820227903F10800111A04290DDDC4
:10FFA00021680933043AD21A085C84F82000D2B2DE
:10FFB000606A84F82820194401F0ACFF2379226894
:10FFC0001A44002012F8043CE36212F8031C43EACE
:10FFD0000123E36212F8021C43EA0143E36212F8D0
:10FFE000012C43EA0263E36210BD0220FCE710B576
:10FFF000044660B3036853B30279162A29D94279BB
:020000040801F1
:100000001A700146082251F8060B013001F08CFFEE
:100010002146082251F80E0B093001F085FF2368B4
:10002000E28A5A74E38A22681B0A93742368A269DD
:10003000DA74A36922681B0A13752368628B5A75E8
:100040002368E27E9A7517232371002010BD0120DA
:10005000FCE70220FAE738B50446002863D00168BF
:10006000002960D0037B90F8282003F00F03002ABA
:1000700057D10833207904321344984255D3637919
:100080000B702368A2685A70A36822681B0A9370D9
:1000900023686289DA702368E27A1A712368227B06
:1000A0005A712368E2899A71E38922681B0A214602
:1000B000D371227B51F8100B02F00F02083001F0CF
:1000C00029FF237B94F8282003F00F0303F1080590
:1000D0002AB1226894F82010515503F109052068CF
:1000E00094F82820616A284401F014FF94F828301D
:1000F0002268E16A2B44D1545A1CE16A206892B20A
:10010000090A81549A1C2168E08D92B28854DA1C45
:10011000216894F82F0092B2043388542371002090
:1001200038BD0933A6E70120FAE70220F8E700000E
:10013000024B1A8810431880704700BF50EC002013
:1001400008B5074B1B883BB1FEF7A2F9002814BF86
:100150006FF00200002008BD6FF00100FBE700BF58
:1001600050EC002010B5034B00241C80FEF786F9EC
:10017000204610BD50EC0020B0FA80F040097047D6
:1001800082B018B9084602B000F0CAB8002002B028
:10019000704710B9084600F079B9704710B90846A1
:1001A00000F090B970470346084611460BB900F0BD
:1001B000DDB90020704710B9084600F039BD70471E
:1001C00010B9084600F0FEB90020704710B404468C
:1001D000084611461A46019B14B910BC00F00CBA2F
:1001E00010BC70470346084611460BB900F036BAFA
:1001F0000020704710B40446084611461A4614B948
:1002000010BC00F0A3BA002010BC704730B4054603
:10021000084611461A46DDE902341DB9029430BC85
:1002200000F022BB002030BC704710B9084600F037
:10023000D3BB0020704710B9084600F037BD00203E
:10024000704710B9084600F0E2BB0020704710B9B3
:10025000084600F0DFBB0020704703460846114601
:100260000BB900F0F9BB0020704710B404460846F3
:1002700011461A46019B14B910BC00F0EFBB0920CF
:1002800010BC704710B40446084611461A4614B90B
:1002900010BC00F02DBDC8B210BC704700487047BC
:1002A00003000102064B10B51B6A0446984730B1A3
:1002B0000448054B204498428CBF0020012010BD0B
:1002C00008960108403576C9405DC600F0B5114B6F
:1002D00085B00C4610491F56054600F089FF0F4BAC
:1002E000E4B25E6A072D4FF00103CDE902430146F7
:1002F0000AD105220023CDE900234FF47A727A4314
:100300001846B04705B0F0BD08220020CDE9002016
:100310003A46F5E7F08F0108D08F010808960108EA
:100320001FB5002300930378013B372B21D8DFE86A
:1003300003F01C242020201E202020204143454E75
:100340002055585B5E6164206C1E6E73787A7D2048
:100350007F832620202020202020202020202020D5
:1003600085878C2020858C208E92C3780BB1022348
:100370000093009805B05DF804FB8378F6E74378B6
:100380008DF8043007238DF805308378003B18BFC3
:1003900001235B008DF8063010238DF80730314BB8
:1003A0001B6801A803F55872CDE9022300F000FF95
:1003B0000090DEE74023DBE72023D9E7827890F93D
:1003C000013012B9284AD35CD2E7284AFBE7827889
:1003D00090F90130002AF8D1254AF4E740F6B83305
:1003E000C6E74FF47A73C3E74FF4FA63C0E741F20C
:1003F0008833BDE741F27073BAE71E484FF47A7153
:1004000001F06CFD00F5FA60D2E71B4BB0E7154B2D
:100410001B6803F55873ABE7124B1B6803F55B735E
:10042000A6E71023A4E70F4B1B68A1E701239FE772
:100430004FF0834300939CE7104BFBE7104B97E78B
:1004400040F21113ADF8003093E7032390E790F9E1
:1004500001300C4AB7E70C4990F9010000F0C8FEE2
:10046000A6E700BF58EC0020C58F0108B58F010832
:10047000BD8F010818FCFFFF00EA06379A99094072
:1004800040F70937F08F0108D08F010837B50B4BC3
:1004900002781B680C2101FB02335B7A03EB4304F7
:1004A000074B1D6803690093C3684278816805EBB8
:1004B000C40000F0A7FC03B030BD00BF58EC002022
:1004C00054EC002030B587B0027B6423ADF80030D7
:1004D000012A4FF00003CDE90133CDE903338DF854
:1004E00002308DF8143028D0022A2FD01ABB0368AE
:1004F0000BB34368FBB11A4C80682360194B182278
:100500006946186001F006FD174B246893E8070060
:100510000C3384E8070093E8070004F10C0503237B
:1005200085E80700A4F86C33012204F55B7104F53B
:10053000587000F058FC07B030BD094908684360A6
:10054000036100F55B7100F55870F2E7044B1B681E
:10055000B3F86023B3F86C130A43A3F86023EAE707
:1005600058EC002054EC00202085010808B5034613
:100570000A2924D8DFE801F006232323230B161BC6
:1005800023212100BDE808400068FFF78BBE90F9E9
:1005900000009978072271B900F0E5FB003818BF18
:1005A000012008BD052293F900000021F4E790F92D
:1005B00000005978EEE70221EEE70722F3E700207A
:1005C000EFE7000008B502791AB1012A0BD000202C
:1005D00008BD084B01681B68012203F5587000F044
:1005E00002FC0120F4E7034B01681B6803F55B7014
:1005F000F5E700BF58EC0020F7B50728144D1C465E
:10060000A8BF072058700E462946174600F0F0FD97
:1006100094F90130A070072B13D1322000F0E8FCD0
:100620000C4BDB6D0546984704F10C020834034679
:10063000019200943A463146284600F0DEFC03B0B1
:10064000F0BD054A55F82310D05C00F0C9FCE7E77F
:10065000D08F010808960108F08F01082DE9F04FAE
:10066000344F90F901607B68D0F804908BB0044659
:10067000884698470546002859D1E37C73B92E4A2D
:100680002378126803EB4303990002EB8303D3F84A
:100690000490B9F1000F01D152F80190274B484660
:1006A00013F906B0FB689847A37C2289D7F818A0F5
:1006B0000993072E28D100230121CDE90223204AE6
:1006C0000693CDE90431CDE907330521CDE90021B9
:1006D0004FF47A7202FB0BF24CF250311846D047BD
:1006E000637C13B3174B995D7B6D0D31C9B22846FE
:1006F0009847E07C3246494600F08CFD88F800605F
:1007000001200BB0BDE8F08F002101250823CDE9C1
:100710000013CDE90715CDE90511CDE903110292CA
:10072000A1782B465A462846D9E7074BDBE700203D
:10073000E7E700BF0896010858EC0020F08F010899
:1007400085450100BD8F0108C58F01082DE9F04FD7
:100750008DB090F90130DFF8FCA0DFF8FC90CDE916
:100760000A123E4A12F903B00278DAF800300C257A
:1007700005FB02333A4A5B7A126803EB430302EB50
:10078000C303044693F9021090F9020000F02BFD18
:100790003449064694F9010000F02AFDA268616818
:1007A0008046304600F051FC2178DAF80020D9F874
:1007B0000C306943074650589847D9F81C309C467E
:1007C00094F901300025072B4FF47A63CDE90753E4
:1007D000CDE905552DD10123CDE903530523CDE9FD
:1007E00001534FF47A7303FB0BF3009339464346EE
:1007F00046F2A81228466746B8472378DAF8002060
:100800000C214B4394F90110D05800F025FDA1892B
:1008100094F90100FFF75AFD0B9B217B1860D9F872
:100820005430284698470A9B01201E700DB0BDE841
:10083000F08F01200823CDE90350CDE901032A46BA
:10084000CDF800B0654643463946A8470120054625
:10085000D3E700BF58EC002008960108F08F01088C
:1008600054EC0020D08F01082DE9F04F8FB0002408
:1008700005468A46914698460494ADF81440ADF872
:10088000024007264FF0010B2B7AA34206D9686875
:1008900004A9204400F03CFB00285DD102238DF820
:1008A000083002A86B7A8DF80A30FFF739FDAB7A71
:1008B0008DF81D309DF811308DF81E309DF81230E6
:1008C0008DF81F309DF810308DF82030EB7A8DF8C0
:1008D00021302B7B8DF822306B7B8DF82330102359
:1008E0008DF81C608DF824303A4E8DF82C000DF1F7
:1008F00002030A93072332688DF82D30ADF83430A7
:100900002B680C9206930DF1120204AB0DF111014C
:1009100006A800F017FB072805460BD130680C220B
:10092000002100F5587001F009FB3368BDF8022082
:10093000A3F860239DF811308AF800309DF812303A
:1009400089F800309DF8103088F80030189B284650
:100950001C700FB0BDE8F08F9DF81330BDF8147017
:10096000ADF802702044C4B2F3B917B3194A00209D
:100970001168072602464FF00C0C062B1BD10CFB0E
:1009800000FE51F80EE0BEF1000F04D00BFA00F2A9
:100990003A4397B2012201301028EED1002A3FF4E9
:1009A00073AFADF802706FE75A1E042A01D9062B07
:1009B000DCD0062668E747FA00FE1EF0010FEAD0F9
:1009C0000CFB00FE51F80EE0BEF1000F08BF06263A
:1009D000E1E700BF58EC002038B505464068FFF756
:1009E00061FC0722841D002195F90000E4B200F0AB
:1009F000BAF908B904F0FD0495F9010007220021B5
:100A000000F0B1F908B904F0FB04204638BD00201D
:100A10007047000010B503780F2B044618D84068C3
:100A2000FFF740FC22780B4902EB42020968831C65
:100A300001EB820051F82220DBB21AB903F0FD036A
:100A400058B210BD032B06BF626842600223F7E76D
:100A50000020F6E758EC0020022070472DE9F04115
:100A60003A4D0446286896B00E46904600211F462F
:100A70000122032300F55870CDE90411CDE90611D8
:100A80008DF80C108DF80D10ADF80E3000F08DF9CA
:100A900030B92A68B2F8603343F00303A2F8603338
:100AA0002A68637A8DF8203002F55871CDE9091271
:100AB000274A94F9083012680B921022ADF83020C2
:100AC0000DF10E020D9222680E9262680F92D4E927
:100AD0000301A27A8DF8402001228DF8412011AA4D
:100AE00082E80300227DE18A8DF8213018468DF8D6
:100AF0004C20FFF7EBFB08AB15930DF10D031490A1
:100B00000093CDF8048003AB04AA39460EA800F088
:100B10000BFB044678B99DF80C10013901F0DEF9A1
:100B200000F158030DEB030010F8483C33702046E9
:100B300016B0BDE8F0810C2801BF2A68B2F8603316
:100B400043F00303A2F86033F1E700BF58EC002044
:100B500054EC0020F8B50679012E054648D90F2E31
:100B600048D80368187A40F303000722002140B2F6
:100B700000F0F9F82B680446187A40F303100722B6
:100B8000002140B200F0EFF8B8B1B4FA84F464097F
:100B900029680B7A086843F3030243F303135BB23B
:100BA00052B29A42C8BF0124FFF77CFB80F00103D8
:100BB000DBB224B10533D8B2F8BD0124E8E7DBB9D4
:100BC0000E4F29683B6806EB460003EB80000C22C1
:100BD00001F0A0F93A680C2303FB062320465C725F
:100BE000B2F860130123B3400B43A2F86033E3E78C
:100BF0000620E1E70320DFE70420DDE758EC0020D2
:100C000010B4017801290ED9084B18680C234B4306
:100C1000C4180022C250C4E9012200F5587010BC6B
:100C2000102200F0A9B8002010BC704758EC00203A
:100C30002DE9F04186B050238DF81430037A102B43
:100C4000074630D14368DD7B6DBB0224A84664268D
:100C5000062C14D87A68535D03932A44517843EAEA
:100C600001230393927843EA02437343CDE90338A7
:100C700063B968468DF80040FFF7C2FF0DE0CDF87C
:100C80000C808DF81480CDF81080F2E703AB01A83A
:100C900001938DF80840FFF75DFF0134E4B2102C9A
:100CA00005F10305D4D106B0BDE8F0811FB5026897
:100CB0000379116849B901A88DF80430FFF7A0FF46
:100CC00078B1032005B05DF804FB02A802928DF80C
:100CD0000C30FFF73FFF042805D0052805D0002879
:100CE000EFD00020EEE70220ECE70120EAE7000069
:100CF000C90020B9034B0B449856C0B27047024B51
:100D0000F9E700BF758F0108358F0108F0B59A42E9
:100D1000069D03DB9DF914309A4220DD0020F0BDD2
:100D200003EB430331F814C005EB830300264CFAB0
:100D300006F7FF0707D51F7A07F00F0E964502DC6E
:100D4000B2EB171F0DDD0136102E03F10C03EED1AF
:100D50000134E4B22301DBB29842E1D8DEE700249B
:100D6000F8E70120DBE7884204DB9042CCBF00209B
:100D7000012070470020704710B51409B4EB111F13
:100D800003464FEA11100ED391420CD202B201F089
:100D90000F0133F81240012000FA01F124EA0101A9
:100DA00023F8121010BD0020FCE7F0B528B100EBCD
:100DB000410501270020914200D3F0BD002435F801
:100DC00002CB234607FA04F636EA0C0608BF0133C5
:100DD00004F1010408BFDBB2102CF3D11844013137
:100DE000C0B2C9B2E7E710B500B149B910BD31F8DA
:100DF000134020F813400133DCB2A242F7D8F5E7E4
:100E00000023F9E782B0019303885AB9642B38BFF5
:100E10006423C26859438A428CBF521A0022C260BE
:100E200002B07047012B38BF0123F2E72DE9F74FDD
:100E30000C4692469846064603F0DAFA304FDFF841
:100E4000C4B00190182313FB0A4A00254FF0FF3964
:100E5000544507D1002D14BF48464FF0FF3003B072
:100E6000BDE8F08F606803F0CDFA0D9B228876BB59
:100E70002549642A49F6AF2C38BF6422634598BFE0
:100E8000394621616EBBB3F5616F2AD3DFF87CC0B0
:100E900049F6AF2E734588BFDC46604504D2A3688F
:100EA0009C4501D163681BB9019BE160C4E9013C29
:100EB0000F9B5A43E368934203D8B8F1000F12D155
:100EC0008EB1012323751D44EDB21834C0E7B8F18B
:100ED000000F04D0012A38BF01223946D1E7E7606C
:100EE000F8E7BC46D9E700238A422375EDD2A26811
:100EF000824228BF131A994528BF99460135E3E776
:100F000080EE3600809B820770460D00803F5C02B9
:100F10000378032B14D1437803F00F021B098A7066
:100F20004B7083788B80C27843EA02238B800379ED
:100F3000C3F3021203F00F03CA700B700520704751
:100F4000002070472DE9F3479A464379057990F9D7
:100F500007609146044690F906208846D3B190F97F
:100F60000870002D37D00F2A1BD194F909200F2EBD
:100F700027D194F90A00072D02D1002F08BF0127BD
:100F800088F8002089F8000028468AF8007002B02E
:100F9000BDE8F08790F90B7090F9092090F90A608C
:100FA000DFE7A369019394F91530009394F91430A5
:100FB0002169207BFFF7AAFE0028D8D105F0FD05A6
:100FC000D5E794F91D00B042D5DC94F91C30B3424A
:100FD00003DA05F0FB053046D2E73046CBE70000E8
:100FE000024B03FA00F0B0FBF1F0704740420F00F3
:100FF0004FF4FA53B3FBF0F0704730B54FF47A7505
:101000000C1F6A4300FB042252001EBF00F1FF3494
:101010001219B2FBF0F2914238BF1146039A1160E7
:10102000820048431CBF013040084FF47A71121A05
:1010300001FB1323002BCABF03F2E73393FBF1F14B
:10104000B3FBF1F1049B196030BD38B54000144684
:101050000D46EFF787FE01462846EFF7D1FD214602
:10106000EFF7CEFDEFF748FA07F0B2F9EFF74CFDD6
:1010700040B238BD2DE9F74F019300239C469E46B0
:10108000048A1E01F6B2B44246D906EB46054FEA81
:101090004309AD000024476837F809702741FF076E
:1010A00029D5876807EB050A7F5927B3077837B931
:1010B000476927B137F809702741FF071BD59AF810
:1010C000087090F901B047F303084FFA88F8D84543
:1010D00011DC47F303177FB25F450CDB9AF8097008
:1010E00007EB4708C76807EBC8073F7D5FB90CF1FE
:1010F000010C5FFA8CFC0134102C05F10C05CAD1EF
:101100000133DBB2BCE70EF1010706EB040801F87E
:101110000E805FFA87FEEEE7019B82F800E083F81D
:1011200000C003B0BDE8F08F2DE9FF4704464068DA
:10113000DDE90C671D468A46914603F063F9236892
:101140001B1A3B604FF000080123337085F80080C4
:10115000636813B12368834224D8D4F81CC0CAF84A
:101160000080A3699CF800E00393D4E9030101AB7C
:1011700083E80300237D0093DCF80C10237A627A65
:101180007046FFF753FE334638602A46E069494609
:10119000FFF770FF2B782BB1C7F80080002004B058
:1011A000BDE8F0873378002B0CBF0C200B20F6E74E
:1011B00037B590F9002090F90250954204460FD0BF
:1011C000013A52B295420BD0A368019394F90130D1
:1011D00000936168E0782B46FFF798FD0028EFD078
:1011E000104603B030BD8842B8BF084670470000C3
:1011F00051F82000054B984205D0054BC31A5842C0
:101200005841400070470120704700BF90D0030054
:1012100020A1070005281FB50ED80C4B53F820302D
:101220000093CDE901120A4B01220021022002F0B5
:1012300035FE05B05DF804FBCDE90012054B012237
:101240000021022002F02AFEF3E700BF60900108AF
:10125000F88F01081790010807B5054BCDE900018B
:1012600001220021022002F019FE03B05DF804FB08
:101270003390010810B5102204460021F13000F02F
:101280005DFE0021C4F814112046F022BDE8104094
:1012900000F054BE02460846102100F0A5B92DE921
:1012A000F0430446D0F8140185B00E46154604F20A
:1012B000011988B3C0F110089045474628BF17466A
:1012C000BAB2484400F026FED4F814313B440F2B48
:1012D000C4F814312DD9A8452BD204F1F00304F53C
:1012E000807113F8012F187C8B4282EA00021A7079
:1012F000F7D104F1F10810224146684600F00AFED9
:1013000022466946684600F0F1F9102269464046D7
:1013100000F000FE3E44ED1B04F5807804F1F10777
:10132000102D09D8AAB23146484600F0F3FDC4F8A2
:10133000145105B0BDE8F08304F1F003711E13F8F9
:10134000012F11F8010F434582EA00021A70F6D10D
:1013500010223946684600F0DDFD2246694668469F
:1013600000F0C4F910226946384600F0D3FD10366B
:10137000103DD5E7F0B589B00C4610220021054696
:10138000684600F0DBFD22466946684600F0AEF98B
:101390009DF90030002B6A464FF0000143DA1378C4
:1013A00012F8010F01315B0043EAD0130F2902F854
:1013B000013CF4D19DF80F305B0083F08703D4F833
:1013C0001401DBB210288DF80F303BD104F5807387
:1013D000694604F5887013F8016F11F8012B9842E3
:1013E00082EA06021A70F6D104F1F00304F5807166
:1013F00013F8012F187C8B4282EA00021A70F7D191
:1014000010220DEB020004F1F10100F083FD2246F1
:10141000294604A800F06AF910220021684600F06D
:101420008DFD09B0F0BD137812F8010F01315B009A
:1014300043EAD0130F2902F8013CF4D19DF80F3094
:101440005B00BCE79DF90030002B6A464FF00001BD
:1014500037DA137812F8016F01315B0043EAD613D3
:101460000F2902F8013CF4D19DF80F305B0083F0A6
:101470008703471CDBB28DF80F30102F04EB0003FD
:10148000C0F10F064FF0800288BF002600F5817082
:1014900083F801210021324620443E4404F0C1FF7C
:1014A000C4F8146104F58073694604F5887013F874
:1014B000016F11F8012B984282EA06021A70F6D1E8
:1014C00092E7137812F8016F01315B0043EAD613FB
:1014D0000F2902F8013CF4D19DF80F305B00C8E7FA
:1014E0000A780378534003704A7843785340437036
:1014F0008A78837853408370CA78C3785340C37026
:101500000A790379534003714A794379534043710F
:101510008A79837953408371CA79C3795340C371FF
:101520000A7A037A534003724A7A437A53404372E9
:101530008A7A837A53408372CA7AC37A5340C372D9
:101540000A7B037B534003734A7B437B53404373C3
:101550008A7B837B53408373CA7BC37B5340C373B3
:10156000704710B50B7814786340037054784B784B
:101570006340437094788B7863408370D478CB78E1
:101580006340C37014790B796340037154794B79CC
:101590006340437194798B7963408371D479CB79BB
:1015A0006340C371147A0B7A63400372547A4B7AA6
:1015B000634043728B7A947A63408372D47ACB7A95
:1015C0006340C372147B0B7B63400373547B4B7B80
:1015D00063404373947B8B7B63408373CB7BD27B71
:1015E0005340C37310BD0000A1F11003DBB2102BF8
:1015F0002DE9F047044604D83A4820FA03F3DB0704
:1016000005D4002382F8F030FF20BDE8F087561E95
:10161000254615F8013B06F8013F631B0B4413F008
:10162000FF00F6D101F11C039B005FFA83FCC3F3BA
:101630000313013BDFF8B09082F8F030884653186E
:101640004FF0010EB8FBF1FA01FB1A8A1AF0FF0AFB
:1016500013F8047C13F8036C13F8025C13F8014CC4
:1016600030D119F806A019F8056019F8045019F8D6
:1016700007404FEADE1707EB47078EEA0A0A07EB37
:10168000C7074FEA4E0EFFB25FFA8EFE87EA0E0ED4
:10169000574692F800A087EA0A071F7057787E40E5
:1016A0005E70967875409D70D57808F104085FFAF1
:1016B00088F86C40C445DC7002F1040203F10403B5
:1016C000C0D8A2E71829E4D9BAF1100FE1D1DFF8A8
:1016D00018A01AF807701AF806601AF805501AF8D8
:1016E0000440D6E701010100789201082DE9F04F8E
:1016F000A3B092F8F0301D911B920193002B00F0E3
:10170000538101461EA8FFF72CFF1B9BA74CA84D39
:10171000A84E10330293002303939DF87C0004909D
:101720009DF886000590205C06909DF87B00079050
:10173000205C089004989DF881C0205C099014F802
:101740000C000A909DF880000B909DF885009DF894
:1017500078809DF87DE09DF882A09DF887900C90A0
:101760009DF87A00029B1C9314F80A2014F80930A3
:1017700014F8081014F80E700D90205C0E909DF86F
:101780007F000F90205C10900B98205C11900C98BB
:10179000205C12909DF8840013909DF879001490BD
:1017A0009DF87E001590205C16909DF883001790A0
:1017B000205C18901398205C19901498205C1A9063
:1017C0000398013003900298DDF804B010300290C5
:1017D0009DF80C00834536D88DF878108DF87A2066
:1017E00009990E9A8DF87C108DF882201199069A2D
:1017F0008DF880108DF87E201999169A8DF8841036
:101800008DF886200A99189A8DF87D108DF887201A
:101810001299109A8DF87B301B9B8DF881108DF8F2
:1018200083201A99089A1D988DF885108DF87F20CD
:101830001EA903EB0B128DF87970FFF792FE0020C2
:1018400023B0BDE8F08F15F808B082EA03008BEAF8
:10185000000016F80EB080EA0B008DF8780015F83D
:101860000E004B40434016F80A0043408DF8793093
:1018700081EA070315F80A10594016F80930594053
:1018800016F808308DF87A107A40534015F8092080
:1018900053408DF87B30089A069B5340049AAA5C0B
:1018A000534016F80C2053408DF87C30DDE90832A7
:1018B0005A4015F80C305340059AB25C53408DF8ED
:1018C0007D30DDE909325A40059BEB5C5340079AB5
:1018D000B25C53408DF87E30069B0A9A5340049ABE
:1018E000B25C5A40079BEB5C5A408DF87F200E9B00
:1018F000109A53400B9AAA5C53400C9AB25C534026
:101900008DF88030DDE910325A400C9BEB5C53407F
:101910000D9AB25C53408DF88130DDE911325A40A6
:101920000D9BEB5C53400F9AB25C53408DF88230B4
:10193000129A0E9B53400B9AB25C5A400F9BEB5C81
:101940001C995A408DF88320169B189A5340139A7D
:10195000AA5C5340149AB25C53408DF88430DDE9A0
:1019600018325A40149BEB5C5340159AB25C5340BA
:101970008DF88530DDE919325A40159BEB5C5340F8
:10198000179AB25C53408DF886301A9A169B5340D2
:10199000139AB25C5340179AAA5C1EA853408DF864
:1019A0008730FFF79DFDB8E6FF2049E778920108F0
:1019B000789101087890010808B538B1044A0549C2
:1019C0001060D82200F0A6FA002008BD0220FCE733
:1019D0005CEC0020742B02080A4B1A6870B50023D7
:1019E00002F1180503EB03142E5D864204D118346E
:1019F00022440A60002070BD01330B2BF2D103207A
:101A0000F9E700BF5CEC00202DE9F041CCB00646C0
:101A1000DDF8488117461C460D4631B3B8F1000F7A
:101A200023D006A8FFF726FC204601A9FFF7D4FF24
:101A30000446B0B9019906A80131FFF72BFC26B185
:101A40001022314606A8FFF72AFC3A46294606A886
:101A5000FFF725FC06A902A8FFF78CFC029BC8F83B
:101A6000003020464CB0BDE8F0810224F9E70000C8
:101A700030B595B013A90446FFF7AEFF002830D16A
:101A80001B4B0C2101FB00F2D5189A5CA2422AD113
:101A9000139B1A7C1092DA7B0F929A7B0E925A7BE0
:101AA0000D921A7B0C92DA7A0B929A7A0A925A7AEF
:101AB00009921A7A0892DA7907929A7906925A79F3
:101AC00005921A790492DA7803929A7802925B78F6
:101AD00001930022AB6800931146064B022002F0EE
:101AE000DDF915B030BD01300B28CBD1F9E700BFCF
:101AF000F09401087893010810B40B2B019C03D8D3
:101B0000019410BCFFF780BF032010BC704730B5B4
:101B10000D4685B01446014668B103AA0020009224
:101B20002A460390FFF770FF18B90398001B18BFEF
:101B3000012005B030BD0220FBE72DE9F0430D4642
:101B4000BFB014469946804620B31BB311F00F0175
:101B500022D1F02201A800F0F1F920466946FFF7F2
:101B60003BFF044648B9009801AA10210130FFF755
:101B70003BFD2E46AF1BFFB21EB920463FB0BDE86D
:101B8000F08301AA09EB070108EB0700FFF7AEFDA0
:101B9000103EEFE70224F0E70524EEE7F0B5184E1B
:101BA0003468024685B00846002304F1180103EBAF
:101BB00003154F5D97421ED10D2A05F1190513D16A
:101BC0000023CDE90033CDE902330C2210216B460E
:101BD000FFF7B3FF0446306810226946284400F03E
:101BE00099F9204605B0F0BD01461022601900F0B9
:101BF00091F90024F5E701330B2BD8D10324F0E74A
:101C00005CEC002009B1FFF7C9BF022070471FB587
:101C10001446A0B10C2A01D10B2912D10023CDE921
:101C20000033CDE902330A466B461021FFF785FFEA
:101C300018B969462046FFF7B1FF04B010BD022075
:101C4000FBE70320F9E7F8B51E46DDE907479DF8F5
:101C500018505BB354B34FB3212D29D819462A46E7
:101C6000204600F057F90122631C691EB018FFF7E7
:101C700064FFF8B9E37ADB093B70EBB963192046DE
:101C800013F8012C13F8021C120642EA014213F861
:101C9000041C0A4313F8031C012342EA0122291FF2
:101CA000FFF735FF003818BF0120F8BD0220FCE720
:101CB0000520FAE70720F8E70420F6E708B5014613
:101CC00030B1044B0822186800F024F9002008BD48
:101CD0000220FCE75CEC002008B530B1044B082280
:101CE000196800F017F9002008BD0220FCE700BFCA
:101CF0005CEC00207FB5124E0023044602A801933D
:101D00000D46FFF7E9FF33685B6901936CB102AAE6
:101D1000082312F8011B41B9013B13F0FF03F8D16E
:101D200002A8A04702A8FFF7C9FF35B1019B23B95C
:101D300001A8A8473368019A5A61002004B070BD19
:101D40005CEC002008B5014638B1054B1868082244
:101D5000104400F0DFF8002008BD0220FCE700BFBF
:101D60005CEC002008B538B1044B19680822114416
:101D700000F0D0F8002008BD0220FCE75CEC002059
:101D8000034B1B6802280CBF196159610020704782
:101D90005CEC002049B1064B1B68D3E90423022800
:101DA00008BF13460B60002070470220704700BF39
:101DB0005CEC002030B58FB0002405460CA80994D7
:101DC000FFF78AFF9DF8373007939DF8363006936A
:101DD0009DF8353005939DF8343004939DF83330E9
:101DE00003939DF8323002939DF8313001939DF8B2
:101DF00030300093224621461E4B022002F04EF85E
:101E00000AA8FFF7AFFF9DF82F3007939DF82E30FB
:101E100006939DF82D3005939DF82C3004939DF882
:101E20002B3003939DF82A3002939DF829300193BB
:101E30009DF82830009322460F4B2146022002F0E5
:101E40002DF809A92846FFF7A5FF9DF82430039334
:101E50009DF8253002939DF8263001939DF8273098
:101E600000932246054B2146022002F017F80FB0DE
:101E700030BD00BFD49301081294010850940108AA
:101E800008B50020FFF7F4FD0120FFF7F1FD092060
:101E9000FFF7EEFD0820FFF7EBFD0020FFF78AFFBC
:101EA000002008BD10B504460B20FFF7E1FD0C2013
:101EB000FFF7DEFD0920FFF7DBFD0820FFF7D8FD67
:101EC0000A20FFF7D5FD2046FFF774FF002010BD64
:101ED000014B1860704700BF28B200200B4A30B594
:101EE00014680B4D43F2390305FB04331360091AE0
:101EF0006FF00042B3FBF2F2C2EBC27201319B1AE7
:101F000093FBF1F201FB1233184430BD28B20020DC
:101F10006D4EC64101380A44914200D1704711F814
:101F2000013B00F8013FF7E710440A44914200D119
:101F3000704711F8013B00F8013DF7E704F071BA72
:101F400030B530B10A4D01444FF0FF33814201D129
:101F5000D84330BD10F8012B5340082243F300044E
:101F6000013A2C4092B284EA5303002AF6D1EDE7FD
:101F70002083B8ED01207047034B1B6813B15B68E9
:101F800003B11847704700BFECEC0020034B1B68FF
:101F900013B1DB6803B11847704700BFECEC0020B9
:101FA000012070470120704701F01EB901F008B907
:101FB00010B501F0F3FD0E21044640F61F1001F0AC
:101FC000FFF82046012101F0D3FDBDE8104001F0EB
:101FD000B1BA000070B50C4E01EB40030D46B3657D
:101FE0004FF6FF71002304461A46084601F038FBFD
:101FF00096F85600002101F0BBFD29462046BDE8B9
:10200000704001F06FBA00BF90EC002010B504469C
:1020100001F084FE012818D101F088FE34B1104887
:10202000214602F0B1FA0E4802F074FA0D4C00217C
:1020300094F85600A16501F09BFD63786BB16FF0D9
:102040007F40BDE8104001F031BA002340F2622128
:102050001A46084601F004FBE0E7A0688001F0E7BB
:1020600060EC002090EC0020002001F09FB90000FF
:1020700008B501F09FF80438C0B2032896BF024BA0
:102080000020185C08BD00BFD295010808B501F01A
:102090009AFD033008BD01F029B901F0E9B808B58F
:1020A00001F0E0FC08BD000038B50D46144601F013
:1020B0003DFB284601F072FD0E21054640F61F103B
:1020C00001F07EF828460121074D01F051FD01F095
:1020D00031FA4FF47A716143284602F055FA2846E6
:1020E000BDE8384002F016BA78EC002001F01EBBC3
:1020F00008B5084B002193F8560001F039FD002384
:102100004FF4C0711A46084601F0AAFABDE808402B
:1021100001F004BA90EC002010B5044601F0FEFD79
:10212000012818D101F002FE34B11048214602F016
:102130002BFA0E4802F0EEF90D4C002194F85600EF
:10214000A16501F015FD63786BB16FF07F40BDE8CC
:10215000104001F061B9002340F262211A4608469E
:1021600001F07EFAE0E7A0688001F0E760EC002073
:1021700090EC002008B54FF0040001F0FDF8BDE838
:1021800008400220F2F7D8BE08B500231A461946C7
:10219000184601F065FABDE8084001F053B90000A7
:1021A0001D4B73B51D4D186000241D486C70C5E9AA
:1021B0000144AC6501F07EFAAC8101F0E9F92146F9
:1021C000204601F031FC21460422012001F0E2FA10
:1021D000144E154D4FF6FF7123462246084601F076
:1021E0003FFAFFF7C7FF2246104B00944FF0FF3134
:1021F000304602F0E3F80E4B009422464FF0FF31D8
:10220000284602F0DBF8304602F036F9284602B0E4
:10221000BDE8704002F030B9ECEC002090EC0020FA
:10222000A531010878EC002060EC0020791F01083E
:102230008D1F01080128084805D1084BC177197086
:102240000E3001F08DBB437D012B03D1034B817513
:102250001970F5E7704700BF90EC00202CB2002009
:102260000D4B10B5044618735873012000F016F892
:102270005CB134214FF4E86000F0A2FF4421BDE8D6
:10228000104040F2417000F09BBF14214FF4E86011
:1022900000F096FF2421F2E790EC002038B5114CB5
:1022A0000546207001F047FD052D04D8DFE805F054
:1022B000090B03171709032001F056FA0023637373
:1022C00038BD0020F8E7012001F04EFA207B637B47
:1022D0008342F5D06073BDE83840FFF7C1BF0220EC
:1022E000EAE700BF90EC00202DE9F0431E4687B0DE
:1022F00000230546CDE901330C46174601F00DFDDC
:10230000032D5BD8DFE815F07A00C1000C01040052
:10231000A27C082A69D8A16801A801F0C5FE21683D
:10232000002962D042F210729142E37C874D50D86E
:102330000322AA7385F83820E96385F844304FF00A
:1023400002086368A17DDB002B820423AB74A37CAD
:10235000DB00EB7402294FF000032B75637D02D084
:10236000227D022A46D103F10F02D2B2012A01D9FD
:10237000012B3AD1764B774A196803944FF0010943
:1023800003A88DF8149001F0C5FC70BB287685F881
:1023900017906875FFF768FE4046FFF77FFF6E48AD
:1023A00001F072FA6D4801F0DBFA01A800F070FF4D
:1023B000208A00F041FFA08900F086FF384601F036
:1023C000EDFB624C84F8560001F0ACFC6660002026
:1023D0000DE04FF00008E963890885F80E8085F864
:1023E000388085F844302964ABE74FF0FF3007B000
:1023F000BDE8F083EB7529766A75CBE72368002B7F
:10240000F3D0A27C082AF0D8504DA16801A801F0B1
:102410004BFE002385F838302268EA63E27C85F8B9
:102420004420A269AB732A646268D2002A82042223
:10243000AA74A27C2B75D200EA74A27D022A02D073
:10244000237D022B1CD1627D02F10F03DBB2012B35
:1024500001D9012AC9D13E4B3E4A196803944FF075
:10246000010803A88DF8148001F054FC0028BCD1A9
:10247000287685F817806875FFF7F6FD00208CE751
:10248000617DE9752A766B75F6E7304D012185F897
:102490003810227885F85020637885F85130A37879
:1024A00085F85230E3788B4202D0022B03D03BB93F
:1024B00085F8533004E00B3A012A29D885F85310E7
:1024C0004FF0010885F80E80A388AB83A379AB7722
:1024D000E37985F82030237A85F82130FFF7C4FDB1
:1024E0004046FFF7DBFE1C4801F0CEF91B4801F027
:1024F00037FA95F85130062B40F689000AD100F0E2
:1025000073FE00F0FB0140F6890000F059FE55E72C
:102510000023CDE700F068FE40F00401C9B2F2E705
:102520002368013BB3F57A7FBFF45FAF0320FFF769
:10253000B5FE0648022380F83830236883641623EA
:1025400080F84C30383001F09FF937E790EC0020EC
:10255000ECEC002078EC0020C8EC00209EEC002081
:10256000F0B51E4687B00023CDE901331446074677
:102570000D4601F0D2FB002C724C16BF0123002344
:102580000026637027B1012F7AD0002007B0F0BD7C
:10259000AB68002B00F0D380EB68002B00F0CF80FD
:1025A000AA7F082A00F2CB80296901A801F07CFDEE
:1025B0002868003818BF012000F0C6FF84F8387082
:1025C000AB68E36395F8203084F84430686801F024
:1025D00047FBA77384F84500EB68DB002382EB7FA1
:1025E000A374AB7FDB00E37495F82130237595F875
:1025F0002230002B3ED12A7D95F82410A2750229A5
:1026000095F8232001D0022B36D102F10F03DBB263
:10261000012B02D9012A40F0928000238DF814305A
:10262000494B4A4A1968049503A801F073FB002836
:1026300040F0858001232076E3756075FFF714FD77
:102640000020FFF72BFE424801F01EF9414801F03F
:1026500087F901A800F01CFEA88B00F0EDFD288B87
:1026600000F032FE4FF4FA53AA687343B3FBF2F35F
:10267000A3608AE7FF22BFE7E27521766375DDE795
:102680002B8E002B5BD095F83230A86A012B0CBF43
:1026900095F83370FF27003818BF012000F054FF71
:1026A000F0B200F05DFF012184F8381095F82C207D
:1026B00084F8502095F82D3084F8513095F82E305C
:1026C00084F8523095F82F308B4202D0022B03D081
:1026D0003BB984F8533004E00B3A012A27D884F838
:1026E00053102B8EA38395F83230A3770126AB8E3F
:1026F0002384A673E777FFF7B7FC3046FFF7CEFDDC
:10270000134801F0C1F8134801F02AF994F8213078
:10271000B34240F236700CD100F066FD00F0FB01D0
:1027200040F2367000F04CFD4FF6FF73A0E7002337
:10273000CFE700F059FD40F00401C9B2F0E74FF0D7
:10274000FF3023E790EC0020ECEC002060EC002050
:10275000C8EC00209EEC00202DE9F04F85B08246A9
:102760000E9DBDF840809DF844709DF84890019101
:1027700093461E4601F0D1FABAF1010F524C54D0E3
:10278000BAF1040F00F09180BAF1000F3AD10B2298
:10279000304684F8442084F838A0E56301F060FAFC
:1027A0004FEAC803B9F1000F238241F604036382A4
:1027B0000CBF0123F223E37587F001070123237681
:1027C00084F84500C4F840B084F80EA084F814A042
:1027D0006775FFF749FC5046FFF760FD04F13800CC
:1027E00001F052F804F10E0001F0BAF8374A10680F
:1027F000516802AB03C302A800F04AFD40F2FF108B
:1028000000F01AFD019801F0C9F90E2184F8560074
:1028100040F61F1000F0D4FC94F8560001F082FA44
:10282000169B636005B0BDE8F08F294984F838A095
:10283000EAB2895D84F8502076BB0B3D012D8CBF38
:1028400000250125053A012A04D8B8F10C0F38BF3C
:102850004FF00C081F4B9DF83C201B7884F8535018
:10286000E37701259DF8543084F8511084F8522004
:1028700084F82130A573A4F81C80A77784F82090F1
:10288000FFF7F2FB2846FFF709FD134800F0FCFFB5
:10289000124801F065F8B5E7012E04D1A5F10C034B
:1028A0005D425D41CEE70025CCE75046FFF7F6FCE0
:1028B000022384F8383004F138001623A56484F824
:1028C0004C3000F0E1FF9DE790EC002038850108D6
:1028D000049601082CB20020C8EC00209EEC0020D9
:1028E0002DE9F04F87B0DFF8B4B29DF864A09DF8F1
:1028F0004C90029314469DF854309DF85020BDF83A
:102900004880039205468BF801A0BDF8446001930E
:102910000F4601F002FABAF1000F18BF4FF000089D
:10292000DFF87CA2039AB9F1000F08BFFF22012D46
:102930008AF8002000F0C880052D48D0002D40F016
:10294000C080284600F000FE0B2238468BF8442059
:102950008BF83850CBF83C4001F082F9019B8BF8A2
:10296000450041F60402002BABF812209AF8002033
:102970008BF816200CBF0122F2228BF81720F600EC
:10298000012289F001098BF818208BF80E50ABF862
:1029900010608BF814508BF81590FFF765FB2846F4
:1029A000FFF77CFC0BF1380000F06EFF0BF10E001E
:1029B00000F0D6FF7B490868496804AA03C204A84E
:1029C00000F066FC40F2FF1000F036FC71E00120E0
:1029D00000F0BAFD09224FF000098BF84420384678
:1029E0004FF44872CBF840208BF83890CBF83C403D
:1029F00001F036F94FF48052ABF812209AF800201B
:102A00008BF845008BF8162028460122F6008BF83B
:102A100017208BF80E90ABF81060ABF814908BF881
:102A20001890FFF73BFC0BF1380000F02DFF0BF185
:102A30000E0000F095FF5B498868C96804AA03C2CC
:102A400004A800F025FC40F2FF1000F0F5FB40F672
:102A5000B80000F0C9FB00F0EF0140F6B80000F04C
:102A6000AFFB042140F6B90000F0AAFB40F69B0042
:102A700000F0BAFB00F0E30141F0080140F69B00D2
:102A800000F09EFB40F2D16000F0AEFB40F0180178
:102A9000C9B240F2D16000F093FB40F2AC6000F0AC
:102AA000A3FB00F08F0141F0500140F2AC6000F058
:102AB00087FB4FF4FA5202FB08F2B2FBF4F2CBF8B8
:102AC000082007B0BDE8F08F002000F03DFD36493A
:102AD0008BF83850E2B2C95D8BF85020002F4DD1F1
:102AE0000B3C012C8CBF00240124053A012A02D89A
:102AF0000C2E38BF0C26029B9AF800208BF852301F
:102B00008BF85340019B8BF81F2001249DF8602017
:102B10008BF821208BF851108BF820308BF80E4069
:102B2000ABF81C608BF81E90FFF79EFA2046FFF76B
:102B3000B5FB1E4800F0A8FE1D4800F011FF5FFA2B
:102B400088F000F00DFD40F6A30000F04DFB00EA18
:102B5000040140F6A30000F033FB9BF82120A242C1
:102B600040F2367013D100F03FFB00F0FB0140F261
:102B7000367000F025FB4FF6FF72A0E7012F04D15D
:102B8000A4F10C035C425C41AFE70024ADE700F028
:102B90002BFB40F00401C9B2E9E700BF90EC002034
:102BA0002CB200203885010804960108C8EC0020EA
:102BB0009EEC0020F0B58BB00D46044617461E462D
:102BC000FFF752FA0020FFF769FB204600F0AEFD48
:102BD00000240123CDE9084303234FF4167229464C
:102BE0002046CDE90644CDE90444CDE90244CDE9CF
:102BF00000532346FFF774FE2046FFF78DFAFFF7D8
:102C000045FAF2F799F901F0F3FB0446204601F08A
:102C1000F9FBB04205D30124FFF726FA20460BB09A
:102C2000F0BD00F01FFF8742F0DA0024F4E7000057
:102C3000F7B50023664D0C4640F201211A460646C0
:102C4000084600F00DFD95F85600012100F090FFB8
:102C50002B78012B40F6890013D195F85130062BC3
:102C60000FD100F0C1FA00F0FB0140F6890000F03E
:102C7000A7FA2B78042B6CD8DFE803F0524B527F75
:102C8000090000F0B1FA40F00401C9B2EDE7514A81
:102C9000731E1046C6F101074FF0000CF9188C4264
:102CA0006FDC0022E7001346BA4271D19A0142EA72
:102CB000C3125B0183F020031343661C0355F6B275
:102CC00002234548AB73AE7600F04AFE0021F120A6
:102CD00000F076FA0021F02000F072FAAB6C642B61
:102CE00070D17021F32000F06BFA1D21F22000F06A
:102CF00067FAE1008C1CF420090A00F061FA04F084
:102D0000FE01F52000F05CFA32486FF07F42314658
:102D10001DE0EC77304800F023FE0022214615E04C
:102D200000F0FCFF0128074625D121460DF10702DE
:102D3000304600F0F8FF0446A0B99DF80730264859
:102D4000AB7500F00DFE9DF807102246304600F0EE
:102D500059FB6968214801F017FC204801F0DAFBB3
:102D6000002006E01E4B3A460021022001F096F8B2
:102D7000032003B0F0BDAC75CCE70223AB73AC7697
:102D8000C8E713F8011FC943197002F801CB85E7A2
:102D9000D1106FEA020C715C0CF0070C013241FAA1
:102DA0000CF101F001014FEAE20C4B40D14310F865
:102DB0000CE001F0070103FA01F141EA0E0100F80D
:102DC0000C1071E7E121F32000F0FAF904218DE7FE
:102DD00090EC0020F0EC00209EEC002078EC00202D
:102DE00074950108F0B5BDF814409DF818709DF871
:102DF0001CE09DF8205040B1012814D0012200238E
:102E000098180138B0FBF2F0F0BD87F00107E3003D
:102E100003EBC70318330EEB450503EBC5034FF473
:102E20007A714B43ECE7501F012803F1040302D8E9
:102E30000C2C38BF0C24D1B9A2F10B0CBCF1010F42
:102E40008CBF4FF0000C4FF0010C2801002F00EB5D
:102E5000CE000CBF14250025A0EB8200062A4FEA05
:102E600082062844A2F102070DD8354610E0012958
:102E700006D1A2F10C00D0F1000C4CEB000CE4E701
:102E80004FF0000CE1E70830BCF1000FEDD0BD00C1
:102E90000028ACBF2E182E1C701E90FBF5F003FB13
:102EA0000044094B062A5A5C8CBF0C340E340A2AA3
:102EB00009D8A30001334FF47A71BB404B43034957
:102EC00051F822209CE7FFDE04960108D8950108FE
:102ED00008B5094B012193F8560000F049FE4FF464
:102EE000D7602D2100F06CF900F029FBBDE8084007
:102EF000024800F071BA00BF90EC0020FFFF0F0005
:102F000073B59C4CB4F854300025202B8DF8035039
:102F1000019500F00A8114D8082B0DD87BB1013B34
:102F2000072B0CD8DFE813F03D0052000B00BC006B
:102F30000B000B000B00EC00102B00F0EF8002B038
:102F400070BDB3F5807F00F08B8011D8402B00F06E
:102F5000FF80802BF3D1284600F028FA864B1B68AF
:102F6000002BECD09B69002BE9D028469847E6E778
:102F7000B3F5007FE3D1814B01222946022000F006
:102F80008DFF00F017F9042878D17D4801F074FA1C
:102F9000284600F00BFA784B1B68002BCFD05B68FB
:102FA00010E0774801F068FA002000F0FFF900F027
:102FB000B7FE012801D100F0BCFE6F4B1B68002B4F
:102FC000BDD01B68002BBAD09847B8E76D4801F018
:102FD00053FA657895B9284600F0E8F9294640F695
:102FE000021000F0EDF840F6441000F0FDF840F05B
:102FF0000201C9B240F6441000F0E2F8FF220DF1E0
:10300000030161485C4D00F05DFD604800F074FD17
:103010002B68002B93D09E68002E90D094F824301B
:10302000012B08D194F9313094F930209DF8031028
:103030005548B04783E7E06B01A900F025FE019BEE
:103040009DF8031050484FF47A7203F5FA7393FB1E
:10305000F2F32A685BB2956894F92920A8476EE7D5
:10306000284600F0A3F9444B1B68002B3FF467AFE0
:103070009B69002B3FF463AF012077E700F09AF8DB
:1030800005287FF45CAF3F4801F0F6F9284600F0D0
:103090008DF9394B1B68002B3FF451AFDB6891E78A
:1030A00000213B4B0122022000F0F8FEA16D002917
:1030B0003FF445AFC1F3074140F6031000F080F83C
:1030C00094F8591040F6041000F07AF894F858106B
:1030D00040F6051000F074F840F6021000F084F895
:1030E00040F00101C9B240F6021000F069F8002377
:1030F00040F262211A460846A36500F0B1FA1EE7C5
:10310000244B01220021022000F0C8FE00F006FE40
:1031100001287FF414AF00F00DFE10E71E4B0122D2
:103120000021022000F0BAFE09E7164801F0A4F9D8
:10313000607808B900F03AF90F4B1B68002B3FF498
:10314000FEAEDB68002B3FF4FAAE9847134BE6E780
:10315000134B01222946022000F0A0FE607808B936
:1031600000F024F9044B1B68002B3FF4E8AE1B6908
:1031700028E700BF90EC0020ECEC002089950108C6
:1031800078EC002060EC0020F0EC0020B4EC002093
:103190009D950108A6950108B0950108B99501080B
:1031A000C2950108024BA3F85400FFF7A9BE00BF67
:1031B00090EC0020014B1878704700BFFEED002016
:1031C00013B58DF80710EFF3108472B60123014692
:1031D0000DF107020348F7F707F884F3108802B0EF
:1031E00010BD00BF54D2002013B50146EFF3108488
:1031F00072B601230DF107020448F7F72EF884F3A5
:1032000010889DF8070002B010BD00BF54D2002006
:1032100010B50446F2F794FD01280CD140F62310B6
:10322000FFF7E2FF00F0F901214340F62310BDE86B
:103230001040FFF7C5BF10BD10B50C4B1B780446FE
:103240009BB94FF4D760FFF7CFFFC4F3002100F024
:10325000FE0001434FF4D760FFF7B2FFE1B240F246
:10326000B960BDE81040FFF7ABBF10BDFDED002019
:1032700010B51346EFF3108472B60A4601460348B0
:10328000F6F7B2FF84F3108810BD00BF54D20020BF
:1032900008B5014608224FF4D860FFF7E9FF002087
:1032A00008BD000007B5074B1B7840BAADF8040015
:1032B0002BB9022201A940F2BC60FFF7D9FF03B08D
:1032C0005DF804FBFDED002007B5074B1B7840BA05
:1032D000ADF804002BB9022201A940F2BE60FFF74D
:1032E000C7FF03B05DF804FBFDED002010B51346E9
:1032F000EFF3108472B60A4601460348F6F7ADFFB5
:1033000084F3108810BD00BF54D2002010B51346BE
:10331000EFF3108472B60A4601460348F7F791F8B6
:1033200084F3108810BD00BF54D200200A46014625
:103330000020FFF7EBBF000010B51346EFF3108439
:1033400072B60A4601460348F7F7AEF884F31088D0
:1033500010BD00BF54D2002010B51346EFF3108407
:1033600072B60A4601460348F6F7B2FF84F31088A6
:1033700010BD00BF54D2002013B504460020F2F760
:10338000D5FC0220FFF744FF04F0070401220DF1F1
:10339000070184208DF80740FFF7DEFF024B002273
:1033A0001A7002B010BD00BFFEED002007B501226B
:1033B0008DF807000DF107018020FFF7CDFF9DF884
:1033C0000730002B034B14BF022201221A7003B0F6
:1033D0005DF804FBFEED002007B5094B8DF80600F3
:1033E00004221A70030C8DF804300322030A01A989
:1033F00083208DF80530FFF7AFFF03B05DF804FBC5
:10340000FEED002010B51446FFF790FF2046BDE802
:103410001040FFF7E1BF000007B5094B8DF806002B
:1034200005221A70030C8DF804300322030A01A947
:1034300082208DF80530FFF78FFF03B05DF804FBA5
:10344000FEED002073B5002640F6E2000196FFF77E
:10345000CBFE00F0FE01054640F6E200FFF7B0FEAD
:1034600040F6E500FFF7C0FE00F07F01044640F69D
:10347000E500FFF7A5FE6FF07F40FFF7CDFF0422C8
:103480000DEB020140F61900FFF730FF3046FFF761
:103490008DFF294640F6E200FFF792FE214640F6F6
:1034A000E500FFF78DFE019802B070BD13B50C4B1F
:1034B00004460522972140F6AC001A70FFF780FE03
:1034C000230C8DF804300322230A01A982208DF8F1
:1034D00005308DF80640FFF73FFF02B010BD00BF7A
:1034E000FEED002007B5030C8DF80030030A8DF8BF
:1034F00001300B0C49BA8DF80200ADF80410062219
:10350000694694208DF80330FFF726FF024B062210
:103510001A7003B05DF804FBFEED0020002208B530
:103520001146C520FFF718FF014B07221A7008BD8E
:10353000FEED002000221146D120FFF70DBF002232
:103540001146D220FFF708BF07B501228DF807000A
:103550000DF107019F20FFF7FFFE03B05DF804FBAC
:1035600007B501228DF807000DF10701A020FFF734
:10357000F3FE9DF807103F2907D901F0F80101314A
:10358000C9B240F20670FFF71BFE03B05DF804FB02
:1035900007B5F2F7D5FB431E584258418DF8070096
:1035A00001220DF107019620FFF7D6FE03B05DF86A
:1035B00004FB07B500F07F008DF8070001220DF134
:1035C00007018920FFF7C8FE03B05DF804FB000087
:1035D000154B984207B51BD8144B98421BD8144B77
:1035E00098421BD8134B98421BD8134B98428BBF61
:1035F0006B2229226F232B238DF8042001A902229C
:1036000098208DF80530FFF7A7FE03B05DF804FBA6
:10361000E122E923F0E7D722DB23EDE7C122C5232E
:10362000EAE775228123E7E700E9A43580F8A932AB
:103630008044E52D000B6B1B40FC541907B58DF839
:10364000062004228DF804008DF8051095200DEB5E
:1036500002018DF80730FFF77FFE03B05DF804FB31
:1036600007B552BAADF8042040BA082249BAADF8FD
:103670000000ADF802105BBA69461046ADF806309E
:10368000FFF76AFE03B05DF804FB07B50B0C0422DC
:1036900000F0070049BA8DF80400ADF80610972035
:1036A0000DEB02018DF80530FFF756FE03B05DF813
:1036B00004FB000010B508B1194B1860F1F740FB8E
:1036C0000220FFF7A5FD0024164B20461C70FFF7D3
:1036D0006DFEF2F731FB012816D14021FFF7D5FF2F
:1036E00040F611102146FFF76BFD4FF07F00FFF70A
:1036F00060FF0E2140F61F10FFF762FDF2F712FB8C
:10370000094B01221A7010BD202140F61110FFF75D
:1037100057FD202140F61210FFF752FDE9E700BFE8
:10372000F0ED0020F4ED0020FEED002037B50C4D4B
:103730002B7804461BB9FFF74BFF01232B700023A6
:10374000084A6006E109EDF787FD042200BA0190FE
:103750000DEB02018620FFF7FFFD03B030BD00BF77
:10376000F4ED00200048E80107B5094B8DF807008B
:103770000146187018B940F2AC60FFF721FD012234
:103780000DF107018A20FFF7E7FD03B05DF804FBA8
:10379000FDED0020012873B50C46164637D10020F8
:1037A000F2F7D2FAA042B8BF44B20E2805461AD1A9
:1037B00001231A4600210420FFF740FF6FF0100399
:1037C0009C42B8BF1C46182140F6E700FFF7F8FC02
:1037D000022201A98E208DF804408DF80560FFF7C4
:1037E000BBFD02B070BD01230A28E4B21A464FF0B7
:1037F000000105D11846FFF721FF033464B2DDE76D
:103800000720C5F10E05FFF719FF2C44F6E740F637
:10381000D800FFF7E9FC40F01E01C9B240F6D8001D
:10382000FFF7CEFC0120F2F78FFAA042B8BF44B2F6
:10383000142805464FF001034FF000020CD105217A
:103840000320FFF7FBFE023464B26FF008039C42D2
:10385000B8BF1C463821B7E7112805D10321022043
:10386000FFF7ECFE0534EFE70E2804D102210846ED
:10387000FFF7E4FEE9E7C5F116050721042025441A
:10388000FFF7DCFE6CB2E0E713B5314A044651683D
:1038900010686B4603C32F4B20781B78834201D0FE
:1038A000FFF762FF2378032B27D8DFE803F0023904
:1038B000283C6268284BB3FBF2F31A0CA1688DF820
:1038C00000208DF802301A0A237B8DF80330637BC9
:1038D0008DF801208DF80430204A00234806C909DC
:1038E000EDF7BAFC030C40BA8DF80530ADF80600D0
:1038F000082269468B20FFF72FFD02B010BD226918
:10390000154BB3FBF2F31A0C8DF800208DF8023042
:103910001A0A237D8DF801208DF803300422E8E790
:10392000A3690093FAE762680B4BB3FBF2F31A0C3E
:103930008DF800208DF802301A0A237B8DF80330B1
:10394000637B8DF801208DF804300522D1E700BF9C
:1039500048850108FDED00200000093D0048E80110
:103960001FB52E4A0446D1689068127C01AB03C390
:103970001A702B4B20781B78834201D0FFF7F4FE9E
:103980002378032B26D8DFE803F002383302637A6A
:10399000F12B21D14FF6FF70FFF784FC48F20500B0
:1039A000FFF792FC02236288A188ADF8061052BA94
:1039B000E188ADF804208DF80B30227AA37A8DF8D7
:1039C0000A20ADF808108DF80C30092201A98C20CE
:1039D000FFF7C2FC04B010BDF22BE4D141F60F504A
:1039E000FFF760FC41F22100FFF76EFC0623DAE7E7
:1039F000237B8DF804300122E8E7E389094A5BBAAA
:103A0000ADF80430237C13708DF80630637C8DF89C
:103A10000730638AADF808300622D7E748850108E9
:103A2000FDED0020FCED002007B502228DF804001A
:103A30008DF805108F2001A9FFF78EFC03B05DF80B
:103A400004FB000010B51346EFF3108472B60A466B
:103A500001460348F6F774FC84F3108810BD00BFDC
:103A600054D2002007B5012201A91520FFF7EAFF73
:103A70009DF804004042401003B05DF804FB0000D4
:103A800037B505460C46022201A91320FFF7DAFFDD
:103A90000A4B1B78012B0DD1094B1B78012B09D147
:103AA00040F20270FFF7A0FB9DF8053028702370EC
:103AB00003B030BD9DF80400F6E700BFFDED002027
:103AC000FCED0020F7B50D46064600240DF1070178
:103AD000284617468DF80740FFF7D2FF2A78BA42EA
:103AE00007D89DF807003146FFF726FC204603B0B3
:103AF000F0BD0120FBE7000013B50322044601A935
:103B00001420FFF79FFF184B1A7822704AB1012A40
:103B100017D014220021204600F0D0FA0F23237082
:103B20000DE09DF8043023719DF80530A2605B42E2
:103B30005B10A3719DF806305B425B10637102B0AD
:103B400010BD9DF804305B425B1023739DF9053076
:103B500002339B1063739DF806305B425B10A373C6
:103B6000024B1B682361EAE7FDED0020F8ED002021
:103B7000012908B5034608460ED1012B07D10420C0
:103B8000FFF746FB0220BDE80840F2F7CFB8022B52
:103B900014BF08460320F6E70120F4E738B50446D1
:103BA000F2F7C8F850B102280CBF022501252846BB
:103BB00002222146FFF7EEFD284638BD102CB4BF87
:103BC00001250225F3E7012070470000014B012089
:103BD0001B681847F0ED0020014B02201B681847B6
:103BE000F0ED0020014B40201B681847F0ED00204D
:103BF00011B1012904D07047044B1B68802018477D
:103C0000024B4FF480701B68F9E700BFF0ED002015
:103C1000024B4FF400701B68184700BFF0ED002006
:103C2000014B20201B681847F0ED0020014B0420B9
:103C30001B681847F0ED0020014B08201B6818474F
:103C4000F0ED0020014B10201B681847F0ED00201C
:103C5000024B4FF480401B68184700BFF0ED002076
:103C600010B568B1074A002352F83340844202EB92
:103C7000C30101D9087910BD0133162BF4D1FEE739
:103C80001F20F8E79496010873B51D4B0193044675
:103C900040F607000D46FFF7A7FAC0F3C10308334B
:103CA0006B4413F8042C00F00703013302FA03F30A
:103CB000144AB2FBF3F2B2FBF4F007281ED840001E
:103CC000042834BF042302234FF4D66002FB03F41C
:103CD000FFF78AFA060240F2B160FFF785FA06F4B0
:103CE00070663043030544BF6FEA00506FEA10501E
:103CF00063094343DB112B6002B070BD0123E3E78E
:103D000004080A0C0048E8014FF0FF3070474FF0FC
:103D1000FF3070474FF0FF3070477047002070470A
:103D20000020704770474FF0FF3070474FF0FF3072
:103D3000704770477047704770B5EFF3108672B6E2
:103D4000144B5C8A1A8A944213D1C4F5806292B2F1
:103D5000904206D3844218D901229A7000221C8016
:103D60005A825A8A0A800244C2F309025A82002007
:103D70000DE006D9C4F58065ADB28542F1D8824226
:103D8000E9E7121B92B28242EBD84FF0FF3086F384
:103D9000108870BD00F40020EFF3108172B6034A62
:103DA000D38A0133D38281F31088704700F4002056
:103DB000EFF3108172B6034AD38A013BD38281F3B9
:103DC0001088704700F4002010B508481822002120
:103DD00000F074F906484FF48062002100F06EF99B
:103DE000044B05481B68BDE81040184700F400204C
:103DF000FFEF0020B0890108653F0108014B5860C2
:103E0000704700BF00F40020014B1872704700BFDC
:103E100000F4002073B5EFF3108572B61C4CE08AF5
:103E200000282FD1FFF7B8FF218A628A914227D05C
:103E3000A378012B12D1238820805B1A9BB2022128
:103E4000A382A17063B9A3702382238A9A428BBF95
:103E5000D21AC3F58063A282A38201E0002BF4D0C2
:103E6000268A0C4B1E4485F31088F1F755F80A4B4F
:103E7000A18ADB680193304602B0BDE87040184764
:103E8000FFF796FF85F31088002002B070BD00BFD9
:103E900000F40020FFEF0020B089010808B4F0B55D
:103EA00086B00023ADF800302B4B0B9C1D7A854269
:103EB0004CD3D86881434CD15B681BB112B16946C1
:103EC00002A898470CAB22464FF400712348019397
:103ED00000F0B6FBFFF760FFBDF8003018440DF1AD
:103EE000020180B2FFF728FF01302AD00023BDF87D
:103EF0000020BDF802601A480DF1080C1F4699B267
:103F000016FA83F58A42ADB215D817B13244ADF82E
:103F10000220BDF80250019B22464FF40071284454
:103F200000F08EFBFFF744FFFFF774FF06B0BDE81B
:103F3000F04001B070471CF8011B415501330127C7
:103F4000DDE7FFF735FF6FF00200EFE76FF00400E9
:103F5000ECE76FF00500E9E700F40020FFED00203A
:103F6000FFEF002013B5EFF3108472B6204B9A7860
:103F7000588A022A1DBF1A8A998A5218002214BF31
:103F8000C2F309029A7090421A8228D0D98A012974
:103F900025D19978012913D119888A1A022192B260
:103FA000997000219A82198062B99A701A821A8ACD
:103FB00090428BBF801AC2F5806298829A8201E09B
:103FC0000029F4D0188A0B4A104484F310880A4A56
:103FD000998AD368019302B0BDE81040184784F372
:103FE0001088F0F79DFF02B0BDE81040FFF7E0BE7B
:103FF00000F40020FFEF0020B0890108024A0023EE
:104000001360024A136070471CF4002018F400206B
:1040100010B5EFF3108472B641B1012903D1064AFD
:1040200013680343136084F3108810BD024A1368B9
:1040300023EA0003F6E700BF1CF4002010B5EFF3FD
:10404000108472B641B1012903D1064A13680343B3
:10405000136084F3108810BD024A136823EA00033A
:10406000F6E700BF18F4002038B5EFF3108572B6FC
:104070000A4B0B4C1B6833B1236898476368984719
:1040800085F3108838BD074B1B681BB1A3689847A0
:10409000E368F4E7236998476369F0E71CF40020BC
:1040A0004C89010818F4002001380A44914200D1DB
:1040B000704711F8013B00F8013FF7E702F0B1B992
:1040C00010B5EFF3108472B6064A13680343136009
:1040D000054A52F83130034342F8313084F31088F6
:1040E00010BD00BF58F4002020F400207047704736
:1040F000B0F5803F3ABF000410230023B0F1807F69
:104100003EBF08330002DBB2B0F1805F38BF000170
:104110004FEA1070054A38BF0433125C38BFDBB277
:10412000C3F11F03981AC0B2704700BF449701083B
:104130002DE9F84F3F4D404ED5F80080DFF8FCB038
:10414000DFF8FCA0DFF8FC90D6F800E03E4FDBF88B
:1041500000303E4C08EA00002860DAF80000D9F888
:1041600000102A6802EA000C1EEA0C0F43D00B4034
:1041700041D121680A40024201D1A368012354F8C9
:104180003320D90004EBC30302EA0C025868104242
:1041900008BF4FF0FF30214408BF58604868104006
:1041A000FFF7A6FF4A683860012303FA00F022EA0D
:1041B00000024A60EFF3108172B63A6893403268A9
:1041C00022EA03023260A26822EA0302A2602268A5
:1041D00022EA0303236081F310881D4A3B6852F8EA
:1041E00023309847D6F800E0DBF80030DAF800001A
:1041F000D9F80010B5E74FF0FF333B60FFF776FFCB
:10420000EFF3108472B63368DBF80020DAF80010A0
:104210000B4029680B4205D1D9F80030134201D177
:10422000F0F708FE84F31088FFF761FFC5F80080FF
:10423000BDE8F88F30B2002058F4002054F400207C
:1042400034B2002050F400204CF4002020F4002070
:1042500030F4002010B51146EFF3108472B6FFF76A
:1042600047FF034B43F8201084F3108810BD00BFB4
:1042700030F4002082B082B00DF1080C0CE9060089
:10428000BDF8042003930B44BDF810100A4491B20A
:1042900012B2B2F57A7FA2BFA1F57A72013312B2DF
:1042A0000360828002B002B0704782B082B00DF12C
:1042B000080C0CE90600BDF804200393CB1ABDF8E6
:1042C0001010521A91B212B2002ABEBF01F57A72D2
:1042D00003F1FF3312B20360828002B002B0704774
:1042E00030B585B0114D6B4683E80300002302937F
:1042F000ADF80C3003A82B699847009BBDF804402B
:104300000290181ABDF80C30E41AA3B224B2002CA3
:10431000BEBF03F57A731CB200F1FF302B689847DB
:10432000AB682046984705B030BD00BF70890108D2
:1043300073B5114E002305460093ADF8043001A873
:1043400033699847F3680090984773680446984724
:10435000009B1844BDF8043023449AB21BB2B3F555
:104360007A7FA2BF0130A2F57A731BB2286028467B
:10437000AB8002B070BD00BF7089010837B5002363
:104380000093ADF80430074B04461B6901A8984719
:104390006D46009095E8030084E80300204603B0D2
:1043A00030BD00BF70890108024B00221A60024B29
:1043B0001B6818475CF4002084890108F8B504469E
:1043C000174608461E467CB173B1084B00255B6A50
:1043D00025609847069B60602581A572E660236191
:1043E000E77265612846F8BD0120FCE78489010871
:1043F00010B5034CE3699847A36ABDE8104018471D
:104400008489010870B5064DEB69064698476B6ACA
:10441000044630469847AB6A201ABDE870401847FA
:1044200084890108054B1B680BB918467047834205
:1044300001D05B69F8E70120704700BF5CF4002001
:104440002DE9F3410B4E336A044698470123B769BF
:104450002372D4F800800546B8472844804502D22C
:10446000B84728442060B3682068019302B0BDE8D3
:10447000F04118478489010870B520B3EFF3108626
:1044800072B6124D2B680122827253B10022427221
:1044900098425C690ED102723CB120462C60FFF755
:1044A000CFFF86F31088002070BD094BDB6898476A
:1044B0002C60F6E71A465B69002BF2D09842F9D1DE
:1044C00043695361EDE70120EEE700BF5CF4002093
:1044D00084890108084B10B51A685369516911B9EC
:1044E0005061416110BD046819688C4202D91A46B6
:1044F0005B69F3E71946F3E75CF40020044A1368AC
:104500000BB10021197243611060FFF799BF00BF22
:104510005CF400202DE9F041044600282DD0FFF77F
:1045200081FF50BB657A45BBEFF3108872B6144E1D
:104530006768336A984787422CBF27602060114F15
:10454000A5724FF4807323813B684BB93369984758
:104550002046FFF7D3FF88F310882846BDE8F08196
:10456000B3699847236818443B6820601B689842E9
:104570002046EED3FFF7AEFFEDE70125EDE700BFE4
:10458000848901085CF4002010B5044608467CB11B
:10459000084B5B6A984760602046FFF743FF40B1D5
:1045A0002046FFF769FF2046BDE81040FFF7B2BF85
:1045B000012010BD848901082DE9F041EFF3108737
:1045C00072B61D4E1D4D736998473369044698476E
:1045D0002B684BB94FF000082B688BB9286828BBB3
:1045E00087F31088BDE8F081011B241A1A688A42FB
:1045F0008CBF121900221A605B69002BF6D1E9E723
:104600001C681CB1B36998478442E7D22C6863697F
:104610002B60A4F80880D4E9033098476389B3F588
:10462000807FD9D12046FFF775FFD5E7037A002BAD
:10463000D6D1FFF705FFD3E7848901085CF4002099
:104640002DE9F04F002997B081461E4640F31181B5
:1046500004464F1E1378A4EB090023B900232370EE
:1046600017B0BDE8F08FB842F8DA252B05D004F872
:10467000013B904608F10102ECE792F801E0AEF14F
:10468000300102F10108AEF130034A424A41092BE0
:104690002BD8414600250A20884611F8013BA3F19A
:1046A000300CBCF1090F1BD998F80030692B00F0D1
:1046B0009E801DD8632B29D0642B00F09880582B46
:1046C0005AD0252B1AD198F80030002B00F0938097
:1046D00004F8013BA4EB0903BB4280F28A80C9E7DE
:1046E00000FB0533A3F13005D6E74FF0FF35DBE7DC
:1046F000752B7ED0782B41D0732B1CD0252304F84A
:10470000013BA4EB0903BB4273DADCE7002D05F1A2
:10471000FF3AD8BF4FF0000A52462046202101F050
:1047200080FEA244002D56F8043B8AF80030D8BF22
:1047300001252C449EE7504B56F804BBBBF1000FFB
:1047400008BF9B465846EBF76BFD2A1A8542B8BF57
:104750000022824620212046019201F062FE019A49
:1047600000232244534502DB02EB0A0482E71BF8D4
:104770000310D1540133F5E742F040021021DFF875
:10478000FCB0DFF8FCA056F804CB12F0400F18BFC5
:10479000DA46BEF1300FCDF808A0A4EB09030CBF38
:1047A0004FF0300A4FF0200A9207A7EB0303604650
:1047B000CDF80CA022D5002820DA4042013D4FF070
:1047C0002D0C05AA019200228246B0FBF1F001FBFC
:1047D00010AB029810F80BB0019800F801BB5145DE
:1047E000019002F10102BAFBF1F0EDD910E042F0C4
:1047F00002020A21C3E708F1FF386BE7BCF1000FA2
:1048000002D04FF0000CDCE730228DF8142001229A
:10481000BEF1300FA5EB020504D02020002D05F1DC
:10482000FF350ADCBCF1000F05D02D21013B04F857
:10483000011B3FF41FAF25440AE0013B04F8010BC4
:10484000ECD117E7039904F8011B013B3FF412AFC9
:10485000291B0029F6DC05A9114423442244A24265
:104860003FF408AF11F8010D04F8010B9C42F6D19A
:1048700000E70020F4E600BF549701088097010884
:104880005B97010810B4B1F5807F254C8270C3702E
:104890000180446024D010D9B1F5806F2BD0B1F5E0
:1048A000805F19D11F4A4FF001114FF06653C0E9E4
:1048B00002210361002010BC7047102925D0402937
:1048C0000AD1194A4FF04011C0E902214FF072534A
:1048D000036110BC002070474FF0FF3010BC7047E0
:1048E000124A4FF01011C0E902214FF06E530361DC
:1048F00010BC002070470E4A4FF004114FF06A536D
:10490000C0E9022103610020D5E70A4A4FF00121E6
:104910004FF07653C0E9022103610020CBE700BFCE
:10492000ACA70108A897010826980108C6970108B6
:10493000AE970108A69901082DE9F04FA1B08C08A7
:1049400005461391E1006E1808461291C4EB4471BC
:104950000095C9000546301847189C461F937B19DF
:104960005918109104301690181D109B1A92043398
:1049700015933B1D111D09930CEB4C02331D65462D
:104980001893D3001E932B011D93EB00009D1B96E3
:10499000CDE9011126011C932B1D002508931494C9
:1049A00033460A9719911790119403912E46169940
:1049B000009A51F836A01B98089F189952F8364073
:1049C00050F836B0D25857F836900A9851F83670E9
:1049D0000999C55851F803800F93114620460B9250
:1049E000ECF710F9294604905846ECF70BF95146BC
:1049F00005904846ECF706F9414607903846ECF733
:104A000001F90B9A069011462046ECF7F9F8294671
:104A100004465846ECF7F4F8514605464846ECF78C
:104A2000EFF8414681463846ECF7EAF80599074623
:104A30000498ECF7E7F8039B53F804BCD3F800A004
:104A4000009BCDF82CA043F83600DDF81CA0069999
:104A50005046ECF7D7F8089A394642F83600204617
:104A6000ECF7D0F8294607904846ECF7C9F80599C5
:104A700080460498ECF7C4F8069904905046ECF789
:104A8000BFF8394682462046ECF7BAF84946059009
:104A90002846ECF7B7F8029951F8042C0D680199F3
:104AA0000C9251F8047CD1F8009004461146079806
:104AB000ECF7B0F90C9A069011464046ECF7AAF9CB
:104AC00004990C905846ECF7A5F951460E905846BB
:104AD000ECF7A0F9394683460598ECF79BF939467F
:104AE0000D902046ECF796F95146DDF82CA00746CC
:104AF0005046ECF78FF90E9A1146ECF783F80A9AB4
:104B0000049942F836005046ECF784F901465846BD
:104B1000ECF776F8099A294642F836004046ECF759
:104B200079F90699ECF76EF8009B1A460F9B0493EF
:104B3000D05029460798ECF76DF901460C98ECF730
:104B40005FF8179A494642F836002046ECF762F9BA
:104B50000D99ECF757F8109A049B4946D0500598E8
:104B6000ECF758F901463846ECF74AF8039B1D9AD2
:104B70000299134403931C9BCB18029301991E9B2B
:104B8000CB180193159B1A46049BD050149A0136FA
:104B9000B24203F108037FF40AAF1F9BBDF8502017
:104BA0001B929B009BB2042A179340F221811C9216
:104BB000119B9B08DA001893009B159213449A18D6
:104BC000043300210993131D02921491019316914D
:104BD00016991A98149D0A0101EB410384580D940B
:104BE000199CA2580E92024650F8330054F8333004
:104BF000109352F831300B9354F831300C93179BCB
:104C0000159A0F90CB181693AB4613460099029D48
:104C1000CE580396089E55F83B2051F83B40099921
:104C200056F83B90019E51F83B7056F80380ED58C2
:104C30000A93114620460792EBF7E2FF29460490BB
:104C4000039856F83BA0EBF7DBFF5146059048462A
:104C5000EBF7D6FF414606903846EBF7D1FF079AAF
:104C6000064611462046EBF7CDFF29460446039839
:104C7000EBF7C8FF514605464846EBF7C3FF4146F0
:104C800081463846EBF7BEFF314680460498EBF785
:104C9000B9FF059903900698EBF7B2FF29460790F4
:104CA0002046EBF7ADFF414682464846EBF7A8FFAA
:104CB000314607460498EBF7A3FF06990490059840
:104CC000EBF7A0FF294606462046EBF79BFF009B2B
:104CD000414643F83B004846EBF794FF089A0B9C8B
:104CE00042F83B0003992046ECF794F80799814677
:104CF0002046ECF78FF80D9C804651462046ECF795
:104D000089F8394606902046ECF784F80F9C049900
:104D100005902046ECF77EF8314605462046ECF734
:104D200079F839460E9F04463846ECF773F8069A30
:104D30001146EBF767FF009B1A460A9B0693D0507B
:104D400051463846ECF766F801460598EBF758FFF0
:104D5000099B079943F83B00DDF830A05046ECF77B
:104D600059F84946EBF74EFF029F039947F83B007D
:104D70005046ECF74FF801464046EBF741FF31460D
:104D8000DDF84080019E46F83B004046ECF742F8D3
:104D90002946EBF737FF069B0499F85040460393EA
:104DA000ECF738F801462046EBF72AFF119B129AE0
:104DB0009B44039BF0501344139A5A453FF626AF89
:104DC000159A149B08321592189A01339A4214933B
:104DD0007FF4FEAE179B1C9A9B0092089BB2179320
:104DE000042A189B1C92119302D9DB001293DFE670
:104DF000009E203656F8205C56F8107C56F8083C89
:104E000056F8142C0193394628460092EBF7FAFE27
:104E1000394681462846EBF7F3FE56F81C4C56F807
:104E20000C8C56F818BC56F804AC05464146204692
:104E3000EBF7E8FE414607462046EBF7E1FE019915
:104E400004465846EBF7DEFE514602900098EBF719
:104E5000D9FE019980465846EBF7D2FE514683466B
:104E60000098EBF7CDFE029982464846EBF7CAFE62
:104E7000414646F8200C3846EBF7C4FE029946F846
:104E80001C0C4846EBF7BCFE414646F8180C384669
:104E9000EBF7B6FE514646F8140C2846EBF7B2FE87
:104EA000594646F8100C2046EBF7AAFE514646F844
:104EB0000C0C2846EBF7A4FE594646F8080C204691
:104EC000EBF7A0FE1B9B46F8040C013B06F1200605
:104ED0001B938FD121B0BDE8F08F00BF2DE9F04FBB
:104EE000A1B08C081391C4EB447100EB0415C90008
:104EF000E600009068188719394496461A928A1974
:104F00000F9204319C46724616910F991B950432FC
:104F10000CEB4C0304300431199215900392CDE947
:104F2000012200980A91DA006346391D1E921A0187
:104F3000DB0014911C93291D031D00251296089374
:104F4000109433461897CDF87CC0179111941D9298
:104F50002E460099089F51F803B051F83640179932
:104F60001B9A51F836A0159952F8362057F836900A
:104F700051F836701499189D51F80380ED580E932E
:104F8000114620460992EBF73DFE2946049058460B
:104F9000EBF738FE514605904846EBF733FE4146A5
:104FA00006903846EBF72EFE099A079011462046E8
:104FB000EBF726FE294604465846EBF721FE5146FC
:104FC00083464846EBF71CFE414605463846EBF75C
:104FD00017FEDDF810A0059907465046EBF712FEC4
:104FE000039BD3F800C053F8049C009BCDF810C07D
:104FF00043F8360007990698EBF704FE089A3946FD
:1050000042F836002046EBF7FBFD2946099058464A
:10501000EBF7F8FD059980465046EBF7F1FD07994F
:1050200082460698EBF7ECFD394605902046EBF7F3
:10503000E9FD594606902846EBF7E2FD029D0199ED
:1050400055F804BCD1F800E051F8047CCDF81CE020
:105050000446594609982D68EBF7DCFE59460B903B
:105060004046EBF7D7FE51460C904846EBF7D2FE90
:10507000059983464846EBF7CDFE39460D900698D4
:10508000EBF7C8FE394681462046EBF7C3FE05998B
:1050900007460498EBF7BEFE01465846EBF7B0FD15
:1050A000009B51469A460E9B05934AF803000498CC
:1050B000EBF7B0FE0D9A1146EBF7A4FD169B2946BF
:1050C00043F836004046EBF7A5FE01460B98EBF798
:1050D00097FD29460F9D45F836000998EBF79AFE93
:1050E0000C99EBF78FFD0A9BDDF81C8043F8360026
:1050F00041462046EBF78EFE01464846EBF780FD21
:10510000059B0493E85041460698EBF783FE394629
:10511000EBF778FD039B1D9C029D019A1E991C19BB
:1051200003941C9C0A442C19019202940A9B1A466F
:10513000049BD050109A0136B24203F108037FF469
:1051400008AF1F9BBDF840201B929B009BB2042A16
:10515000179340F221811C92119B9B08DA0018934F
:10516000009B159213449A18043300210993131DD0
:10517000029214910193169116991A98149D0A019E
:1051800001EB410384580D94199CA2580E920246DB
:1051900050F8330054F83330109352F831300B93F9
:1051A00054F831300C93179B159A0F90CB18169327
:1051B000AB4613460099029DCE580396089E55F8BB
:1051C0003B2051F83B40099956F83B90019E51F81D
:1051D0003B7056F80380ED580A931146204607921B
:1051E000EBF70EFD29460490039856F83BA0EBF729
:1051F00007FD514605904846EBF702FD41460690F3
:105200003846EBF7FDFC079A064611462046EBF7B9
:10521000F9FC294604460398EBF7F4FC5146054691
:105220004846EBF7EFFC414681463846EBF7EAFC8F
:10523000314680460498EBF7E3FC06990390059805
:10524000EBF7E0FC294607902046EBF7D9FC4146F6
:1052500082464846EBF7D4FC314607460498EBF704
:10526000D1FC059904900698EBF7CAFC294606463E
:105270002046EBF7C7FC009B414643F83B004846FD
:10528000EBF7C0FC089A0B9C42F83B0003992046C0
:10529000EBF7C0FD079981462046EBF7BBFD0D9C5F
:1052A000804651462046EBF7B5FD3946069020462C
:1052B000EBF7B0FD0F9C049905902046EBF7AAFD93
:1052C000314605462046EBF7A5FD39460E9F0446BC
:1052D0003846EBF79FFD069A01461046EBF790FC27
:1052E000009B1A460A9B0693D05051463846EBF76E
:1052F00091FD0599EBF786FC099B079943F83B0064
:10530000DDF830A05046EBF785FD01464846EBF747
:1053100077FC029F039947F83B005046EBF77AFD74
:105320004146EBF76FFC3146DDF84080019E46F8C0
:105330003B004046EBF76EFD01462846EBF760FC6C
:10534000069B0499F85040460393EBF763FD214612
:10535000EBF758FC119B129A9B44039BF0501344AB
:10536000139A5A453FF626AF159A149B08321592A8
:10537000189A01339A4214937FF4FEAE179B1C9A3D
:105380009B0092089BB21793042A189B1C921193BE
:1053900002D9DB001293DFE6009E2A9C2036B1463C
:1053A00059F8102C59F8205C59F8143C0093114618
:1053B00028460292EBF726FC029A019011462846F5
:1053C000EBF71EFC59F81C7C59F80C8C02904146F6
:1053D0003846EBF717FC414605463846EBF710FC1C
:1053E00059F818BC59F8086C039031465846EBF749
:1053F00009FC59F804AC804651460098EBF702FCD2
:10540000314607465846EBF7FBFB5146834600986A
:10541000EBF7F6FBDDF804A0064641465046EBF7F5
:10542000F1FB2146EBF7F6FC394649F8200C2846FB
:10543000EBF7E8FB2146EBF7EDFC414649F81C0C85
:105440005046EBF7DDFB2146EBF7E4FC394649F823
:10545000180C2846EBF7D4FB2146EBF7DBFC029F48
:1054600049F8140C31463846EBF7CAFB2146EBF7F6
:10547000D1FC49F8100C039D59462846EBF7C2FBB6
:105480002146EBF7C7FC314649F80C0C3846EBF7E0
:10549000B9FB2146EBF7BEFC594649F8080C2846F3
:1054A000EBF7AEFB2146EBF7B5FC1B9B49F8040C70
:1054B000013B09F120091B937FF472AF21B0BDE8D5
:1054C000F08F00BF30B5044680786268A389012858
:1054D0000D4683B0218807D02846FFF72DFAE378E0
:1054E000012B09D003B030BD206900902846FFF79A
:1054F000F5FCE378012BF5D1A368E28921882846E1
:1055000003B0BDE8304000F001B800BF2DE9F04F16
:1055100085B049085200002401928A1E029201F1CE
:10552000010A25462246039103995618013450F882
:10553000362050F8347040F83420F200E40040F88F
:1055400036700434043206598758075186500235A4
:105550001A880299019CADB205EB0A0902EB0A0810
:105560004FEAC50E4FEAC90CD7004FEAC8068D4274
:1055700023440EF1040E0CF1040C07F1040706F1AC
:1055800004062C4620D8AA42CED950F835B050F89F
:10559000321040F8351040F832B0C15950F80EB012
:1055A00040F80E1040F807B050F8397050F838E065
:1055B00040F839E040F8387050F80C7050F806E0C8
:1055C00040F80CE08751AFE705B0BDE8F08F00BFB1
:1055D0002DE9F04F83B05FEA920B019207468846AF
:1055E0007BD000F1200401F110055E4654F8201C28
:1055F00054F81CAC0846EBF70DFC5146814650466A
:10560000EBF708FC01464846EBF7FCFA002181461F
:10561000EBF7B2FD002800F08B80484602F01EFE3A
:1056200045F8100C54F8181C54F814AC0846EBF765
:10563000F1FB514681465046EBF7ECFB01464846EC
:10564000EBF7E0FA00218146EBF796FD00287BD0CE
:10565000484602F003FE45F80C0C54F8101C54F8B0
:105660000CAC0846EBF7D6FB514681465046EBF7AB
:10567000D1FB01464846EBF7C5FA00218146EBF71E
:105680007BFD00285CD0484602F0E8FD45F8080C98
:1056900054F8081C54F804AC0846EBF7BBFB514621
:1056A00081465046EBF7B6FB01464846EBF7AAFAAF
:1056B00000218146EBF760FD00283DD0484602F00E
:1056C000CDFD45F8040C013E04F1200405F1100560
:1056D0008CD107EB4B1708EB0B18019B13F0030A57
:1056E00023D00026083708EB8A0A57F8081C57F819
:1056F000045C0846EBF78EFB294604462846EBF788
:1057000089FB01462046EBF77DFA0021044608F1AB
:105710000408EBF731FDD8B1204602F09FFD48F8B0
:10572000040CD04507F10807DFD103B0BDE8F08FC6
:10573000002345F8103C75E7002345F8043CC2E718
:10574000002345F8083CA3E7002345F80C3C84E718
:1057500048F8046CE5E700BFF8B52349EBF75AFBBE
:105760000446EBF733FD002105462046EBF7F0FC3D
:1057700000B1013D2846EBF7F9FA01462046EBF768
:105780003FFA4FF08841EBF745FB0546EBF744FD48
:1057900084B2B4F5007F1DD22046EBF7E3FA014650
:1057A0002846EBF72DFA671C0546104E29464FF0A8
:1057B0007E50EBF725FA56F82410EBF72BFB56F842
:1057C000271004462846EBF725FB01462046EBF759
:1057D00019FAF8BD28464FF08841EBF711FA012776
:1057E00005460024E1E700BF83F9223EA89F010897
:1057F000F8B52549EBF70EFB4FF07A51EBF702FABB
:105800000446EBF7E3FC002105462046EBF7A0FC3D
:1058100000B1013D2846EBF7A9FA01462046EBF717
:10582000EFF94FF08841EBF7F5FA0546EBF7F4FC9A
:1058300084B2B4F5007F1DD22046EBF793FA0146FF
:105840002846EBF7DDF9671C0546104E29464FF058
:105850007E50EBF7D5F956F82410EBF7DBFA56F843
:10586000271004462846EBF7D5FA01462046EBF709
:10587000C9F9F8BD28464FF08841EBF7C1F9012777
:1058800005460024E1E700BF83F9223EA89F0108F6
:1058900038B5104B1D682B6B0446B3B9182001F0C6
:1058A000F9FC0246286320B90B4B0C48462100F056
:1058B00039FE0B490B4BC0E900130B4B83600B23E4
:1058C000838100210120C2E904012B6B00221C61AD
:1058D0005A6138BD44B20020AC270208C327020831
:1058E0000E33CDAB34126DE6ECDE0500164B10B571
:1058F0001C68236BB3B9182001F0CCFC024620636E
:1059000020B9124B1248522100F00CFE1149124BE3
:10591000C0E90013114B83600B2383810021012018
:10592000C2E90401216B0E480B694C690D4A5843CA
:1059300002FB0400A3FB0232013340EB0200C1E989
:10594000043020F0004010BD44B20020AC27020813
:10595000C32702080E33CDAB34126DE6ECDE050032
:105960002DF451582D7F954C2DE9F04788B0002B30
:105970001D461446BCBF03F100431446129A109E04
:10598000DDF84CA0B6BF1D4600232D231370149BD9
:1059900023F02008B8F1460F05D0B8F1450F00D12B
:1059A0000136022300E0032307AA049206AACDE9E8
:1059B00002A2CDE9003622462B4600F059FEB8F18E
:1059C000470F074619D1119BDB070ED500EB0609DF
:1059D0000022002320462946EBF74EF808B1CDF807
:1059E0001C903022079B4B451ED3079B159ADB1B4F
:1059F0003846136008B0BDE8F087B8F1460F00EBF9
:105A00000609E5D10378302B0AD100220023204675
:105A10002946EBF731F818B9C6F10106CAF800605B
:105A2000DAF800309944D3E7591C07911A70D9E786
:105A3000F7B50029BABF49422D232B23092902704B
:105A4000437029DD0DF107031D460A271A46B1FBF5
:105A5000F7F607FB1614303402F8014C0C46632CA1
:105A600003F1FF333146F1DC3031941E03F8011CA1
:105A7000411C2346AB420AD30DF109039B1AAC42E9
:105A800088BF002302330344181A03B0F0BD13F893
:105A9000016B01F8016FEDE7302330318370C17085
:105AA000031DF1E72DE9F04F91B00C46DDF8688059
:105AB00016461F46054600F0BDFC036808931846CD
:105AC000EAF7AEFB00230E93D8F8003009900733B5
:105AD00023F0070303F1080294F818A0D4F800B0EB
:105AE000C8F80020D3E9008929F000430B93CDF8D2
:105AF0002880C4E91289DDE90A019D4B4FF0FF328D
:105B0000EAF7ECFF70BBDDE90A01994B4FF0FF3279
:105B1000EAF7C6FF30BB0022002340464946EAF7B9
:105B2000B5FF10B12D2384F84330924A924BBAF15D
:105B3000470F94BF90469846032323612BF004033C
:105B400023604FF00009009733460FAA21462846EC
:105B500000F0D4F9013040F08F804FF0FF3011B0E9
:105B6000BDE8F08F42464B4640464946EAF7B6FF4D
:105B700040B14B46002BBCBF2D2384F843307F4AF5
:105B80007F4BD4E763685A1C0AF0DF013FD106233C
:105B900063604BF480630022236006920EAACDE975
:105BA00004A20DAA03920DF13302CDE9013263681C
:105BB000009342464B4628460A91FFF7D5FE0A99C4
:105BC000472980460D9928D1C81C02DB6368994299
:105BD00040DDAAF1020A5FFA8AFA0139524604F15D
:105BE00050000D91FFF724FF0E9A1318012A8146E9
:105BF000236102DC2268D20701D5013323619DF8BD
:105C00003330002B9FD02D2384F843309BE7472966
:105C1000BFD1002BBDD10123BAE7BAF1650FDCD9A2
:105C2000BAF1660F18D1002963680BDD216113B941
:105C30002268D00702D501330B442361A1654FF0E0
:105C40000009DCE713B92268D20701D50233F4E773
:105C50000123F2E74FF0670A0E9B994205DB2368A8
:105C60002161D807EAD54B1CE7E70029D4BFC1F171
:105C7000020201221344E0E723685A0507D423698E
:105C8000424631462846B84701302BD165E7BAF184
:105C9000650F40F2DD80D4E9120100220023EAF70B
:105CA000EBFE002833D0374A012331462846B84757
:105CB00001303FF452AFDDE90D38434502DB236884
:105CC000D8070FD5DDE9082331462846B84701300B
:105CD0003FF443AF4FF0000908F1FF3804F11A0A0E
:105CE000C84509DC23689B0700F10381E0680F9B2E
:105CF0009842B8BF184632E701235246314628463B
:105D0000B84701303FF429AF09F10109E8E70D9BDD
:105D1000002B39DC1B4A012331462846B8470130A5
:105D20003FF41BAFDDE90D3959EA030302D12368C3
:105D3000D907D7D5DDE9082331462846B8470130D1
:105D40003FF40BAF4FF0000A04F11A0B0D9B5B42BE
:105D5000534501DC4B4693E701235A46314628461A
:105D6000B84701303FF4F9AE0AF1010AEEE700BF8F
:105D7000FFFFEF7F1B2802081F28020823280208C4
:105D8000272802082B280208A36DDDF838A0534508
:105D9000A8BF5346002B994636DC4FF0000B29EA8A
:105DA000E97904F11A02A36D0A93A3EB09035B4599
:105DB00031DC0D9B9A453ADC2368DA0737D40D9B1A
:105DC000AAEB03090A9BAAEB03039945A8BF9946CE
:105DD000B9F1000F33DC4FF0000829EAE97904F14A
:105DE0001A0B0D9BAAEB0303A3EB090343457FF7B3
:105DF00079AF01235A4631462846B84701303FF46F
:105E0000ACAE08F10108ECE7424631462846B847F7
:105E10000130C2D1A1E60123314628460A92B84793
:105E200001303FF49AAE0A9A0BF1010BBBE7DDE9B2
:105E3000082331462846B8470130C0D18DE60A9A7A
:105E40004B46424431462846B8470130C3D184E628
:105E5000DDF838A0BAF1010F01DCDB0736D50123EC
:105E6000424631462846B84701303FF476AEDDE978
:105E7000082331462846B84701303FF46EAED4E9D6
:105E80001201002200230AF1FF3AEAF7F5FDC0B93A
:105E9000534608F1010231462846B84701300CD17B
:105EA0005BE601235A4631462846B84701303FF4A5
:105EB00054AE08F10108D045F3DB4B4604F1500223
:105EC000DFE64FF0000804F11A0BF4E70123424625
:105ED000E1E701234A4631462846B84701303FF4FE
:105EE0003CAE08F10108E3680F995B1A4345F0DC0A
:105EF000FCE64FF0000804F11909F4E72DE9F0473A
:105F0000164698468A680B69DDF820909342B8BF20
:105F10001346336091F8432007460C460AB101331B
:105F200033602368990642BF3368023333602568C3
:105F300015F0060506D104F1190AE36832689B1AC8
:105F4000AB4226DC94F843302268003B18BF0123A3
:105F500092062BD404F1430241463846C84701302B
:105F60001ED02368226903F00603042B02BFE568F4
:105F70003368ED1AA3680CBF25EAE5750025934246
:105F8000C4BF9B1AED1800261A34B5421AD100205E
:105F900008E00123524641463846C847013003D144
:105FA0004FF0FF30BDE8F0870135C6E7E1185A1C15
:105FB000302081F84300224494F8451082F84310C1
:105FC0000233C7E70123224641463846C84701301D
:105FD000E6D00136D9E700002DE9FF470F7E0C9E81
:105FE000782F914680460C469A4601F1430207D825
:105FF000622F0AD8002F00F0D280582F00F0B9800D
:1060000004F1420684F842703AE0A7F16303152BCD
:10601000F6D801A151F823F07160010885600108EC
:1060200001600108016001080160010801600108C8
:106030008560010801600108016001080160010834
:106040000160010885610108AF6001083F61010836
:106050000160010801600108A761010801600108F1
:10606000AF60010801600108016001084761010893
:1060700033681A1D1B68326004F1420684F842300E
:1060800001239DE033682068191D3160060601D5A3
:106090001D6803E04506FBD5B3F90050002D03DA77
:1060A0002D236D4284F8433059480A2311E02168BA
:1060B0003368080653F8045B02D4490648BFADB202
:1060C0006F2F5348336014BF0A230823002184F83C
:1060D00043106668A660002EA2BF216821F004016B
:1060E00021600DB9002E4BD01646B5FBF3F103FB32
:1060F0001157C75D06F8017D2F46BB420D46F4D906
:10610000082B0BD12368DF0708D523696168994202
:10611000DEBF302306F8013C06F1FF36921B2261F8
:10612000CDF800A04B4603AA21464046FFF7E6FE05
:1061300001304AD14FF0FF3004B0BDE8F08723684A
:1061400043F0200323603348782784F845702368A0
:1061500031681F0651F8045B02D45F0648BFADB238
:106160003160D90744BF43F0200323601DB11023E1
:10617000ACE72748E9E7236823F020032360F6E72C
:106180001646BDE7336825686169181D30602E0624
:106190001B6801D5196002E06806FBD51980002351
:1061A00023611646BCE733681A1D32601E686268B8
:1061B00000213046E9F7E4FF08B1801B60606368A6
:1061C0002361002384F84330AAE723693246494615
:1061D0004046D0470130ADD023689B0713D4E06818
:1061E000039B9842B8BF1846A6E7012332464946AA
:1061F0004046D04701309DD00135E36803995B1AD2
:10620000AB42F2DCEBE7002504F11906F5E700BF2D
:106210002D2802083E280208002310B50446C0E9D4
:106220000033C0E90433836081814366C2818361A6
:10623000194608225C3000F0F4F80D4B63620D4BF8
:10624000A3620D4BE3620D4B23630D4B24629C4212
:1062500006D003F16802944202D0D0339C4205D1AB
:1062600004F15800BDE8104000F058B910BD00BF5F
:106270009D630108BF630108F76301081B640108FF
:1062800060F40020024A0349034800F069B800BFE7
:1062900038B20020017C010848B2002041680C4B54
:1062A000994210B5044601D001F0AAFCA168094B3F
:1062B000994202D0204601F0A3FCE168064B9942C6
:1062C00004D02046BDE8104001F09ABC10BD00BFCC
:1062D00060F40020C8F4002030F5002010B50B4B0E
:1062E0000B4C0C4A1A60204600220421FFF794FF51
:1062F00004F1680001220921FFF78EFF04F1D000AC
:106300000222BDE810401221FFF786BF98F5002059
:1063100060F4002085620108014800F000B900BF68
:10632000A1F50020014800F0FBB800BFA1F5002056
:1063300010B50446FFF7F0FF236A1BB1BDE810401B
:10634000FFF7F0BF044B2362044B1B68002BF5D111
:10635000FFF7C4FFF2E700BF9D62010898F5002037
:106360002DE9F8430746884614460026D4E90195EE
:10637000B9F1010905D52468002CF7D13046BDE8F4
:10638000F883AB89012B07D9B5F90E30013303D05F
:1063900029463846C04706436835E9E710B50C463C
:1063A000B1F90E1000F06CF80028ABBF636DA38943
:1063B0001B1823F48053ACBF6365A38110BD2DE986
:1063C000F0411F468B89DB0505460C46164605D570
:1063D000B1F90E100223002200F040F8A389B4F9AD
:1063E0000E1023F48053A38132463B462846BDE875
:1063F000F04100F057B810B50C46B1F90E1000F09E
:106400002DF8431CA38915BF606523F4805343F422
:106410008053A38118BFA38110BDB1F90E1000F005
:106420000DB802440346934200D1704703F8011BA4
:10643000F9E700000048704784B3002038B5064DE6
:106440000023044608462B60EEF7D8FD431C02D11A
:106450002B6803B1236038BD9CF5002038B5074D8B
:1064600004460846114600222A601A46EEF7D0FD7F
:10647000431C02D12B6803B1236038BD9CF500207A
:1064800038B5074D04460846114600222A601A46D0
:10649000EEF798FD431C02D12B6803B1236038BD91
:1064A0009CF5002038B5074D0446084611460022E9
:1064B0002A601A46EEF794FD431C02D12B6803B103
:1064C000236038BD9CF50020014B1868704700BF61
:1064D00044B2002070B50D4D0D4C641BA410002675
:1064E000A64209D10B4D0C4C01F0F2FF641BA41025
:1064F0000026A64205D170BD55F8043B98470136E9
:10650000EEE755F8043B98470136F2E7542C0208B1
:10651000542C0208542C0208582C0208704770476B
:10652000704700001FB514461A46094B1B68054604
:10653000D86854B9074B1C46CDE9013400912B466D
:10654000054901F085FB01F0B3FB044BF4E700BF04
:1065500044B20020728801085C2802084F28020813
:106560002DE9F74F03690C69A34207467EDB013C26
:1065700001F11408A30000F11405009305EB840356
:10658000019358F8243055F8242001339A4208EB3F
:106590008409B2FBF3F62ED34FF0000AC446AE4690
:1065A000D3465CF8043B98B206FB00A0020C1B0C1F
:1065B00006FB0323DEF8002080B292B2121A5A447E
:1065C000DEF800004FEA134A9BB2C3EB224303EB11
:1065D000104392B242EA0342E1454EF8042B4FEADF
:1065E000234BDED2009BEB582BB9019B043B9D4211
:1065F0001A462FD33C61384601F07CF9002825DB90
:106600002946002058F8042BD1F800C01FFA82FE5A
:106610001FFA8CF3A3EB0E030344120CC2EB2342CC
:1066200002EB1C429BB243EA0243C14541F8043BE2
:106630004FEA2240E6D255F8242005EB840322B924
:10664000043B9D421A460BD33C610136304603B0F1
:10665000BDE8F08F1268043B002ACBD1013CC6E7AD
:106660001268043B002AEFD1013CEAE70020EEE784
:106670002DE9F04FC76997B014461D46CDE9024594
:10668000239E83467FB9102000F004FE0246CBF81B
:106690001C0020B9A84BEF21A848FFF743FFC0E931
:1066A00001770760C760DBF81C30196859B15A6878
:1066B0004A60012393408B60584600F0E1FEDBF80E
:1066C0001C3000221A602B1EB9BF23F00043039335
:1066D00000233360DDF80C80994BBCBF012232608F
:1066E00033EA080312D1229A42F20F731360C8F3FF
:1066F0001303234300F05185249BDFF848A2002BAD
:1067000000F053850AF1030300F04DBDDDE90223DB
:10671000CDE90C23DDE90C0100220023EAF7ACF9F6
:10672000074658B1229A01231360249B13B1249A7F
:10673000854B1360DFF814A200F037BD14AB019352
:1067400015AB00935846DDE90C2301F081F9C8F33D
:106750000A568146002E76D00D9B1297C3F3130381
:10676000DDE90C0143F07F5343F44013A6F2FF36FA
:1067700019460022764BE9F75FFD69A3D3E90023B0
:10678000E9F712FF68A3D3E90023E9F757FD0446B0
:1067900030460D46E9F79EFE65A3D3E90023E9F7ED
:1067A00003FF02460B4620462946E9F747FD04460B
:1067B0000D46EAF7A9F9002207460023204629469C
:1067C000EAF764F940B13846E9F784FE22462B46E1
:1067D000EAF752F900B9013F162F52D85D4B03EB8F
:1067E000C703D3E90023DDE90C01EAF74FF90028DC
:1067F00049D0013F00230F93149B9B1B5A1E44BF9B
:10680000C3F101080023099254BF4FF00008099317
:10681000002F3ADB099B0E973B44099300230A9310
:10682000209B092B65D8052BC4BF043B2093209BDC
:10683000A3F10203CCBF00240124032B64D8DFE8BA
:1068400003F02B383656DDE914631E4406F232435A
:10685000202BC1BFC3F1400308FA03F806F212432C
:1068600024FA03F3D6BFC3F1200348EA030004FA75
:1068700003F0E9F71FFE0122A1F1F873013E129225
:1068800076E70123B7E70F90B6E77B420A93002330
:10689000A8EB07080E93C3E700230B93219B002B63
:1068A00035DC0123CDE907331A4621920BE00123A1
:1068B000F3E700230B93219BFB1808930133012B73
:1068C0000793B8BF0123DBF81C000021042202F16A
:1068D00014059D421FD94160584600F091FD824643
:1068E00000283BD11C4B024640F2AF11D4E60123F5
:1068F000E0E70124002320930B944FF0FF33CDE910
:10690000073300221223D0E701230B93F5E7219BE5
:10691000CDE90733D7E701315200D8E7AFF3008064
:1069200061436F63A787D23FB3C8608B288AC63F95
:10693000FB799F501344D33FAC27020898280208E4
:106940000000F07F942802082C2802082B28020857
:106950000000F83F90290208F0280208DBF81C30FC
:106960001860079B0E2B00F2A480002C00F0A18081
:10697000002F33DD864B07F00F0203EBC203D3E990
:106980000034F805CDE904344FEA271416D5814BBD
:10699000DDE90C01D3E90823E9F730FFCDE9020175
:1069A00004F00F0403267B4D54B9DDE90423DDE92F
:1069B0000201E9F723FFCDE9020128E00226F2E710
:1069C000E10708D5DDE90401D5E90023E9F7ECFD8D
:1069D000CDE90401013664100835E5E700F0D28006
:1069E0007C426B4B6B4D04F00F0203EBC203D3E907
:1069F0000023DDE90C01E9F7D7FDCDE902012411FF
:106A000000230226002C40F0B280002BD3D10F9B34
:106A1000DDE90245002B00F0B7805F4B00222046E5
:106A20002946EAF733F8002800F0AE80079B002BD8
:106A300000F0AA80089B002B37DD7B1E04932046C4
:106A4000564B00222946E9F7AFFDCDE90201089C2B
:106A500001363046E9F73EFDDDE90223E9F7A4FD02
:106A60004F4B0022E9F7EAFB0546A1F15076002CD6
:106A700040F09A80DDE902014A4B0022E9F7DCFB95
:106A800002460B46CDE902232A463346EAF71CF8B4
:106A9000002840F08E82DDE902012A4606F100431B
:106AA000E9F7F4FF002840F02781DDE90C34CDE957
:106AB0000234159B002BC0F263810E2F00F360811E
:106AC000334B03EBC703D3E90034CDE90434219BF6
:106AD000002B03DA079B002B40F30081DDE9024520
:106AE0005646DDE9042320462946E9F787FEEAF702
:106AF0000BF88046E9F7EEFCDDE90423E9F754FDE5
:106B000002460B462046294608F13004E9F794FB7B
:106B100006F8014B079DA6EB0A04A54202460B4668
:106B200040F01681E9F78AFBDDE9042304460D46AF
:106B3000E9F7CAFF002840F0F880DDE90423204689
:106B40002946E9F799FF18B118F0010F40F0ED80E0
:106B50004946584600F094FC00233370229B0137CD
:106B60001F60249B002B00F020831E601DE3E207C2
:106B700005D5D5E90023E9F717FD01360123641097
:106B800008353FE7022642E7079C049761E700BF0C
:106B900090290208682902080000F03F0000244004
:106BA00000001C4000001440704B0B9903EBC40321
:106BB00053E902235444002945D06D490020E9F7E8
:106BC0001DFE33462A46E9F737FBCDE9100156464C
:106BD000DDE90201E9F798FF0546E9F77BFC02468B
:106BE0000B46DDE90201E9F727FB303502460B468B
:106BF000CDE9022306F8015BDDE91023E9F746FF42
:106C0000002863D1DDE902235A490020E9F714FB8B
:106C1000DDE91023E9F73AFF002840F08780A6421B
:106C20003FF443AFDDE91001534B0022E9F7BCFC10
:106C3000514BCDE910010022DDE90201E9F7B4FC76
:106C4000CDE90201C4E731462846E9F7ADFCCDE9BC
:106C5000100113945646DDE90201E9F755FF054698
:106C6000E9F738FC02460B46DDE90201E9F7E4FAF0
:106C7000303506F8015B02460B46A642CDE90223F9
:106C80004FF0000224D13A4BDDE91001E9F7D6FAC2
:106C900002460B46DDE90201E9F716FF002845D15F
:106CA000DDE9102332490020E9F7C6FA02460B4617
:106CB000DDE90201E9F7EAFE00283FF4F6AE139E93
:106CC000731E139316F8013C302BF8D0049F3FE756
:106CD000294BE9F769FCCDE90201BCE70CD1274B50
:106CE0000022DDE90401E9F75FFCDDE90223E9F7B1
:106CF000E1FE002800F05B8100242546219BDB4358
:106D00000493564600272146584600F0B9FB002D53
:106D1000DCD02FB1AF4203D03946584600F0B0FB6B
:106D20002946584600F0ACFBD0E7049733461E4690
:106D300013F8012D392A07D19A45F8D1049A013266
:106D4000049230228AF800201A7801321A70BDE7C6
:106D5000094B0022E9F728FC0022002304460D46D7
:106D6000E9F78AFE00283FF4BCAEF1E6902902085C
:106D70000000E03F0000F03F00002440000014400D
:106D80000B9A002A00F0DB80209A012A00F3BF80D2
:106D9000129A002A00F0B78003F233430A9C464659
:106DA000099A01211A4458469844099200F01CFCA3
:106DB00005465EB1099B002B08DDB342099AA8BFC6
:106DC0003346A8EB0308F61AD31A09930A9BF3B1CA
:106DD0000B9B002B00F0B7808CB129462246584609
:106DE00000F0C2FC4A4601460546584600F012FC37
:106DF00049460490584600F043FB049B99460A9B81
:106E00001A1B04D04946584600F0AEFC81460121C9
:106E1000584600F0E9FB0E9B0446002B00F0C981A8
:106E20001A460146584600F09FFC209B012B044661
:106E300000F38F80029B002B40F08780039BC3F3FD
:106E40001303002B40F08380039B23F000431B0DB2
:106E50001B052BB1099B0133099308F1010801239C
:106E60000A930E9B002B00F0AA81236904EB830395
:106E7000186900F06DFBC0F12000099B184410F068
:106E80001F0071D0C0F12003042B65DD099BC0F108
:106E90001C000344804406440993B8F1000F05DD4B
:106EA00049464246584600F0B9FC8146099B002BF2
:106EB00005DD21461A46584600F0B0FC04460F9BFB
:106EC000002B53D02146484600F014FD00284DDA2F
:106ED0007B1E0493494600230A22584600F0F2FA2A
:106EE0000B9B8146002B00F06C81002329460A226F
:106EF000584600F0E7FA089B002B054661DC209B12
:106F0000022B3BDC5DE0149BC3F1360346E7079B95
:106F10005C1E0A9BA342BFBF0A9B0E9A0A94E31A07
:106F2000B4BFD2181C1B079BBCBF0E920024002BC1
:106F3000B5BFA8EB0306079B0023464630E70A9C33
:106F40000B9D464635E70A9A5CE7002388E7029BDB
:106F500086E700230A9388E79FD0099A1C331A44D6
:106F600098441E44099298E70346F6E7079B049766
:106F7000002B20DC0893209B022B1EDD089B002B9E
:106F80007FF4BCAE21460522584600F09BFA01462C
:106F90000446484600F0AEFC00287FF7AFAE5646E8
:106FA000312306F8013B049B01330493AAE6079CB6
:106FB00004972546F3E7079B08930B9B002B00F0F3
:106FC0000481002E05DD29463246584600F026FC95
:106FD00005460A9B002B5AD06968584600F010FA03
:106FE000064628B9844B024640F2EF21FFF754BB16
:106FF0002A690232920005F10C010C3000F04AFEC1
:1070000001223146584600F009FC0AF101030793BA
:10701000089B53440B93029B03F001032F460A93F2
:107020000546079B2146013B48460293FFF798FA25
:107030003946089000F13008484600F05BFC2A46CB
:1070400009902146584600F071FCC268064602BB12
:107050000146484600F04EFC0246314658460C9226
:1070600000F00EFA209B0C9A079E43EA02010A9B4D
:10707000194310D1B8F1390F29D0099B002B02DD3B
:10708000089B03F13108029B83F800803BE6284609
:10709000BBE70122E1E7099B002B04DB20990B43AE
:1070A0000A990B4320D1002AEDDD494601225846BA
:1070B00000F0B4FB2146814600F01CFC002803DCF4
:1070C000E1D118F0010FDED0B8F1390FD8D1029A12
:1070D0003923137033461E46013B16F8012C392A1A
:1070E00052D001321A700EE6002A07DDB8F1390FCE
:1070F000EDD0029A08F10103137004E6079B079A8A
:1071000003F8018C0B9B934228D0494600230A22A6
:10711000584600F0D7F9AF4281464FF000034FF0D8
:107120000A023946584607D100F0CCF90746054611
:10713000079B0133079374E700F0C4F9294607461B
:1071400000230A22584600F0BDF90546F0E7089BE7
:10715000002BCCBF1E46012656440027494601227B
:10716000584600F05BFB2146814600F0C3FB002837
:10717000B0DC02D118F0010FACD133461E4613F833
:10718000012D302AFAD0BEE59A45A4D1049B0133E3
:10719000049331238AF80030B5E5249BDFF85CA026
:1071A0001BB10AF10803249A1360504617B0BDE8DA
:1071B000F08F209B012B7FF73DAE0E9B0A930120A1
:1071C0005BE6089B002B7FF7D6AE56462146484625
:1071D000FFF7C6F900F1300806F8018B089BA6EB13
:1071E0000A029342B3DD494600230A22584600F0C2
:1071F00069F98146EAE700BFF02802088B280208F7
:1072000038B50546002941D051F8043C0C1F002B2D
:10721000B8BFE41800F0E8F81D4A136833B963609A
:1072200014602846BDE8384000F0E4B8A34208D90D
:10723000206821188B4201BF19685B68091821601A
:10724000EDE71A465B680BB1A342FAD911685018F2
:10725000A0420BD120680144501883421160E0D154
:1072600018685B68536008441060DAE702D90C23A1
:107270002B60D6E7206821188B4204BF19685B6831
:10728000636004BF091821605460CAE738BD00BFBD
:10729000A8F50020024B0146186800F025B800BF91
:1072A00044B2002070B50F4E0C463168054611B946
:1072B00000F0E0FC30602146284600F0DBFC431C77
:1072C00003D14FF0FF34204670BDC41C24F00304EA
:1072D000A042F8D0211A284600F0CCFC0130F2D1AF
:1072E000EFE700BFA4F500202DE9F843CD1C25F001
:1072F000030508350C2D38BF0C25002D064601DB93
:10730000A94204D90C2333600020BDE8F883DFF8DC
:10731000D48000F069F8D8F800301C4644BB2946F8
:107320003046FFF7BFFF431C044658D1D8F8004051
:107330002746002F43D1002C4BD0236839463046D6
:1073400004EB030900F096FC814542D121686D1AD7
:1073500029463046FFF7A6FF01303AD023682B4478
:107360002360D8F800305A6862BBC8F800700FE09C
:107370002268521B20D40B2A17D96119A342256019
:1073800018BF5960636808BFC8F8001062514B60AD
:10739000304600F02FF804F10B00231D20F0070009
:1073A000C21A1CBF1B1AA350AFE76268A3420CBFEE
:1073B000C8F800205A60EBE723466468AEE73C4615
:1073C0007F68B6E71A465B68A342FBD1002353608F
:1073D000DEE70C233360304600F00CF894E70560DC
:1073E000D6E700BFA8F500200148FFF798B800BF16
:1073F000A0F500200148FFF793B800BFA0F50020DA
:1074000070B5C66904460D4676B91020FFF742FFF5
:107410000246E06120B9184B18486B21FFF782F84B
:10742000C0E901660660C660E669F36883B1E36996
:10743000DB6853F82500B8B9012101FA05F6721D81
:107440009200204600F03BFC60B1C0E901560EE01E
:1074500021220421204600F032FCE369F060DB6861
:10746000002BE4D1002070BD026843F825200023E2
:10747000C0E90333F7E700BFAC270208012902087F
:1074800070B5C66905460C4676B91020FFF702FFB5
:107490000246E86120B9094B09488F21FFF742F8FD
:1074A000C0E901660660C6603CB1EB696268DB68F2
:1074B00053F82210216043F8224070BDAC27020827
:1074C000012902082DE9F0410D6907460C461E46C8
:1074D00001F1140C0020DCF8003099B202FB0161CC
:1074E0001E0C0B0C02FB063389B2013001EB034189
:1074F00085424CF8041B4FEA1346ECDC0EB3A3683C
:10750000AB4219DC616838460131FFF779FF8046EC
:1075100028B902460C4B0D48BA21FFF703F822693F
:10752000023204F10C0192000C3000F0B3FB214652
:107530003846FFF7A5FF444604EB850301355E613D
:1075400025612046BDE8F081F028020801290208E3
:10755000B0F5803F034636BF030400201020B3F18E
:10756000807F3CBF1B020830B3F1805F3CBF1B0132
:107570000430B3F1804F3CBF9B000230002B05DB91
:1075800013F0804F00F1010008BF2020704703680E
:10759000024613F007000BD0D90721D4980749BF42
:1075A0005B089B08012013605CBF136002207047DA
:1075B00099B209B91B0C1020D9B209B908301B0ABD
:1075C000190704BF1B090430990704BF9B08023048
:1075D000D90703D45B0800F1010003D013607047A2
:1075E000002070472020704710B50C460121FFF79E
:1075F00007FF024628B9054B054840F24511FEF742
:1076000091FF01234461036110BD00BFF02802080F
:10761000012902082DE9F04F14460A6923699A42AC
:10762000A8BF23460F46A4BF0C461F46D4F810A09F
:10763000D7F81090A36861680AEB0906B34285B0D9
:10764000B8BF0131FFF7DCFE30B90246444B454874
:107650004FF4B171FEF766FF00F1140505EB8608E3
:107660002B460022434521D307F1140104F11402F3
:1076700002EB8A0201EB89030293131B153B23F0F3
:107680000303043304F11507BA4238BF04230193FE
:10769000029B03918B420CD8002E03DD58F8043D69
:1076A000002B5AD0066105B0BDE8F08F43F8042BDB
:1076B000D8E7B1F800A0BAF1000F23D004F1140EFE
:1076C000A9464FF0000C5EF8047BD9F800301FFA91
:1076D00087FB9BB20AFB0B336344D9F800C03F0C15
:1076E0004FEA1C4C0AFB07C707EB13479BB243EA60
:1076F0000743724549F8043B4FEA174CE3D8019B16
:1077000045F803C0039BB3F802900431B9F1000FB0
:1077100021D02B6804F1140CAE464FF0000ABCF8DF
:1077200000B0BEF8027009FB0B7757449BB243EAE6
:1077300007434EF8043B5CF8043B4FEA134ABEF89B
:10774000003009FB0A3303EB174362454FEA134A43
:10775000E5D8019FEB5104359AE7013E9CE700BF55
:10776000F0280208012902082DE9F843154612F015
:10777000030207460E4607D0254C013A002354F871
:107780002220FFF79FFE0646AD103DD0FC697CB974
:107790001020FFF77FFD0246F86128B91D4B1E48F7
:1077A00040F2B311FEF7BEFEC0E901440460C460BC
:1077B000D7F81C80D8F808404CB940F271213846FF
:1077C000FFF712FF0023C8F80800044603604FF0DB
:1077D0000009EB070AD5314622463846FFF71AFF63
:1077E000314680463846FFF74BFE46466D100BD0BB
:1077F000206838B9224621463846FFF70BFF206043
:10780000C0F800900446E4E73046BDE8F88300BFC6
:107810005C290208AC270208012902082DE9F0477B
:107820000C464968236903EB6218A3680746914632
:107830004FEA621A08F10106B3420BDB3846FFF744
:10784000DFFD054648B90246284B29484FF4EF7141
:10785000FEF768FE01315B00EEE7002300F1140142
:1078600000F110021846534533DB20692AEAEA7A10
:1078700004F1140319F01F0901EB8A0103EB800CDA
:107880002BD0C9F1200E8A460022186800FA09F0B0
:1078900010434AF8040B53F8042B9C4522FA0EF2CD
:1078A000F3D8ACEB0403153B23F00303043304F1DA
:1078B0001500844538BF0423CA500AB108F10206F6
:1078C000013E38462E612146FFF7DAFD2846BDE825
:1078D000F08742F8040F0133C5E7043953F8042B4D
:1078E00041F8042F9C45F9D8EAE700BFF0280208C8
:1078F000012902080A6903460069801A30B50ED1D1
:107900001433143103EB820401EB820154F8045D5B
:1079100051F8042D954203D005D24FF0FF3030BD11
:10792000A342F3D3FBE70120F9E700002DE9F74F6D
:1079300089460646114648461446FFF7DBFF051EFA
:1079400012D129463046FFF75BFD024628B93E4B6F
:1079500040F237213D48FEF7E5FD0123C0E904353B
:10796000104603B0BDE8F08FBCBF4B46A146304681
:10797000D9F80410BABF1C4601250025FFF740FDC9
:10798000024618B9304B40F24521E3E7D9F81070B0
:107990002669C56009F1100309F1140504F1140EFC
:1079A00000F1140B05EB87080EEB86060193D94610
:1079B0004FF0000C019B5EF8040B53F804AF0193E9
:1079C00081B21FFA8AF35B1A000C6344C0EB1A40C1
:1079D00000EB23409BB243EA0043764549F8043B61
:1079E0004FEA204CE6D8331B153B23F00303153434
:1079F0000433A64238BF04231D445B441E462C4674
:107A000044450ED308F10301491B21F00301033D56
:107A1000A84538BF00210B4453F8041D91B11761EC
:107A20009EE754F8041BE646080C1CFA81FC7144DE
:107A300000EB2C4089B241EA004146F8041B4FEAB2
:107A4000204CDDE7013FE7E7F028020801290208A2
:107A50002DE973430121089E90469946FFF7D0FC1B
:107A6000044630B90246244B244840F20F31FEF759
:107A700059FDC9F30A55C9F313030DB143F480133B
:107A80000193B8F1000324D068460093FFF77FFD0F
:107A9000DDE90012D8B1C0F1200302FA03F30B4371
:107AA000C24063610192019BA361002B0CBF0122C4
:107AB00002222261ADB1A5F2334505443560C0F123
:107AC0003500099B1860204602B0BDE870836161F3
:107AD000E9E701A8FFF75BFD019B6361203001220C
:107AE000E7E704EB8203A0F2324030601869FFF749
:107AF0002FFDC0EB4210E4E7F0280208012902083C
:107B0000B1F90C20F8B5160705460C4654D44B685D
:107B1000002B02DC0B6C002B48DDE66A002E45D002
:107B2000002312F480522F68216A2B6030D0626DDE
:107B3000A389590705D56368D21A636B0BB1236C0F
:107B4000D21A0023E66A216A2846B047431CA3895B
:107B500006D129681D292BD8284A0A41D60727D4DF
:107B600000226260D9042269226004D5421C01D13E
:107B70002B6803B96065616B2F60B9B104F14403F0
:107B8000994202D02846FFF73BFB002363630DE0D8
:107B900001232846B0470246501CC9D12B68002B50
:107BA000C6D01D2B01D0162B1DD12F60002021E047
:107BB00043F040031BB21AE00F69002FF6D0930781
:107BC0000E6808BF4B690F6018BF0023F61B8B605F
:107BD000002EEBDD216AD4F828C033463A46284609
:107BE000E047002807DCB4F90C3043F04003A381E0
:107BF0004FF0FF30F8BD0744361AE9E7FEFFBFDF5C
:107C000038B50B6905460C4613B90025284638BD22
:107C100018B1036A0BB9FEF78BFBB4F90C30002BDB
:107C2000F3D0626ED00704D4990502D4A06DFEF79C
:107C300076FC28462146FFF763FF636EDA070546A8
:107C4000E4D4A3899B05E1D4A06DFEF769FCDDE7D0
:107C50000EB403B5014603AB054853F8042B006886
:107C6000019300F087F802B05DF804EB03B07047B1
:107C700044B2002038B5064D0023044608462B6068
:107C8000EDF7C8F9431C02D12B6803B1236038BD5E
:107C90009CF500200A44914200F1FF3300D1704767
:107CA00010B511F8014B03F8014F9142F9D110BD05
:107CB00008B5062000F032FA0120EDF77DF970B525
:107CC000A1FB02543CB92946FFF70EFB064628B932
:107CD0000026304670BD0C220260F9E72A46214694
:107CE000FEF79FFBF5E782B001B901A942B14BB1A4
:107CF00013780B601278101E18BF012002B0704775
:107D00001046FBE76FF00100F8E70346084641B173
:107D1000FF2A04D98A221A604FF0FF3070470A7098
:107D2000012070479368013B002B10B4936007DA81
:107D30009469A34201DB0A2902D110BC00F032B9D8
:107D40001368581C10601970084610BC7047F8B5CD
:107D500006460F461446D518AC4201D1002007E074
:107D600014F8011B3A463046FFF7DCFF431CF3D101
:107D7000F8BD00002DE9F04F0D469DB01446984621
:107D8000064618B1036A0BB9FEF7D2FA6B6ED90733
:107D900005D4AB899A0502D4A86DFEF7C0FBAB8968
:107DA0001B0701D52B699BB92946304600F038F9ED
:107DB00070B16B6EDC0704D54FF0FF301DB0BDE82D
:107DC000F08FAB899805F7D4A86DFEF7A9FBF3E710
:107DD0000023099320238DF82930CDF80C8030231F
:107DE000DFF8AC818DF82A304FF0010923469A461E
:107DF00013F8012B0AB1252AF9D1BAEB040B0BD0E9
:107E00005B46224629463046FFF7A1FF013000F0CD
:107E1000A780099A5A4409929AF80030002B00F082
:107E20009F8000234FF0FF32CDE905230AF1010ABC
:107E3000049307938DF853301A935446052214F88F
:107E4000011B5348E8F79CF9049AD8B9D10644BFFE
:107E500020238DF85330130744BF2B238DF8533064
:107E60009AF800302A2B15D0079A544600204FF07C
:107E70000A0C214611F8013B303B092B4BD9B0B11C
:107E8000079214E0A0EB080309FA03F313430493E9
:107E9000A246D2E7039B191D1B680391002BBBBFB1
:107EA0005B4242F0020207930793B8BF0492237823
:107EB0002E2B0AD163782A2B32D1039B1A1D1B6803
:107EC000039243EAE37302340593DFF8C8A02178F4
:107ED00003225046E8F754F938B1049BA0EB0A009E
:107EE0004022824013430134049314F8011B2A48B2
:107EF0008DF828100622E8F743F900283FD0274BD9
:107F00001BBB039B073323F0070308330393099B31
:107F10003B4409936AE70CFB02320C460120A8E7B8
:107F200000230134059319464FF00A0C204610F83F
:107F3000012B303A092A03D9002BC6D00591C4E79A
:107F40000CFB012104460123F0E703AB00932A4612
:107F5000134B04A93046FDF7A5FD0746781CD6D182
:107F60006B6ED90705D4AB899A0502D4A86DFEF7CC
:107F7000D7FAAB895B063FF51FAF09981EE703AB45
:107F800000932A46064B04A93046FEF725F8E4E79D
:107F9000612B0208672B02086B2B0208A55A010807
:107FA0004F7D0108F8B50E461446054618B1036A20
:107FB0000BB9FEF7BDF9A369A360A3891A0701D520
:107FC000236943B92146284600F02AF818B14FF03A
:107FD000FF373846F8BD23682269981A6369F6B2FC
:107FE0008342374605DC21462846FFF709FE002874
:107FF000EDD1A368013BA36023685A1C22601E7068
:108000006269431C9A4204D0A389DB07E1D50A2E9A
:10801000DFD121462846FFF7F3FD0028D9D0D6E767
:1080200038B5294B054618680C4618B1036A0BB9D8
:10803000FEF77EF9B4F90C30190722D4DA0607D41A
:1080400009222A6043F04003A3814FF0FF3033E060
:10805000580712D5616B41B104F14403994202D033
:108060002846FFF7CDF800236363A38923F0240398
:10807000A3810023636023692360A38943F008037D
:10808000A38123694BB9A38903F42073B3F5007F5F
:1080900003D02146284600F083F8B4F90C3013F0E1
:1080A00001020AD00022A26062695242A2612269E2
:1080B00042B913F08000C5D138BD990758BF626935
:1080C000A260F4E70020F7E744B200201F2938B58A
:1080D00005460C4604D9162303604FF0FF3038BD27
:1080E000C26B12B152F821304BB9284600F030F87B
:1080F000224601462846BDE8384000F017B8012B5B
:108100000AD0591C03D1162303600120E7E70021A0
:1081100042F82410204698470020E0E7024B014631
:108120001868FFF7D3BF00BF44B2002038B5074D31
:1081300000230446084611462B60ECF735FF431C2C
:1081400002D12B6803B1236038BD00BF9CF500202D
:10815000ECF728BF70B50C46B1F90E10002996B0A7
:1081600015461E460DDAA38913F0800F4FF000016B
:1081700014BF40234FF48063002031602B6016B0A1
:1081800070BD6A4600F048F80028ECDB019901F464
:108190007041A1F50053594259414FF48063EBE718
:1081A0008B89F7B59D0706460C4607D504F14703B2
:1081B000236023610123636103B0F0BD01AB6A4614
:1081C000FFF7C8FF009F054639463046FFF78CF899
:1081D00048B9B4F90C309A05EED423F0030343F008
:1081E0000203A381E2E7A389206043F08003A38117
:1081F000019BC4E904075BB1B4F90E10304600F0EE
:108200001DF828B1A38923F0030343F00103A381E0
:10821000A3891D43A581CFE738B5074D0023044648
:10822000084611462B60ECF7ECFE431C02D12B688C
:1082300003B1236038BD00BF9CF5002038B5064D62
:108240000023044608462B60ECF7E0FE431C02D1F5
:108250002B6803B1236038BD9CF5002038B5054676
:1082600000F046F8294604462846E8F799FF68B921
:1082700000212846E8F76CFF40B1FEF725F92123DD
:10828000002103600846E8F779FE0446204638BD21
:1082900038B504460D4600F011F810B92C462046BA
:1082A00038BD284600F00AF80028F8D029462046B4
:1082B000E8F76CFF0028F1D0F1E7000030F0004053
:1082C0000DD0A0F50003B3F1FE4F0AD3074B421EB9
:1082D0009A4208D9A0F1FF43584258417047022002
:1082E0007047042070470320704700BFFEFF7F00E7
:1082F00020F00042B2F1FF4F2DE9F0410346044661
:108300000AD30146E8F786FD01462046E8F77AFCE5
:1083100004462046BDE8F081002AFAD0002806DA9B
:108320000146E8F76DFC0146E8F728FEF0E710F09B
:10833000FF424FEAE0513DD0C3F3160343F400037C
:10834000CA07A1F17F0558BF5B0000246D105B00D8
:10835000192026464FF0807172189A42DDBF5618D8
:1083600064189A1A1A4601384FEA42034FEA51013B
:10837000F2D1BAB1144E154F30683968D6F8008082
:10838000E8F73EFC01464046E8F7ECFE50B13068A5
:1083900039683668E8F736FC01463046E8F7D8FE1B
:1083A00068B10234641004F17C5404EBC554B0E7A6
:1083B0005B0001321802FBD5013A891ABCE701348F
:1083C00024F00104EEE700BF04B4002000B4002054
:1083D0002DE9F041C1F30A57A7F2FF36132E0246EA
:1083E0000B460C460546804635DC002E17DA34A3D2
:1083F000D3E90023E7F722FF00220023E8F764FB1C
:1084000050B1002C57DA24F000442C430025AC4234
:108410002D4C08BF4FF0004423462A4624E02B4F42
:10842000374101EA070C5CEA000C1DD024A3D3E914
:108430000023E7F703FF00220023E8F745FB0028AD
:10844000EAD0002CBEBF4FF480133341E41824EA75
:1084500007040025E0E7332E0ADDB6F5806F03D16F
:10846000E7F7ECFE02460B4610461946BDE8F081E0
:10847000A7F213474FF0FF3C2CFA07F70742F3D05F
:108480000FA3D3E90023E7F7D9FE00220023E8F782
:108490001BFB0028C0D0002C0ADA142E01D10134B5
:1084A00006E0C6F134060123B3401D444545F6D32A
:1084B00025EA0705B0E700252C46ADE7AFF30080BD
:1084C0009C7500883CE4377E0000F0BFFFFF0F0082
:1084D000F8B500BFF8BC08BC9E467047F8B500BFB1
:0884E000F8BC08BC9E46704781
:1084E8000000000001000000020000000000000081
:1084F8008813000010270000204E0000307500008F
:10850800409C000050C3000060EA0000C0D4010095
:1085180080A903000053070000EA063700000000A6
:108528005000000040F7093700000000500000002C
:10853800C194C10000000000B22700000000000044
:108548000000000000000000000000000000000023
:1085580000232323232323205072696D7573204938
:108568006E69742053746172742023232323232398
:108578000D00232323232323205072696D75732054
:10858800496E697420456E64202323232323230D19
:1085980000000000000000000000000001000000D2
:1085A80001000000020000000000000000000000C0
:1085B80001000000010000000200000041425000DC
:1085C8004F544141000D0A232323232323204C6FBA
:1085D80052612041637469766174696F6E205479C1
:1085E8007065203A202573202323232323230D0A93
:1085F800000D0A232323232323202055706C696E42
:108608006B436F756E746572204C6F6164203A20FD
:108618002575202323232323230D0A000D0A232352
:1086280023232323204E6578742053656E642054D9
:10863800696D65203A20202564206D696E75746522
:10864800207C202564207365636F6E6420232323B8
:108658002323230D0A0A000D0A232323232323207F
:1086680054696D6572204572726F7220232323232B
:1086780023230D0A000D0A232323232323204C6FD1
:1086880052612055706C696E6B436F756E746572BC
:10869800203A202575202323232323230D0A000DA8
:1086A8000A232323232323205478496E6465783AC8
:1086B80020256420202323232323230D0A000D0AC9
:1086C80023232323232320525353493A202564206C
:1086D800202323232323230D0A000D0A23232323E6
:1086E8002323204C525F5374617475733A202573A9
:1086F80020202323232323230D0A000D0A232323C9
:10870800232323204F505F5374617475733A2025D7
:108718007320202323232323230D0A000D0A232358
:1087280023232323204A4F494E204661696C203A6F
:1087380020256420202323232323230D0A000D0A48
:108748002323232323232041434B204661696C20A4
:108758003A20256420202323232323230D0A000DF8
:108768000A232323232323204142502041434B2023
:108778004661696C203A20536C656570202023237C
:10878800232323230D0A000D0A2323232323232035
:108798004F5441412041434B204661696C203A20A7
:1087A8005245424F4F5420202323232323230D0ACD
:1087B800000D0A2323232323232041434B20436F07
:1087C8006E6669726D203A205061737320202323EE
:1087D800232323230D0A000D0A23232323232320E5
:1087E8004669727374204A6F696E202023232323FD
:1087F80023230D0A000D0A232323232323204D437B
:1088080055205265626F6F74202323232323230D81
:108818000A000D0A232323232323204B65792043B1
:108828006F6E666967204279205072696D75732092
:108838005374617274202323232323230D0A0A000F
:108848000D232323232323204B657920436F6E6652
:108858006967204279205072696D757320456E648E
:10886800202323232323230D0A0A0023232323233E
:108878002320414343454C45524F5F4759524F20AF
:10888800536C656570202323232323230D0A0023BB
:10889800232323232320414343454C45524F5F471D
:1088A80059524F5F4572726F72203A202564202317
:1088B80023232323230D0A002323232323232041B7
:1088C8004343454C45524F5F4759524F5F43616C94
:1088D80063756C6174696F6E202323232323230D32
:1088E8000A00202425642025642025643B002323D6
:1088F8002323232320414343454C45524F5F475987
:10890800524F5F57616B6520557020436E74203A53
:10891800202564202323232323230D0A0023232334
:1089280023232320414343454C45524F5F47595227
:108938004F5F57616B652055702023232323232322
:108948000D0A00009F4C00088D4C0008714C00086F
:10895800914C00086D4C0008B14C00082564732543
:108968003033643A00000000E951000889520008D9
:10897800F95100089552000859520008A152000800
:108988000000000009520008C15100088D5100087C
:10899800455100089D510008B15100085151000887
:1089A80055510008695100081D5500084555000833
:1089B800C9540008B5540008537769746368207473
:1089C8006F20436C61737320256320646F6E650D9F
:1089D8000A00414243004E41434B000D0A23232322
:1089E800232323203D3D3D3D3D3D3D3D3D3D204D27
:1089F8004350532D436F6E6669726D203D3D3D3D7A
:108A08003D3D3D3D3D3D3D3D3D0D0A002323232396
:108A1800232320552F4C204652414D453A253034CA
:108A280064207C20504F52543A2564207C204452C4
:108A38003A2564207C205057523A256400207C2037
:108A48004D534720545950453A00434F4E464952DA
:108A58004D4544205B25735D0D0A00554E434F4E2E
:108A68004649524D45440D0A000D0A23232323236A
:108A780023203D204A4F494E4544203D2000414295
:108A880050203D3D3D3D3D3D3D3D3D3D3D3D3D3D18
:108A98003D3D3D3D3D3D3D3D0D0A004F544141208A
:108AA8003D3D3D3D3D3D3D3D3D3D3D3D3D3D3D3DEE
:108AB8003D3D3D3D3D0D0A000D0A2323232323237D
:108AC800204A4F494E204641494C45440D0A00234F
:108AD800232323232320552F4C204652414D453A2A
:108AE8004A4F494E207C2044523A2564207C20502D
:108AF80057523A25640D0A004C6D48616E646C65E6
:108B0800722053746F70206F6E20676F696E6720D4
:108B18002E2E2E0D0A004C6D48616E646C65722015
:108B280053746F707065640D0A004C6D48616E6413
:108B38006C65722073776974636820746F204F5472
:108B48004141206D6F64650D0A004C6D48616E648B
:108B58006C65722073776974636820746F20414272
:108B680050206D6F64650D0A000D0A23232323230B
:108B78002320424541434F4E204C4F53540D0A0089
:108B88000D0A23232323232320424541434F4E200C
:108B98005245434549564544207C2044523A256471
:108BA800207C20525353493A2564207C20534E524E
:108BB8003A2564207C2046513A2564207C2054497B
:108BC8004D453A2564207C20444553433A2564208A
:108BD8007C20494E464F3A3032582530325825309D
:108BE8003258202530325825303258253032580D29
:108BF8000A000D0A23232323232320424541434F00
:108C08004E204E4F542052454345495645440D0A7F
:108C1800004E564D20444154412053544F52454430
:108C28000D0A004E564D204441544120524553549C
:108C38004F5245440D0A005258202D20506F72742F
:108C4800203A202564207C2042756666203A20253B
:108C5800640D0A004C4544204F46460D0A004C4519
:108C680044204F4E0D0A0023232323232320442F7F
:108C78004C204652414D453A25303464207C2050E2
:108C88004F52543A2564207C2044523A2564207C73
:108C980020534C4F543A2573207C20525353493A61
:108CA8002564207C20534E523A25640D0A004E5606
:108CB8004D204441544120555020544F20444154A4
:108CC800450D0A004E564D20444154412053544FFF
:108CD8005245204641494C45440D0A0053454E44EF
:108CE80020524551554553540D0A004E657874205D
:108CF800547820696E20203A207E256420736563AD
:108D08006F6E642873290D0A004150504C49434145
:108D180054494F4E5F56455253494F4E3A205625B7
:108D2800582E25582E25580D0A004D575F4C4F5286
:108D38004157414E5F56455253494F4E3A202056AF
:108D480025582E25582E25580D0A004D575F52419B
:108D580044494F5F56455253494F4E3A20202020F0
:108D68005625582E25582E25580D0A004C325F538B
:108D78005045435F56455253494F4E3A20202020D4
:108D8800205625582E25582E25580D0A0052505F7A
:108D9800535045435F56455253494F4E3A20202081
:108DA80020205625582D25582E25582E25580D0A91
:108DB8000031003200435F4D4300505F4D430000D7
:108DC800A0860100400D0300801A060000350C0043
:108DD80040420F0080841E0000093D0000127A0006
:108DE8000024F40000366E010048E801006CDC0243
:108DF800000000000000000000000000000000006B
:108E0800000000000000000000000000000000005A
:108E18000100000002000000030000000400000040
:108E28000100000003000000050000000100000030
:108E380001000000060000000A00000020000000F9
:108E480002000000040000000800000010000000FC
:108E58004000000080000000000100000002000047
:108E6800010002000400060008000A000C001000BF
:108E780020004000800000010804020408010101EC
:108E880001010103070100006572726F723A2052F6
:108E98006567696F6E206973206E6F7420646566FC
:108EA800696E656420696E20746865204D573A20A4
:108EB800736574206C6F726177616E5F636F6E6645
:108EC8002E68206163636F7264696E676C790D0A3E
:108ED800004D414320727854696D654F75740D0AD1
:108EE800004D414320747854696D654F75740D0ABF
:108EF800004D4143207278446F6E650D0A004D4164
:108F080043207478446F6E650D0A00080A0C0D0E34
:108F180010121415181A1B1D1E2124030502050121
:108F28000602020500000600000105040402020210
:108F38000202020202020202020202020302020208
:108F480002020203040302020202020405040302ED
:108F580002020205060504030202020607060504CA
:108F680003020207070706050403020707000000BB
:108F780000000001020100000000000203020100DD
:108F880000000003040302010000000405040302BA
:108F98000100000506050403020100060706050492
:108FA8000302010707070605040302070700000B71
:108FB800357DF2F2F233337373DEDEDEDE33337384
:108FC80073F2F2F2F200000048E8010048E80100FC
:108FD80048E8010048E8010048E8010048E80100C5
:108FE80090D00300000000000C0B0A0908070732A4
:108FF80052585F2573206F6E206672657120256454
:1090080020487A2061742044522025640D0A0052B9
:1090180058206F6E206672657120256420487A207A
:1090280061742044522025640D0A005458206F6E44
:10903800206672657120256420487A206174204476
:10904800522025640D0A004D756C74695F43004D0C
:10905800756C74695F500000B98D0108BB8D0108FB
:10906800DC8901084F900108C6850108579001085E
:10907800A584998D0DBDB1545003A97D1962E69A56
:10908800459D408715EBC90BEC67FDEABFF7965B7A
:10909800C21CAE6A5A41024F5CF434089373533FC2
:1090A8000C52655E28A10FB509369B3D2669CD9FF8
:1090B8001B9E742E2DB2EEFBF64D61CE7B3E719752
:1090C800F568002C601FC8EDBE46D94BDED4E84ACF
:1090D8006B2AE516C5D75594CF100681F044BAE33C
:1090E800F3FEC08AADBC4804DFC17563301A0E6D4B
:1090F8004C14352FE1A2CC3957F28247ACE72B95B7
:10910800A098D17F667EAB83CA29D33C79E21D76CD
:109118003B564E1EDB0A6CE45D6EEFA6A8A4378BA7
:10912800324359B78C64D2E0B4FA0725AF8EE918F8
:10913800D5886F7224F1C751237C9C21DDDC86859C
:109148009042C4AAD8050112A35FF9D0915827B953
:109158003813B333BB7089A7B622922049FF787AB7
:109168008FF88017DA31C6B8C3B07711CBFCD63A7E
:10917800C6F8EEF6FFD6DE916002CE56E7B54DECA6
:109188008F1F89FAEFB28EFB41B35F452353E49BEF
:1091980075E13D4C6C7EF5836851D1F9E2AB622AEA
:1091A8000895469D30370A2F0E241BDFCD4E7FEAE7
:1091B800121D583436DCB45BA476B77D52DD5E13DD
:1091C800A6B900C140E379B6D48D67729498B0858A
:1091D800BBC54FED869A66118AE904FEA078254B37
:1091E800A25D80053F2170F16377AF4220E5FDBFA6
:1091F800811826C3BE35882E9355FC7AC8BA32E644
:10920800C0199EA344543B0B8CC76B28A7BC16AD52
:10921800DB647414920C48B89FBD43C43931D3F24F
:10922800D58B6EDA01B19C49D8ACF3CFCAF447109C
:109238006FF04A5C38577397CBA1E83E96610D0FE3
:10924800E07C71CC9006F71CC26AAE6917993A2780
:10925800D9EB2B22D2A907332D3C15C987AA50A5D3
:109268000359091A65D784D082295A1E7BA86D2C08
:10927800637C777BF26B6FC53001672BFED7AB76CB
:10928800CA82C97DFA5947F0ADD4A2AF9CA472C076
:10929800B7FD9326363FF7CC34A5E5F171D83115E3
:1092A80004C723C31896059A071280E2EB27B27504
:1092B80009832C1A1B6E5AA0523BD6B329E32F847C
:1092C80053D100ED20FCB15B6ACBBE394A4C58CF74
:1092D800D0EFAAFB434D338545F9027F503C9FA848
:1092E80051A3408F929D38F5BCB6DA2110FFF3D216
:1092F800CD0C13EC5F974417C4A77E3D645D1973CA
:1093080060814FDC222A908846EEB814DE5E0BDBC3
:10931800E0323A0A4906245CC2D3AC629195E479FA
:10932800E7C8376D8DD54EA96C56F4EA657AAE0854
:10933800BA78252E1CA6B4C6E8DD741F4BBD8B8AEF
:10934800703EB5664803F60E613557B986C11D9E55
:10935800E1F8981169D98E949B1E87E9CE5528DFCC
:109368008CA1890DBFE6426841992D0FB054BB16F8
:1093780023232323232320257320253032583A25FD
:109388003032583A253032583A253032583A25305A
:1093980032583A253032583A253032583A25303248
:1093A800583A253032583A253032583A2530325812
:1093B8003A253032583A253032583A253032583A20
:1093C800253032583A253032580D0A0023232323FA
:1093D8002323204465764555493A20202020202023
:1093E800253032583A253032583A253032583A2505
:1093F8003032583A253032583A253032583A2530EA
:1094080032583A253032580D0A00232323232323C8
:10941800204170704555493A2020202020202530D1
:1094280032583A253032583A253032583A253032B7
:10943800583A253032583A253032583A2530325881
:109448003A253032580D0A002323232323232044AE
:109458006576416464723A202020202025303258F5
:109468003A253032583A253032583A253032580D9C
:109478000A004170704B65793A2020202020004E68
:10948800776B4B65793A2020202020004E776B536C
:109498004B65793A2020202000417070534B657944
:1094A8003A20202020004442496E744B65793A20C6
:1094B8002020004D43526F6F744B65793A2020008D
:1094C8004D434B454B65793A20202020004D4341C0
:1094D8007070534B65795F303A004D434E776B534C
:1094E8004B65795F303A0000000000004150505F42
:1094F8007A940108010000004E574B5F87940108D9
:10950800080000004E574B539494010809000000CE
:1095180041505053A19401080A0000004442495F99
:10952800AE9401080B0000004D435254BB9401084F
:109538000C0000004D434B45C89401080D00000085
:109548004D434B30D59401080E0000004D41533077
:10955800D59401080F0000004D4E5330E2940108E5
:10956800100000005A45524F728801085261646920
:109578006F53656E64204F76657273697A650D0A5C
:10958800004952515F52585F54585F54494D454FF6
:1095980055540D0A00505245204F4B0D0A0053599F
:1095A8004E43204F4B0D0A00484452204F4B0D0AA2
:1095B80000484452204B4F0D0A004952515F435214
:1095C800435F4552524F520D0A000201000300004A
:1095D800841E0000093D0000127A000024F40000F7
:1095E80048E8010090D0030020A107000000000017
:1095F800B128000061510000C3A200000405060064
:10960800A1210108712001089D220108ED2001080F
:10961800B52B010889210108E1280108592701080B
:10962800751F0108E52D0108312C01087521010875
:109638006920010819210108F1200108A920010861
:109648009F200108AD1F0108A91F01089B200108E0
:109658009720010835220108612201088D200108A0
:10966800012F01080D200108D51F0108D12E01087E
:10967800B11F010861250108E9220108093D010817
:109688000F3D0108A11F0108A51F0108C012000015
:109698001F000000A816000017000000841C00002E
:1096A8000F000000E42500001E000000B42D00009B
:1096B80016000000083900000E0000002C4C0000C5
:1096C8001D000000685B00001500000074720000B7
:1096D8000D000000589800001C00000034B700007E
:1096E80014000000E8E400000C00000078310100DC
:1096F8001B000000686E01001300000034CA01005E
:109708000B000000286202001A00000040DB020083
:10971800120000003C9303000A000000C0C20400CD
:109728001900000060B30500110000003820070090
:109738000900000020A10700000000000403020245
:109748000101010100000000000000003C4E554CE2
:109758004C3E003031323334353637383961626344
:109768006465666768696A6B6C6D6E6F7071727339
:109778007475767778797A00303132333435363704
:1097880038394142434445464748494A4B4C4D4E77
:109798004F505152535455565758595A00000000CB
:1097A8000004000200060001000500030007800015
:1097B80080048002800680018005800380074000C5
:1097C8004004400240064001400540034007C000F5
:1097D800C004C002C006C001C005C003C007200005
:1097E8002004200220062001200520032007A000D5
:1097F800A004A002A006A001A005A003A007600085
:109808006004600260066001600560036007E000B4
:10981800E004E002E006E001E005E003E0071000F4
:109828001004100210061001100510031007900014
:1098380090049002900690019005900390075000C4
:109848005004500250065001500550035007D000F4
:10985800D004D002D006D001D005D003D007300004
:109868003004300230063001300530033007B000D4
:10987800B004B002B006B001B005B003B007700084
:109888007004700270067001700570037007F000B4
:10989800F004F002F006F001F005F003F00708000C
:1098A80008040802080608010805080308078800D4
:1098B8008804880288068801880588038807480084
:1098C8004804480248064801480548034807C800B4
:1098D800C804C802C806C801C805C803C8072800C4
:1098E8002804280228062801280528032807A80094
:1098F800A804A802A806A801A805A803A807680044
:109908006804680268066801680568036807E80073
:10991800E804E802E806E801E805E803E8071800B3
:1099280018041802180618011805180318079800D3
:109938009804980298069801980598039807580083
:109948005804580258065801580558035807D800B3
:10995800D804D802D806D801D805D803D8073800C3
:109968003804380238063801380538033807B80093
:10997800B804B802B806B801B805B803B807780043
:109988007804780278067801780578037807F80073
:10999800F804F802F806F801F805F803F8070400D7
:1099A80004040402040604010405040304078400F3
:1099B80084048402840684018405840384074400A3
:1099C8004404440244064401440544034407C400D3
:1099D800C404C402C406C401C405C403C4072400E3
:1099E8002404240224062401240524032407A400B3
:1099F800A404A402A406A401A405A403A407640063
:109A08006404640264066401640564036407E40092
:109A1800E404E402E406E401E405E403E4071400D2
:109A280014041402140614011405140314079400F2
:109A380094049402940694019405940394075400A2
:109A48005404540254065401540554035407D400D2
:109A5800D404D402D406D401D405D403D4073400E2
:109A68003404340234063401340534033407B400B2
:109A7800B404B402B406B401B405B403B407740062
:109A88007404740274067401740574037407F40092
:109A9800F404F402F406F401F405F403F4070C00EA
:109AA8000C040C020C060C010C050C030C078C00B2
:109AB8008C048C028C068C018C058C038C074C0062
:109AC8004C044C024C064C014C054C034C07CC0092
:109AD800CC04CC02CC06CC01CC05CC03CC072C00A2
:109AE8002C042C022C062C012C052C032C07AC0072
:109AF800AC04AC02AC06AC01AC05AC03AC076C0022
:109B08006C046C026C066C016C056C036C07EC0051
:109B1800EC04EC02EC06EC01EC05EC03EC071C0091
:109B28001C041C021C061C011C051C031C079C00B1
:109B38009C049C029C069C019C059C039C075C0061
:109B48005C045C025C065C015C055C035C07DC0091
:109B5800DC04DC02DC06DC01DC05DC03DC073C00A1
:109B68003C043C023C063C013C053C033C07BC0071
:109B7800BC04BC02BC06BC01BC05BC03BC077C0021
:109B88007C047C027C067C017C057C037C07FC0051
:109B9800FC04FC02FC06FC01FC05FC03FC070200BB
:109BA8000204020202060201020502030207820001
:109BB80082048202820682018205820382074200B1
:109BC8004204420242064201420542034207C200E1
:109BD800C204C202C206C201C205C203C2072200F1
:109BE8002204220222062201220522032207A200C1
:109BF800A204A202A206A201A205A203A207620071
:109C08006204620262066201620562036207E200A0
:109C1800E204E202E206E201E205E203E2071200E0
:109C28001204120212061201120512031207920000
:109C380092049202920692019205920392075200B0
:109C48005204520252065201520552035207D200E0
:109C5800D204D202D206D201D205D203D2073200F0
:109C68003204320232063201320532033207B200C0
:109C7800B204B202B206B201B205B203B207720070
:109C88007204720272067201720572037207F200A0
:109C9800F204F202F206F201F205F203F2070A00F8
:109CA8000A040A020A060A010A050A030A078A00C0
:109CB8008A048A028A068A018A058A038A074A0070
:109CC8004A044A024A064A014A054A034A07CA00A0
:109CD800CA04CA02CA06CA01CA05CA03CA072A00B0
:109CE8002A042A022A062A012A052A032A07AA0080
:109CF800AA04AA02AA06AA01AA05AA03AA076A0030
:109D08006A046A026A066A016A056A036A07EA005F
:109D1800EA04EA02EA06EA01EA05EA03EA071A009F
:109D28001A041A021A061A011A051A031A079A00BF
:109D38009A049A029A069A019A059A039A075A006F
:109D48005A045A025A065A015A055A035A07DA009F
:109D5800DA04DA02DA06DA01DA05DA03DA073A00AF
:109D68003A043A023A063A013A053A033A07BA007F
:109D7800BA04BA02BA06BA01BA05BA03BA077A002F
:109D88007A047A027A067A017A057A037A07FA005F
:109D9800FA04FA02FA06FA01FA05FA03FA070600C3
:109DA80006040602060606010605060306078600DF
:109DB800860486028606860186058603860746008F
:109DC8004604460246064601460546034607C600BF
:109DD800C604C602C606C601C605C603C6072600CF
:109DE8002604260226062601260526032607A6009F
:109DF800A604A602A606A601A605A603A60766004F
:109E08006604660266066601660566036607E6007E
:109E1800E604E602E606E601E605E603E6071600BE
:109E280016041602160616011605160316079600DE
:109E3800960496029606960196059603960756008E
:109E48005604560256065601560556035607D600BE
:109E5800D604D602D606D601D605D603D6073600CE
:109E68003604360236063601360536033607B6009E
:109E7800B604B602B606B601B605B603B60776004E
:109E88007604760276067601760576037607F6007E
:109E9800F604F602F606F601F605F603F6070E00D6
:109EA8000E040E020E060E010E050E030E078E009E
:109EB8008E048E028E068E018E058E038E074E004E
:109EC8004E044E024E064E014E054E034E07CE007E
:109ED800CE04CE02CE06CE01CE05CE03CE072E008E
:109EE8002E042E022E062E012E052E032E07AE005E
:109EF800AE04AE02AE06AE01AE05AE03AE076E000E
:109F08006E046E026E066E016E056E036E07EE003D
:109F1800EE04EE02EE06EE01EE05EE03EE071E007D
:109F28001E041E021E061E011E051E031E079E009D
:109F38009E049E029E069E019E059E039E075E004D
:109F48005E045E025E065E015E055E035E07DE007D
:109F5800DE04DE02DE06DE01DE05DE03DE073E008D
:109F68003E043E023E063E013E053E033E07BE005D
:109F7800BE04BE02BE06BE01BE05BE03BE077E000D
:109F88007E047E027E067E017E057E037E07FE003D
:109F9800FE04FE02FE06FE01FE05FE03FE070100AA
:109FA80000000000920E493CB10AC93C2BC3163D83
:109FB8002EFB483D752B7B3D04A9963D80B6AF3DF1
:109FC80036BDC83D2FBCE13D73B2FA3D87CF093E8F
:109FD8008340163EB5AB223EA2102F3ECF6E3B3ECD
:109FE800C2C5473E0115543E135C603E7F9A6C3EE5
:109FF800CCCF783EC07D823E938E883E229A8E3E9C
:10A0080032A0943E86A09A3EE59AA03E128FA63EC4
:10A01800D47CAC3EEF63B23E2A44B83E491DBE3EF6
:10A0280015EFC33E53B9C93ECA7BCF3E4136D53E34
:10A0380080E8DA3E4F92E03E7533E63EBBCBEB3E1E
:10A04800EA5AF13ECBE0F63E275DFC3EE4E7003FEE
:10A058003D9C033F824B063F9BF5083F6B9A0B3FA5
:10A06800DA390E3FCDD3103F2A68133FD9F6153F92
:10A07800C07F183FC6021B3FD17F1D3FCBF61F3F55
:10A088009967223F25D2243F5636273F1594293F0A
:10A098004AEB2B3FDE3B2E3FBB85303FC9C8323FE2
:10A0A800F304353F233A373F4268393F3B8F3B3F04
:10A0B800F9AE3D3F67C73F3F70D8413F01E2433F9C
:10A0C80003E4453F65DE473F12D1493FF8BB4B3FAC
:10A0D800029F4D3F207A4F3F3D4D513F4918533F16
:10A0E80031DB543FE595563F5348583F6AF2593F94
:10A0F8001A945B3F532D5D3F05BE5E3F2146603F8E
:10A1080097C5613F5A3C633F59AA643F880F663F31
:10A11800D86B673F3CBF683FA7096A3F0C4B6B3F52
:10A128005E836C3F93B26D3F9ED86E3F73F56F3F71
:10A138000809713F5213723F4714733FDD0B743F98
:10A148000BFA743FC6DE753F07BA763FC58B773F7B
:10A15800F853783F9812793F9DC7793F02737A3F49
:10A16800BE147B3FCDAC7B3F283B7C3FC9BF7C3FC7
:10A17800AC3A7D3FCCAB7D3F23137E3FB0707E3F32
:10A188006DC47E3F580E7F3F6D4E7F3FAB847F3F4F
:10A198000FB17F3F97D37F3F43EC7F3F11FB7F3F5A
:10A1A8000000803F11FB7F3F43EC7F3F97D37F3F09
:10A1B8000FB17F3FAB847F3F6D4E7F3F580E7F3F8F
:10A1C8006DC47E3FB0707E3F23137E3FCCAB7D3F96
:10A1D800AC3A7D3FC9BF7C3F283B7C3FCDAC7B3F41
:10A1E800BE147B3F02737A3F9DC7793F9812793F2F
:10A1F800F853783FC58B773F07BA763FC6DE753F81
:10A208000BFA743FDD0B743F4714733F5213723FD0
:10A218000809713F73F56F3F9ED86E3F93B26D3F4B
:10A228005E836C3F0C4B6B3FA7096A3F3CBF683F9E
:10A23800D86B673F880F663F59AA643F5A3C633F13
:10A2480097C5613F2146603F05BE5E3F532D5D3F88
:10A258001A945B3F6AF2593F5348583FE595563F79
:10A2680031DB543F4918533F3D4D513F207A4F3F12
:10A27800029F4D3FF8BB4B3F12D1493F65DE473F38
:10A2880003E4453F01E2433F70D8413F67C73F3F82
:10A29800F9AE3D3F3B8F3B3F4268393F233A373F5A
:10A2A800F304353FC9C8323FBB85303FDE3B2E3F04
:10A2B8004AEB2B3F1594293F5636273F25D2243F9A
:10A2C8009967223FCBF61F3FD17F1D3FC6021B3F38
:10A2D800C07F183FD9F6153F2A68133FCDD3103FEA
:10A2E800DA390E3F6B9A0B3F9BF5083F824B063FCE
:10A2F8003D9C033FE4E7003F275DFC3ECBE0F63E94
:10A30800EA5AF13EBBCBEB3E7533E63E4F92E03E58
:10A3180080E8DA3E4136D53ECA7BCF3E53B9C93EC6
:10A3280015EFC33E491DBE3E2A44B83EEF63B23E18
:10A33800D47CAC3E128FA63EE59AA03E86A09A3EFB
:10A3480032A0943E229A8E3E938E883EC07D823EF5
:10A35800CCCF783E7F9A6C3E135C603E0115543E2C
:10A36800C2C5473ECF6E3B3EA2102F3EB5AB223E44
:10A378008340163E87CF093E73B2FA3D2FBCE13DBC
:10A3880036BDC83D80B6AF3D04A9963D752B7B3DD3
:10A398002EFB483D2BC3163DB10AC93C920E493CE1
:10A3A80000000000920E49BCB10AC9BC2BC316BDFF
:10A3B8002EFB48BD752B7BBD04A996BD80B6AFBDED
:10A3C80036BDC8BD2FBCE1BD73B2FABD87CF09BE8B
:10A3D800834016BEB5AB22BEA2102FBECF6E3BBEC9
:10A3E800C2C547BE011554BE135C60BE7F9A6CBEE1
:10A3F800CCCF78BEC07D82BE938E88BE229A8EBE98
:10A4080032A094BE86A09ABEE59AA0BE128FA6BEC0
:10A41800D47CACBEEF63B2BE2A44B8BE491DBEBEF2
:10A4280015EFC3BE53B9C9BECA7BCFBE4136D5BE30
:10A4380080E8DABE4F92E0BE7533E6BEBBCBEBBE1A
:10A44800EA5AF1BECBE0F6BE275DFCBEE4E700BFEA
:10A458003D9C03BF824B06BF9BF508BF6B9A0BBFA1
:10A46800DA390EBFCDD310BF2A6813BFD9F615BF8E
:10A47800C07F18BFC6021BBFD17F1DBFCBF61FBF51
:10A48800996722BF25D224BF563627BF159429BF06
:10A498004AEB2BBFDE3B2EBFBB8530BFC9C832BFDE
:10A4A800F30435BF233A37BF426839BF3B8F3BBF00
:10A4B800F9AE3DBF67C73FBF70D841BF01E243BF98
:10A4C80003E445BF65DE47BF12D149BFF8BB4BBFA8
:10A4D800029F4DBF207A4FBF3D4D51BF491853BF12
:10A4E80031DB54BFE59556BF534858BF6AF259BF90
:10A4F8001A945BBF532D5DBF05BE5EBF214660BF8A
:10A5080097C561BF5A3C63BF59AA64BF880F66BF2D
:10A51800D86B67BF3CBF68BFA7096ABF0C4B6BBF4E
:10A528005E836CBF93B26DBF9ED86EBF73F56FBF6D
:10A53800080971BF521372BF471473BFDD0B74BF94
:10A548000BFA74BFC6DE75BF07BA76BFC58B77BF77
:10A55800F85378BF981279BF9DC779BF02737ABF45
:10A56800BE147BBFCDAC7BBF283B7CBFC9BF7CBFC3
:10A57800AC3A7DBFCCAB7DBF23137EBFB0707EBF2E
:10A588006DC47EBF580E7FBF6D4E7FBFAB847FBF4B
:10A598000FB17FBF97D37FBF43EC7FBF11FB7FBF56
:10A5A800000080BF11FB7FBF43EC7FBF97D37FBF05
:10A5B8000FB17FBFAB847FBF6D4E7FBF580E7FBF8B
:10A5C8006DC47EBFB0707EBF23137EBFCCAB7DBF92
:10A5D800AC3A7DBFC9BF7CBF283B7CBFCDAC7BBF3D
:10A5E800BE147BBF02737ABF9DC779BF981279BF2B
:10A5F800F85378BFC58B77BF07BA76BFC6DE75BF7D
:10A608000BFA74BFDD0B74BF471473BF521372BFCC
:10A61800080971BF73F56FBF9ED86EBF93B26DBF47
:10A628005E836CBF0C4B6BBFA7096ABF3CBF68BF9A
:10A63800D86B67BF880F66BF59AA64BF5A3C63BF0F
:10A6480097C561BF214660BF05BE5EBF532D5DBF84
:10A658001A945BBF6AF259BF534858BFE59556BF75
:10A6680031DB54BF491853BF3D4D51BF207A4FBF0E
:10A67800029F4DBFF8BB4BBF12D149BF65DE47BF34
:10A6880003E445BF01E243BF70D841BF67C73FBF7E
:10A69800F9AE3DBF3B8F3BBF426839BF233A37BF56
:10A6A800F30435BFC9C832BFBB8530BFDE3B2EBF00
:10A6B8004AEB2BBF159429BF563627BF25D224BF96
:10A6C800996722BFCBF61FBFD17F1DBFC6021BBF34
:10A6D800C07F18BFD9F615BF2A6813BFCDD310BFE6
:10A6E800DA390EBF6B9A0BBF9BF508BF824B06BFCA
:10A6F8003D9C03BFE4E700BF275DFCBECBE0F6BE90
:10A70800EA5AF1BEBBCBEBBE7533E6BE4F92E0BE54
:10A7180080E8DABE4136D5BECA7BCFBE53B9C9BEC2
:10A7280015EFC3BE491DBEBE2A44B8BEEF63B2BE14
:10A73800D47CACBE128FA6BEE59AA0BE86A09ABEF7
:10A7480032A094BE229A8EBE938E88BEC07D82BEF1
:10A75800CCCF78BE7F9A6CBE135C60BE011554BE28
:10A76800C2C547BECF6E3BBEA2102FBEB5AB22BE40
:10A77800834016BE87CF09BE73B2FABD2FBCE1BDB8
:10A7880036BDC8BD80B6AFBD04A996BD752B7BBDCF
:10A798002EFB48BD2BC316BDB10AC9BC920E49BCDD
:10A7A800000000800000803F00000000ECFF7F3FB9
:10A7B800D40FC93AB1FF7F3FC70F493B4EFF7F3FD8
:10A7C800C1CB963BC4FE7F3F890FC93B13FE7F3F39
:10A7D8003053FB3B39FD7F3F59CB163C39FC7F3F5B
:10A7E80002ED2F3C11FB7F3F900E493CC1F97F3FA2
:10A7F8000030623C4AF87F3F4B517B3CACF67F3FD0
:10A8080038398A3CE6F47F3FB6C9963CF8F27F3F78
:10A818001C5AA33CE3F07F3F69EAAF3CA7EE7F3FB9
:10A828009B7ABC3C43EC7F3FB00AC93CB8E97F3F08
:10A83800A69AD53C05E77F3F7B2AE23C2BE47F3F85
:10A848002DBAEE3C29E17F3FB949FB3C00DE7F3F52
:10A8580090EC033DAFDA7F3F2F340A3D37D77F3F77
:10A86800B87B103D98D37F3F2CC3163DD1CF7F3F97
:10A87800880A1D3DE2CB7F3FCC51233DCCC77F3FAB
:10A88800F698293D8FC37F3F07E02F3D2ABF7F3FC2
:10A89800FC26363D9EBA7F3FD56D3C3DEAB57F3FED
:10A8A80091B4423D0FB17F3F2FFB483D0DAC7F3F38
:10A8B800AF414F3DE3A67F3F0E88553D91A17F3FB5
:10A8C8004CCE5B3D189C7F3F6814623D78967F3F75
:10A8D800625A683DB1907F3F38A06E3DC28A7F3F83
:10A8E800E9E5743DAB847F3F742B7B3D6D7E7F3FF4
:10A8F8006CB8803D08787F3F0ADB833D7B717F3FE2
:10A9080094FD863DC76A7F3F0A208A3DEC637F3FFE
:10A918006A428D3DE95C7F3FB464903DBF557F3FFF
:10A92800E786933D6D4E7F3F05A9963DF4467F3FF0
:10A938000ACB993D543F7F3FF9EC9C3D8D377F3FD3
:10A94800CF0EA03D9D2F7F3F8C30A33D87277F3FB3
:10A958003052A63D491F7F3FBA73A93DE4167F3F99
:10A968002B95AC3D580E7F3F80B6AF3DA4057F3F89
:10A97800BBD7B23DC9FC7E3FDAF8B53DC7F37E3F91
:10A98800DD19B93D9DEA7E3FC33ABC3D4CE17E3FAF
:10A998008D5BBF3DD4D77E3F397CC23D34CE7E3FF0
:10A9A800C69CC53D6DC47E3F36BDC83D7FBA7E3F5F
:10A9B80086DDCB3D69B07E3FB7FDCE3D2DA67E3FFF
:10A9C800C81DD23DC99B7E3FB93DD53D3D917E3FD7
:10A9D800895DD83D8B867E3F377DDB3DB17B7E3FF1
:10A9E800C49CDE3DB0707E3F2EBCE13D88657E3F55
:10A9F80076DBE43D385A7E3F9AFAE73DC14E7E3F0A
:10AA08009A19EB3D23437E3F7638EE3D5E377E3F15
:10AA18002E57F13D722B7E3FC075F43D5E1F7E3F81
:10AA28002C94F73D24137E3F73B2FA3DC2067E3F55
:10AA380092D0FD3D38FA7D3F4577003E88ED7D3F59
:10AA48002E06023EB1E07D3F0295033EB2D37D3F24
:10AA5800C223053E8CC67D3F6EB2063E40B97D3F9F
:10AA68000541083ECCAB7D3F86CF093E309E7D3FF9
:10AA7800F35D0B3E6E907D3F4AEC0C3E85827D3F38
:10AA88008B7A0E3E74747D3FB708103E3D667D3F5D
:10AA9800CC96113EDE577D3FCA24133E59497D3F6F
:10AAA800B2B2143EAC3A7D3F8340163ED82B7D3F70
:10AAB8003DCE173EDD1C7D3FE05B193EBC0D7D3F62
:10AAC8006BE91A3E73FE7C3FDE761C3E03EF7C3F4B
:10AAD80038041E3E6CDF7C3F7B911F3EAECF7C3F2F
:10AAE800A51E213EC9BF7C3FB6AB223EBDAF7C3F11
:10AAF800AD38243E8A9F7C3F8CC5253E318F7C3FF4
:10AB08005152273EB07E7C3FFCDE283E086E7C3FDB
:10AB18008D6B2A3E3A5D7C3F04F82B3E444C7C3FCB
:10AB280061842D3E283B7C3FA2102F3EE5297C3FC7
:10AB3800C99C303E7A187C3FD428323EE9067C3FD7
:10AB4800C4B4333E31F57B3F9840353E53E37B3FF9
:10AB580050CC363E4DD17B3FEC57383E20BF7B3F33
:10AB68006CE3393ECDAC7B3FCF6E3B3E539A7B3F87
:10AB780015FA3C3EB2877B3F3E853E3EEA747B3FFA
:10AB88004910403EFC617B3F379B413EE74E7B3F8F
:10AB98000726433EAB3B7B3FB9B0443E48287B3F4A
:10ABA8004D3B463EBE147B3FC2C5473E0E017B3F30
:10ABB8001850493E37ED7A3F4FDA4A3E3AD97A3F44
:10ABC80067644C3E16C57A3F60EE4D3ECBB07A3F87
:10ABD80038784F3E599C7A3FF101513EC1877A3F00
:10ABE800898B523E02737A3F0115543E1C5E7A3FB0
:10ABF800589E553E10497A3F8F27573EDD337A3F9E
:10AC0800A4B0583E841E7A3F97395A3E04097A3FC9
:10AC18006AC25B3E5EF3793F1A4B5D3E91DD793F38
:10AC2800A8D35E3E9DC7793F135C603E83B1793FF0
:10AC38005CE4613E439B793F836C633EDC84793FEF
:10AC480086F4643E4E6E793F667C663E9A57793F3D
:10AC58002204683EC040793FBA8B693EBF29793FDC
:10AC68002F136B3E9812793F7F9A6C3E4AFB783FD0
:10AC7800AB216E3ED6E3783FB2A86F3E3BCC783F1F
:10AC8800942F713E7BB4783F51B6723E939C783FC7
:10AC9800E83C743E8684783F5AC3753E526C783FD0
:10ACA800A649773EF853783FCCCF783E773B783F3C
:10ACB800CB557A3ED122783FA4DB7B3E040A783F0D
:10ACC80056617D3E10F1773FE1E67E3EF7D7773F4C
:10ACD8002236803EB7BE773FC0F8803E51A5773F09
:10ACE8004ABB813EC58B773FC07D823E1372773F5A
:10ACF8002240833E3A58773F7002843E3C3E773F7D
:10AD0800AAC4843E1724773FCE86853ECC09773F78
:10AD1800DF48863E5BEF763FDA0A873EC4D4763F4B
:10AD2800C1CC873E07BA763F938E883E249F763FF4
:10AD38005050893E1B84763FF8118A3EEC68763F76
:10AD48008AD38A3E974D763F07958B3E1B32763FD6
:10AD58006E568C3E7A16763FC0178D3EB3FA753F15
:10AD6800FCD88D3EC6DE753F229A8E3EB3C2753F33
:10AD7800325B8F3E7BA6753F2C1C903E1C8A753F2C
:10AD880010DD903E976D753FDD9D913EED50753F0E
:10AD9800945E923E1D34753F351F933E2717753FCD
:10ADA800BFDF933E0BFA743F31A0943EC9DC743F79
:10ADB8008D60953E62BF743FD220963ED5A1743F08
:10ADC80000E1963E2284743F17A1973E4966743F7E
:10ADD8001661983E4B48743FFE20993E272A743FDF
:10ADE800CEE0993EDD0B743F86A09A3E6EED733F30
:10ADF80027609B3ED9CE733FAF1F9C3E1FB0733F69
:10AE080020DF9C3E3F91733F789E9D3E3972733F91
:10AE1800B85D9E3E0E53733FDF1C9F3EBE33733FAB
:10AE2800EEDB9F3E4714733FE59AA03EACF4723FB9
:10AE3800C259A13EEBD4723F8718A23E04B5723FB7
:10AE480033D7A23EF894723FC595A33EC774723FAC
:10AE58003F54A43E7054723F9F12A53EF433723F94
:10AE6800E5D0A53E5213723F128FA63E8CF2713F79
:10AE7800254DA73E9FD1713F1F0BA83E8EB0713F55
:10AE8800FEC8A83E578F713FC486A93EFB6D713F2F
:10AE98006F44AA3E7A4C713F0102AB3ED42A713FFF
:10AEA80077BFAB3E0809713FD47CAC3E17E7703FD3
:10AEB800153AAD3E02C5703F3CF7AD3EC6A2703FA5
:10AEC80049B4AE3E6680703F3A71AF3EE15D703F77
:10AED800102EB03E373B703FCBEAB03E6718703F4C
:10AEE8006BA7B13E73F56F3FEF63B23E5AD26F3F27
:10AEF8005820B33E1BAF6F3FA5DCB33EB88B6F3F06
:10AF0800D698B43E30686F3FEC54B53E83446F3FEB
:10AF1800E610B63EB0206F3FC3CCB63EBAFC6E3FDB
:10AF28008488B73E9ED86E3F2A44B83E5DB46E3FD3
:10AF3800B2FFB83EF88F6E3F1EBBB93E6D6B6E3FD9
:10AF48006E76BA3EBE466E3FA031BB3EEB216E3FE9
:10AF5800B6ECBB3EF2FC6D3FAFA7BC3ED5D76D3F0C
:10AF68008B62BD3E93B26D3F4A1DBE3E2D8D6D3F37
:10AF7800EBD7BE3EA1676D3F6F92BF3EF2416D3F7A
:10AF8800D54CC03E1D1C6D3F1E07C13E24F66C3FCC
:10AF980048C1C13E07D06C3F557BC23EC5A96C3F36
:10AFA8004435C33E5E836C3F15EFC33ED45C6C3FB3
:10AFB800C8A8C43E24366C3F5C62C53E500F6C3F47
:10AFC800D21BC63E58E86B3F29D5C63E3BC16B3FF6
:10AFD800628EC73EFB996B3F7C47C83E95726B3FBC
:10AFE8007700C93E0C4B6B3F53B9C93E5E236B3F9C
:10AFF8001072CA3E8CFB6A3FAE2ACB3E95D36A3F9D
:10B008002CE3CB3E7BAB6A3F8B9BCC3E3C836A3FB9
:10B01800CA53CD3ED95A6A3FEA0BCE3E52326A3FF6
:10B02800EAC3CE3EA7096A3FCA7BCF3ED7E0693F55
:10B038008A33D03EE4B7693F2AEBD03ECC8E693FD5
:10B04800AAA2D13E9165693F095AD23E323C693F76
:10B058004811D33EAE12693F67C8D33E07E9683F3F
:10B06800647FD43E3CBF683F4136D53E4C95683F2F
:10B07800FDECD53E396B683F99A3D63E0341683F46
:10B08800135AD73EA816683F6B10D83E2AEC673F84
:10B09800A3C6D83E87C1673FB97CD93EC196673FF2
:10B0A800AD32DA3ED86B673F80E8DA3ECA40673F88
:10B0B800319EDB3E9915673FC153DC3E45EA663F4A
:10B0C8002E09DD3ECCBE663F79BEDD3E3093663F3D
:10B0D800A273DE3E7167663FA928DF3E8E3B663F5E
:10B0E8008DDDDF3E880F663F4F92E03E5EE3653FB1
:10B0F800EE46E13E10B7653F6AFBE13EA08A653F38
:10B10800C4AFE23E0B5E653FFA63E33E5431653FF0
:10B118000E18E43E7904653FFECBE43E7BD7643FDE
:10B12800CB7FE53E59AA643F7533E63E147D643F04
:10B13800FBE6E63EAC4F643F5D9AE73E2122643F62
:10B148009C4DE83E73F4633FB700E93EA1C6633FF8
:10B15800AEB3E93EAC98633F8166EA3E956A633FC9
:10B168003019EB3E5A3C633FBBCBEB3EFC0D633FD3
:10B17800217EEC3E7BDF623F6330ED3ED7B0623F1D
:10B1880080E2ED3E1082623F7994EE3E2653623FA4
:10B198004C46EF3E1A24623FFBF7EF3EEAF4613F6C
:10B1A80085A9F03E98C5613FEA5AF13E2296613F73
:10B1B800290CF23E8A66613F43BDF23ED036613FBC
:10B1C800386EF33EF206613F071FF43EF2D6603F49
:10B1D800B1CFF43ECFA6603F3580F53E8976603F1B
:10B1E8009330F63E2146603FCBE0F63E9615603F31
:10B1F800DC90F73EE9E45F3FC840F83E19B45F3F92
:10B208008EF0F83E27835F3F2DA0F93E12525F3F34
:10B21800A54FFA3EDB205F3FF7FEFA3E81EF5E3F27
:10B2280022AEFB3E05BE5E3F275DFC3E678C5E3F5F
:10B23800040CFD3EA65A5E3FBBBAFD3EC3285E3FE6
:10B248004A69FE3EBEF65D3FB217FF3E97C45D3FBA
:10B25800F3C5FF3E4D925D3F063A003FE15F5D3F1B
:10B26800FF90003F532D5D3FE4E7003FA3FA5C3FAA
:10B27800B53E013FD1C75C3F7395013FDD945C3F0C
:10B288001CEC013FC7615C3FB142023F8E2E5C3F20
:10B298003299023F34FB5B3F9FEF023FB8C75B3FE9
:10B2A800F845033F1A945B3F3D9C033F5A605B3F60
:10B2B8006DF2033F792C5B3F8948043F75F85A3F8C
:10B2C800919E043F50C45A3F84F4043F09905A3F6A
:10B2D800624A053FA05B5A3F2CA0053F16275A3FFC
:10B2E800E2F5053F6AF2593F824B063F9CBD593F44
:10B2F8000EA1063FAD88593F86F6063F9C53593F3D
:10B30800E84B073F6A1E593F36A1073F17E9583FE8
:10B318006FF6073FA1B3583F924B083F0B7E583F4B
:10B32800A1A0083F5348583F9BF5083F7912583F62
:10B338007F4A093F7FDC573F4E9F093F63A6573F2F
:10B3480009F4093F2670573FAD480A3FC739573FB0
:10B358003D9D0A3F4803573FB7F10A3FA7CC563FE8
:10B368001C460B3FE595563F6B9A0B3F025F563FD5
:10B37800A5EE0B3FFE27563FC9420C3FD9F0553F7B
:10B38800D7960C3F93B9553FD0EA0C3F2C82553FD6
:10B39800B33E0D3FA44A553F81920D3FFB12553FE6
:10B3A80038E60D3F31DB543FDA390E3F47A3543FAF
:10B3B800658D0E3F3B6B543FDBE00E3F0F33543F30
:10B3C8003B340F3FC3FA533F84870F3F55C2533F67
:10B3D800B8DA0F3FC789533FD52D103F1851533F57
:10B3E800DC80103F4918533FCDD3103F59DF523FFF
:10B3F800A726113F49A6523F6B79113F186D523F5E
:10B4080019CC113FC633523FB01E123F54FA513F78
:10B418003071123FC2C0513F9AC3123F1087513F4B
:10B42800EE15133F3D4D513F2A68133F4A13513FD4
:10B4380050BA133F37D9503F5F0C143F039F503F1A
:10B44800585E143FAF64503F39B0143F3B2A503F19
:10B458000402153FA8EF4F3FB753153FF4B44F3FD1
:10B4680054A5153F1F7A4F3FD9F6153F2B3F4F3F45
:10B478004748163F17044F3F9F99163FE4C84E3F71
:10B48800DFEA163F908D4E3F073C173F1C524E3F58
:10B49800188D173F89164E3F12DE173FD5DA4D3FFC
:10B4A800F52E183F029F4D3FC07F183F10634D3F58
:10B4B80073D0183FFD264D3F0F21193FCBEA4C3F73
:10B4C8009471193F79AE4C3F00C2193F08724C3F46
:10B4D80055121A3F78354C3F93621A3FC7F84B3FD5
:10B4E800B8B21A3FF8BB4B3FC6021B3F097F4B3F20
:10B4F800BB521B3FFA414B3F99A21B3FCC044B3F29
:10B508005FF21B3F7FC74A3F0C421C3F138A4A3FEA
:10B51800A2911C3F874C4A3F1FE11C3FDC0E4A3F6B
:10B5280084301D3F12D1493FD17F1D3F2993493FA8
:10B5380006CF1D3F2155493F221E1E3FFA16493F9F
:10B54800266D1E3FB3D8483F12BC1E3F4E9A483F57
:10B55800E50A1F3FCA5B483F9F591F3F271D483FC9
:10B5680041A81F3F65DE473FCBF61F3F849F473FFB
:10B578003B45203F8560473F9393203F6721473FE6
:10B58800D2E1203F2AE2463FF92F213FCEA2463F93
:10B59800067E213F5463463FFBCB213FBB23463FFA
:10B5A800D719223F03E4453F9967223F2DA4453F21
:10B5B80043B5223F3964453FD302233F2624453F04
:10B5C8004B50233FF5E3443FA99D233FA5A3443FA8
:10B5D800EEEA233F3763443F1A38243FAB22443F07
:10B5E8002C85243F00E2433F25D2243F38A1433F26
:10B5F800041F253F5160433FCB6B253F4C1F433F02
:10B6080077B8253F29DE423F0A05263FE89C423F9E
:10B618008451263F895B423FE39D263F0B1A423FF8
:10B628002AEA263F70D8413F5636273FB796413F12
:10B638006882273FE154413F61CE273FEC12413FEA
:10B64800401A283FDAD0403F0566283FA98E403F80
:10B65800B0B1283F5C4C403F41FD283FF009403FD6
:10B66800B848293F67C73F3F1594293FC0843F3FEB
:10B6780057DF293FFC413F3F802A2A3F1BFF3E3FBF
:10B688008E752A3F1BBC3E3F82C02A3FFF783E3F53
:10B698005B0B2B3FC5353E3F1B562B3F6EF23D3FA4
:10B6A800BFA02B3FF9AE3D3F4AEB2B3F676B3D3FB9
:10B6B800B9352C3FB8273D3F0F802C3FECE33C3F8A
:10B6C80049CA2C3F03A03C3F69142D3FFC5B3C3F1B
:10B6D8006F5E2D3FD9173C3F59A82D3F98D33B3F6C
:10B6E80029F22D3F3B8F3B3FDE3B2E3FC14A3B3F7C
:10B6F80078852E3F29063B3FF7CE2E3F75C13A3F4E
:10B708005B182F3FA47C3A3FA5612F3FB7373A3FDC
:10B71800D3AA2F3FACF2393FE6F32F3F85AD393F2F
:10B72800DE3C303F4268393FBB85303FE122393F3C
:10B738007CCE303F65DD383F2217313FCB97383F0D
:10B74800AD5F313F1652383F1DA8313F430C383F9B
:10B7580071F0313F55C6373FAA38323F4A80373FEC
:10B76800C780323F233A373FC9C8323FDFF3363FFD
:10B77800AF10333F7FAD363F7A58333F0467363FCB
:10B7880029A0333F6C20363FBCE7333FB8D9353F5B
:10B79800342F343FE792353F8F76343FFB4B353FAC
:10B7A800CFBD343FF304353FF304353FCFBD343FBD
:10B7B800FB4B353F8F76343FE792353F342F343F8C
:10B7C800B8D9353FBCE7333F6C20363F29A0333F1B
:10B7D8000467363F7A58333F7FAD363FAF10333F6B
:10B7E800DFF3363FC9C8323F233A373FC780323F7D
:10B7F8004A80373FAA38323F55C6373F71F0313F4C
:10B80800430C383F1DA8313F1652383FAD5F313FDA
:10B81800CB97383F2217313F65DD383F7CCE303F2C
:10B82800E122393FBB85303F4268393FDE3C303F3B
:10B8380085AD393FE6F32F3FACF2393FD3AA2F3F0E
:10B84800B7373A3FA5612F3FA47C3A3F5B182F3F9B
:10B8580075C13A3FF7CE2E3F29063B3F78852E3FEC
:10B86800C14A3B3FDE3B2E3F3B8F3B3F29F22D3FFA
:10B8780098D33B3F59A82D3FD9173C3F6F5E2D3FCA
:10B88800FC5B3C3F69142D3F03A03C3F49CA2C3F59
:10B89800ECE33C3F0F802C3FB8273D3FB9352C3FA8
:10B8A800676B3D3F4AEB2B3FF9AE3D3FBFA02B3FB7
:10B8B8006EF23D3F1B562B3FC5353E3F5B0B2B3F82
:10B8C800FF783E3F82C02A3F1BBC3E3F8E752A3F11
:10B8D8001BFF3E3F802A2A3FFC413F3F57DF293F5D
:10B8E800C0843F3F1594293F67C73F3FB848293F69
:10B8F800F009403F41FD283F5C4C403FB0B1283F34
:10B90800A98E403F0566283FDAD0403F401A283FBD
:10B91800EC12413F61CE273FE154413F6882273F07
:10B92800B796413F5636273F70D8413F2AEA263F0F
:10B938000B1A423FE39D263F895B423F8451263FD5
:10B94800E89C423F0A05263F29DE423F77B8253F5B
:10B958004C1F433FCB6B253F5160433F041F253F9E
:10B9680038A1433F25D2243F00E2433F2C85243FA2
:10B97800AB22443F1A38243F3763443FEEEA233F63
:10B98800A5A3443FA99D233FF5E3443F4B50233FE4
:10B998002624453FD302233F3964453F43B5223F20
:10B9A8002DA4453F9967223F03E4453FD719223F1D
:10B9B800BB23463FFBCB213F5463463F067E213FD6
:10B9C800CEA2463FF92F213F2AE2463FD2E1203F4F
:10B9D8006721473F9393203F8560473F3B45203F82
:10B9E800849F473FCBF61F3F65DE473F41A81F3F77
:10B9F800271D483F9F591F3FCA5B483FE50A1F3F25
:10BA08004E9A483F12BC1E3FB3D8483F266D1E3F92
:10BA1800FA16493F221E1E3F2155493F06CF1D3FBA
:10BA28002993493FD17F1D3F12D1493F84301D3FA3
:10BA3800DC0E4A3F1FE11C3F874C4A3FA2911C3F46
:10BA4800138A4A3F0C421C3F7FC74A3F5FF21B3FA5
:10BA5800CC044B3F99A21B3FFA414B3FBB521B3FC3
:10BA6800097F4B3FC6021B3FF8BB4B3FB8B21A3F9A
:10BA7800C7F84B3F93621A3F78354C3F55121A3F2F
:10BA880008724C3F00C2193F79AE4C3F9471193F80
:10BA9800CBEA4C3F0F21193FFD264D3F73D0183F8D
:10BAA80010634D3FC07F183F029F4D3FF52E183F52
:10BAB800D5DA4D3F12DE173F89164E3F188D173FD6
:10BAC8001C524E3F073C173F908D4E3FDFEA163F12
:10BAD800E4C84E3F9F99163F17044F3F4748163F0B
:10BAE8002B3F4F3FD9F6153F1F7A4F3F54A5153FBF
:10BAF800F4B44F3FB753153FA8EF4F3F0402153F2B
:10BB08003B2A503F39B0143FAF64503F585E143F52
:10BB1800039F503F5F0C143F37D9503F50BA133F33
:10BB28004A13513F2A68133F3D4D513FEE15133FCD
:10BB38001087513F9AC3123FC2C0513F3071123F24
:10BB480054FA513FB01E123FC633523F19CC113F31
:10BB5800186D523F6B79113F49A6523FA726113FF6
:10BB680059DF523FCDD3103F4918533FDC80103F77
:10BB78001851533FD52D103FC789533FB8DA0F3FAF
:10BB880055C2533F84870F3FC3FA533F3B340F3F9F
:10BB98000F33543FDBE00E3F3B6B543F658D0E3F48
:10BBA80047A3543FDA390E3F31DB543F38E60D3FA7
:10BBB800FB12553F81920D3FA44A553FB33E0D3FBE
:10BBC8002C82553FD0EA0C3F93B9553FD7960C3F8E
:10BBD800D9F0553FC9420C3FFE27563FA5EE0B3F13
:10BBE800025F563F6B9A0B3FE595563F1C460B3F4D
:10BBF800A7CC563FB7F10A3F4803573F3D9D0A3F40
:10BC0800C739573FAD480A3F2670573F09F4093FE7
:10BC180063A6573F4E9F093F7FDC573F7F4A093F46
:10BC28007912583F9BF5083F5348583FA1A0083F59
:10BC38000B7E583F924B083FA1B3583F6FF6073F22
:10BC480017E9583F36A1073F6A1E593FE84B073F9F
:10BC58009C53593F86F6063FAD88593F0EA1063FD3
:10BC68009CBD593F824B063F6AF2593FE2F5053FBA
:10BC780016275A3F2CA0053FA05B5A3F624A053F52
:10BC880009905A3F84F4043F50C45A3F919E043FA0
:10BC980075F85A3F8948043F792C5B3F6DF2033FA2
:10BCA8005A605B3F3D9C033F1A945B3FF845033F56
:10BCB800B8C75B3F9FEF023F34FB5B3F3299023FBF
:10BCC8008E2E5C3FB142023FC7615C3F1CEC013FD6
:10BCD800DD945C3F7395013FD1C75C3FB53E013FA2
:10BCE800A3FA5C3FE4E7003F532D5D3FFF90003F20
:10BCF800E15F5D3F063A003F4D925D3FF3C5FF3E71
:10BD080097C45D3FB217FF3EBEF65D3F4A69FE3EEF
:10BD1800C3285E3FBBBAFD3EA65A5E3F040CFD3EFB
:10BD2800678C5E3F275DFC3E05BE5E3F22AEFB3E54
:10BD380081EF5E3FF7FEFA3EDB205F3FA54FFA3EFC
:10BD480012525F3F2DA0F93E27835F3F8EF0F83EE9
:10BD580019B45F3FC840F83EE9E45F3FDC90F73E26
:10BD68009615603FCBE0F63E2146603F9330F63EA5
:10BD78008976603F3580F53ECFA6603FB1CFF43E6F
:10BD8800F2D6603F071FF43EF206613F386EF33E7D
:10BD9800D036613F43BDF23E8A66613F290CF23ED0
:10BDA8002296613FEA5AF13E98C5613F85A9F03E67
:10BDB800EAF4613FFBF7EF3E1A24623F4C46EF3E40
:10BDC8002653623F7994EE3E1082623F80E2ED3E58
:10BDD800D7B0623F6330ED3E7BDF623F217EEC3EB1
:10BDE800FC0D633FBBCBEB3E5A3C633F3019EB3E47
:10BDF800956A633F8166EA3EAC98633FAEB3E93E1D
:10BE0800A1C6633FB700E93E73F4633F9C4DE83E2B
:10BE18002122643F5D9AE73EAC4F643FFBE6E63E75
:10BE2800147D643F7533E63E59AA643FCB7FE53EF7
:10BE38007BD7643FFECBE43E7904653F0E18E43EB1
:10BE48005431653FFA63E33E0B5E653FC4AFE23EA3
:10BE5800A08A653F6AFBE13E10B7653FEE46E13ECA
:10BE68005EE3653F4F92E03E880F663F8DDDDF3E23
:10BE78008E3B663FA928DF3E7167663FA273DE3EB0
:10BE88003093663F79BEDD3ECCBE663F2E09DD3E6F
:10BE980045EA663FC153DC3E9915673F319EDB3E5C
:10BEA800CA40673F80E8DA3ED86B673FAD32DA3E7A
:10BEB800C196673FB97CD93E87C1673FA3C6D83EC4
:10BEC8002AEC673F6B10D83EA816683F135AD73E36
:10BED8000341683F99A3D63E396B683FFDECD53ED8
:10BEE8004C95683F4136D53E3CBF683F647FD43EA1
:10BEF80007E9683F67C8D33EAE12693F4811D33E91
:10BF0800323C693F095AD23E9165693FAAA2D13EA7
:10BF1800CC8E693F2AEBD03EE4B7693F8A33D03EE6
:10BF2800D7E0693FCA7BCF3EA7096A3FEAC3CE3E46
:10BF380052326A3FEA0BCE3ED95A6A3FCA53CD3EC7
:10BF48003C836A3F8B9BCC3E7BAB6A3F2CE3CB3E6A
:10BF580095D36A3FAE2ACB3E8CFB6A3F1072CA3E2D
:10BF68005E236B3F53B9C93E0C4B6B3F7700C93E0C
:10BF780095726B3F7C47C83EFB996B3F628EC73E0C
:10BF88003BC16B3F29D5C63E58E86B3FD21BC63E26
:10BF9800500F6C3F5C62C53E24366C3FC8A8C43E57
:10BFA800D45C6C3F15EFC33E5E836C3F4435C33EA3
:10BFB800C5A96C3F557BC23E07D06C3F48C1C13E06
:10BFC80024F66C3F1E07C13E1D1C6D3FD54CC03E7C
:10BFD800F2416D3F6F92BF3EA1676D3FEBD7BE3E0A
:10BFE8002D8D6D3F4A1DBE3E93B26D3F8B62BD3EA7
:10BFF800D5D76D3FAFA7BC3EF2FC6D3FB6ECBB3E5C
:10C00800EB216E3FA031BB3EBE466E3F6E76BA3E18
:10C018006D6B6E3F1EBBB93EF88F6E3FB2FFB83EE8
:10C028005DB46E3F2A44B83E9ED86E3F8488B73EC2
:10C03800BAFC6E3FC3CCB63EB0206F3FE610B63EAA
:10C0480083446F3FEC54B53E30686F3FD698B43E9A
:10C05800B88B6F3FA5DCB33E1BAF6F3F5820B33E94
:10C068005AD26F3FEF63B23E73F56F3F6BA7B13E95
:10C078006718703FCBEAB03E373B703F102EB03E9A
:10C08800E15D703F3A71AF3E6680703F49B4AE3EA5
:10C09800C6A2703F3CF7AD3E02C5703F153AAD3EB3
:10C0A80017E7703FD47CAC3E0809713F77BFAB3EC1
:10C0B800D42A713F0102AB3E7A4C713F6F44AA3ECD
:10C0C800FB6D713FC486A93E578F713FFEC8A83EDD
:10C0D8008EB0713F1F0BA83E9FD1713F254DA73EE3
:10C0E8008CF2713F128FA63E5213723FE5D0A53EE7
:10C0F800F433723F9F12A53E7054723F3F54A43EE2
:10C10800C774723FC595A33EF894723F33D7A23ED9
:10C1180004B5723F8718A23EEBD4723FC259A13EC4
:10C12800ACF4723FE59AA03E4714733FEEDB9F3EA6
:10C13800BE33733FDF1C9F3E0E53733FB85D9E3E78
:10C148003972733F789E9D3E3F91733F20DF9C3E3E
:10C158001FB0733FAF1F9C3ED9CE733F27609B3EF5
:10C168006EED733F86A09A3EDD0B743FCEE0993E9C
:10C17800272A743FFE20993E4B48743F1661983E2B
:10C188004966743F17A1973E2284743F00E1963EAA
:10C19800D5A1743FD220963E62BF743F8D60953E14
:10C1A800C9DC743F31A0943E0BFA743FBFDF933E65
:10C1B8002717753F351F933E1D34753F945E923E99
:10C1C800ED50753FDD9D913E976D753F10DD903EBA
:10C1D8001C8A753F2C1C903E7BA6753F325B8F3EB8
:10C1E800B3C2753F229A8E3EC6DE753FFCD88D3E9F
:10C1F800B3FA753FC0178D3E7A16763F6E568C3E61
:10C208001B32763F07958B3E974D763F8AD38A3E01
:10C21800EC68763FF8118A3E1B84763F5050893E81
:10C22800249F763F938E883E07BA763FC1CC873EDF
:10C23800C4D4763FDA0A873E5BEF763FDF48863E16
:10C24800CC09773FCE86853E1724773FAAC4843E23
:10C258003C3E773F7002843E3A58773F2240833E07
:10C268001372773FC07D823EC58B773F4ABB813EC4
:10C2780051A5773FC0F8803EB7BE773F2236803E53
:10C28800F7D7773FE1E67E3E10F1773F56617D3E76
:10C29800040A783FA4DB7B3ED122783FCB557A3E17
:10C2A800773B783FCCCF783EF853783FA649773E26
:10C2B800526C783F5AC3753E8684783FE83C743E9A
:10C2C800939C783F51B6723E7BB4783F942F713E71
:10C2D8003BCC783FB2A86F3ED6E3783FAB216E3EA9
:10C2E8004AFB783F7F9A6C3E9812793F2F136B3E3A
:10C2F800BF29793FBA8B693EC040793F2204683E26
:10C308009A57793F667C663E4E6E793F86F4643E66
:10C31800DC84793F836C633E439B793F5CE4613EF8
:10C3280083B1793F135C603E9DC7793FA8D35E3ED9
:10C3380091DD793F1A4B5D3E5EF3793F6AC25B3E01
:10C3480004097A3F97395A3E841E7A3FA4B0583E72
:10C35800DD337A3F8F27573E10497A3F589E553E26
:10C368001C5E7A3F0115543E02737A3F898B523E18
:10C37800C1877A3FF101513E599C7A3F38784F3E48
:10C38800CBB07A3F60EE4D3E16C57A3F67644C3EAF
:10C398003AD97A3F4FDA4A3E37ED7A3F1850493E4C
:10C3A8000E017B3FC2C5473EBE147B3F4D3B463E18
:10C3B80048287B3FB9B0443EAB3B7B3F0726433E12
:10C3C800E74E7B3F379B413EFC617B3F4910403E37
:10C3D800EA747B3F3E853E3EB2877B3F15FA3C3E82
:10C3E800539A7B3FCF6E3B3ECDAC7B3F6CE3393EEF
:10C3F80020BF7B3FEC57383E4DD17B3F50CC363E7B
:10C4080053E37B3F9840353E31F57B3FC4B4333E20
:10C41800E9067C3FD428323E7A187C3FC99C303EDE
:10C42800E5297C3FA2102F3E283B7C3F61842D3EAE
:10C43800444C7C3F04F82B3E3A5D7C3F8D6B2A3E92
:10C44800086E7C3FFCDE283EB07E7C3F5152273E82
:10C45800318F7C3F8CC5253E8A9F7C3FAD38243E7A
:10C46800BDAF7C3FB6AB223EC9BF7C3FA51E213E77
:10C47800AECF7C3F7B911F3E6CDF7C3F38041E3E75
:10C4880003EF7C3FDE761C3E73FE7C3F6BE91A3E71
:10C49800BC0D7D3FE05B193EDD1C7D3F3DCE173E68
:10C4A800D82B7D3F8340163EAC3A7D3FB2B2143E56
:10C4B80059497D3FCA24133EDE577D3FCC96113E35
:10C4C8003D667D3FB708103E74747D3F8B7A0E3E03
:10C4D80085827D3F4AEC0C3E6E907D3FF35D0B3EBE
:10C4E800309E7D3F86CF093ECCAB7D3F0541083E5F
:10C4F80040B97D3F6EB2063E8CC67D3FC223053EE5
:10C50800B2D37D3F0295033EB1E07D3F2E06023E49
:10C5180088ED7D3F4577003E38FA7D3F92D0FD3D5E
:10C52800C2067E3F73B2FA3D24137E3F2C94F73D3A
:10C538005E1F7E3FC075F43D722B7E3F2E57F13D46
:10C548005E377E3F7638EE3D23437E3F9A19EB3DBA
:10C55800C14E7E3F9AFAE73D385A7E3F76DBE43D8E
:10C5680088657E3F2EBCE13DB0707E3FC49CDE3DB9
:10C57800B17B7E3F377DDB3D8B867E3F895DD83D35
:10C588003D917E3FB93DD53DC99B7E3FC81DD23DFB
:10C598002DA67E3FB7FDCE3D69B07E3F86DDCB3D03
:10C5A8007FBA7E3F36BDC83D6DC47E3FC69CC53D43
:10C5B80034CE7E3F397CC23DD4D77E3F8D5BBF3DB4
:10C5C8004CE17E3FC33ABC3D9DEA7E3FDD19B93D53
:10C5D800C7F37E3FDAF8B53DC9FC7E3FBBD7B23D15
:10C5E800A4057F3F80B6AF3D580E7F3F2B95AC3DED
:10C5F800E4167F3FBA73A93D491F7F3F3052A63DDD
:10C6080087277F3F8C30A33D9D2F7F3FCF0EA03DD6
:10C618008D377F3FF9EC9C3D543F7F3F0ACB993DD6
:10C62800F4467F3F05A9963D6D4E7F3FE786933DD3
:10C63800BF557F3FB464903DE95C7F3F6A428D3DC2
:10C64800EC637F3F0A208A3DC76A7F3F94FD863DA1
:10C658007B717F3F0ADB833D08787F3F6CB8803D64
:10C668006D7E7F3F742B7B3DAB847F3FE9E5743D56
:10C67800C28A7F3F38A06E3DB1907F3F625A683DC5
:10C6880078967F3F6814623D189C7F3F4CCE5B3D97
:10C6980091A17F3F0E88553DE3A67F3FAF414F3DB7
:10C6A8000DAC7F3F2FFB483D0FB17F3F91B4423D1A
:10C6B800EAB57F3FD56D3C3D9EBA7F3FFC26363DAF
:10C6C8002ABF7F3F07E02F3D8FC37F3FF698293D64
:10C6D800CCC77F3FCC51233DE2CB7F3F880A1D3D2D
:10C6E800D1CF7F3F2CC3163D98D37F3FB87B103DF9
:10C6F80037D77F3F2F340A3DAFDA7F3F90EC033DB9
:10C7080000DE7F3FB949FB3C29E17F3F2DBAEE3C73
:10C718002BE47F3F7B2AE23C05E77F3FA69AD53C86
:10C72800B8E97F3FB00AC93C43EC7F3F9B7ABC3CE9
:10C73800A7EE7F3F69EAAF3CE3F07F3F1C5AA33C7A
:10C74800F8F27F3FB6C9963CE6F47F3F38398A3C19
:10C75800ACF67F3F4B517B3C4AF87F3F0030623C50
:10C76800C1F97F3F900E493C11FB7F3F02ED2F3C02
:10C7780039FC7F3F59CB163C39FD7F3F3053FB3B9B
:10C7880013FE7F3F890FC93BC4FE7F3FC1CB963B59
:10C798004EFF7F3FC70F493BB1FF7F3FD40FC93AD8
:10C7A800ECFF7F3F000000000000803FD40FC9BAB3
:10C7B800ECFF7F3FC70F49BBB1FF7F3FC1CB96BBA3
:10C7C8004EFF7F3F890FC9BBC4FE7F3F3053FBBB81
:10C7D80013FE7F3F59CB16BC39FD7F3F02ED2FBCBE
:10C7E80039FC7F3F900E49BC11FB7F3F003062BC93
:10C7F800C1F97F3F4B517BBC4AF87F3F38398ABC2F
:10C80800ACF67F3FB6C996BCE6F47F3F1C5AA3BC82
:10C81800F8F27F3F69EAAFBCE3F07F3F9B7ABCBC8C
:10C82800A7EE7F3FB00AC9BC43EC7F3FA69AD5BCB0
:10C83800B8E97F3F7B2AE2BC05E77F3F2DBAEEBC13
:10C848002BE47F3FB949FBBC29E17F3F90EC03BD56
:10C8580000DE7F3F2F340ABDAFDA7F3FB87B10BDC3
:10C8680037D77F3F2CC316BD98D37F3F880A1DBD9D
:10C87800D1CF7F3FCC5123BDE2CB7F3FF69829BD76
:10C88800CCC77F3F07E02FBD8FC37F3FFC2636BD57
:10C898002ABF7F3FD56D3CBD9EBA7F3F91B442BD54
:10C8A800EAB57F3F2FFB48BD0FB17F3FAF414FBD7A
:10C8B8000DAC7F3F0E8855BDE3A67F3F4CCE5BBDD8
:10C8C80091A17F3F681462BD189C7F3F625A68BD82
:10C8D80078967F3F38A06EBDB1907F3FE9E574BD83
:10C8E800C28A7F3F742B7BBDAB847F3F6CB880BD11
:10C8F8006D7E7F3F0ADB83BD08787F3F94FD86BD50
:10C908007B717F3F0A208ABDC76A7F3F6A428DBD1F
:10C91800EC637F3FB46490BDE95C7F3FE78693BDDD
:10C92800BF557F3F05A996BD6D4E7F3F0ACB99BD88
:10C93800F4467F3FF9EC9CBD543F7F3FCF0EA0BD2E
:10C948008D377F3F8C30A3BD9D2F7F3F3052A6BDD2
:10C9580087277F3FBA73A9BD491F7F3F2B95ACBD81
:10C96800E4167F3F80B6AFBD580E7F3FBBD7B2BD40
:10C97800A4057F3FDAF8B5BDC9FC7E3FDD19B9BD16
:10C98800C7F37E3FC33ABCBD9DEA7E3F8D5BBFBD0A
:10C998004CE17E3F397CC2BDD4D77E3FC69CC5BD25
:10C9A80034CE7E3F36BDC8BD6DC47E3F86DDCBBD6F
:10C9B8007FBA7E3FB7FDCEBD69B07E3FC81DD2BDF0
:10C9C8002DA67E3FB93DD5BDC99B7E3F895DD8BDAB
:10C9D8003D917E3F377DDBBD8B867E3FC49CDEBDAF
:10C9E800B17B7E3F2EBCE1BDB0707E3F76DBE4BDFF
:10C9F80088657E3F9AFAE7BD385A7E3F9A19EBBDA3
:10CA0800C14E7E3F7638EEBD23437E3F2E57F1BDA3
:10CA18005E377E3FC075F4BD722B7E3F2C94F7BD08
:10CA28005E1F7E3F73B2FABD24137E3F92D0FDBDD8
:10CA3800C2067E3F457700BE38FA7D3F2E0602BE0D
:10CA480088ED7D3F029503BEB1E07D3FC22305BE60
:10CA5800B2D37D3F6EB206BE8CC67D3F054108BE8F
:10CA680040B97D3F86CF09BECCAB7D3FF35D0BBEA1
:10CA7800309E7D3F4AEC0CBE6E907D3F8B7A0EBE99
:10CA880085827D3FB70810BE74747D3FCC9611BE79
:10CA98003D667D3FCA2413BEDE577D3FB2B214BE49
:10CAA80059497D3F834016BEAC3A7D3F3DCE17BE07
:10CAB800D82B7D3FE05B19BEDD1C7D3F6BE91ABEBC
:10CAC800BC0D7D3FDE761CBE73FE7C3F38041EBE67
:10CAD80003EF7C3F7B911FBE6CDF7C3FA51E21BE10
:10CAE800AECF7C3FB6AB22BEC9BF7C3FAD3824BEBB
:10CAF800BDAF7C3F8CC525BE8A9F7C3F515227BE67
:10CB0800318F7C3FFCDE28BEB07E7C3F8D6B2ABE19
:10CB1800086E7C3F04F82BBE3A5D7C3F61842DBED5
:10CB2800444C7C3FA2102FBE283B7C3FC99C30BEA2
:10CB3800E5297C3FD42832BE7A187C3FC4B433BE82
:10CB4800E9067C3F984035BE31F57B3F50CC36BE78
:10CB580053E37B3FEC5738BE4DD17B3F6CE339BE86
:10CB680020BF7B3FCF6E3BBECDAC7B3F15FA3CBEB2
:10CB7800539A7B3F3E853EBEB2877B3F491040BEFD
:10CB8800EA747B3F379B41BEFC617B3F072643BE6F
:10CB9800E74E7B3FB9B044BEAB3B7B3F4D3B46BE07
:10CBA80048287B3FC2C547BEBE147B3F185049BECC
:10CBB8000E017B3F4FDA4ABE37ED7A3F67644CBEC1
:10CBC8003AD97A3F60EE4DBE16C57A3F38784FBEE7
:10CBD800CBB07A3FF10151BE599C7A3F898B52BE46
:10CBE800C1877A3F011554BE02737A3F589E55BEDD
:10CBF8001C5E7A3F8F2757BE10497A3FA4B058BEB3
:10CC0800DD337A3F97395ABE841E7A3F6AC25BBECB
:10CC180004097A3F1A4B5DBE5EF3793FA8D35EBE26
:10CC280091DD793F135C60BE9DC7793F5CE461BECE
:10CC380083B1793F836C63BE439B793F86F464BEBE
:10CC4800DC84793F667C66BE4E6E793F220468BEFE
:10CC58009A57793FBA8B69BEC040793F2F136BBE94
:10CC6800BF29793F7F9A6CBE9812793FAB216EBE7F
:10CC78004AFB783FB2A86FBED6E3783F942F71BEC7
:10CC88003BCC783F51B672BE7BB4783FE83C74BE6B
:10CC9800939C783F5AC375BE8684783FA64977BE71
:10CCA800526C783FCCCF78BEF853783FCB557ABEDC
:10CCB800773B783FA4DB7BBED122783F56617DBEAF
:10CCC800040A783FE1E67EBE10F1773F223680BE47
:10CCD800F7D7773FC0F880BEB7BE773F4ABB81BE63
:10CCE80051A5773FC07D82BEC58B773F224083BE6A
:10CCF8001372773F700284BE3A58773FAAC484BE45
:10CD08003C3E773FCE8685BE1724773FDF4886BEF8
:10CD1800CC09773FDA0A87BE5BEF763FC1CC87BE86
:10CD2800C4D4763F938E88BE07BA763F505089BEEA
:10CD3800249F763FF8118ABE1B84763F8AD38ABE29
:10CD4800EC68763F07958BBE974D763F6E568CBE46
:10CD58001B32763FC0178DBE7A16763FFCD88DBE43
:10CD6800B3FA753F229A8EBEC6DE753F325B8FBE20
:10CD7800B3C2753F2C1C90BE7BA6753F10DD90BEDC
:10CD88001C8A753FDD9D91BE976D753F945E92BE7E
:10CD9800ED50753F351F93BE1D34753FBFDF93BE01
:10CDA8002717753F31A094BE0BFA743F8D6095BE6E
:10CDB800C9DC743FD22096BE62BF743F00E196BEC4
:10CDC800D5A1743F17A197BE2284743F166198BEFF
:10CDD8004966743FFE2099BE4B48743FCEE099BE29
:10CDE800272A743F86A09ABEDD0B743F27609BBE3E
:10CDF8006EED733FAF1F9CBED9CE733F20DF9CBE44
:10CE08001FB0733F789E9DBE3F91733FB85D9EBE35
:10CE18003972733FDF1C9FBE0E53733FEEDB9FBE1C
:10CE2800BE33733FE59AA0BE4714733FC259A1BEF3
:10CE3800ACF4723F8718A2BEEBD4723F33D7A2BEC0
:10CE480004B5723FC595A3BEF894723F3F54A4BE83
:10CE5800C774723F9F12A5BE7054723FE5D0A5BE3D
:10CE6800F433723F128FA6BE5213723F254DA7BEF0
:10CE78008CF2713F1F0BA8BE9FD1713FFEC8A8BEA0
:10CE88008EB0713FC486A9BE578F713F6F44AABE4A
:10CE9800FB6D713F0102ABBE7A4C713F77BFABBEF1
:10CEA800D42A713FD47CACBE0809713F153AADBE97
:10CEB80017E7703F3CF7ADBE02C5703F49B4AEBE40
:10CEC800C6A2703F3A71AFBE6680703F102EB0BEEA
:10CED800E15D703FCBEAB0BE373B703F6BA7B1BE98
:10CEE8006718703FEF63B2BE73F56F3F5820B3BE4B
:10CEF8005AD26F3FA5DCB3BE1BAF6F3FD698B4BE06
:10CF0800B88B6F3FEC54B5BE30686F3FE610B6BEC5
:10CF180083446F3FC3CCB6BEB0206F3F8488B7BE92
:10CF2800BAFC6E3F2A44B8BE9ED86E3FB2FFB8BE68
:10CF38005DB46E3F1EBBB9BEF88F6E3F6E76BABE4B
:10CF48006D6B6E3FA031BBBEBE466E3FB6ECBBBE3E
:10CF5800EB216E3FAFA7BCBEF2FC6D3F8B62BDBE3E
:10CF6800D5D76D3F4A1DBEBE93B26D3FEBD7BEBE4F
:10CF78002D8D6D3F6F92BFBEA1676D3FD54CC0BE72
:10CF8800F2416D3F1E07C1BE1D1C6D3F48C1C1BEA9
:10CF980024F66C3F557BC2BE07D06C3F4435C3BEF8
:10CFA800C5A96C3F15EFC3BE5E836C3FC8A8C4BE5D
:10CFB800D45C6C3F5C62C5BE24366C3FD21BC6BED7
:10CFC800500F6C3F29D5C6BE58E86B3F628EC7BE6E
:10CFD8003BC16B3F7C47C8BEFB996B3F7700C9BE1E
:10CFE80095726B3F53B9C9BE0C4B6B3F1072CABEEA
:10CFF8005E236B3FAE2ACBBE8CFB6A3F2CE3CBBED5
:10D0080095D36A3F8B9BCCBE7BAB6A3FCA53CDBEE0
:10D018003C836A3FEA0BCEBED95A6A3FEAC3CEBE0A
:10D0280052326A3FCA7BCFBEA7096A3F8A33D0BE55
:10D03800D7E0693F2AEBD0BEE4B7693FAAA2D1BEC8
:10D04800CC8E693F095AD2BE9165693F4811D3BE5B
:10D05800323C693F67C8D3BEAE12693F647FD4BE15
:10D0680007E9683F4136D5BE3CBF683FFDECD5BEF9
:10D078004C95683F99A3D6BE396B683F135AD7BE03
:10D088000341683F6B10D8BEA816683FA3C6D8BE38
:10D098002AEC673FB97CD9BE87C1673FAD32DABE9B
:10D0A800C196673F80E8DABED86B673F319EDBBE2A
:10D0B800CA40673FC153DCBE9915673F2E09DDBEE4
:10D0C80045EA663F79BEDDBECCBE663FA273DEBED2
:10D0D8003093663FA928DFBE7167663F8DDDDFBEEE
:10D0E8008E3B663F4F92E0BE880F663FEE46E1BE3C
:10D0F8005EE3653F6AFBE1BE10B7653FC4AFE2BEC1
:10D10800A08A653FFA63E3BE0B5E653F0E18E4BE76
:10D118005431653FFECBE4BE7904653FCB7FE5BE65
:10D128007BD7643F7533E6BE59AA643FFBE6E6BE8B
:10D13800147D643F5D9AE7BEAC4F643F9C4DE8BEEA
:10D148002122643FB700E9BE73F4633FAEB3E9BE82
:10D15800A1C6633F8166EABEAC98633F3019EBBE57
:10D16800956A633FBBCBEBBE5A3C633F217EECBE66
:10D17800FC0D633F6330EDBE7BDF623F80E2EDBEB6
:10D18800D7B0623F7994EEBE1082623F4C46EFBE44
:10D198002653623FFBF7EFBE1A24623F85A9F0BE13
:10D1A800EAF4613FEA5AF1BE98C5613F290CF2BE24
:10D1B8002296613F43BDF2BE8A66613F386EF3BE78
:10D1C800D036613F071FF4BEF206613FB1CFF4BE0F
:10D1D800F2D6603F3580F5BECFA6603F9330F6BEED
:10D1E8008976603FCBE0F6BE2146603FDC90F7BE13
:10D1F8009615603FC840F8BEE9E45F3F8EF0F8BE80
:10D2080019B45F3F2DA0F9BE27835F3FA54FFABE33
:10D2180012525F3FF7FEFABEDB205F3F22AEFBBE35
:10D2280081EF5E3F275DFCBE05BE5E3F040CFDBE80
:10D23800678C5E3FBBBAFDBEA65A5E3F4A69FEBE1A
:10D24800C3285E3FB217FFBEBEF65D3FF3C5FFBE03
:10D2580097C45D3F063A00BF4D925D3FFF9000BF07
:10D26800E15F5D3FE4E700BF532D5D3FB53E01BF81
:10D27800A3FA5C3F739501BFD1C75C3F1CEC01BFAB
:10D28800DD945C3FB14202BFC7615C3F329902BF87
:10D298008E2E5C3F9FEF02BF34FB5B3FF84503BF18
:10D2A800B8C75B3F3D9C03BF1A945B3F6DF203BF59
:10D2B8005A605B3F894804BF792C5B3F919E04BF4D
:10D2C80075F85A3F84F404BF50C45A3F624A05BFF8
:10D2D80009905A3F2CA005BFA05B5A3FE2F505BF55
:10D2E80016275A3F824B06BF6AF2593F0EA106BF66
:10D2F8009CBD593F86F606BFAD88593FE84B07BF2E
:10D308009C53593F36A107BF6A1E593F6FF607BFA6
:10D3180017E9583F924B08BFA1B3583FA1A008BFD7
:10D328000B7E583F9BF508BF5348583F7F4A09BFBB
:10D338007912583F4E9F09BF7FDC573F09F409BF58
:10D3480063A6573FAD480ABF2670573F3D9D0ABFA9
:10D35800C739573FB7F10ABF4803573F1C460BBFB1
:10D36800A7CC563F6B9A0BBFE595563FA5EE0BBF72
:10D37800025F563FC9420CBFFE27563FD7960CBFE7
:10D38800D9F0553FD0EA0CBF93B9553FB33E0DBF16
:10D398002C82553F81920DBFA44A553F38E60DBFF8
:10D3A800FB12553FDA390EBF31DB543F658D0EBF96
:10D3B80047A3543FDBE00EBF3B6B543F3B340FBFEA
:10D3C8000F33543F84870FBFC3FA533FB8DA0FBFF8
:10D3D80055C2533FD52D10BFC789533FDC8010BFBE
:10D3E8001851533FCDD310BF4918533FA72611BF3B
:10D3F80059DF523F6B7911BF49A6523F19CC11BF73
:10D40800186D523FB01E12BFC633523F307112BF63
:10D4180054FA513F9AC312BFC2C0513FEE1513BF11
:10D428001087513F2A6813BF3D4D513F50BA13BF73
:10D438004A13513F5F0C14BF37D9503F585E14BF91
:10D44800039F503F39B014BFAF64503F040215BF6B
:10D458003B2A503FB75315BFA8EF4F3F54A515BF00
:10D46800F4B44F3FD9F615BF1F7A4F3F474816BF50
:10D478002B3F4F3F9F9916BF17044F3FDFEA16BF58
:10D48800E4C84E3F073C17BF908D4E3F188D17BF1D
:10D498001C524E3F12DE17BF89164E3FF52E18BF9D
:10D4A800D5DA4D3FC07F18BF029F4D3F73D018BFDC
:10D4B80010634D3F0F2119BFFD264D3F947119BFD1
:10D4C800CBEA4C3F00C219BF79AE4C3F55121ABF88
:10D4D80008724C3F93621ABF78354C3FB8B21ABFF6
:10D4E800C7F84B3FC6021BBFF8BB4B3FBB521BBF25
:10D4F800097F4B3F99A21BBFFA414B3F5FF21BBF0D
:10D50800CC044B3F0C421CBF7FC74A3FA2911CBFB3
:10D51800138A4A3F1FE11CBF874C4A3F84301DBF16
:10D52800DC0E4A3FD17F1DBF12D1493F06CF1DBF38
:10D538002993493F221E1EBF2155493F266D1EBF14
:10D54800FA16493F12BC1EBFB3D8483FE50A1FBFB1
:10D558004E9A483F9F591FBFCA5B483F41A81FBF0B
:10D56800271D483FCBF61FBF65DE473F3B4520BF21
:10D57800849F473F939320BF8560473FD2E120BFF8
:10D588006721473FF92F21BF2AE2463F067E21BF88
:10D59800CEA2463FFBCB21BF5463463FD71922BFDB
:10D5A800BB23463F996722BF03E4453F43B522BFEB
:10D5B8002DA4453FD30223BF3964453F4B5023BFB9
:10D5C8002624453FA99D23BFF5E3443FEEEA23BF48
:10D5D800A5A3443F1A3824BF3763443F2C8524BF92
:10D5E800AB22443F25D224BF00E2433F041F25BF9E
:10D5F80038A1433FCB6B25BF5160433F77B825BF68
:10D608004C1F433F0A0526BF29DE423F845126BFEF
:10D61800E89C423FE39D26BF895B423F2AEA26BF3A
:10D628000B1A423F563627BF70D8413F688227BF42
:10D63800B796413F61CE27BFE154413F401A28BF0A
:10D64800EC12413F056628BFDAD0403FB0B128BF91
:10D65800A98E403F41FD28BF5C4C403FB84829BFD8
:10D66800F009403F159429BF67C73F3F57DF29BFDF
:10D67800C0843F3F802A2ABFFC413F3F8E752ABFA6
:10D688001BFF3E3F82C02ABF1BBC3E3F5B0B2BBF2C
:10D69800FF783E3F1B562BBFC5353E3FBFA02BBF73
:10D6A8006EF23D3F4AEB2BBFF9AE3D3FB9352CBF7B
:10D6B800676B3D3F0F802CBFB8273D3F49CA2CBF41
:10D6C800ECE33C3F69142DBF03A03C3F6F5E2DBFC8
:10D6D800FC5B3C3F59A82DBFD9173C3F29F22DBF11
:10D6E80098D33B3FDE3B2EBF3B8F3B3F78852EBF19
:10D6F800C14A3B3FF7CE2EBF29063B3F5B182FBFE1
:10D7080075C13A3FA5612FBFA47C3A3FD3AA2FBF6A
:10D71800B7373A3FE6F32FBFACF2393FDE3C30BFB4
:10D7280085AD393FBB8530BF4268393F7CCE30BFBD
:10D73800E122393F221731BF65DD383FAD5F31BF88
:10D74800CB97383F1DA831BF1652383F71F031BF13
:10D75800430C383FAA3832BF55C6373FC78032BF5F
:10D768004A80373FC9C832BF233A373FAF1033BF6B
:10D77800DFF3363F7A5833BF7FAD363F29A033BF3A
:10D788000467363FBCE733BF6C20363F342F34BFC5
:10D79800B8D9353F8F7634BFE792353FCFBD34BF18
:10D7A800FB4B353FF30435BFF304353FFB4B35BF27
:10D7B800CFBD343FE79235BF8F76343FB8D935BFF8
:10D7C800342F343F6C2036BFBCE7333F046736BF85
:10D7D80029A0333F7FAD36BF7A58333FDFF336BFDA
:10D7E800AF10333F233A37BFC9C8323F4A8037BFEB
:10D7F800C780323F55C637BFAA38323F430C38BFBF
:10D8080071F0313F165238BF1DA8313FCB9738BF52
:10D81800AD5F313F65DD38BF2217313FE12239BFA7
:10D828007CCE303F426839BFBB85303F85AD39BFBC
:10D83800DE3C303FACF239BFE6F32F3FB7373ABF93
:10D84800D3AA2F3FA47C3ABFA5612F3F75C13ABF29
:10D858005B182F3F29063BBFF7CE2E3FC14A3BBF7F
:10D8680078852E3F3B8F3BBFDE3B2E3F98D33BBF97
:10D8780029F22D3FD9173CBF59A82D3FFC5B3CBF6F
:10D888006F5E2D3F03A03CBF69142D3FECE33CBF06
:10D8980049CA2C3FB8273DBF0F802C3F676B3DBF5F
:10D8A800B9352C3FF9AE3DBF4AEB2B3F6EF23DBF79
:10D8B800BFA02B3FC5353EBF1B562B3FFF783EBF51
:10D8C8005B0B2B3F1BBC3EBF82C02A3F1BFF3EBFEA
:10D8D8008E752A3FFC413FBF802A2A3FC0843FBF44
:10D8E80057DF293F67C73FBF1594293FF00940BF5D
:10D8F800B848293F5C4C40BF41FD283FA98E40BF36
:10D90800B0B1283FDAD040BF0566283FEC1241BFCE
:10D91800401A283FE15441BF61CE273FB79641BF27
:10D928006882273F70D841BF5636273F0B1A42BF3F
:10D938002AEA263F895B42BFE39D263FE89C42BF17
:10D948008451263F29DE42BF0A05263F4C1F43BFAC
:10D9580077B8253F516043BFCB6B253F38A143BF04
:10D96800041F253F00E243BF25D2243FAB2244BF1A
:10D978002C85243F376344BF1A38243FA5A344BFEE
:10D98800EEEA233FF5E344BFA99D233F262445BF84
:10D998004B50233F396445BFD302233F2DA445BFD5
:10D9A80043B5223F03E445BF9967223FBB2346BFE7
:10D9B800D719223F546346BFFBCB213FCEA246BFB7
:10D9C800067E213F2AE246BFF92F213F672147BF44
:10D9D800D2E1203F856047BF9393203F849F47BF94
:10D9E8003B45203F65DE47BFCBF61F3F271D48BF9D
:10D9F80041A81F3FCA5B48BF9F591F3F4E9A48BF67
:10DA0800E50A1F3FB3D848BF12BC1E3FFA1649BFEC
:10DA1800266D1E3F215549BF221E1E3F299349BF2F
:10DA280006CF1D3F12D149BFD17F1D3FDC0E4ABF33
:10DA380084301D3F874C4ABF1FE11C3F138A4ABFF1
:10DA4800A2911C3F7FC74ABF0C421C3FCC044BBF6E
:10DA58005FF21B3FFA414BBF99A21B3F097F4BBFA7
:10DA6800BB521B3FF8BB4BBFC6021B3FC7F84BBF9F
:10DA7800B8B21A3F78354CBF93621A3F08724CBF50
:10DA880055121A3F79AE4CBF00C2193FCBEA4CBFC2
:10DA98009471193FFD264DBF0F21193F10634DBFEB
:10DAA80073D0183F029F4DBFC07F183FD5DA4DBFD6
:10DAB800F52E183F89164EBF12DE173F1C524EBF77
:10DAC800188D173F908D4EBF073C173FE4C84EBFD7
:10DAD800DFEA163F17044FBF9F99163F2B3F4FBFF2
:10DAE8004748163F1F7A4FBFD9F6153FF4B44FBFCA
:10DAF80054A5153FA8EF4FBFB753153F3B2A50BF5A
:10DB08000402153FAF6450BF39B0143F039F50BFA4
:10DB1800585E143F37D950BF5F0C143F4A1351BFAA
:10DB280050BA133F3D4D51BF2A68133F108751BF6C
:10DB3800EE15133FC2C051BF9AC3123F54FA51BFEA
:10DB48003071123FC63352BFB01E123F186D52BF1C
:10DB580019CC113F49A652BF6B79113F59DF52BF0B
:10DB6800A726113F491853BFCDD3103F185153BFB3
:10DB7800DC80103FC78953BFD52D103F55C253BF16
:10DB8800B8DA0F3FC3FA53BF84870F3F0F3354BF30
:10DB98003B340F3F3B6B54BFDBE00E3F47A354BF02
:10DBA800658D0E3F31DB54BFDA390E3FFB1255BF8E
:10DBB80038E60D3FA44A55BF81920D3F2C8255BFD0
:10DBC800B33E0D3F93B955BFD0EA0C3FD9F055BFCE
:10DBD800D7960C3FFE2756BFC9420C3F025F56BF7F
:10DBE800A5EE0B3FE59556BF6B9A0B3FA7CC56BFEA
:10DBF8001C460B3F480357BFB7F10A3FC73957BF09
:10DC08003D9D0A3F267057BFAD480A3F63A657BFE0
:10DC180009F4093F7FDC57BF4E9F093F791258BF6F
:10DC28007F4A093F534858BF9BF5083F0B7E58BFB2
:10DC3800A1A0083FA1B358BF924B083F17E958BFAE
:10DC48006FF6073F6A1E59BF36A1073F9C5359BF5D
:10DC5800E84B073FAD8859BF86F6063F9CBD59BFC4
:10DC68000EA1063F6AF259BF824B063F16275ABFDC
:10DC7800E2F5053FA05B5ABF2CA0053F09905ABFAB
:10DC8800624A053F50C45ABF84F4043F75F85ABF2E
:10DC9800919E043F792C5BBF8948043F5A605BBF63
:10DCA8006DF2033F1A945BBF3D9C033FB8C75BBF4F
:10DCB800F845033F34FB5BBF9FEF023F8E2E5CBFEE
:10DCC8003299023FC7615CBFB142023FDD945CBF3D
:10DCD8001CEC013FD1C75CBF7395013FA3FA5CBF41
:10DCE800B53E013F532D5DBFE4E7003FE15F5DBFF7
:10DCF800FF90003F4D925DBF063A003F97C45DBF5D
:10DD0800F3C5FF3EBEF65DBFB217FF3EC3285EBF38
:10DD18004A69FE3EA65A5EBFBBBAFD3E678C5EBF2F
:10DD2800040CFD3E05BE5EBF275DFC3E81EF5EBF75
:10DD380022AEFB3EDB205FBFF7FEFA3E12525FBF0A
:10DD4800A54FFA3E27835FBF2DA0F93E19B45FBFE8
:10DD58008EF0F83EE9E45FBFC840F83E961560BF14
:10DD6800DC90F73E214660BFCBE0F63E897660BF87
:10DD78009330F63ECFA660BF3580F53EF2D660BF41
:10DD8800B1CFF43EF20661BF071FF43ED03661BF43
:10DD9800386EF33E8A6661BF43BDF23E229661BF8C
:10DDA800290CF23E98C561BFEA5AF13EEAF461BF18
:10DDB80085A9F03E1A2462BFFBF7EF3E265362BFE7
:10DDC8004C46EF3E108262BF7994EE3ED7B062BFF8
:10DDD80080E2ED3E7BDF62BF6330ED3EFC0D63BF4A
:10DDE800217EEC3E5A3C63BFBBCBEB3E956A63BFDA
:10DDF8003019EB3EAC9863BF8166EA3EA1C663BFAB
:10DE0800AEB3E93E73F463BFB700E93E212264BFB5
:10DE18009C4DE83EAC4F64BF5D9AE73E147D64BFFD
:10DE2800FBE6E63E59AA64BF7533E63E7BD764BF7E
:10DE3800CB7FE53E790465BFFECBE43E543165BF38
:10DE48000E18E43E0B5E65BFFA63E33EA08A65BF29
:10DE5800C4AFE23E10B765BF6AFBE13E5EE365BF53
:10DE6800EE46E13E880F66BF4F92E03E8E3B66BFAE
:10DE78008DDDDF3E716766BFA928DF3E309366BF40
:10DE8800A273DE3ECCBE66BF79BEDD3E45EA66BF04
:10DE98002E09DD3E991567BFC153DC3ECA4067BFF6
:10DEA800319EDB3ED86B67BF80E8DA3EC19667BF1C
:10DEB800AD32DA3E87C167BFB97CD93E2AEC67BF6D
:10DEC800A3C6D83EA81668BF6B10D83E034168BFEA
:10DED800135AD73E396B68BF99A3D63E4C9568BF95
:10DEE800FDECD53E3CBF68BF4136D53E07E968BF6B
:10DEF800647FD43EAE1269BF67C8D33E323C69BF67
:10DF08004811D33E916569BF095AD23ECC8E69BF8C
:10DF1800AAA2D13EE4B769BF2AEBD03ED7E069BFD9
:10DF28008A33D03EA7096ABFCA7BCF3E52326ABF46
:10DF3800EAC3CE3ED95A6ABFEA0BCE3E3C836ABFDB
:10DF4800CA53CD3E7BAB6ABF8B9BCC3E95D36ABF91
:10DF58002CE3CB3E8CFB6ABFAE2ACB3E5E236BBF65
:10DF68001072CA3E0C4B6BBF53B9C93E95726BBF5A
:10DF78007700C93EFB996BBF7C47C83E3BC16BBF6E
:10DF8800628EC73E58E86BBF29D5C63E500F6CBF9E
:10DF9800D21BC63E24366CBF5C62C53ED45C6CBFE7
:10DFA800C8A8C43E5E836CBF15EFC33EC5A96CBF4D
:10DFB8004435C33E07D06CBF557BC23E24F66CBFC8
:10DFC80048C1C13E1D1C6DBF1E07C13EF2416DBF59
:10DFD800D54CC03EA1676DBF6F92BF3E2D8D6DBF02
:10DFE800EBD7BE3E93B26DBF4A1DBE3ED5D76DBFBF
:10DFF8008B62BD3EF2FC6DBFAFA7BC3EEB216EBF8E
:10E00800B6ECBB3EBE466EBFA031BB3E6D6B6EBF6D
:10E018006E76BA3EF88F6EBF1EBBB93E5DB46EBF5A
:10E02800B2FFB83E9ED86EBF2A44B83EBAFC6EBF57
:10E038008488B73EB0206FBFC3CCB63E83446FBF61
:10E04800E610B63E30686FBFEC54B53EB88B6FBF74
:10E05800D698B43E1BAF6FBFA5DCB33E5AD26FBF94
:10E068005820B33E73F56FBFEF63B23E671870BFB9
:10E078006BA7B13E373B70BFCBEAB03EE15D70BFE6
:10E08800102EB03E668070BF3A71AF3EC6A270BF18
:10E0980049B4AE3E02C570BF3CF7AD3E17E770BF4E
:10E0A800153AAD3E080971BFD47CAC3ED42A71BF85
:10E0B80077BFAB3E7A4C71BF0102AB3EFB6D71BFBF
:10E0C8006F44AA3E578F71BFC486A93E8EB071BFF8
:10E0D800FEC8A83E9FD171BF1F0BA83E8CF271BF2E
:10E0E800254DA73E521372BF128FA63EF43372BF5E
:10E0F800E5D0A53E705472BF9F12A53EC77472BF8B
:10E108003F54A43EF89472BFC595A33E04B572BFB0
:10E1180033D7A23EEBD472BF8718A23EACF472BFCD
:10E12800C259A13E471473BFE59AA03EBE3373BFE0
:10E13800EEDB9F3E0E5373BFDF1C9F3E397273BFE9
:10E14800B85D9E3E3F9173BF789E9D3E1FB073BFE2
:10E1580020DF9C3ED9CE73BFAF1F9C3E6EED73BFD0
:10E1680027609B3EDD0B74BF86A09A3E272A74BFAA
:10E17800CEE0993E4B4874BFFE20993E496674BF75
:10E188001661983E228474BF17A1973ED5A174BF2B
:10E1980000E1963E62BF74BFD220963EC9DC74BFD0
:10E1A8008D60953E0BFA74BF31A0943E271775BF5A
:10E1B800BFDF933E1D3475BF351F933EED5075BFCD
:10E1C800945E923E976D75BFDD9D913E1C8A75BF2A
:10E1D80010DD903E7BA675BF2C1C903EB3C275BF68
:10E1E800325B8F3EC6DE75BF229A8E3EB3FA75BF8C
:10E1F800FCD88D3E7A1676BFC0178D3E1B3276BF8F
:10E208006E568C3E974D76BF07958B3EEC6876BF71
:10E218008AD38A3E1B8476BFF8118A3E249F76BF34
:10E228005050893E07BA76BF938E883EC4D476BFD5
:10E23800C1CC873E5BEF76BFDA0A873ECC0977BF51
:10E24800DF48863E172477BFCE86853E3C3E77BFA3
:10E25800AAC4843E3A5877BF7002843E137277BFCF
:10E268002240833EC58B77BFC07D823E51A577BFD4
:10E278004ABB813EB7BE77BFC0F8803EF7D777BFAD
:10E288002236803E10F177BFE1E67E3E040A78BF71
:10E2980056617D3ED12278BFA4DB7B3E773B78BFB9
:10E2A800CB557A3EF85378BFCCCF783E526C78BFC6
:10E2B800A649773E868478BF5AC3753E939C78BF3B
:10E2C800E83C743E7BB478BF51B6723E3BCC78BF15
:10E2D800942F713ED6E378BFB2A86F3E4AFB78BF51
:10E2E800AB216E3E981279BF7F9A6C3EBF2979BFE9
:10E2F8002F136B3EC04079BFBA8B693E9A5779BFDE
:10E308002204683E4E6E79BF667C663EDC8479BF27
:10E3180086F4643E439B79BF836C633E83B179BFC7
:10E328005CE4613E9DC779BF135C603E91DD79BFB7
:10E33800A8D35E3E5EF379BF1A4B5D3E04097ABFEF
:10E348006AC25B3E841E7ABF97395A3EDD337ABF74
:10E35800A4B0583E10497ABF8F27573E1C5E7ABF3B
:10E36800589E553E02737ABF0115543EC1877ABF45
:10E37800898B523E599C7ABFF101513ECBB07ABF8E
:10E3880038784F3E16C57ABF60EE4D3E3AD97ABF0F
:10E3980067644C3E37ED7ABF4FDA4A3E0E017BBFC9
:10E3A8001850493EBE147BBFC2C5473E48287BBFB4
:10E3B8004D3B463EAB3B7BBFB9B0443EE74E7BBFCF
:10E3C8000726433EFC617BBF379B413EEA747BBF17
:10E3D8004910403EB2877BBF3E853E3E539A7BBF85
:10E3E80015FA3C3ECDAC7BBFCF6E3B3E20BF7BBF1A
:10E3F8006CE3393E4DD17BBFEC57383E53E37BBFCE
:10E4080050CC363E31F57BBF9840353EE9067CBF9F
:10E41800C4B4333E7A187CBFD428323EE5297CBF89
:10E42800C99C303E283B7CBFA2102F3E444C7CBF89
:10E4380061842D3E3A5D7CBF04F82B3E086E7CBF9C
:10E448008D6B2A3EB07E7CBFFCDE283E318F7CBFC0
:10E458005152273E8A9F7CBF8CC5253EBDAF7CBFED
:10E46800AD38243EC9BF7CBFB6AB223EAECF7CBF21
:10E47800A51E213E6CDF7CBF7B911F3E03EF7CBF56
:10E4880038041E3E73FE7CBFDE761C3EBC0D7DBF8D
:10E498006BE91A3EDD1C7DBFE05B193ED82B7DBFC2
:10E4A8003DCE173EAC3A7DBF8340163E59497DBFED
:10E4B800B2B2143EDE577DBFCA24133E3D667DBF0F
:10E4C800CC96113E74747DBFB708103E85827DBF1F
:10E4D8008B7A0E3E6E907DBF4AEC0C3E309E7DBF1F
:10E4E800F35D0B3ECCAB7DBF86CF093E40B97DBF07
:10E4F8000541083E8CC67DBF6EB2063EB2D37DBFD5
:10E50800C223053EB1E07DBF0295033E88ED7DBF85
:10E518002E06023E38FA7DBF4577003EC2067EBF12
:10E5280092D0FD3D24137EBF73B2FA3D5E1F7EBFBD
:10E538002C94F73D722B7EBFC075F43D5E377EBFCD
:10E548002E57F13D23437EBF7638EE3DC14E7EBF48
:10E558009A19EB3D385A7EBF9AFAE73D88657EBF27
:10E5680076DBE43DB0707EBF2EBCE13DB17B7EBF63
:10E57800C49CDE3D8B867EBF377DDB3D3D917EBFF3
:10E58800895DD83DC99B7EBFB93DD53D2DA67EBFCF
:10E59800C81DD23D69B07EBFB7FDCE3D7FBA7EBFF4
:10E5A80086DDCB3D6DC47EBF36BDC83D34CE7EBF53
:10E5B800C69CC53DD4D77EBF397CC23D4CE17EBFE9
:10E5C8008D5BBF3D9DEA7EBFC33ABC3DC7F37EBFAE
:10E5D800DD19B93DC9FC7EBFDAF8B53DA4057FBF9A
:10E5E800BBD7B23D580E7FBF80B6AF3DE4167FBFA4
:10E5F8002B95AC3D491F7FBFBA73A93D87277FBFC5
:10E608003052A63D9D2F7FBF8C30A33D8D377FBFF5
:10E61800CF0EA03D543F7FBFF9EC9C3DF4467FBF31
:10E628000ACB993D6D4E7FBF05A9963DBF557FBF6B
:10E63800E786933DE95C7FBFB464903DEC637FBFA0
:10E648006A428D3DC76A7FBF0A208A3D7B717FBFC2
:10E6580094FD863D08787FBF0ADB833D6D7E7FBFD2
:10E668006CB8803DAB847FBF742B7B3DC28A7FBF73
:10E67800E9E5743DB1907FBF38A06E3D78967FBFC5
:10E68800625A683D189C7FBF6814623D91A17FBFA4
:10E698004CCE5B3DE3A67FBF0E88553D0DAC7FBFDA
:10E6A800AF414F3D0FB17FBF2FFB483DEAB57FBF5C
:10E6B80091B4423D9EBA7FBFD56D3C3D2ABF7FBF16
:10E6C800FC26363D8FC37FBF07E02F3DCCC77FBFF9
:10E6D800F698293DE2CB7FBFCC51233DD1CF7FBFF8
:10E6E800880A1D3D98D37FBF2CC3163D37D77FBFFF
:10E6F800B87B103DAFDA7FBF2F340A3D00DE7FBF05
:10E7080090EC033D29E17FBFB949FB3C2BE47FBF77
:10E718002DBAEE3C05E77FBF7B2AE23CB8E97FBF14
:10E72800A69AD53C43EC7FBFB00AC93CA7EE7FBF91
:10E738009B7ABC3CE3F07FBF69EAAF3CF8F27FBF4D
:10E748001C5AA33CE6F47FBFB6C9963CACF67FBF23
:10E7580038398A3C4AF87FBF4B517B3CC1F97FBFAF
:10E768000030623C11FB7FBF900E493C39FC7FBFF3
:10E7780002ED2F3C39FD7FBF59CB163C13FE7FBFFE
:10E788003053FB3BC4FE7FBF890FC93B4EFF7FBFA1
:10E79800C1CB963BB1FF7FBFC70F493BECFF7FBFA3
:10E7A800D40FC93A000080BF00000000ECFF7FBF13
:10E7B800D40FC9BAB1FF7FBFC70F49BB4EFF7FBF98
:10E7C800C1CB96BBC4FE7FBF890FC9BB13FE7FBFF9
:10E7D8003053FBBB39FD7FBF59CB16BC39FC7FBF1B
:10E7E80002ED2FBC11FB7FBF900E49BCC1F97FBF62
:10E7F800003062BC4AF87FBF4B517BBCACF67FBF90
:10E8080038398ABCE6F47FBFB6C996BCF8F27FBF38
:10E818001C5AA3BCE3F07FBF69EAAFBCA7EE7FBF79
:10E828009B7ABCBC43EC7FBFB00AC9BCB8E97FBFC8
:10E83800A69AD5BC05E77FBF7B2AE2BC2BE47FBF45
:10E848002DBAEEBC29E17FBFB949FBBC00DE7FBF12
:10E8580090EC03BDAFDA7FBF2F340ABD37D77FBF37
:10E86800B87B10BD98D37FBF2CC316BDD1CF7FBF57
:10E87800880A1DBDE2CB7FBFCC5123BDCCC77FBF6B
:10E88800F69829BD8FC37FBF07E02FBD2ABF7FBF82
:10E89800FC2636BD9EBA7FBFD56D3CBDEAB57FBFAD
:10E8A80091B442BD0FB17FBF2FFB48BD0DAC7FBFF8
:10E8B800AF414FBDE3A67FBF0E8855BD91A17FBF75
:10E8C8004CCE5BBD189C7FBF681462BD78967FBF35
:10E8D800625A68BDB1907FBF38A06EBDC28A7FBF43
:10E8E800E9E574BDAB847FBF742B7BBD6D7E7FBFB4
:10E8F8006CB880BD08787FBF0ADB83BD7B717FBFA2
:10E9080094FD86BDC76A7FBF0A208ABDEC637FBFBE
:10E918006A428DBDE95C7FBFB46490BDBF557FBFBF
:10E92800E78693BD6D4E7FBF05A996BDF4467FBFB0
:10E938000ACB99BD543F7FBFF9EC9CBD8D377FBF93
:10E94800CF0EA0BD9D2F7FBF8C30A3BD87277FBF73
:10E958003052A6BD491F7FBFBA73A9BDE4167FBF59
:10E968002B95ACBD580E7FBF80B6AFBDA4057FBF49
:10E97800BBD7B2BDC9FC7EBFDAF8B5BDC7F37EBF51
:10E98800DD19B9BD9DEA7EBFC33ABCBD4CE17EBF6F
:10E998008D5BBFBDD4D77EBF397CC2BD34CE7EBFB0
:10E9A800C69CC5BD6DC47EBF36BDC8BD7FBA7EBF1F
:10E9B80086DDCBBD69B07EBFB7FDCEBD2DA67EBFBF
:10E9C800C81DD2BDC99B7EBFB93DD5BD3D917EBF97
:10E9D800895DD8BD8B867EBF377DDBBDB17B7EBFB1
:10E9E800C49CDEBDB0707EBF2EBCE1BD88657EBF15
:10E9F80076DBE4BD385A7EBF9AFAE7BDC14E7EBFCA
:10EA08009A19EBBD23437EBF7638EEBD5E377EBFD5
:10EA18002E57F1BD722B7EBFC075F4BD5E1F7EBF41
:10EA28002C94F7BD24137EBF73B2FABDC2067EBF15
:10EA380092D0FDBD38FA7DBF457700BE88ED7DBF19
:10EA48002E0602BEB1E07DBF029503BEB2D37DBFE4
:10EA5800C22305BE8CC67DBF6EB206BE40B97DBF5F
:10EA6800054108BECCAB7DBF86CF09BE309E7DBFB9
:10EA7800F35D0BBE6E907DBF4AEC0CBE85827DBFF8
:10EA88008B7A0EBE74747DBFB70810BE3D667DBF1D
:10EA9800CC9611BEDE577DBFCA2413BE59497DBF2F
:10EAA800B2B214BEAC3A7DBF834016BED82B7DBF30
:10EAB8003DCE17BEDD1C7DBFE05B19BEBC0D7DBF22
:10EAC8006BE91ABE73FE7CBFDE761CBE03EF7CBF0B
:10EAD80038041EBE6CDF7CBF7B911FBEAECF7CBFEF
:10EAE800A51E21BEC9BF7CBFB6AB22BEBDAF7CBFD1
:10EAF800AD3824BE8A9F7CBF8CC525BE318F7CBFB4
:10EB0800515227BEB07E7CBFFCDE28BE086E7CBF9B
:10EB18008D6B2ABE3A5D7CBF04F82BBE444C7CBF8B
:10EB280061842DBE283B7CBFA2102FBEE5297CBF87
:10EB3800C99C30BE7A187CBFD42832BEE9067CBF97
:10EB4800C4B433BE31F57BBF984035BE53E37BBFB9
:10EB580050CC36BE4DD17BBFEC5738BE20BF7BBFF3
:10EB68006CE339BECDAC7BBFCF6E3BBE539A7BBF47
:10EB780015FA3CBEB2877BBF3E853EBEEA747BBFBA
:10EB8800491040BEFC617BBF379B41BEE74E7BBF4F
:10EB9800072643BEAB3B7BBFB9B044BE48287BBF0A
:10EBA8004D3B46BEBE147BBFC2C547BE0E017BBFF0
:10EBB800185049BE37ED7ABF4FDA4ABE3AD97ABF04
:10EBC80067644CBE16C57ABF60EE4DBECBB07ABF47
:10EBD80038784FBE599C7ABFF10151BEC1877ABFC0
:10EBE800898B52BE02737ABF011554BE1C5E7ABF70
:10EBF800589E55BE10497ABF8F2757BEDD337ABF5E
:10EC0800A4B058BE841E7ABF97395ABE04097ABF89
:10EC18006AC25BBE5EF379BF1A4B5DBE91DD79BFF8
:10EC2800A8D35EBE9DC779BF135C60BE83B179BFB0
:10EC38005CE461BE439B79BF836C63BEDC8479BFAF
:10EC480086F464BE4E6E79BF667C66BE9A5779BFFD
:10EC5800220468BEC04079BFBA8B69BEBF2979BF9C
:10EC68002F136BBE981279BF7F9A6CBE4AFB78BF90
:10EC7800AB216EBED6E378BFB2A86FBE3BCC78BFDF
:10EC8800942F71BE7BB478BF51B672BE939C78BF87
:10EC9800E83C74BE868478BF5AC375BE526C78BF90
:10ECA800A64977BEF85378BFCCCF78BE773B78BFFC
:10ECB800CB557ABED12278BFA4DB7BBE040A78BFCD
:10ECC80056617DBE10F177BFE1E67EBEF7D777BF0C
:10ECD800223680BEB7BE77BFC0F880BE51A577BFC9
:10ECE8004ABB81BEC58B77BFC07D82BE137277BF1A
:10ECF800224083BE3A5877BF700284BE3C3E77BF3D
:10ED0800AAC484BE172477BFCE8685BECC0977BF38
:10ED1800DF4886BE5BEF76BFDA0A87BEC4D476BF0B
:10ED2800C1CC87BE07BA76BF938E88BE249F76BFB4
:10ED3800505089BE1B8476BFF8118ABEEC6876BF36
:10ED48008AD38ABE974D76BF07958BBE1B3276BF96
:10ED58006E568CBE7A1676BFC0178DBEB3FA75BFD5
:10ED6800FCD88DBEC6DE75BF229A8EBEB3C275BFF3
:10ED7800325B8FBE7BA675BF2C1C90BE1C8A75BFEC
:10ED880010DD90BE976D75BFDD9D91BEED5075BFCE
:10ED9800945E92BE1D3475BF351F93BE271775BF8D
:10EDA800BFDF93BE0BFA74BF31A094BEC9DC74BF39
:10EDB8008D6095BE62BF74BFD22096BED5A174BFC8
:10EDC80000E196BE228474BF17A197BE496674BF3E
:10EDD800166198BE4B4874BFFE2099BE272A74BF9F
:10EDE800CEE099BEDD0B74BF86A09ABE6EED73BFF0
:10EDF80027609BBED9CE73BFAF1F9CBE1FB073BF29
:10EE080020DF9CBE3F9173BF789E9DBE397273BF51
:10EE1800B85D9EBE0E5373BFDF1C9FBEBE3373BF6B
:10EE2800EEDB9FBE471473BFE59AA0BEACF472BF79
:10EE3800C259A1BEEBD472BF8718A2BE04B572BF77
:10EE480033D7A2BEF89472BFC595A3BEC77472BF6C
:10EE58003F54A4BE705472BF9F12A5BEF43372BF54
:10EE6800E5D0A5BE521372BF128FA6BE8CF271BF39
:10EE7800254DA7BE9FD171BF1F0BA8BE8EB071BF15
:10EE8800FEC8A8BE578F71BFC486A9BEFB6D71BFEF
:10EE98006F44AABE7A4C71BF0102ABBED42A71BFBF
:10EEA80077BFABBE080971BFD47CACBE17E770BF93
:10EEB800153AADBE02C570BF3CF7ADBEC6A270BF65
:10EEC80049B4AEBE668070BF3A71AFBEE15D70BF37
:10EED800102EB0BE373B70BFCBEAB0BE671870BF0C
:10EEE8006BA7B1BE73F56FBFEF63B2BE5AD26FBFE7
:10EEF8005820B3BE1BAF6FBFA5DCB3BEB88B6FBFC6
:10EF0800D698B4BE30686FBFEC54B5BE83446FBFAB
:10EF1800E610B6BEB0206FBFC3CCB6BEBAFC6EBF9B
:10EF28008488B7BE9ED86EBF2A44B8BE5DB46EBF93
:10EF3800B2FFB8BEF88F6EBF1EBBB9BE6D6B6EBF99
:10EF48006E76BABEBE466EBFA031BBBEEB216EBFA9
:10EF5800B6ECBBBEF2FC6DBFAFA7BCBED5D76DBFCC
:10EF68008B62BDBE93B26DBF4A1DBEBE2D8D6DBFF7
:10EF7800EBD7BEBEA1676DBF6F92BFBEF2416DBF3A
:10EF8800D54CC0BE1D1C6DBF1E07C1BE24F66CBF8C
:10EF980048C1C1BE07D06CBF557BC2BEC5A96CBFF6
:10EFA8004435C3BE5E836CBF15EFC3BED45C6CBF73
:10EFB800C8A8C4BE24366CBF5C62C5BE500F6CBF07
:10EFC800D21BC6BE58E86BBF29D5C6BE3BC16BBFB6
:10EFD800628EC7BEFB996BBF7C47C8BE95726BBF7C
:10EFE8007700C9BE0C4B6BBF53B9C9BE5E236BBF5C
:10EFF8001072CABE8CFB6ABFAE2ACBBE95D36ABF5D
:10F008002CE3CBBE7BAB6ABF8B9BCCBE3C836ABF79
:10F01800CA53CDBED95A6ABFEA0BCEBE52326ABFB6
:10F02800EAC3CEBEA7096ABFCA7BCFBED7E069BF15
:10F038008A33D0BEE4B769BF2AEBD0BECC8E69BF95
:10F04800AAA2D1BE916569BF095AD2BE323C69BF36
:10F058004811D3BEAE1269BF67C8D3BE07E968BFFF
:10F06800647FD4BE3CBF68BF4136D5BE4C9568BFEF
:10F07800FDECD5BE396B68BF99A3D6BE034168BF06
:10F08800135AD7BEA81668BF6B10D8BE2AEC67BF44
:10F09800A3C6D8BE87C167BFB97CD9BEC19667BFB2
:10F0A800AD32DABED86B67BF80E8DABECA4067BF48
:10F0B800319EDBBE991567BFC153DCBE45EA66BF0A
:10F0C8002E09DDBECCBE66BF79BEDDBE309366BFFD
:10F0D800A273DEBE716766BFA928DFBE8E3B66BF1E
:10F0E8008DDDDFBE880F66BF4F92E0BE5EE365BF71
:10F0F800EE46E1BE10B765BF6AFBE1BEA08A65BFF8
:10F10800C4AFE2BE0B5E65BFFA63E3BE543165BFB0
:10F118000E18E4BE790465BFFECBE4BE7BD764BF9E
:10F12800CB7FE5BE59AA64BF7533E6BE147D64BFC4
:10F13800FBE6E6BEAC4F64BF5D9AE7BE212264BF22
:10F148009C4DE8BE73F463BFB700E9BEA1C663BFB8
:10F15800AEB3E9BEAC9863BF8166EABE956A63BF89
:10F168003019EBBE5A3C63BFBBCBEBBEFC0D63BF93
:10F17800217EECBE7BDF62BF6330EDBED7B062BFDD
:10F1880080E2EDBE108262BF7994EEBE265362BF64
:10F198004C46EFBE1A2462BFFBF7EFBEEAF461BF2C
:10F1A80085A9F0BE98C561BFEA5AF1BE229661BF33
:10F1B800290CF2BE8A6661BF43BDF2BED03661BF7C
:10F1C800386EF3BEF20661BF071FF4BEF2D660BF09
:10F1D800B1CFF4BECFA660BF3580F5BE897660BFDB
:10F1E8009330F6BE214660BFCBE0F6BE961560BFF1
:10F1F800DC90F7BEE9E45FBFC840F8BE19B45FBF52
:10F208008EF0F8BE27835FBF2DA0F9BE12525FBFF4
:10F21800A54FFABEDB205FBFF7FEFABE81EF5EBFE7
:10F2280022AEFBBE05BE5EBF275DFCBE678C5EBF1F
:10F23800040CFDBEA65A5EBFBBBAFDBEC3285EBFA6
:10F248004A69FEBEBEF65DBFB217FFBE97C45DBF7A
:10F25800F3C5FFBE4D925DBF063A00BFE15F5DBFDB
:10F26800FF9000BF532D5DBFE4E700BFA3FA5CBF6A
:10F27800B53E01BFD1C75CBF739501BFDD945CBFCC
:10F288001CEC01BFC7615CBFB14202BF8E2E5CBFE0
:10F29800329902BF34FB5BBF9FEF02BFB8C75BBFA9
:10F2A800F84503BF1A945BBF3D9C03BF5A605BBF20
:10F2B8006DF203BF792C5BBF894804BF75F85ABF4C
:10F2C800919E04BF50C45ABF84F404BF09905ABF2A
:10F2D800624A05BFA05B5ABF2CA005BF16275ABFBC
:10F2E800E2F505BF6AF259BF824B06BF9CBD59BF04
:10F2F8000EA106BFAD8859BF86F606BF9C5359BFFD
:10F30800E84B07BF6A1E59BF36A107BF17E958BFA8
:10F318006FF607BFA1B358BF924B08BF0B7E58BF0B
:10F32800A1A008BF534858BF9BF508BF791258BF22
:10F338007F4A09BF7FDC57BF4E9F09BF63A657BFEF
:10F3480009F409BF267057BFAD480ABFC73957BF70
:10F358003D9D0ABF480357BFB7F10ABFA7CC56BFA8
:10F368001C460BBFE59556BF6B9A0BBF025F56BF95
:10F37800A5EE0BBFFE2756BFC9420CBFD9F055BF3B
:10F38800D7960CBF93B955BFD0EA0CBF2C8255BF96
:10F39800B33E0DBFA44A55BF81920DBFFB1255BFA6
:10F3A80038E60DBF31DB54BFDA390EBF47A354BF6F
:10F3B800658D0EBF3B6B54BFDBE00EBF0F3354BFF0
:10F3C8003B340FBFC3FA53BF84870FBF55C253BF27
:10F3D800B8DA0FBFC78953BFD52D10BF185153BF17
:10F3E800DC8010BF491853BFCDD310BF59DF52BFBF
:10F3F800A72611BF49A652BF6B7911BF186D52BF1E
:10F4080019CC11BFC63352BFB01E12BF54FA51BF38
:10F41800307112BFC2C051BF9AC312BF108751BF0B
:10F42800EE1513BF3D4D51BF2A6813BF4A1351BF94
:10F4380050BA13BF37D950BF5F0C14BF039F50BFDA
:10F44800585E14BFAF6450BF39B014BF3B2A50BFD9
:10F45800040215BFA8EF4FBFB75315BFF4B44FBF91
:10F4680054A515BF1F7A4FBFD9F615BF2B3F4FBF05
:10F47800474816BF17044FBF9F9916BFE4C84EBF31
:10F48800DFEA16BF908D4EBF073C17BF1C524EBF18
:10F49800188D17BF89164EBF12DE17BFD5DA4DBFBC
:10F4A800F52E18BF029F4DBFC07F18BF10634DBF18
:10F4B80073D018BFFD264DBF0F2119BFCBEA4CBF33
:10F4C800947119BF79AE4CBF00C219BF08724CBF06
:10F4D80055121ABF78354CBF93621ABFC7F84BBF95
:10F4E800B8B21ABFF8BB4BBFC6021BBF097F4BBFE0
:10F4F800BB521BBFFA414BBF99A21BBFCC044BBFE9
:10F508005FF21BBF7FC74ABF0C421CBF138A4ABFAA
:10F51800A2911CBF874C4ABF1FE11CBFDC0E4ABF2B
:10F5280084301DBF12D149BFD17F1DBF299349BF68
:10F5380006CF1DBF215549BF221E1EBFFA1649BF5F
:10F54800266D1EBFB3D848BF12BC1EBF4E9A48BF17
:10F55800E50A1FBFCA5B48BF9F591FBF271D48BF89
:10F5680041A81FBF65DE47BFCBF61FBF849F47BFBB
:10F578003B4520BF856047BF939320BF672147BFA6
:10F58800D2E120BF2AE246BFF92F21BFCEA246BF53
:10F59800067E21BF546346BFFBCB21BFBB2346BFBA
:10F5A800D71922BF03E445BF996722BF2DA445BFE1
:10F5B80043B522BF396445BFD30223BF262445BFC4
:10F5C8004B5023BFF5E344BFA99D23BFA5A344BF68
:10F5D800EEEA23BF376344BF1A3824BFAB2244BFC7
:10F5E8002C8524BF00E243BF25D224BF38A143BFE6
:10F5F800041F25BF516043BFCB6B25BF4C1F43BFC2
:10F6080077B825BF29DE42BF0A0526BFE89C42BF5E
:10F61800845126BF895B42BFE39D26BF0B1A42BFB8
:10F628002AEA26BF70D841BF563627BFB79641BFD2
:10F63800688227BFE15441BF61CE27BFEC1241BFAA
:10F64800401A28BFDAD040BF056628BFA98E40BF40
:10F65800B0B128BF5C4C40BF41FD28BFF00940BF96
:10F66800B84829BF67C73FBF159429BFC0843FBFAB
:10F6780057DF29BFFC413FBF802A2ABF1BFF3EBF7F
:10F688008E752ABF1BBC3EBF82C02ABFFF783EBF13
:10F698005B0B2BBFC5353EBF1B562BBF6EF23DBF64
:10F6A800BFA02BBFF9AE3DBF4AEB2BBF676B3DBF79
:10F6B800B9352CBFB8273DBF0F802CBFECE33CBF4A
:10F6C80049CA2CBF03A03CBF69142DBFFC5B3CBFDB
:10F6D8006F5E2DBFD9173CBF59A82DBF98D33BBF2C
:10F6E80029F22DBF3B8F3BBFDE3B2EBFC14A3BBF3C
:10F6F80078852EBF29063BBFF7CE2EBF75C13ABF0E
:10F708005B182FBFA47C3ABFA5612FBFB7373ABF9C
:10F71800D3AA2FBFACF239BFE6F32FBF85AD39BFEF
:10F72800DE3C30BF426839BFBB8530BFE12239BFFC
:10F738007CCE30BF65DD38BF221731BFCB9738BFCD
:10F74800AD5F31BF165238BF1DA831BF430C38BF5B
:10F7580071F031BF55C637BFAA3832BF4A8037BFAC
:10F76800C78032BF233A37BFC9C832BFDFF336BFBD
:10F77800AF1033BF7FAD36BF7A5833BF046736BF8B
:10F7880029A033BF6C2036BFBCE733BFB8D935BF1B
:10F79800342F34BFE79235BF8F7634BFFB4B35BF6C
:10F7A800CFBD34BFF30435BFF30435BFCFBD34BF7D
:10F7B800FB4B35BF8F7634BFE79235BF342F34BF4C
:10F7C800B8D935BFBCE733BF6C2036BF29A033BFDB
:10F7D800046736BF7A5833BF7FAD36BFAF1033BF2B
:10F7E800DFF336BFC9C832BF233A37BFC78032BF3D
:10F7F8004A8037BFAA3832BF55C637BF71F031BF0C
:10F80800430C38BF1DA831BF165238BFAD5F31BF9A
:10F81800CB9738BF221731BF65DD38BF7CCE30BFEC
:10F82800E12239BFBB8530BF426839BFDE3C30BFFB
:10F8380085AD39BFE6F32FBFACF239BFD3AA2FBFCE
:10F84800B7373ABFA5612FBFA47C3ABF5B182FBF5B
:10F8580075C13ABFF7CE2EBF29063BBF78852EBFAC
:10F86800C14A3BBFDE3B2EBF3B8F3BBF29F22DBFBA
:10F8780098D33BBF59A82DBFD9173CBF6F5E2DBF8A
:10F88800FC5B3CBF69142DBF03A03CBF49CA2CBF19
:10F89800ECE33CBF0F802CBFB8273DBFB9352CBF68
:10F8A800676B3DBF4AEB2BBFF9AE3DBFBFA02BBF77
:10F8B8006EF23DBF1B562BBFC5353EBF5B0B2BBF42
:10F8C800FF783EBF82C02ABF1BBC3EBF8E752ABFD1
:10F8D8001BFF3EBF802A2ABFFC413FBF57DF29BF1D
:10F8E800C0843FBF159429BF67C73FBFB84829BF29
:10F8F800F00940BF41FD28BF5C4C40BFB0B128BFF4
:10F90800A98E40BF056628BFDAD040BF401A28BF7D
:10F91800EC1241BF61CE27BFE15441BF688227BFC7
:10F92800B79641BF563627BF70D841BF2AEA26BFCF
:10F938000B1A42BFE39D26BF895B42BF845126BF95
:10F94800E89C42BF0A0526BF29DE42BF77B825BF1B
:10F958004C1F43BFCB6B25BF516043BF041F25BF5E
:10F9680038A143BF25D224BF00E243BF2C8524BF62
:10F97800AB2244BF1A3824BF376344BFEEEA23BF23
:10F98800A5A344BFA99D23BFF5E344BF4B5023BFA4
:10F99800262445BFD30223BF396445BF43B522BFE0
:10F9A8002DA445BF996722BF03E445BFD71922BFDD
:10F9B800BB2346BFFBCB21BF546346BF067E21BF96
:10F9C800CEA246BFF92F21BF2AE246BFD2E120BF0F
:10F9D800672147BF939320BF856047BF3B4520BF42
:10F9E800849F47BFCBF61FBF65DE47BF41A81FBF37
:10F9F800271D48BF9F591FBFCA5B48BFE50A1FBFE5
:10FA08004E9A48BF12BC1EBFB3D848BF266D1EBF52
:10FA1800FA1649BF221E1EBF215549BF06CF1DBF7A
:10FA2800299349BFD17F1DBF12D149BF84301DBF63
:10FA3800DC0E4ABF1FE11CBF874C4ABFA2911CBF06
:10FA4800138A4ABF0C421CBF7FC74ABF5FF21BBF65
:10FA5800CC044BBF99A21BBFFA414BBFBB521BBF83
:10FA6800097F4BBFC6021BBFF8BB4BBFB8B21ABF5A
:10FA7800C7F84BBF93621ABF78354CBF55121ABFEF
:10FA880008724CBF00C219BF79AE4CBF947119BF40
:10FA9800CBEA4CBF0F2119BFFD264DBF73D018BF4D
:10FAA80010634DBFC07F18BF029F4DBFF52E18BF12
:10FAB800D5DA4DBF12DE17BF89164EBF188D17BF96
:10FAC8001C524EBF073C17BF908D4EBFDFEA16BFD2
:10FAD800E4C84EBF9F9916BF17044FBF474816BFCB
:10FAE8002B3F4FBFD9F615BF1F7A4FBF54A515BF7F
:10FAF800F4B44FBFB75315BFA8EF4FBF040215BFEB
:10FB08003B2A50BF39B014BFAF6450BF585E14BF12
:10FB1800039F50BF5F0C14BF37D950BF50BA13BFF3
:10FB28004A1351BF2A6813BF3D4D51BFEE1513BF8D
:10FB3800108751BF9AC312BFC2C051BF307112BFE4
:10FB480054FA51BFB01E12BFC63352BF19CC11BFF1
:10FB5800186D52BF6B7911BF49A652BFA72611BFB6
:10FB680059DF52BFCDD310BF491853BFDC8010BF37
:10FB7800185153BFD52D10BFC78953BFB8DA0FBF6F
:10FB880055C253BF84870FBFC3FA53BF3B340FBF5F
:10FB98000F3354BFDBE00EBF3B6B54BF658D0EBF08
:10FBA80047A354BFDA390EBF31DB54BF38E60DBF67
:10FBB800FB1255BF81920DBFA44A55BFB33E0DBF7E
:10FBC8002C8255BFD0EA0CBF93B955BFD7960CBF4E
:10FBD800D9F055BFC9420CBFFE2756BFA5EE0BBFD3
:10FBE800025F56BF6B9A0BBFE59556BF1C460BBF0D
:10FBF800A7CC56BFB7F10ABF480357BF3D9D0ABF00
:10FC0800C73957BFAD480ABF267057BF09F409BFA7
:10FC180063A657BF4E9F09BF7FDC57BF7F4A09BF06
:10FC2800791258BF9BF508BF534858BFA1A008BF19
:10FC38000B7E58BF924B08BFA1B358BF6FF607BFE2
:10FC480017E958BF36A107BF6A1E59BFE84B07BF5F
:10FC58009C5359BF86F606BFAD8859BF0EA106BF93
:10FC68009CBD59BF824B06BF6AF259BFE2F505BF7A
:10FC780016275ABF2CA005BFA05B5ABF624A05BF12
:10FC880009905ABF84F404BF50C45ABF919E04BF60
:10FC980075F85ABF894804BF792C5BBF6DF203BF62
:10FCA8005A605BBF3D9C03BF1A945BBFF84503BF16
:10FCB800B8C75BBF9FEF02BF34FB5BBF329902BF7F
:10FCC8008E2E5CBFB14202BFC7615CBF1CEC01BF96
:10FCD800DD945CBF739501BFD1C75CBFB53E01BF62
:10FCE800A3FA5CBFE4E700BF532D5DBFFF9000BFE0
:10FCF800E15F5DBF063A00BF4D925DBFF3C5FFBE31
:10FD080097C45DBFB217FFBEBEF65DBF4A69FEBEAF
:10FD1800C3285EBFBBBAFDBEA65A5EBF040CFDBEBB
:10FD2800678C5EBF275DFCBE05BE5EBF22AEFBBE14
:10FD380081EF5EBFF7FEFABEDB205FBFA54FFABEBC
:10FD480012525FBF2DA0F9BE27835FBF8EF0F8BEA9
:10FD580019B45FBFC840F8BEE9E45FBFDC90F7BEE6
:10FD6800961560BFCBE0F6BE214660BF9330F6BE65
:10FD7800897660BF3580F5BECFA660BFB1CFF4BE2F
:10FD8800F2D660BF071FF4BEF20661BF386EF3BE3D
:10FD9800D03661BF43BDF2BE8A6661BF290CF2BE90
:10FDA800229661BFEA5AF1BE98C561BF85A9F0BE27
:10FDB800EAF461BFFBF7EFBE1A2462BF4C46EFBE00
:10FDC800265362BF7994EEBE108262BF80E2EDBE18
:10FDD800D7B062BF6330EDBE7BDF62BF217EECBE71
:10FDE800FC0D63BFBBCBEBBE5A3C63BF3019EBBE07
:10FDF800956A63BF8166EABEAC9863BFAEB3E9BEDD
:10FE0800A1C663BFB700E9BE73F463BF9C4DE8BEEB
:10FE1800212264BF5D9AE7BEAC4F64BFFBE6E6BE35
:10FE2800147D64BF7533E6BE59AA64BFCB7FE5BEB7
:10FE38007BD764BFFECBE4BE790465BF0E18E4BE71
:10FE4800543165BFFA63E3BE0B5E65BFC4AFE2BE63
:10FE5800A08A65BF6AFBE1BE10B765BFEE46E1BE8A
:10FE68005EE365BF4F92E0BE880F66BF8DDDDFBEE3
:10FE78008E3B66BFA928DFBE716766BFA273DEBE70
:10FE8800309366BF79BEDDBECCBE66BF2E09DDBE2F
:10FE980045EA66BFC153DCBE991567BF319EDBBE1C
:10FEA800CA4067BF80E8DABED86B67BFAD32DABE3A
:10FEB800C19667BFB97CD9BE87C167BFA3C6D8BE84
:10FEC8002AEC67BF6B10D8BEA81668BF135AD7BEF6
:10FED800034168BF99A3D6BE396B68BFFDECD5BE98
:10FEE8004C9568BF4136D5BE3CBF68BF647FD4BE61
:10FEF80007E968BF67C8D3BEAE1269BF4811D3BE51
:10FF0800323C69BF095AD2BE916569BFAAA2D1BE67
:10FF1800CC8E69BF2AEBD0BEE4B769BF8A33D0BEA6
:10FF2800D7E069BFCA7BCFBEA7096ABFEAC3CEBE06
:10FF380052326ABFEA0BCEBED95A6ABFCA53CDBE87
:10FF48003C836ABF8B9BCCBE7BAB6ABF2CE3CBBE2A
:10FF580095D36ABFAE2ACBBE8CFB6ABF1072CABEED
:10FF68005E236BBF53B9C9BE0C4B6BBF7700C9BECC
:10FF780095726BBF7C47C8BEFB996BBF628EC7BECC
:10FF88003BC16BBF29D5C6BE58E86BBFD21BC6BEE6
:10FF9800500F6CBF5C62C5BE24366CBFC8A8C4BE17
:10FFA800D45C6CBF15EFC3BE5E836CBF4435C3BE63
:10FFB800C5A96CBF557BC2BE07D06CBF48C1C1BEC6
:10FFC80024F66CBF1E07C1BE1D1C6DBFD54CC0BE3C
:10FFD800F2416DBF6F92BFBEA1676DBFEBD7BEBECA
:10FFE8002D8D6DBF4A1DBEBE93B26DBF8B62BDBE67
:08FFF800D5D76DBFAFA7BCBE59
:020000040802F0
:10000000F2FC6DBFB6ECBBBEEB216EBFA031BBBE38
:10001000BE466EBF6E76BABE6D6B6EBF1EBBB9BEFE
:10002000F88F6EBFB2FFB8BE5DB46EBF2A44B8BED3
:100030009ED86EBF8488B7BEBAFC6EBFC3CCB6BEB6
:10004000B0206FBFE610B6BE83446FBFEC54B5BEA0
:1000500030686FBFD698B4BEB88B6FBFA5DCB3BE97
:100060001BAF6FBF5820B3BE5AD26FBFEF63B2BE93
:1000700073F56FBF6BA7B1BE671870BFCBEAB0BE98
:10008000373B70BF102EB0BEE15D70BF3A71AFBE9E
:10009000668070BF49B4AEBEC6A270BF3CF7ADBEAD
:1000A00002C570BF153AADBE17E770BFD47CACBEB9
:1000B000080971BF77BFABBED42A71BF0102ABBEC6
:1000C0007A4C71BF6F44AABEFB6D71BFC486A9BED6
:1000D000578F71BFFEC8A8BE8EB071BF1F0BA8BEE0
:1000E0009FD171BF254DA7BE8CF271BF128FA6BEE6
:1000F000521372BFE5D0A5BEF43372BF9F12A5BEE6
:10010000705472BF3F54A4BEC77472BFC595A3BEDE
:10011000F89472BF33D7A2BE04B572BF8718A2BECF
:10012000EBD472BFC259A1BEACF472BFE59AA0BEB7
:10013000471473BFEEDB9FBEBE3373BFDF1C9FBE91
:100140000E5373BFB85D9EBE397273BF789E9DBE5D
:100150003F9173BF20DF9CBE1FB073BFAF1F9CBE1B
:10016000D9CE73BF27609BBE6EED73BF86A09ABECB
:10017000DD0B74BFCEE099BE272A74BFFE2099BE66
:100180004B4874BF166198BE496674BF17A197BEED
:10019000228474BF00E196BED5A174BFD22096BE62
:1001A00062BF74BF8D6095BEC9DC74BF31A094BEC0
:1001B0000BFA74BFBFDF93BE271775BF351F93BE01
:1001C0001D3475BF945E92BEED5075BFDD9D91BE2E
:1001D000976D75BF10DD90BE1C8A75BF2C1C90BE3C
:1001E0007BA675BF325B8FBEB3C275BF229A8EBE2F
:1001F000C6DE75BFFCD88DBEB3FA75BFC0178DBE05
:100200007A1676BF6E568CBE1B3276BF07958BBEB4
:10021000974D76BF8AD38ABEEC6876BFF8118ABE46
:100220001B8476BF505089BE249F76BF938E88BEB4
:1002300007BA76BFC1CC87BEC4D476BFDA0A87BE00
:100240005BEF76BFDF4886BECC0977BFCE8685BE22
:10025000172477BFAAC484BE3C3E77BF700284BE19
:100260003A5877BF224083BE137277BFC07D82BEEB
:10027000C58B77BF4ABB81BE51A577BFC0F880BE92
:10028000B7BE77BF223680BEF7D777BFE1E67EBE26
:1002900010F177BF56617DBE040A78BFA4DB7BBE38
:1002A000D12278BFCB557ABE773B78BFCCCF78BE12
:1002B000F85378BFA64977BE526C78BF5AC375BE53
:1002C000868478BFE83C74BE939C78BF51B672BEFA
:1002D0007BB478BF942F71BE3BCC78BFB2A86FBE01
:1002E000D6E378BFAB216EBE4AFB78BF7F9A6CBE67
:1002F000981279BF2F136BBEBF2979BFBA8B69BE25
:10030000C04079BF220468BE9A5779BF667C66BE3A
:100310004E6E79BF86F464BEDC8479BF836C63BEA5
:10032000439B79BF5CE461BE83B179BF135C60BE5F
:100330009DC779BFA8D35EBE91DD79BF1A4B5DBE64
:100340005EF379BF6AC25BBE04097ABF97395ABEB1
:10035000841E7ABFA4B058BEDD337ABF8F2757BE44
:1003600010497ABF589E55BE1C5E7ABF011554BE17
:1003700002737ABF898B52BEC1877ABFF10151BE29
:10038000599C7ABF38784FBECBB07ABF60EE4DBE75
:1003900016C57ABF67644CBE3AD97ABF4FDA4ABEF7
:1003A00037ED7ABF185049BE0E017BBFC2C547BEAC
:1003B000BE147BBF4D3B46BE48287BBFB9B044BE90
:1003C000AB3B7BBF072643BEE74E7BBF379B41BE9F
:1003D000FC617BBF491040BEEA747BBF3E853EBED8
:1003E000B2877BBF15FA3CBE539A7BBFCF6E3BBE34
:1003F000CDAC7BBF6CE339BE20BF7BBFEC5738BEB2
:100400004DD17BBF50CC36BE53E37BBF984035BE49
:1004100031F57BBFC4B433BEE9067CBFD42832BEFD
:100420007A187CBFC99C30BEE5297CBFA2102FBEC4
:10043000283B7CBF61842DBE444C7CBF04F82BBE9E
:100440003A5D7CBF8D6B2ABE086E7CBFFCDE28BE89
:10045000B07E7CBF515227BE318F7CBF8CC525BE7C
:100460008A9F7CBFAD3824BEBDAF7CBFB6AB22BE79
:10047000C9BF7CBFA51E21BEAECF7CBF7B911FBE76
:100480006CDF7CBF38041EBE03EF7CBFDE761CBE73
:1004900073FE7CBF6BE91ABEBC0D7DBFE05B19BE6D
:1004A000DD1C7DBF3DCE17BED82B7DBF834016BE61
:1004B000AC3A7DBFB2B214BE59497DBFCA2413BE47
:1004C000DE577DBFCC9611BE3D667DBFB70810BE1E
:1004D00074747DBF8B7A0EBE85827DBF4AEC0CBEE4
:1004E0006E907DBFF35D0BBE309E7DBF86CF09BE93
:1004F000CCAB7DBF054108BE40B97DBF6EB206BE24
:100500008CC67DBFC22305BEB2D37DBF029503BE9C
:10051000B1E07DBF2E0602BE88ED7DBF457700BEEF
:1005200038FA7DBF92D0FDBDC2067EBF73B2FABD60
:1005300024137EBF2C94F7BD5E1F7EBFC075F4BD33
:10054000722B7EBF2E57F1BD5E377EBF7638EEBD73
:1005500023437EBF9A19EBBDC14E7EBF9AFAE7BD19
:10056000385A7EBF76DBE4BD88657EBF2EBCE1BD18
:10057000B0707EBFC49CDEBDB17B7EBF377DDBBD6E
:100580008B867EBF895DD8BD3D917EBFB93DD5BD0F
:10059000C99B7EBFC81DD2BD2DA67EBFB7FDCEBDF7
:1005A00069B07EBF86DDCBBD7FBA7EBF36BDC8BD1C
:1005B0006DC47EBFC69CC5BD34CE7EBF397CC2BD76
:1005C000D4D77EBF8D5BBFBD4CE17EBFC33ABCBDFF
:1005D0009DEA7EBFDD19B9BDC7F37EBFDAF8B5BDB0
:1005E000C9FC7EBFBBD7B2BDA4057FBF80B6AFBD7F
:1005F000580E7FBF2B95ACBDE4167FBFBA73A9BD63
:10060000491F7FBF3052A6BD87277FBF8C30A3BD57
:100610009D2F7FBFCF0EA0BD8D377FBFF9EC9CBD56
:10062000543F7FBF0ACB99BDF4467FBF05A996BD55
:100630006D4E7FBFE78693BDBF557FBFB46490BD4D
:10064000E95C7FBF6A428DBDEC637FBF0A208ABD33
:10065000C76A7FBF94FD86BD7B717FBF0ADB83BD08
:1006600008787FBF6CB880BD6D7E7FBF742B7BBD6B
:10067000AB847FBFE9E574BDC28A7FBF38A06EBD81
:10068000B1907FBF625A68BD78967FBF681462BD23
:10069000189C7FBF4CCE5BBD91A17FBF0E8855BD1E
:1006A000E3A67FBFAF414FBD0DAC7FBF2FFB48BD61
:1006B0000FB17FBF91B442BDEAB57FBFD56D3CBDE0
:1006C0009EBA7FBFFC2636BD2ABF7FBF07E02FBD85
:1006D0008FC37FBFF69829BDCCC77FBFCC5123BD48
:1006E000E2CB7FBF880A1DBDD1CF7FBF2CC316BD13
:1006F00098D37FBFB87B10BD37D77FBF2F340ABDDB
:10070000AFDA7FBF90EC03BD00DE7FBFB949FBBC11
:1007100029E17FBF2DBAEEBC2BE47FBF7B2AE2BC70
:1007200005E77FBFA69AD5BCB8E97FBFB00AC9BCB0
:1007300043EC7FBF9B7ABCBCA7EE7FBF69EAAFBC2E
:10074000E3F07FBF1C5AA3BCF8F27FBFB6C996BCCA
:10075000E6F47FBF38398ABCACF67FBF4B517BBC17
:100760004AF87FBF003062BCC1F97FBF900E49BC20
:1007700011FB7FBF02ED2FBC39FC7FBF59CB16BCEC
:1007800039FD7FBF3053FBBB13FE7FBF890FC9BB51
:10079000C4FE7FBFC1CB96BB4EFF7FBFC70F49BB17
:1007A000B1FF7FBFD40FC9BAECFF7FBF000000804C
:1007B000000080BFD40FC93AECFF7FBFC70F493B91
:1007C000B1FF7FBFC1CB963B4EFF7FBF890FC93BB7
:1007D000C4FE7FBF3053FB3B13FE7FBF59CB163C9B
:1007E00039FD7FBF02ED2F3C39FC7FBF900E493CA5
:1007F00011FB7FBF0030623CC1F97FBF4B517B3C96
:100800004AF87FBF38398A3CACF67FBFB6C9963C00
:10081000E6F47FBF1C5AA33CF8F27FBF69EAAF3C05
:10082000E3F07FBF9B7ABC3CA7EE7FBFB00AC93C18
:1008300043EC7FBFA69AD53CB8E97FBF7B2AE23C58
:1008400005E77FBF2DBAEE3C2BE47FBFB949FB3CE7
:1008500029E17FBF90EC033D00DE7FBF2F340A3DCE
:10086000AFDA7FBFB87B103D37D77FBF2CC3163DB3
:1008700098D37FBF880A1D3DD1CF7FBFCC51233D88
:10088000E2CB7FBFF698293DCCC77FBF07E02F3D65
:100890008FC37FBFFC26363D2ABF7FBFD56D3C3D51
:1008A0009EBA7FBF91B4423DEAB57FBF2FFB483D62
:1008B0000FB17FBFAF414F3D0DAC7FBF0E88553D9F
:1008C000E3A67FBF4CCE5B3D91A17FBF6814623D24
:1008D000189C7FBF625A683D78967FBF38A06E3DF6
:1008E000B1907FBFE9E5743DC28A7FBF742B7B3D29
:1008F000AB847FBF6CB8803D6D7E7FBF0ADB833DDC
:1009000008787FBF94FD863D7B717FBF0A208A3DBA
:10091000C76A7FBF6A428D3DEC637FBFB464903D80
:10092000E95C7FBFE786933DBF557FBF05A9963D34
:100930006D4E7FBF0ACB993DF4467FBFF9EC9C3DDD
:10094000543F7FBFCF0EA03D8D377FBF8C30A33D7E
:100950009D2F7FBF3052A63D87277FBFBA73A93D29
:10096000491F7FBF2B95AC3DE4167FBF80B6AF3DDE
:10097000580E7FBFBBD7B23DA4057FBFDAF8B53DA7
:10098000C9FC7EBFDD19B93DC7F37EBFC33ABC3D8C
:100990009DEA7EBF8D5BBF3D4CE17EBF397CC23D91
:1009A000D4D77EBFC69CC53D34CE7EBF36BDC83DC4
:1009B0006DC47EBF86DDCB3D7FBA7EBFB7FDCE3D29
:1009C00069B07EBFC81DD23D2DA67EBFB93DD53DC5
:1009D000C99B7EBF895DD83D3D917EBF377DDB3DA4
:1009E0008B867EBFC49CDE3DB17B7EBF2EBCE13DCD
:1009F000B0707EBF76DBE43D88657EBF9AFAE73D46
:100A0000385A7EBF9A19EB3DC14E7EBF7638EE3D17
:100A100023437EBF2E57F13D5E377EBFC075F43D48
:100A2000722B7EBF2C94F73D5E1F7EBF73B2FA3DE2
:100A300024137EBF92D0FD3DC2067EBF4577003EA7
:100A400038FA7DBF2E06023E88ED7DBF0295033E3B
:100A5000B1E07DBFC223053EB2D37DBF6EB2063E7C
:100A60008CC67DBF0541083E40B97DBF86CF093E9B
:100A7000CCAB7DBFF35D0B3E309E7DBF4AEC0C3EA0
:100A80006E907DBF8B7A0E3E85827DBFB708103E8B
:100A900074747DBFCC96113E3D667DBFCA24133E63
:100AA000DE577DBFB2B2143E59497DBF8340163E2A
:100AB000AC3A7DBF3DCE173ED82B7DBFE05B193EE3
:100AC000DD1C7DBF6BE91A3EBC0D7DBFDE761C3E92
:100AD00073FE7CBF38041E3E03EF7CBF7B911F3E3C
:100AE0006CDF7CBFA51E213EAECF7CBFB6AB223EE5
:100AF000C9BF7CBFAD38243EBDAF7CBF8CC5253E91
:100B00008A9F7CBF5152273E318F7CBFFCDE283E3E
:100B1000B07E7CBF8D6B2A3E086E7CBF04F82B3EF6
:100B20003A5D7CBF61842D3E444C7CBFA2102F3EB9
:100B3000283B7CBFC99C303EE5297CBFD428323E8F
:100B40007A187CBFC4B4333EE9067CBF9840353E7A
:100B500031F57BBF50CC363E53E37BBFEC57383E7C
:100B60004DD17BBF6CE3393E20BF7BBFCF6E3B3E98
:100B7000CDAC7BBF15FA3C3E539A7BBF3E853E3ED3
:100B8000B2877BBF4910403EEA747BBF379B413E32
:100B9000FC617BBF0726433EE74E7BBFB9B0443EB6
:100BA000AB3B7BBF4D3B463E48287BBFC2C5473E63
:100BB000BE147BBF1850493E0E017BBF4FDA4A3E40
:100BC00037ED7ABF67644C3E3AD97ABF60EE4D3E4E
:100BD00016C57ABF38784F3ECBB07ABFF101513E8F
:100BE000599C7ABF898B523EC1877ABF0115543E0A
:100BF00002737ABF589E553E1C5E7ABF8F27573EC0
:100C000010497ABFA4B0583EDD337ABF97395A3EB7
:100C1000841E7ABF6AC25B3E04097ABF1A4B5D3EEE
:100C20005EF379BFA8D35E3E91DD79BF135C603E71
:100C30009DC779BF5CE4613E83B179BF836C633E3D
:100C4000439B79BF86F4643EDC8479BF667C663E54
:100C50004E6E79BF2204683E9A5779BFBA8B693EBF
:100C6000C04079BF2F136B3EBF2979BF7F9A6C3E7E
:100C7000981279BFAB216E3E4AFB78BFB2A86F3E97
:100C8000D6E378BF942F713E3BCC78BF51B6723E0D
:100C90007BB478BFE83C743E939C78BF5AC3753EE2
:100CA000868478BFA649773E526C78BFCCCF783E19
:100CB000F85378BFCB557A3E773B78BFA4DB7B3EB9
:100CC000D12278BF56617D3E040A78BFE1E67E3EC0
:100CD00010F177BF2236803EF7D777BFC0F8803E4D
:100CE000B7BE77BF4ABB813E51A577BFC07D823E6C
:100CF000C58B77BF2240833E137277BF7002843E5C
:100D00003A5877BFAAC4843E3C3E77BFCE86853E24
:100D1000172477BFDF48863ECC0977BFDA0A873EC3
:100D20005BEF76BFC1CC873EC4D476BF938E883E3E
:100D300007BA76BF5050893E249F76BFF8118A3E8D
:100D40001B8476BF8AD38A3EEC6876BF07958B3EBC
:100D5000974D76BF6E568C3E1B3276BFC0178D3EC8
:100D60007A1676BFFCD88D3EB3FA75BF229A8E3EB6
:100D7000C6DE75BF325B8F3EB3C275BF2C1C903E82
:100D80007BA675BF10DD903E1C8A75BFDD9D913E30
:100D9000976D75BF945E923EED5075BF351F933EC3
:100DA0001D3475BFBFDF933E271775BF31A0943E3A
:100DB0000BFA74BF8D60953EC9DC74BFD220963E9D
:100DC00062BF74BF00E1963ED5A174BF17A1973EE4
:100DD000228474BF1661983E496674BFFE20993E16
:100DE0004B4874BFCEE0993E272A74BF86A09A3E36
:100DF000DD0B74BF27609B3E6EED73BFAF1F9C3E43
:100E0000D9CE73BF20DF9C3E1FB073BF789E9D3E3E
:100E10003F9173BFB85D9E3E397273BFDF1C9F3E2A
:100E20000E5373BFEEDB9F3EBE3373BFE59AA03E09
:100E3000471473BFC259A13EACF472BF8718A23EDB
:100E4000EBD472BF33D7A23E04B572BFC595A33EA3
:100E5000F89472BF3F54A43EC77472BF9F12A53E60
:100E6000705472BFE5D0A53EF43372BF128FA63E18
:100E7000521372BF254DA73E8CF271BF1F0BA83EC7
:100E80009FD171BFFEC8A83E8EB071BFC486A93E77
:100E9000578F71BF6F44AA3EFB6D71BF0102AB3E1D
:100EA0007A4C71BF77BFAB3ED42A71BFD47CAC3EC5
:100EB000080971BF153AAD3E17E770BF3CF7AD3E6C
:100EC00002C570BF49B4AE3EC6A270BF3A71AF3E14
:100ED000668070BF102EB03EE15D70BFCBEAB03EC1
:100EE000373B70BF6BA7B13E671870BFEF63B23E70
:100EF00073F56FBF5820B33E5AD26FBFA5DCB33E27
:100F00001BAF6FBFD698B43EB88B6FBFEC54B53EE5
:100F100030686FBFE610B63E83446FBFC3CCB63EA9
:100F2000B0206FBF8488B73EBAFC6EBF2A44B83E7B
:100F30009ED86EBFB2FFB83E5DB46EBF1EBBB93E59
:100F4000F88F6EBF6E76BA3E6D6B6EBFA031BB3E42
:100F5000BE466EBFB6ECBB3EEB216EBFAFA7BC3E3C
:100F6000F2FC6DBF8B62BD3ED5D76DBF4A1DBE3E44
:100F700093B26DBFEBD7BE3E2D8D6DBF6F92BF3E5E
:100F8000A1676DBFD54CC03EF2416DBF1E07C13E8B
:100F90001D1C6DBF48C1C13E24F66CBF557BC23ECF
:100FA00007D06CBF4435C33EC5A96CBF15EFC33E27
:100FB0005E836CBFC8A8C43ED45C6CBF5C62C53E97
:100FC00024366CBFD21BC63E500F6CBF29D5C63E1F
:100FD00058E86BBF628EC73E3BC16BBF7C47C83EC3
:100FE000FB996BBF7700C93E95726BBF53B9C93E81
:100FF0000C4B6BBF1072CA3E5E236BBFAE2ACB3E5A
:101000008CFB6ABF2CE3CB3E95D36ABF8B9BCC3E57
:101010007BAB6ABFCA53CD3E3C836ABFEA0BCE3E70
:10102000D95A6ABFEAC3CE3E52326ABFCA7BCF3EAC
:10103000A7096ABF8A33D03ED7E069BF2AEBD03E0A
:10104000E4B769BFAAA2D13ECC8E69BF095AD23E8D
:10105000916569BF4811D33E323C69BF67C8D33E32
:10106000AE1269BF647FD43E07E968BF4136D53E02
:101070003CBF68BFFDECD53E4C9568BF99A3D63EFA
:10108000396B68BF135AD73E034168BF6B10D83E17
:10109000A81668BFA3C6D83E2AEC67BFB97CD93E64
:1010A00087C167BFAD32DA3EC19667BF80E8DA3EDE
:1010B000D86B67BF319EDB3ECA4067BFC153DC3E81
:1010C000991567BF2E09DD3E45EA66BF79BEDD3E54
:1010D000CCBE66BFA273DE3E309366BFA928DF3E5A
:1010E000716766BF8DDDDF3E8E3B66BF4F92E03E8F
:1010F000880F66BFEE46E13E5EE365BF6AFBE13EF8
:1011000010B765BFC4AFE23EA08A65BFFA63E33E95
:101110000B5E65BF0E18E43E543165BFFECBE43E66
:10112000790465BFCB7FE53E7BD764BF7533E63E70
:1011300059AA64BFFBE6E63E147D64BF5D9AE73EB4
:10114000AC4F64BF9C4DE83E212264BFB700E93E2E
:1011500073F463BFAEB3E93EA1C663BF8166EA3EE6
:10116000AC9863BF3019EB3E956A63BFBBCBEB3ED7
:101170005A3C63BF217EEC3EFC0D63BF6330ED3E05
:101180007BDF62BF80E2ED3ED7B062BF7994EE3E76
:10119000108262BF4C46EF3E265362BFFBF7EF3E24
:1011A0001A2462BF85A9F03EEAF461BFEA5AF13E13
:1011B00098C561BF290CF23E229661BF43BDF23E45
:1011C0008A6661BF386EF33ED03661BF071FF43EBA
:1011D000F20661BFB1CFF43EF2D660BF3580F53E76
:1011E000CFA660BF9330F63E897660BFCBE0F63E77
:1011F000214660BFDC90F73E961560BFC840F83EC0
:10120000E9E45FBF8EF0F83E19B45FBF2DA0F93E50
:1012100027835FBFA54FFA3E12525FBFF7FEFA3E2B
:10122000DB205FBF22AEFB3E81EF5EBF275DFC3E51
:1012300005BE5EBF040CFD3E678C5EBFBBBAFD3EC3
:10124000A65A5EBF4A69FE3EC3285EBFB217FF3E84
:10125000BEF65DBFF3C5FF3E97C45DBF063A003FD3
:101260004D925DBFFF90003FE15F5DBFE4E7003F4F
:10127000532D5DBFB53E013FA3FA5CBF7395013F9F
:10128000D1C75CBF1CEC013FDD945CBFB142023FA3
:10129000C7615CBF3299023F8E2E5CBF9FEF023F59
:1012A00034FB5BBFF845033FB8C75BBF3D9C033FC2
:1012B0001A945BBF6DF2033F5A605BBF8948043FDD
:1012C000792C5BBF919E043F75F85ABF84F4043FAC
:1012D00050C45ABF624A053F09905ABF2CA0053F2F
:1012E000A05B5ABFE2F5053F16275ABF824B063F67
:1012F0006AF259BF0EA1063F9CBD59BF86F6063F54
:10130000AD8859BFE84B073F9C5359BF36A1073FF3
:101310006A1E59BF6FF6073F17E958BF924B083F47
:10132000A1B358BFA1A0083F0B7E58BF9BF5083F53
:10133000534858BF7F4A093F791258BF4E9F093F13
:101340007FDC57BF09F4093F63A657BFAD480A3F8A
:10135000267057BF3D9D0A3FC73957BFB7F10A3FB7
:10136000480357BF1C460B3FA7CC56BF6B9A0B3F99
:10137000E59556BFA5EE0B3F025F56BFC9420C3F35
:10138000FE2756BFD7960C3FD9F055BFD0EA0C3F89
:1013900093B955BFB33E0D3F2C8255BF81920D3F8F
:1013A000A44A55BF38E60D3FFB1255BFDA390E3F50
:1013B00031DB54BF658D0E3F47A354BFDBE00E3FCA
:1013C0003B6B54BF3B340F3F0F3354BF84870F3FF9
:1013D000C3FA53BFB8DA0F3F55C253BFD52D103FE4
:1013E000C78953BFDC80103F185153BFCDD3103F86
:1013F000491853BFA726113F59DF52BF6B79113FE0
:1014000049A652BF19CC113F186D52BFB01E123FF2
:10141000C63352BF3071123F54FA51BF9AC3123FC4
:10142000C2C051BFEE15133F108751BF2A68133F4A
:101430003D4D51BF50BA133F4A1351BF5F0C143F8B
:1014400037D950BF585E143F039F50BF39B0143F87
:10145000AF6450BF0402153F3B2A50BFB753153F3E
:10146000A8EF4FBF54A5153FF4B44FBFD9F6153FB1
:101470001F7A4FBF4748163F2B3F4FBF9F99163FDC
:1014800017044FBFDFEA163FE4C84EBF073C173FC3
:10149000908D4EBF188D173F1C524EBF12DE173F66
:1014A00089164EBFF52E183FD5DA4DBFC07F183FC5
:1014B000029F4DBF73D0183F10634DBF0F21193FDE
:1014C000FD264DBF9471193FCBEA4CBF00C2193FB6
:1014D00079AE4CBF55121A3F08724CBF93621A3F47
:1014E00078354CBFB8B21A3FC7F84BBFC6021B3F96
:1014F000F8BB4BBFBB521B3F097F4BBF99A21B3FA1
:10150000FA414BBF5FF21B3FCC044BBF0C421C3F68
:101510007FC74ABFA2911C3F138A4ABF1FE11C3FED
:10152000874C4ABF84301D3FDC0E4ABFD17F1D3F30
:1015300012D149BF06CF1D3F299349BF221E1E3F2E
:10154000215549BF266D1E3FFA1649BF12BC1E3FEA
:10155000B3D848BFE50A1F3F4E9A48BF9F591F3F67
:10156000CA5B48BF41A81F3F271D48BFCBF61F3F9E
:1015700065DE47BF3B45203F849F47BF9393203F95
:10158000856047BFD2E1203F672147BFF92F213F48
:101590002AE246BF067E213FCEA246BFFBCB213FBB
:1015A000546346BFD719223FBB2346BF9967223FEA
:1015B00003E445BF43B5223F2DA445BFD302233FDB
:1015C000396445BF4B50233F262445BFA99D233F87
:1015D000F5E344BFEEEA233FA5A344BF1A38243FF6
:1015E000376344BF2C85243FAB2244BF25D2243F20
:1015F00000E243BF041F253F38A143BFCB6B253F0B
:10160000516043BF77B8253F4C1F43BF0A05263FB3
:1016100029DE42BF8451263FE89C42BFE39D263F1E
:10162000895B42BF2AEA263F0B1A42BF5636273F44
:1016300070D841BF6882273FB79641BF61CE273F30
:10164000E15441BF401A283FEC1241BF0566283FD4
:10165000DAD040BFB0B1283FA98E40BF41FD283F3E
:101660005C4C40BFB848293FF00940BF1594293F62
:1016700067C73FBF57DF293FC0843FBF802A2A3F4B
:10168000FC413FBF8E752A3F1BFF3EBF82C02A3FF1
:101690001BBC3EBF5B0B2B3FFF783EBF1B562B3F57
:1016A000C5353EBFBFA02B3F6EF23DBF4AEB2B3F7F
:1016B000F9AE3DBFB9352C3F676B3DBF0F802C3F66
:1016C000B8273DBF49CA2C3FECE33CBF69142D3F0E
:1016D00003A03CBF6F5E2D3FFC5B3CBF59A82D3F74
:1016E000D9173CBF29F22D3F98D33BBFDE3B2E3F9D
:1016F0003B8F3BBF78852E3FC14A3BBFF7CE2E3F85
:1017000029063BBF5B182F3F75C13ABFA5612F3F2C
:10171000A47C3ABFD3AA2F3FB7373ABFE6F32F3F97
:10172000ACF239BFDE3C303F85AD39BFBB85303FC1
:10173000426839BF7CCE303FE12239BF2217313FAA
:1017400065DD38BFAD5F313FCB9738BF1DA8313F56
:10175000165238BF71F0313F430C38BFAA38323FC0
:1017600055C637BFC780323F4A8037BFC9C8323FEE
:10177000233A37BFAF10333FDFF336BF7A58333FDA
:101780007FAD36BF29A0333F046736BFBCE7333F88
:101790006C2036BF342F343FB8D935BF8F76343FF5
:1017A000E79235BFCFBD343FFB4B35BFF304353F28
:1017B000F30435BFFB4B353FCFBD34BFE792353F18
:1017C0008F7634BFB8D9353F342F34BF6C20363FC5
:1017D000BCE733BF0467363F29A033BF7FAD363F38
:1017E0007A5833BFDFF3363FAF1033BF233A373F6A
:1017F000C9C832BF4A80373FC78032BF55C6373F5E
:10180000AA3832BF430C383F71F031BF1652383F0F
:101810001DA831BFCB97383FAD5F31BF65DD383F85
:10182000221731BFE122393F7CCE30BF4268393FB9
:10183000BB8530BF85AD393FDE3C30BFACF2393FB0
:10184000E6F32FBFB7373A3FD3AA2FBFA47C3A3F66
:10185000A5612FBF75C13A3F5B182FBF29063B3FDB
:10186000F7CE2EBFC14A3B3F78852EBF3B8F3B3F13
:10187000DE3B2EBF98D33B3F29F22DBFD9173C3F0B
:1018800059A82DBFFC5B3C3F6F5E2DBF03A03C3FC2
:1018900069142DBFECE33C3F49CA2CBFB8273D3F3C
:1018A0000F802CBF676B3D3FB9352CBFF9AE3D3F74
:1018B0004AEB2BBF6EF23D3FBFA02BBFC5353E3F6D
:1018C0001B562BBFFF783E3F5B0B2BBF1BBC3E3F25
:1018D00082C02ABF1BFF3E3F8E752ABFFC413F3F9F
:1018E000802A2ABFC0843F3F57DF29BF67C73F3FD9
:1018F000159429BFF009403FB84829BF5C4C403FD0
:1019000041FD28BFA98E403FB0B128BFDAD0403F8B
:10191000056628BFEC12413F401A28BFE154413F01
:1019200061CE27BFB796413F688227BF70D8413F3D
:10193000563627BF0B1A423F2AEA26BF895B423F31
:10194000E39D26BFE89C423F845126BF29DE423FEB
:101950000A0526BF4C1F433F77B825BF5160433F60
:10196000CB6B25BF38A1433F041F25BF00E2433F97
:1019700025D224BFAB22443F2C8524BF3763443F8C
:101980001A3824BFA5A3443FEEEA23BFF5E3443F42
:10199000A99D23BF2624453F4B5023BF3964453FB3
:1019A000D30223BF2DA4453F43B522BF03E4453FE7
:1019B000996722BFBB23463FD71922BF5463463FD6
:1019C000FBCB21BFCEA2463F067E21BF2AE2463F87
:1019D000F92F21BF6721473FD2E120BF8560473FF4
:1019E000939320BF849F473F3B4520BF65DE473F21
:1019F000CBF61FBF271D483F41A81FBFCA5B483F0A
:101A00009F591FBF4E9A483FE50A1FBFB3D8483FB2
:101A100012BC1EBFFA16493F266D1EBF2155493F15
:101A2000221E1EBF2993493F06CF1DBF12D1493F39
:101A3000D17F1DBFDC0E4A3F84301DBF874C4A3F1B
:101A40001FE11CBF138A4A3FA2911CBF7FC74A3FB8
:101A50000C421CBFCC044B3F5FF21BBFFA414B3F13
:101A600099A21BBF097F4B3FBB521BBFF8BB4B3F2B
:101A7000C6021BBFC7F84B3FB8B21ABF78354C3F00
:101A800093621ABF08724C3F55121ABF79AE4C3F91
:101A900000C219BFCBEA4C3F947119BFFD264D3FE0
:101AA0000F2119BF10634D3F73D018BF029F4D3FE8
:101AB000C07F18BFD5DA4D3FF52E18BF89164E3FAF
:101AC00012DE17BF1C524E3F188D17BF908D4E3F30
:101AD000073C17BFE4C84E3FDFEA16BF17044F3F6D
:101AE0009F9916BF2B3F4F3F474816BF1F7A4F3F66
:101AF000D9F615BFF4B44F3F54A515BFA8EF4F3F1B
:101B0000B75315BF3B2A503F040215BFAF64503F87
:101B100039B014BF039F503F585E14BF37D9503FB0
:101B20005F0C14BF4A13513F50BA13BF3D4D513F94
:101B30002A6813BF1087513FEE1513BFC2C0513F33
:101B40009AC312BF54FA513F307112BFC633523F8D
:101B5000B01E12BF186D523F19CC11BF49A6523F9B
:101B60006B7911BF59DF523FA72611BF4918533F68
:101B7000CDD310BF1851533FDC8010BFC789533FEE
:101B8000D52D10BF55C2533FB8DA0FBFC3FA533F2C
:101B900084870FBF0F33543F3B340FBF3B6B543F21
:101BA000DBE00EBF47A3543F658D0EBF31DB543FD2
:101BB000DA390EBFFB12553F38E60DBFA44A553F38
:101BC00081920DBF2C82553FB33E0DBF93B9553F57
:101BD000D0EA0CBFD9F0553FD7960CBFFE27563F31
:101BE000C9420CBF025F563FA5EE0BBFE595563FBD
:101BF0006B9A0BBFA7CC563F1C460BBF4803573F01
:101C0000B7F10ABFC739573F3D9D0ABF2670573FFE
:101C1000AD480ABF63A6573F09F409BF7FDC573FB1
:101C20004E9F09BF7912583F7F4A09BF5348583F1A
:101C30009BF508BF0B7E583FA1A008BFA1B3583F3A
:101C4000924B08BF17E9583F6FF607BF6A1E593F0E
:101C500036A107BF9C53593FE84B07BFAD88593F9A
:101C600086F606BF9CBD593F0EA106BF6AF2593FDA
:101C7000824B06BF16275A3FE2F505BFA05B5A3FCD
:101C80002CA005BF09905A3F624A05BF50C45A3F75
:101C900084F404BF75F85A3F919E04BF792C5B3FD2
:101CA000894804BF5A605B3F6DF203BF1A945B3FE3
:101CB0003D9C03BFB8C75B3FF84503BF34FB5B3FA8
:101CC0009FEF02BF8E2E5C3F329902BFC7615C3F1F
:101CD000B14202BFDD945C3F1CEC01BFD1C75C3F49
:101CE000739501BFA3FA5C3FB53E01BF532D5D3F25
:101CF000E4E700BFE15F5D3FFF9000BF4D925D3FB5
:101D0000063A00BF97C45D3FF3C5FFBEBEF65D3F18
:101D1000B217FFBEC3285E3F4A69FEBEA65A5E3FA9
:101D2000BBBAFDBE678C5E3F040CFDBE05BE5E3FC8
:101D3000275DFCBE81EF5E3F22AEFBBEDB205F3F36
:101D4000F7FEFABE12525F3FA54FFABE27835F3FF0
:101D50002DA0F9BE19B45F3F8EF0F8BEE9E45F3FF5
:101D6000C840F8BE9615603FDC90F7BE2146603F44
:101D7000CBE0F6BE8976603F9330F6BECFA6603FDB
:101D80003580F5BEF2D6603FB1CFF4BEF206613FBA
:101D9000071FF4BED036613F386EF3BE8A66613FDE
:101DA00043BDF2BE2296613F290CF2BE98C5613F49
:101DB000EA5AF1BEEAF4613F85A9F0BE1A24623FF7
:101DC000FBF7EFBE2653623F4C46EFBE1082623FE8
:101DD0007994EEBED7B0623F80E2EDBE7BDF623F1A
:101DE0006330EDBEFC0D633F217EECBE5A3C633F89
:101DF000BBCBEBBE956A633F3019EBBEAC98633F3B
:101E00008166EABEA1C6633FAEB3E9BE73F4633F29
:101E1000B700E9BE2122643F9C4DE8BEAC4F643F51
:101E20005D9AE7BE147D643FFBE6E6BE59AA643FB7
:101E30007533E6BE7BD7643FCB7FE5BE7904653F53
:101E4000FECBE4BE5431653F0E18E4BE0B5E653F29
:101E5000FA63E3BEA08A653FC4AFE2BE10B7653F38
:101E60006AFBE1BE5EE3653FEE46E1BE880F663F7A
:101E70004F92E0BE8E3B663F8DDDDFBE7167663FF1
:101E8000A928DFBE3093663FA273DEBECCBE663F9C
:101E900079BEDDBE45EA663F2E09DDBE9915673F76
:101EA000C153DCBECA40673F319EDBBED86B673F83
:101EB00080E8DABEC196673FAD32DABE87C1673FC0
:101EC000B97CD9BE2AEC673FA3C6D8BEA816683F26
:101ED0006B10D8BE0341683F135AD7BE396B683FB9
:101EE00099A3D6BE4C95683FFDECD5BE3CBF683F7C
:101EF0004136D5BE07E9683F647FD4BEAE12693F64
:101F000067C8D3BE323C693F4811D3BE9165693F73
:101F1000095AD2BECC8E693FAAA2D1BEE4B7693FAE
:101F20002AEBD0BED7E0693F8A33D0BEA7096A3F0B
:101F3000CA7BCFBE52326A3FEAC3CEBED95A6A3F8D
:101F4000EA0BCEBE3C836A3FCA53CDBE7BAB6A3F31
:101F50008B9BCCBE95D36A3F2CE3CBBE8CFB6A3FF8
:101F6000AE2ACBBE5E236B3F1072CABE0C4B6B3FDA
:101F700053B9C9BE95726B3F7700C9BEFB996B3FE1
:101F80007C47C8BE3BC16B3F628EC7BE58E86B3F03
:101F900029D5C6BE500F6C3FD21BC6BE24366C3F3F
:101FA0005C62C5BED45C6C3FC8A8C4BE5E836C3F97
:101FB00015EFC3BEC5A96C3F4435C3BE07D06C3F07
:101FC000557BC2BE24F66C3F48C1C1BE1D1C6D3F8F
:101FD0001E07C1BEF2416D3FD54CC0BEA1676D3F2B
:101FE0006F92BFBE2D8D6D3FEBD7BEBE93B26D3FDE
:101FF0004A1DBEBED5D76D3F8B62BDBEF2FC6D3FA4
:10200000AFA7BCBEEB216E3FB6ECBBBEBE466E3F7B
:10201000A031BBBE6D6B6E3F6E76BABEF88F6E3F61
:102020001EBBB9BE5DB46E3FB2FFB8BE9ED86E3F58
:102030002A44B8BEBAFC6E3F8488B7BEB0206F3F5A
:10204000C3CCB6BE83446F3FE610B6BE30686F3F68
:10205000EC54B5BEB88B6F3FD698B4BE1BAF6F3F84
:10206000A5DCB3BE5AD26F3F5820B3BE73F56F3FA5
:10207000EF63B2BE6718703F6BA7B1BE373B703FCE
:10208000CBEAB0BEE15D703F102EB0BE6680703FFF
:102090003A71AFBEC6A2703F49B4AEBE02C5703F32
:1020A0003CF7ADBE17E7703F153AADBE0809713F6A
:1020B000D47CACBED42A713F77BFABBE7A4C713FA3
:1020C0000102ABBEFB6D713F6F44AABE578F713FDB
:1020D000C486A9BE8EB0713FFEC8A8BE9FD1713F15
:1020E0001F0BA8BE8CF2713F254DA7BE5213723F45
:1020F000128FA6BEF433723FE5D0A5BE7054723F76
:102100009F12A5BEC774723F3F54A4BEF894723F9D
:10211000C595A3BE04B5723F33D7A2BEEBD4723FC0
:102120008718A2BEACF4723FC259A1BE4714733FD8
:10213000E59AA0BEBE33733FEEDB9FBE0E53733FE6
:10214000DF1C9FBE3972733FB85D9EBE3F91733FE7
:10215000789E9DBE1FB0733F20DF9CBED9CE733FDB
:10216000AF1F9CBE6EED733F27609BBEDD0B743FBF
:1021700086A09ABE272A743FCEE099BE4B48743F92
:10218000FE2099BE4966743F166198BE2284743F52
:1021900017A197BED5A1743F00E196BE62BF743F00
:1021A000D22096BEC9DC743F8D6095BE0BFA743F99
:1021B00031A094BE2717753FBFDF93BE1D34753F16
:1021C000351F93BEED50753F945E92BE976D753F7F
:1021D000DD9D91BE1C8A753F10DD90BE7BA6753FCC
:1021E0002C1C90BEB3C2753F325B8FBEC6DE753FFE
:1021F000229A8EBEB3FA753FFCD88DBE7A16763F12
:10220000C0178DBE1B32763F6E568CBE974D763F03
:1022100007958BBEEC68763F8AD38ABE1B84763FD7
:10222000F8118ABE249F763F505089BE07BA763F88
:10223000938E88BEC4D4763FC1CC87BE5BEF763F19
:10224000DA0A87BECC09773FDF4886BE1724773F7E
:10225000CE8685BE3C3E773FAAC484BE3A58773FBF
:10226000700284BE1372773F224083BEC58B773FD6
:10227000C07D82BE51A5773F4ABB81BEB7BE773FC6
:10228000C0F880BEF7D7773F223680BE10F1773F87
:10229000E1E67EBE040A783F56617DBED122783FDA
:1022A000A4DB7BBE773B783FCB557ABEF853783FB3
:1022B000CCCF78BE526C783FA64977BE8684783FF3
:1022C0005AC375BE939C783FE83C74BE7BB4783F9C
:1022D00051B672BE3BCC783F942F71BED6E3783FA7
:1022E000B2A86FBE4AFB783FAB216EBE9812793F11
:1022F0007F9A6CBEBF29793F2F136BBEC040793FD8
:10230000BA8B69BE9A57793F220468BE4E6E793FF8
:10231000667C66BEDC84793F86F464BE439B793F6D
:10232000836C63BE83B1793F5CE461BE9DC7793F36
:10233000135C60BE91DD793FA8D35EBE5EF3793F4A
:102340001A4B5DBE04097A3F6AC25BBE841E7A3FA7
:1023500097395ABEDD337A3FA4B058BE10497A3F50
:102360008F2757BE1C5E7A3F589E55BE02737A3F38
:10237000011554BEC1877A3F898B52BE599C7A3F62
:10238000F10151BECBB07A3F38784FBE16C57A3FC7
:1023900060EE4DBE3AD97A3F67644CBE37ED7A3F66
:1023A0004FDA4ABE0E017B3F185049BEBE147B3F38
:1023B000C2C547BE48287B3F4D3B46BEAB3B7B3F3B
:1023C000B9B044BEE74E7B3F072643BEFC617B3F6E
:1023D000379B41BEEA747B3F491040BEB2877B3FCA
:1023E0003E853EBE539A7B3F15FA3CBECDAC7B3F4B
:1023F000CF6E3BBE20BF7B3F6CE339BE4DD17B3FF0
:10240000EC5738BE53E37B3F50CC36BE31F57B3FB3
:10241000984035BEE9067C3FC4B433BE7A187C3F91
:10242000D42832BEE5297C3FC99C30BE283B7C3F86
:10243000A2102FBE444C7C3F61842DBE3A5D7C3F90
:1024400004F82BBE086E7C3F8D6B2ABEB07E7C3FAD
:10245000FCDE28BE318F7C3F515227BE8A9F7C3FD5
:102460008CC525BEBDAF7C3FAD3824BEC9BF7C3F07
:10247000B6AB22BEAECF7C3FA51E21BE6CDF7C3F3B
:102480007B911FBE03EF7C3F38041EBE73FE7C3F72
:10249000DE761CBEBC0D7D3F6BE91ABEDD1C7D3FA8
:1024A000E05B19BED82B7D3F3DCE17BEAC3A7D3FD9
:1024B000834016BE59497D3FB2B214BEDE577D3F00
:1024C000CA2413BE3D667D3FCC9611BE74747D3F19
:1024D000B70810BE85827D3F8B7A0EBE6E907D3F21
:1024E0004AEC0CBE309E7D3FF35D0BBECCAB7D3F16
:1024F00086CF09BE40B97D3F054108BE8CC67D3FF1
:102500006EB206BEB2D37D3FC22305BEB1E07D3FB1
:10251000029503BE88ED7D3F2E0602BE38FA7D3F50
:10252000457700BEC2067E3F92D0FDBD24137E3F9C
:1025300073B2FABD5E1F7E3F2C94F7BD722B7E3FB7
:10254000C075F4BD5E377E3F2E57F1BD23437E3FFD
:102550007638EEBDC14E7E3F9A19EBBD385A7E3FAC
:102560009AFAE7BD88657E3F76DBE4BDB0707E3FBA
:102570002EBCE1BDB17B7E3FC49CDEBD8B867E3F21
:10258000377DDBBD3D917E3F895DD8BDC99B7E3FD8
:10259000B93DD5BD2DA67E3FC81DD2BD69B07E3FD9
:1025A000B7FDCEBD7FBA7E3F86DDCBBD6DC47E3F1D
:1025B00036BDC8BD34CE7E3FC69CC5BDD4D77E3F98
:1025C000397CC2BD4CE17E3F8D5BBFBD9DEA7E3F45
:1025D000C33ABCBDC7F37E3FDD19B9BDC9FC7E3F20
:1025E000DAF8B5BDA4057F3FBBD7B2BD580E7F3F1B
:1025F00080B6AFBDE4167F3F2B95ACBD491F7F3F32
:10260000BA73A9BD87277F3F3052A6BD9D2F7F3F5C
:102610008C30A3BD8D377F3FCF0EA0BD543F7F3F91
:10262000F9EC9CBDF4467F3F0ACB99BD6D4E7F3FD0
:1026300005A996BDBF557F3FE78693BDE95C7F3F07
:10264000B46490BDEC637F3F6A428DBDC76A7F3F33
:102650000A208ABD7B717F3F94FD86BD08787F3F4D
:102660000ADB83BD6D7E7F3F6CB880BDAB847F3F4E
:10267000742B7BBDC28A7F3FE9E574BDB1907F3F7B
:1026800038A06EBD78967F3F625A68BD189C7F3F28
:10269000681462BD91A17F3F4CCE5BBDE3A67F3F36
:1026A0000E8855BD0DAC7F3FAF414FBD0FB17F3F91
:1026B0002FFB48BDEAB57F3F91B442BD9EBA7F3F34
:1026C000D56D3CBD2ABF7F3FFC2636BD8FC37F3F03
:1026D00007E02FBDCCC77F3FF69829BDE2CB7F3FF7
:1026E000CC5123BDD1CF7F3F880A1DBD98D37F3FFA
:1026F0002CC316BD37D77F3FB87B10BDAFDA7F3F05
:102700002F340ABD00DE7F3F90EC03BD29E17F3FFF
:10271000B949FBBC2BE47F3F2DBAEEBC05E77F3FF8
:102720007B2AE2BCB8E97F3FA69AD5BC43EC7F3F49
:10273000B00AC9BCA7EE7F3F9B7ABCBCE3F07F3FE9
:1027400069EAAFBCF8F27F3F1C5AA3BCE6F47F3FB6
:10275000B6C996BCACF67F3F38398ABC4AF87F3F91
:102760004B517BBCC1F97F3F003062BC11FB7F3F06
:10277000900E49BC39FC7F3F02ED2FBC39FD7F3FF5
:1027800059CB16BC13FE7F3F3053FBBBC4FE7F3FCB
:10279000890FC9BB4EFF7F3FC1CB96BBB1FF7F3FC7
:1027A000C70F49BBECFF7F3FD40FC9BA5245454E16
:1027B00054206D616C6C6F63207375636365656431
:1027C0006564002F6275696C642F676E752D746F78
:1027D0006F6C732D666F722D73746D33325F31328F
:1027E0002E332E72656C312E32303234303932361F
:1027F0002D313731352F7372632F6E65776C6962B7
:102800002F6E65776C69622F6C6962632F737464D5
:102810006C69622F72616E642E6300494E460069D6
:102820006E66004E414E006E616E003000303132F7
:102830003334353637383941424344454600303128
:102840003233343536373839616263646566002C5B
:102850002066756E6374696F6E3A200061737365EC
:102860007274696F6E2022257322206661696C651F
:10287000643A2066696C6520222573222C206C69DD
:102880006E65202564257325730A00496E66696E9E
:10289000697479004E614E002F6275696C642F6710
:1028A0006E752D746F6F6C732D666F722D73746DF2
:1028B00033325F31322E332E72656C312E3230322C
:1028C00034303932362D313731352F7372632F6EF4
:1028D00065776C69622F6E65776C69622F6C6962CF
:1028E000632F7374646C69622F64746F612E63006C
:1028F00042616C6C6F6320737563636565646564C6
:10290000002F6275696C642F676E752D746F6F6C24
:10291000732D666F722D73746D33325F31322E33C7
:102920002E72656C312E32303234303932362D31E0
:102930003731352F7372632F6E65776C69622F6E36
:1029400065776C69622F6C6962632F7374646C695C
:10295000622F6D707265632E630000000500000039
:10296000190000007D0000000080E03779C341437A
:10297000176E05B5B5B89346F5F93FE9034F384DE5
:10298000321D30F94877825A3CBF737FDD4F157591
:10299000000000000000F03F0000000000002440A4
:1029A00000000000000059400000000000408F407F
:1029B000000000000088C34000000000006AF840EA
:1029C0000000000080842E4100000000D01263410E
:1029D0000000000084D797410000000065CDCD4184
:1029E000000000205FA00242000000E87648374265
:1029F000000000A2941A6D42000040E59C30A24203
:102A00000000901EC4BCD64200003426F56B0C4377
:102A10000080E03779C3414300A0D885573476431E
:102A200000C84E676DC1AB43003D9160E458E1437F
:102A3000408CB5781DAF154450EFE2D6E41A4B44F4
:102A400092D54D06CFF08044F64AE1C7022DB54439
:102A5000B49DD9794378EA44504F534958002E0029
:102A6000002020202020202020202828282828205E
:102A70002020202020202020202020202020202056
:102A800020881010101010101010101010101010BE
:102A900010040404040404040404041010101010AE
:102AA0001010414141414141010101010101010178
:102AB00001010101010101010101010110101010CA
:102AC000101042424242424202020202020202024A
:102AD000020202020202020202020202101010109E
:102AE00020000000000000000000000000000000C6
:102AF00000000000000000000000000000000000D6
:102B000000000000000000000000000000000000C5
:102B100000000000000000000000000000000000B5
:102B200000000000000000000000000000000000A5
:102B30000000000000000000000000000000000095
:102B40000000000000000000000000000000000085
:102B50000000000000000000000000000000000075
:102B600000232D302B2000686C4C006566674546BD
:042B7000470000001A
:102B74000000000000000000010101010101010149
:102B84000000000000000000002B7E151628AED2C5
:102B9400A6ABF7158809CF4F3C012B7E151628AE3E
:102BA400D2A6ABF7158809CF4F3C082B7E15162803
:102BB400AED2A6ABF7158809CF4F3C092B7E15166C
:102BC40028AED2A6ABF7158809CF4F3C0A00000007
:102BD400000000000000000000000000000B0000E6
:102BE40000000000000000000000000000000C00D5
:102BF4000000000000000000000000000000000DC4
:102C040000000000000000000000000000000000C0
:102C14000E000000000000000000000000000000A2
:102C2400000F000000000000000000000000000091
:102C34000000100000000000000000000000000080
:082C4400000000000000000088
:082C4C0034D5FD7F01000000FA
:042C5400650100080E
:042C5800410100082E
:102C5C004F6E4A6F696E000000000000000000001B
:102C6C0000000000536C6565705F4D6F646500007B
:102C7C00000000000000000041434B000000000079
:102C8C000000000000000000000000004E41434B1B
:102C9C000000000000000000000000000000000028
:102CAC004A6F696E5F5265717565737473000000CD
:102CBC00000000004A6F696E5F4661696C0000009D
:102CCC0000000000000000004A6F696E656400009F
:102CDC000000000000000000000000004C6F52617A
:102CEC005F53656E640000000000000000000000EF
:102CFC00204E000002020000E8030000000000006B
:102D0C0000000000000000000000000000000000B7
:102D1C0000000000000000000000000000000000A7
:102D2C000000000000000000000000000000000097
:102D3C000000000000000000000000000000000087
:102D4C000000000000000000000000000000000077
:102D5C000000000000000000000000000000000067
:102D6C000000000000000000000000000000000057
:102D7C000000000000000000000000000000000047
:102D8C000000000000000000000000000000000037
:102D9C000000000000000000000000000000000027
:102DAC000000000000000000000000000000000017
:102DBC000000000000000000000000000000000007
:102DCC0000000000000000000000000000000000F7
:102DDC0000000000000000000000000000000000E7
:102DEC0000000000000000000000000000000000D7
:102DFC0000000000000000000000000000000000C7
:102E0C0000000000000000000000000000000000B6
:102E1C0000000000000000000000000000000000A6
:102E2C000000000000000000000000000000000096
:102E3C000000000000000000000000000000000086
:102E4C000000000000000000000000000000000076
:102E5C000000000000000000000000000000000066
:102E6C000000000000000000000000000000000056
:102E7C000000000000000000000000000000000046
:102E8C000000000000000000000000000000000036
:102E9C000000000000000000000000000000000026
:102EAC000000000000000000000000000000000016
:102EBC000000000000000000000000000000000006
:102ECC000000000000000000A93C00080000000009
:102EDC0000000000000000000000000000000000E6
:102EEC0000000000000000000000000000000000D6
:102EFC0000000000000000000000000000000000C6
:102F0C0000000000000000000000000000000000B5
:102F1C0000000000000000000000000000000000A5
:102F2C000000000000000000000000000000000095
:102F3C000000000000000000000000000000000085
:102F4C000000000000000000000000000000000075
:102F5C000000000000000000000000000000000065
:102F6C000000000000000000000000000000000055
:102F7C000000000000000000000000000000000045
:102F8C000000000000000000000000000000000035
:102F9C000000000000000000000000000000000025
:102FAC000000000000000000000000000000000015
:102FBC000000000000000000000000000000000005
:102FCC0000000000000000000000000000000000F5
:102FDC0000000000000000000000000000000000E5
:102FEC0000000000000000000000000000000000D5
:102FFC0000000000000000000000000000000000C5
:10300C0000000000000000000000000000000000B4
:10301C0000000000000000000000000000000000A4
:10302C000000000000000000000000000000000094
:10303C000000000000000000000000000000000084
:10304C000000000000000000000000000000000074
:10305C000000000000000000000000000000000064
:10306C000000000000000000000000000000000054
:10307C000000000000000000000000000000000044
:10308C000000000000000000000000000000000034
:10309C000000000000000000000000000000000024
:1030AC00E53B0008000000000000000000000000EC
:1030BC000040154600000000040000000000000065
:1030CC0000000000E92100084D4100083D420008C5
:1030DC00592400080000000000000000000000005F
:1030EC0000000000000000000000000000000000D4
:1030FC0000000000000000000000000000000000C4
:10310C000000000000000000000000000000903FE4
:10311C0000000000000000000000000000000000A3
:10312C000000000000000000000000000000000093
:10313C000000000000000000000000000000000083
:10314C000000000000000000000000000000000073
:10315C000000000000000000000000000000000063
:10316C000000000000000000000000000000000053
:10317C000000000000000000000000000000000043
:10318C000000000000000000000000000000000033
:10319C000000000000000000000000000000000023
:1031AC000000000000000000000000000000000013
:1031BC000000000000000000000000000000000003
:1031CC0000000000000000000000000000000000F3
:1031DC0000000000000000000000000000000000E3
:1031EC0000000000000000000000000000000000D3
:1031FC0000000000000000000000000000000000C3
:10320C0000000000000000000000000000000000B2
:10321C0000000000000000000000000000000000A2
:10322C000000000000000000000000000000000092
:10323C000000000000000000000000000000000082
:10324C000000000000000000000000000000000072
:10325C000000000000000000000000000000000062
:10326C000000000000000000000000000000000052
:10327C000000000000000000000000000000000042
:10328C000000000000000000000000000000000032
:10329C000000000000000000000000000000000022
:1032AC000000000000000000000000000000000012
:1032BC000000000000000000000000000000000002
:1032CC0000000000000000000000000000000000F2
:1032DC0000000000000000000000000000000000E2
:1032EC0000000000000000000000000000000000D2
:1032FC0000000000000000000000000000000000C2
:10330C0000000000000000000000000000000000B1
:10331C0000000000000000000000000000000000A1
:10332C000000000000000000000000000000000091
:10333C000000000000000000000000000000000081
:10334C000000000000000000000000000000000071
:10335C000000000000000000000000000000000061
:10336C000000000000000000000000000000000051
:10337C000000000000000000000000000000000041
:10338C000000000000000000000000000000000031
:10339C000000000000000000000000000000000021
:1033AC000000000000000000000000000000000011
:1033BC000000000000000000000000000000000001
:1033CC0000000000000000000000000000000000F1
:1033DC0000000000000000000000000000000000E1
:1033EC0000000000000000000000000000000000D1
:1033FC0000000000000000000000000000000000C1
:10340C0000000000000000000000000000000000B0
:10341C0000000000000000000000000000000000A0
:10342C000000000000000000000000000000000090
:10343C000000000000000000D9340008000000006B
:10344C000000000000000000000000000000000070
:10345C000000000000000000000000000000000060
:10346C000000000000000000000000000000000050
:10347C000000000000000000000000000000000040
:10348C000000000000000000000000000000000030
:10349C000000000000000000000000000000000020
:1034AC000000000000000000000000000000000010
:1034BC000000000000000000000000000000000000
:1034CC0000000000000000000000000000000000F0
:1034DC0000000000000000000000000000000000E0
:1034EC0000000000000000000000000000000000D0
:1034FC0000000000000000000000000000000000C0
:10350C0000000000000000000000000000000000AF
:10351C00000000000000000000000000000000009F
:10352C00000000000000000000000000000000008F
:10353C00000000000000000000000000000000007F
:10354C00000000000000000000000000000000006F
:10355C00000000000000000000000000000000005F
:10356C00000000000000000000000000000000004F
:10357C00000000000000000000000000000000003F
:10358C00000000000000000000000000000000002F
:10359C00000000000000000000000000000000001F
:1035AC00000000000000000000000000000000000F
:1035BC0000000000000000000000000000000000FF
:1035CC0000000000000000000000000000000000EF
:1035DC0000000000000000000000000000000000DF
:1035EC0000000000000000000000000000000000CF
:1035FC0000000000000000000000000000000000BF
:10360C0000000000000000000000000000000000AE
:10361C00000000000000000000000000000000009E
:10362C00000000000000000000000000000000008E
:10363C00000000000000000000000000000000007E
:10364C00000000000000000000000000000000006E
:10365C00000000000000000000000000000000005E
:10366C00000000000000000000000000000000004E
:10367C00000000000000000000000000000000003E
:10368C00000000000000000000000000000000002E
:10369C00000000000000000000000000000000001E
:1036AC00000000000000000000000000000000000E
:1036BC0000000000000000000000000000000000FE
:1036CC0000000000000000000000000000000000EE
:1036DC0000000000000000000000000000000000DE
:1036EC0000000000000000000000000000000000CE
:1036FC0000000000000000000000000000000000BE
:10370C0000000000000000000000000000000000AD
:10371C00000000000000000000000000000000009D
:10372C00000000000000000000000000000000008D
:10373C00000000000000000000000000000000007D
:10374C00000000000000000000000000000000006D
:10375C00000000000000000000000000000000005D
:10376C00000000000000000000000000000000004D
:10377C00000000000000000000000000000000003D
:10378C00000000000000000000000000000000002D
:10379C00000000000000000000000000000000001D
:1037AC00000000000000000000000000000000000D
:1037BC0000000000000000000000000000000000FD
:1037CC0000000000000000000000000000000000ED
:1037DC0000000000000000000000000000000000DD
:1037EC0000000000000000000000000000000000CD
:1037FC0000000000000000000000000000000000BD
:10380C0000000000000000000000000000000000AC
:10381C00000000000000000000000000000000009C
:10382C00000000000000000000000000000000008C
:10383C00000000000000000000000000000000007C
:10384C00000000000000000000000000000000006C
:10385C00000000000000000000000000000000005C
:10386C00000000000000000000000000000000004C
:10387C00000000000000000000000000000000003C
:10388C00000000000000000000000000000000002C
:10389C00000000000000000000000000000000001C
:1038AC00000000000000000000000000000000000C
:1038BC0000000000000000000000000000000000FC
:1038CC0000000000000000000000000000000000EC
:1038DC0000000000000000000000000000000000DC
:1038EC0000000000000000000000000000000000CC
:1038FC0000000000000000000000000000000000BC
:10390C0000000000000000000000000000000000AB
:10391C00000000000000000000000000000000009B
:10392C00000000000000000000000000000000008B
:10393C00000000000000000000000000000000007B
:10394C00000000000000000000000000000000006B
:10395C00000000000000000000000000000000005B
:10396C00000000000000000000000000000000004B
:10397C00000000000000000000000000000000003B
:10398C00000000000000000000000000000000002B
:10399C00000000000000000000000000000000001B
:1039AC00000000000000000000000000000000000B
:1039BC0000000000000000000000000000000000FB
:1039CC0000000000000000000000000000000000EB
:1039DC0000000000000000000000000000000000DB
:1039EC0000000000000000000000000000000000CB
:1039FC0000000000000000000000000000000000BB
:103A0C0000000000000000000000000000000000AA
:103A1C00000000000000000000000000000000009A
:103A2C00000000000000000000000000000000008A
:103A3C00000000000000000000000000000000007A
:103A4C00000000000000000000000000000000006A
:103A5C00000000000000000000000000000000005A
:103A6C00000000000000000000000000000000004A
:103A7C00000000000000000000000000000000003A
:103A8C00000000000000000000000000000000002A
:103A9C00000000000000000000000000000000001A
:103AAC00000000000000000000000000000000000A
:103ABC0000000000000000000000000000000000FA
:103ACC0000000000000000000000000000000000EA
:103ADC0000000000000000000000000000000000DA
:103AEC0000000000000000000000000000000000CA
:103AFC0000000000000000000000000000000000BA
:103B0C0000000000000000000000000000000000A9
:103B1C000000000000000000000000000000000099
:103B2C000000000000000000000000000000000089
:103B3C000000000000000000000000000000000079
:103B4C000000000000000000000000000000000069
:103B5C000000000000000000000000000000000059
:103B6C000000000000000000000000000000000049
:103B7C000000000000000000000000000000000039
:103B8C000000000000000000000000000000000029
:103B9C000000000000000000000000000000000019
:103BAC000000000000000000000000000000000009
:103BBC0000000000000000000000000000000000F9
:103BCC0000000000000000000000000000000000E9
:103BDC0000000000000000000000000000000000D9
:103BEC0000000000000000000000000000000000C9
:103BFC0000000000000000000000000000000000B9
:103C0C0000000000000000000000000000000000A8
:103C1C000000000000000000000000000000000098
:103C2C000000000000000000000000000000000088
:103C3C000000000000000000000000000000000078
:103C4C000000000000000000000000000000000068
:103C5C000000000000000000000000000000000058
:103C6C000000000000000000000000000000000048
:103C7C000000000000000000000000000000000038
:103C8C000000000000000000000000000000000028
:103C9C000000000000000000000000000000000018
:103CAC000000000000000000000000000000000008
:103CBC0000000000000000000000000000000000F8
:103CCC0000000000000000000000000000000000E8
:103CDC0000000000000000000000000000000000D8
:103CEC0000000000000000000000000000000000C8
:103CFC0000000000000000000000000000000000B8
:103D0C0000000000000000000000000000000000A7
:103D1C000000000000000000000000000000000097
:103D2C000000000000000000000000000000000087
:103D3C000000000000000000000000000000000077
:103D4C000000000000000000000000000000000067
:103D5C000000000000000000000000000000000057
:103D6C000000000000000000000000000000000047
:103D7C000000000000000000000000000000000037
:103D8C000000000000000000000000000000000027
:103D9C000000000000000000000000000000000017
:103DAC000000000000000000000000000000000007
:103DBC0000000000000000000000000000000000F7
:103DCC0000000000000000000000000000000000E7
:103DDC0000000000000000000000000000000000D7
:103DEC0000000000000000000000000000000000C7
:103DFC0000000000000000000000000000000000B7
:103E0C0000000000000000000000000000000000A6
:103E1C000000000000000000000000000000000096
:103E2C000000000000000000000000000000000086
:103E3C000000000000000000000000000000000076
:103E4C000000000000000000000000000000000066
:103E5C000000000000000000000000000000000056
:103E6C000000000000000000000000000000000046
:103E7C000000000000000000000000000000000036
:103E8C000000000000000000000000000000000026
:103E9C000000000000000000000000000000000016
:103EAC000000000000000000000000000000000006
:103EBC0000000000000000000000000000000000F6
:103ECC0000000000000000000000000000000000E6
:103EDC0000000000000000000000000000000000D6
:103EEC0000000000000000000000000000000000C6
:103EFC0000000000000000000000000000000000B6
:103F0C0000000000000000000000000000000000A5
:103F1C000000000000000000000000000000000095
:103F2C000000000000000000000000000000000085
:103F3C000000000000000000000000000000000075
:103F4C000000000000000000000000000000000065
:103F5C000000000000000000000000000000000055
:103F6C000000000000000000000000000000000045
:103F7C000000000000000000000000000000000035
:103F8C000000000000000000000000000000000025
:103F9C000000000000000000000000000000000015
:103FAC000000000000000000000000000000000005
:103FBC0000000000000000000000000000000000F5
:103FCC0000000000000000000000000000000000E5
:103FDC0000000000000000000000000000000000D5
:103FEC0000000000000000000000000000000000C5
:103FFC0000000000000000000000000000000000B5
:10400C0000000000000000000000000000000000A4
:10401C000000000000000000000000000000000094
:10402C000000000000000000000000000000000084
:10403C000000000000000000000000000000000074
:10404C000000000000000000000000000000000064
:10405C000000000000000000000000000000000054
:10406C000000000000000000000000000000000044
:10407C000000000000000000000000000000000034
:10408C000000000000000000000000000000000024
:10409C000000000000000000000000000000000014
:1040AC000000000000000000000000000000000004
:1040BC0000000000000000000000000000000000F4
:1040CC0000000000000000000000000000000000E4
:1040DC0000000000000000000000000000000000D4
:1040EC0000000000000000000000000000000000C4
:1040FC0000000000000000000000000000000000B4
:10410C0000000000000000000000000000000000A3
:10411C000000000000000000000000000000000093
:10412C000000000000000000000000000000000083
:10413C000000000000000000000000000000000073
:10414C000000000000000000000000000000000063
:10415C000000000000000000000000000000000053
:10416C000000000000000000000000000000000043
:10417C000000000000000000000000000000000033
:10418C000000000000000000000000000000000023
:10419C000000000000000000000000000000000013
:1041AC000000000000000000000000000000000003
:1041BC0000000000000000000000000000000000F3
:1041CC0000000000000000000000000000000000E3
:1041DC0000000000000000000000000000000000D3
:1041EC0000000000000000000000000000000000C3
:1041FC0000000000000000000000000000000000B3
:10420C0000000000000000000000000000000000A2
:10421C000000000000000000000000000000000092
:10422C000000000000000000000000000000000082
:10423C000000000000000000000000000000000072
:10424C000000000000000000000000000000000062
:10425C000000000000000000000000000000000052
:10426C000000000000000000000000000000000042
:10427C000000000000000000000000000000000032
:10428C000000000000000000000000000000000022
:10429C000000000000000000000000000000000012
:1042AC000000000000000000000000000000000002
:1042BC0000000000000000000000000000000000F2
:1042CC0000000000000000000000000000000000E2
:1042DC0000000000000000000000000000000000D2
:1042EC0000000000000000000000000000000000C2
:1042FC0000000000000000000000000000000000B2
:10430C0000000000000000000000000000000000A1
:10431C000000000000000000000000000000000091
:10432C000000000000000000000000000000000081
:10433C000000000000000000000000000000000071
:10434C000000000000000000000000000000000061
:10435C000000000000000000000000000000000051
:10436C000000000000000000000000000000000041
:10437C000000000000000000000000000000000031
:10438C000000000000000000000000000000000021
:10439C000000000000000000000000000000000011
:1043AC000000000000000000000000000000000001
:1043BC0000000000000000000000000000000000F1
:1043CC0000000000000000000000000000000000E1
:1043DC0000000000000000000000000000000000D1
:1043EC0000000000000000000000000000000000C1
:1043FC0000000000000000000000000000000000B1
:10440C0000000000000000000000000000000000A0
:10441C000000000000000000000000000000000090
:10442C000000000000000000000000000000000080
:10443C000000000000000000000000000000000070
:10444C000000000000000000000000000000000060
:10445C000000000000000000000000000000000050
:10446C000000000000000000000000000000000040
:10447C000000000000000000000000000000000030
:10448C000000000000000000000000000000000020
:10449C000000000000000000000000000000000010
:1044AC000000000000000000000000000000000000
:1044BC0000000000000000000000000000000000F0
:1044CC0000000000000000000000000000000000E0
:1044DC0000000000000000000000000000000000D0
:1044EC0000000000000000000000000000000000C0
:1044FC0000000000000000000000000000000000B0
:10450C00000000000000000000000000000000009F
:10451C00000000000000000000000000000000008F
:10452C00000000000000000000000000000000007F
:10453C00000000000000000000000000000000006F
:10454C00000000000000000000000000000000005F
:10455C00000000000000000000000000000000004F
:10456C00000000000000000000000000000000003F
:10457C00000000000000000000000000000000002F
:10458C00000000000000000000000000000000001F
:10459C00000000000000000000000000000000000F
:1045AC0000000000000000000000000000000000FF
:1045BC0000000000000000000000000000000000EF
:1045CC0000000000000000000000000000000000DF
:1045DC0000000000000000000000000000000000CF
:1045EC0000000000000000000000000000000000BF
:1045FC0000000000000000000000000000000000AF
:10460C00000000000000000000000000000000009E
:10461C00000000000000000000000000000000008E
:10462C00000000000000000000000000000000007E
:10463C00000000000000000000000000000000006E
:10464C00000000000000000000000000000000005E
:10465C00000000000000000000000000000000004E
:10466C00000000000000000000000000000000003E
:10467C00000000000000000000000000000000002E
:10468C00000000000000000000000000000000001E
:10469C00000000000000000000000000000000000E
:1046AC0000000000000000000000000000000000FE
:1046BC0000000000000000000000000000000000EE
:1046CC0000000000000000000000000000000000DE
:1046DC0000000000000000000000000000000000CE
:1046EC0000000000000000000000000000000000BE
:1046FC0000000000000000000000000000000000AE
:10470C00000000000000000000000000000000009D
:10471C00000000000000000000000000000000008D
:10472C00000000000000000000000000000000007D
:10473C00000000000000000000000000000000006D
:10474C00000000000000000000000000000000005D
:10475C00000000000000000000000000000000004D
:10476C00000000000000000000000000000000003D
:10477C00000000000000000000000000000000002D
:10478C00000000000000000000000000000000001D
:10479C00000000000000000000000000000000000D
:1047AC0000000000000000000000000000000000FD
:1047BC0000000000000000000000000000000000ED
:1047CC0000000000000000000000000000000000DD
:1047DC0000000000000000000000000000000000CD
:1047EC0000000000000000000000000000000000BD
:1047FC0000000000000000000000000000000000AD
:10480C00000000000000000000000000000000009C
:10481C00000000000000000000000000000000008C
:10482C00000000000000000000000000000000007C
:10483C00000000000000000000000000000000006C
:10484C00000000000000000000000000000000005C
:10485C00000000000000000000000000000000004C
:10486C00000000000000000000000000000000003C
:10487C00000000000000000000000000000000002C
:10488C00000000000000000000000000000000001C
:10489C00000000000000000000000000000000000C
:1048AC0000000000000000000000000000000000FC
:1048BC0000000000000000000000000000000000EC
:1048CC0000000000000000000000000000000000DC
:1048DC0000000000000000000000000000000000CC
:1048EC0000000000000000000000000000000000BC
:1048FC0000000000000000000000000000000000AC
:10490C00000000000000000000000000000000009B
:10491C00000000000000000000000000000000008B
:10492C00000000000000000000000000000000007B
:10493C00000000000000000000000000000000006B
:10494C00000000000000000000000000000000005B
:10495C00000000000000000000000000000000004B
:10496C00000000000000000000000000000000003B
:10497C00000000000000000000000000000000002B
:10498C00000000000000000000000000000000001B
:10499C00000000000000000000000000000000000B
:1049AC0000000000000000000000000000000000FB
:1049BC0000000000000000000000000000000000EB
:1049CC0000000000000000000000000000000000DB
:1049DC0000000000000000000000000000000000CB
:1049EC0000000000000000000000000000000000BB
:1049FC0000000000000000000000000000000000AB
:104A0C00000000000000000000000000000000009A
:104A1C00000000000000000000000000000000008A
:104A2C00000000000000000000000000000000007A
:104A3C00000000000000000000000000000000006A
:104A4C00000000000000000000000000000000005A
:104A5C00000000000000000000000000000000004A
:104A6C00000000000000000000000000000000003A
:104A7C00000000000000000000000000000000002A
:104A8C00000000000000000000000000000000001A
:104A9C00000000000000000000000000000000000A
:104AAC0000000000000000000000000000000000FA
:104ABC0000000000000000000000000000000000EA
:104ACC0000000000000000000000000000000000DA
:104ADC0000000000000000000000000000000000CA
:104AEC0000000000000000000000000000000000BA
:104AFC0000000000000000000000000000000000AA
:104B0C000000000000000000000000000000000099
:104B1C000000000000000000000000000000000089
:104B2C000000000000000000000000000000000079
:104B3C000000000000000000000000000000000069
:104B4C000000000000000000000000000000000059
:104B5C000000000000000000000000000000000049
:104B6C000000000000000000000000000000000039
:104B7C000000000000000000000000000000000029
:104B8C000000000000000000000000000000000019
:104B9C000000000000000000000000000000000009
:104BAC0000000000000000000000000000000000F9
:104BBC0000000000000000000000000000000000E9
:104BCC0000000000000000000000000000000000D9
:104BDC0000000000000000000000000000000000C9
:104BEC0000000000000000000000000000000000B9
:104BFC0000000000000000000000000000000000A9
:104C0C000000000000000000000000000000000098
:104C1C000000000000000000000000000000000088
:104C2C000000000000000000000000000000000078
:104C3C000000000000000000000000000000000068
:104C4C000000000000000000000000000000000058
:104C5C000000000000000000000000000000000048
:104C6C000000000000000000000000000000000038
:104C7C0000000000000000003139000800000000B6
:104C8C000000000000000000000000000100000017
:104C9C000000000000000000000000000000000008
:104CAC0000000000000000000000000040060000B2
:104CBC0000000000A5230008AD2100080000000042
:104CCC0000000000000000000000000000000000D8
:104CDC0000000000000000000000000000000000C8
:104CEC0000000000000000000000000000000000B8
:104CFC0000000000000000000000000000000000A8
:104D0C000000000000000000000000000000000097
:104D1C000000000000000000000000000000000087
:104D2C000000000000000000000000000000000077
:104D3C000000000000000000000000000000000067
:104D4C000000000000000000000000000000000057
:104D5C000000000000000000000000000000000047
:104D6C000000000000000000000000000000000037
:104D7C000000000000000000000000000000000027
:104D8C000000000000000000000000000000000017
:104D9C000000000000000000000000000000000007
:104DAC0000000000000000000000000000000000F7
:104DBC0000000000000000000000000000000000E7
:104DCC0000000000000000000000000000000000D7
:104DDC0000000000000000000000000000000000C7
:104DEC0000000000000000000000000000000000B7
:104DFC0000000000000000000000000000000000A7
:104E0C000000000000000000000000000000000096
:104E1C000000000000000000000000000000000086
:104E2C000000000000000000000000000000000076
:104E3C000000000000000000000000000000000066
:104E4C000000000000000000000000000000000056
:104E5C000000000000000000000000000000000046
:104E6C000000000000000000000000000000000036
:104E7C000000000000000000000000000000000026
:104E8C000000000000000000000000000000000016
:104E9C000000000000000000000000000000000006
:104EAC0000000000000000000000000000000000F6
:104EBC0000000000000000000000000000000000E6
:104ECC0000000000000000000000000000000000D6
:104EDC0000000000000000000000000000000000C6
:104EEC0000000000000000000000000000000000B6
:104EFC0000000000000000000000000000000000A6
:104F0C000000000000000000000000000000000095
:104F1C000000000000000000000000000000000085
:104F2C000000000000000000000000000000000075
:104F3C000000000000000000000000000000000065
:104F4C000000000000000000000000000000000055
:104F5C000000000000000000000000000000000045
:104F6C000000000000000000000000000000000035
:104F7C000000000000000000000000000000000025
:104F8C000000000000000000000000000000000015
:104F9C000000000000000000000000000000000005
:104FAC0000000000000000000000000000000000F5
:104FBC0000000000000000000000000000000000E5
:104FCC0000000000000000000000000000000000D5
:104FDC0000000000000000000000000000000000C5
:104FEC0000000000000000000000000000000000B5
:104FFC0000000000000000000000000000000000A5
:10500C000000000000000000000000000000000094
:10501C000000000000000000000000000000000084
:10502C000000000000000000000000000000000074
:10503C000000000000000000000000000000000064
:10504C000000000000000000000000000000000054
:10505C000000000000000000000000000000000044
:10506C000000000000000000000000000000000034
:10507C000000000000000000000000000000000024
:10508C000000000000000000000000000000000014
:10509C000000000000000000000000000000000004
:1050AC0000000000000000000000000000000000F4
:1050BC0000000000000000000000000000000000E4
:1050CC0000000000000000000000000000000000D4
:1050DC0000000000000000000000000000000000C4
:1050EC0000000000000000000000000000000000B4
:1050FC0000000000000000000000000000000000A4
:10510C000000000000000000000000000000000093
:10511C000000000000000000000000000000000083
:10512C000000000000000000000000000000000073
:10513C000000000000000000000000000000000063
:10514C000000000000000000000000000000000053
:10515C000000000000000000000000000000000043
:10516C000000000000000000000000000000000033
:10517C000000000000000000000000000000000023
:10518C000000000000000000000000000000000013
:10519C000000000000000000000000000000000003
:1051AC0000000000000000000000000000000000F3
:1051BC0000000000000000000000000000000000E3
:1051CC0000000000000000000000000000000000D3
:1051DC0000000000000000000000000000000000C3
:1051EC0000000000000000000000000000000000B3
:1051FC0000000000000000000000000000000000A3
:10520C000000000000000000000000000000000092
:10521C000000000000000000000000000000000082
:10522C000000000000000000000000000000000072
:10523C000000000000000000000000000000000062
:10524C000000000000000000000000000000000052
:10525C000000000000000000000000000000000042
:10526C000000000000000000000000000000000032
:10527C000000000000000000000000000000000022
:10528C000000000000000000000000000000000012
:10529C000000000000000000000000000000000002
:1052AC0000000000000000000000000000000000F2
:1052BC0000000000000000000000000000000000E2
:1052CC0000000000000000000000000000000000D2
:1052DC0000000000000000000000000000000000C2
:1052EC0000000000000000000000000000000000B2
:1052FC0000000000000000000000000000000000A2
:10530C000000000000000000000000000000000091
:10531C000000000000000000000000000000000081
:10532C000000000000000000000000000000000071
:10533C000000000000000000000000000000000061
:10534C000000000000000000000000000000000051
:10535C000000000000000000000000000000000041
:10536C000000000000000000000000000000000031
:10537C000000000000000000000000000000000021
:10538C000000000000000000000000000000000011
:10539C000000000000000000000000000000000001
:1053AC0000000000000000000000000000000000F1
:1053BC0000000000000000000000000000000000E1
:1053CC0000000000000000000000000000000000D1
:1053DC0000000000000000000000000000000000C1
:1053EC0000000000000000000000000000000000B1
:1053FC0000000000000000000000000000000000A1
:10540C000000000000000000000000000000000090
:10541C000000000000000000000000000000000080
:10542C000000000000000000000000000000000070
:10543C000000000000000000000000000000000060
:10544C000000000000000000000000000000000050
:10545C000000000000000000000000000000000040
:10546C000000000000000000000000000000000030
:10547C000000000000000000000000000000000020
:10548C000000000000000000000000000000000010
:10549C000000000000000000000000000000000000
:1054AC0000000000000000000000000000000000F0
:1054BC0000000000000000000000000000000000E0
:1054CC0000000000000000000000000000000000D0
:1054DC0000000000000000000000000000000000C0
:1054EC0000000000000000000000000000000000B0
:1054FC0000000000000000000000000000000000A0
:10550C00000000000000000000000000000000008F
:10551C00000000000000000000000000000000007F
:10552C00000000000000000000000000000000006F
:10553C00000000000000000000000000000000005F
:10554C00000000000000000000000000000000004F
:10555C00000000000000000000000000000000003F
:10556C00000000000000000000000000000000002F
:10557C00000000000000000000000000000000001F
:10558C00000000000000000000000000000000000F
:10559C0000000000000000000000000000000000FF
:1055AC0000000000000000000000000000000000EF
:1055BC0000000000000000000000000000000000DF
:1055CC0000000000000000000000000000000000CF
:1055DC0000000000000000000000000000000000BF
:1055EC0000000000000000000000000000000000AF
:1055FC00000000000000000000000000000000009F
:10560C00000000000000000000000000000000008E
:10561C00000000000000000000000000000000007E
:10562C00000000000000000000000000000000006E
:10563C00000000000000000000000000000000005E
:10564C00000000000000000000000000000000004E
:10565C00000000000000000000000000000000003E
:10566C00000000000000000000000000000000002E
:10567C00000000000000000000000000000000001E
:10568C00000000000000000000000000000000000E
:10569C0000000000000000000000000000000000FE
:1056AC0000000000000000000000000000000000EE
:1056BC0000000000000000000000000000000000DE
:1056CC0000000000000000000000000000000000CE
:1056DC0000000000000000000000000000000000BE
:1056EC0000000000000000000000000000000000AE
:1056FC00000000000000000000000000000000009E
:10570C00000000000000000000000000000000008D
:10571C00000000000000000000000000000000007D
:10572C00000000000000000000000000000000006D
:10573C00000000000000000000000000000000005D
:10574C00000000000000000000000000000000004D
:10575C00000000000000000000000000000000003D
:10576C00000000000000000000000000000000002D
:10577C00000000000000000000000000000000001D
:10578C00000000000000000000000000000000000D
:10579C0000000000000000000000000000000000FD
:1057AC0000000000000000000000000000000000ED
:1057BC0000000000000000000000000000000000DD
:1057CC0000000000000000000000000000000000CD
:1057DC0000000000000000000000000000000000BD
:1057EC0000000000000000000000000000000000AD
:1057FC00000000000000000000000000000000009D
:10580C00000000000000000000000000000000008C
:10581C00000000000000000000000000000000007C
:10582C00000000000000000000000000000000006C
:10583C00000000000000000000000000000000005C
:10584C00000000000000000000000000000000004C
:10585C00000000000000000000000000000000003C
:10586C00000000000000000000000000000000002C
:10587C00000000000000000000000000000000001C
:10588C00000000000000000000000000000000000C
:10589C0000000000000000000000000000000000FC
:1058AC0000000000000000000000000000000000EC
:1058BC0000000000000000000000000000000000DC
:1058CC0000000000000000000000000000000000CC
:1058DC0000000000000000000000000000000000BC
:1058EC0000000000000000000000000000000000AC
:1058FC00000000000000000000000000000000009C
:10590C00000000000000000000000000000000008B
:10591C00000000000000000000000000000000007B
:10592C00000000000000000000000000000000006B
:10593C00000000000000000000000000000000005B
:10594C00000000000000000000000000000000004B
:10595C00000000000000000000000000000000003B
:10596C00000000000000000000000000000000002B
:10597C00000000000000000000000000000000001B
:10598C00000000000000000000000000000000000B
:10599C0000000000000000000000000000000000FB
:1059AC0000000000000000000000000000000000EB
:1059BC0000000000000000000000000000000000DB
:1059CC0000000000000000000000000000000000CB
:1059DC0000000000000000000000000000000000BB
:1059EC0000000000000000000000000000000000AB
:1059FC00000000000000000000000000000000009B
:105A0C00000000000000000000000000000000008A
:105A1C00000000000000000000000000000000007A
:105A2C00000000000000000000000000000000006A
:105A3C00000000000000000000000000000000005A
:105A4C00000000000000000000000000000000004A
:105A5C00000000000000000000000000000000003A
:105A6C00000000000000000000000000000000002A
:105A7C00000000000000000000000000000000001A
:105A8C00000000000000000000000000000000000A
:105A9C0000000000000000000000000000000000FA
:105AAC0000000000000000000000000000000000EA
:105ABC0000000000000000000000000000000000DA
:105ACC0000000000000000000000000000000000CA
:105ADC0000000000000000000000000000000000BA
:105AEC0000000000000000000000000000000000AA
:105AFC00000000000000000000000000000000009A
:105B0C000000000000000000000000000000000089
:105B1C000000000000000000000000000000000079
:105B2C000000000000000000000000000000000069
:105B3C000000000000000000000000000000000059
:105B4C000000000000000000000000000000000049
:105B5C000000000000000000000000000000000039
:105B6C000000000000000000000000000000000029
:105B7C000000000000000000000000000000000019
:105B8C000000000000000000000000000000000009
:105B9C0000000000000000000000000000000000F9
:105BAC0000000000000000000000000000000000E9
:105BBC0000000000000000000000000000000000D9
:105BCC0000000000000000000000000000000000C9
:105BDC0000000000000000000000000000000000B9
:105BEC0000000000000000000000000000000000A9
:105BFC000000000000000000000000000000000099
:105C0C000000000000000000000000000000000088
:105C1C000000000000000000000000000000000078
:105C2C000000000000000000000000000000000068
:105C3C000000000000000000000000000000000058
:105C4C000000000000000000000000000000000048
:105C5C000000000000000000000000000000000038
:105C6C000000000000000000000000000000000028
:105C7C000000000000000000000000000000000018
:105C8C000000000000000000000000000000000008
:105C9C0000000000000000000000000000000000F8
:105CAC0000000000000000000000000000000000E8
:105CBC0000000000000000000000000000000000D8
:105CCC0000000000000000000000000000000000C8
:105CDC0000000000000000000000000000000000B8
:105CEC0000000000000000000000000000000000A8
:105CFC000000000000000000000000000000000098
:105D0C000000000000000000000000000000000087
:105D1C000000000000000000000000000000000077
:105D2C000000000000000000000000000000000067
:105D3C000000000000000000000000000000000057
:105D4C000000000000000000000000000000000047
:105D5C000000000000000000000000000000000037
:105D6C000000000000000000000000000000000027
:105D7C000000000000000000000000000000000017
:105D8C000000000000000000000000000000000007
:105D9C0000000000000000000000000000000000F7
:105DAC0000000000000000000000000000000000E7
:105DBC0000000000000000000000000000000000D7
:105DCC0000000000000000000000000000000000C7
:105DDC0000000000000000000000000000000000B7
:105DEC0000000000000000000000000000000000A7
:105DFC000000000000000000000000000000000097
:105E0C000000000000000000000000000000000086
:105E1C000000000000000000000000000000000076
:105E2C000000000000000000000000000000000066
:105E3C000000000000000000000000000000000056
:105E4C000000000000000000000000000000000046
:105E5C000000000000000000000000000000000036
:105E6C000000000000000000000000000000000026
:105E7C000000000000000000000000000000000016
:105E8C000000000000000000000000000000000006
:105E9C0000000000000000000000000000000000F6
:105EAC0000000000000000000000000000000000E6
:105EBC0000000000000000000000000000000000D6
:105ECC0000000000000000000000000000000000C6
:105EDC0000000000000000000000000000000000B6
:105EEC0000000000000000000000000000000000A6
:105EFC000000000000000000000000000000000096
:105F0C000000000000000000000000000000000085
:105F1C000000000000000000000000000000000075
:105F2C000000000000000000000000000000000065
:105F3C000000000000000000000000000000000055
:105F4C000000000000000000000000000000000045
:105F5C000000000000000000000000000000000035
:105F6C000000000000000000000000000000000025
:105F7C000000000000000000000000000000000015
:105F8C000000000000000000000000000000000005
:105F9C0000000000000000000000000000000000F5
:105FAC0000000000000000000000000000000000E5
:105FBC0000000000000000000000000000000000D5
:105FCC0000000000000000000000000000000000C5
:105FDC0000000000000000000000000000000000B5
:105FEC0000000000000000000000000000000000A5
:105FFC000000000000000000000000000000000095
:10600C000000000000000000000000000000000084
:10601C000000000000000000000000000000000074
:10602C000000000000000000000000000000000064
:10603C000000000000000000000000000000000054
:10604C000000000000000000000000000000000044
:10605C000000000000000000000000000000000034
:10606C000000000000000000000000000000000024
:10607C000000000000000000000000000000000014
:10608C000000000000000000000000000000000004
:10609C0000000000000000000000000000000000F4
:1060AC0000000000000000000000000000000000E4
:1060BC0000000000000000000000000000000000D4
:1060CC0000000000000000000000000000000000C4
:1060DC0000000000000000000000000000000000B4
:1060EC0000000000000000000000000000000000A4
:1060FC000000000000000000000000000000000094
:10610C000000000000000000000000000000000083
:10611C000000000000000000000000000000000073
:10612C000000000000000000000000000000000063
:10613C000000000000000000000000000000000053
:10614C000000000000000000000000000000000043
:10615C000000000000000000000000000000000033
:10616C000000000000000000000000000000000023
:10617C000000000000000000000000000000000013
:10618C000000000000000000000000000000000003
:10619C0000000000000000000000000000000000F3
:1061AC0000000000000000000000000000000000E3
:1061BC0000000000000000000000000000000000D3
:1061CC0000000000000000000000000000000000C3
:1061DC0000000000000000000000000000000000B3
:1061EC0000000000000000000000000000000000A3
:1061FC000000000000000000000000000000000093
:10620C000000000000000000000000000000000082
:10621C000000000000000000000000000000000072
:10622C000000000000000000000000000000000062
:10623C000000000000000000000000000000000052
:10624C000000000000000000000000000000000042
:10625C000000000000000000000000000000000032
:10626C000000000000000000000000000000000022
:10627C000000000000000000000000000000000012
:10628C000000000000000000000000000000000002
:10629C0000000000000000000000000000000000F2
:1062AC0000000000000000000000000000000000E2
:1062BC0000000000000000000000000000000000D2
:1062CC0000000000000000000000000000000000C2
:1062DC0000000000000000000000000000000000B2
:1062EC0000000000000000000000000000000000A2
:1062FC000000000000000000000000000000000092
:10630C000000000000000000000000000000000081
:10631C000000000000000000000000000000000071
:10632C000000000000000000000000000000000061
:10633C000000000000000000000000000000000051
:10634C000000000000000000000000000000000041
:10635C000000000000000000000000000000000031
:10636C000000000000000000000000000000000021
:10637C000000000000000000000000000000000011
:10638C000000000000000000000000000000000001
:10639C0000000000000000000000000000000000F1
:1063AC0000000000000000000000000000000000E1
:1063BC0000000000000000000000000000000000D1
:1063CC0000000000000000000000000000000000C1
:1063DC0000000000000000000000000000000000B1
:1063EC0000000000000000000000000000000000A1
:1063FC000000000000000000000000000000000091
:10640C000000000000000000000000000000000080
:10641C000000000000000000000000000000000070
:10642C000000000000000000000000000000000060
:10643C000000000000000000000000000000000050
:10644C000000000000000000000000000000000040
:10645C000000000000000000000000000000000030
:10646C000000000000000000000000000000000020
:10647C000000000000000000000000000000000010
:10648C000000000000000000000000000000000000
:10649C0000000000000000000000000000000000F0
:1064AC0000000000000000000000000000000000E0
:1064BC0000000000000000000000000000000000D0
:1064CC0000000000000000000000000000000000C0
:1064DC0000000000000000000000000000000000B0
:1064EC0000000000000000000000000000000000A0
:1064FC000000000000000000000000000000000090
:10650C00000000000000000000000000000000007F
:10651C00000000000000000000000000000000006F
:10652C00000000000000000000000000000000005F
:10653C00000000000000000000000000000000004F
:10654C00000000000000000000000000000000003F
:10655C00000000000000000000000000000000002F
:10656C00000000000000000000000000000000001F
:10657C00000000000000000000000000000000000F
:10658C0000000000000000000000000000000000FF
:10659C0000000000000000000000000000000000EF
:1065AC0000000000000000000000000000000000DF
:1065BC0000000000000000000000000000000000CF
:1065CC0000000000000000000000000000000000BF
:1065DC0000000000000000000000000000000000AF
:1065EC00000000000000000000000000000000009F
:1065FC00000000000000000000000000000000008F
:10660C00000000000000000000000000000000007E
:10661C00000000000000000000000000000000006E
:10662C00000000000000000000000000000000005E
:10663C00000000000000000000000000000000004E
:10664C00000000000000000000000000000000003E
:10665C00000000000000000000000000000000002E
:10666C00000000000000000000000000000000001E
:10667C00000000000000000000000000000000000E
:10668C0000000000000000000000000000000000FE
:10669C0000000000000000000000000000000000EE
:1066AC0000000000000000000000000000000000DE
:1066BC0000000000000000000000000000000000CE
:1066CC0000000000000000000000000000000000BE
:1066DC0000000000000000000000000000000000AE
:1066EC00000000000000000000000000000000009E
:1066FC00000000000000000000000000000000008E
:10670C00000000000000000000000000000000007D
:10671C00000000000000000000000000000000006D
:10672C00000000000000000000000000000000005D
:10673C00000000000000000000000000000000004D
:10674C00000000000000000000000000000000003D
:10675C00000000000000000000000000000000002D
:10676C00000000000000000000000000000000001D
:10677C00000000000000000000000000000000000D
:10678C0000000000000000000000000000000000FD
:10679C0000000000000000000000000000000000ED
:1067AC0000000000000000000000000000000000DD
:1067BC0000000000000000000000000000000000CD
:1067CC0000000000000000000000000000000000BD
:1067DC0000000000000000000000000000000000AD
:1067EC00000000000000000000000000000000009D
:1067FC00000000000000000000000000000000008D
:10680C00000000000000000000000000000000007C
:10681C00000000000000000000000000000000006C
:10682C00000000000000000000000000000000005C
:10683C00000000000000000000000000000000004C
:10684C00000000000000000000000000000000003C
:10685C00000000000000000000000000000000002C
:10686C00000000000000000000000000000000001C
:10687C00000000000000000000000000000000000C
:10688C0000000000000000000000000000000000FC
:10689C0000000000000000000000000000000000EC
:1068AC0000000000000000000000000000000000DC
:1068BC0000000000000000000000000000000000CC
:1068CC0000000000000000000000000000000000BC
:1068DC0000000000000000000000000000000000AC
:1068EC00000000000000000000000000000000009C
:1068FC00000000000000000000000000000000008C
:10690C00000000000000000000000000000000007B
:10691C00000000000000000000000000000000006B
:10692C00000000000000000000000000000000005B
:10693C00000000000000000000000000000000004B
:10694C00000000000000000000000000000000003B
:10695C00000000000000000000000000000000002B
:10696C00000000000000000000000000000000001B
:10697C00000000000000000000000000000000000B
:10698C0000000000000000000000000000000000FB
:10699C0000000000000000000000000000000000EB
:1069AC0000000000000000000000000000000000DB
:1069BC0000000000000000000000000000000000CB
:1069CC0000000000000000000000000000000000BB
:1069DC0000000000000000000000000000000000AB
:1069EC00000000000000000000000000000000009B
:1069FC00000000000000000000000000000000008B
:106A0C00000000000000000000000000000000007A
:106A1C00000000000000000000000000000000006A
:106A2C00000000000000000000000000000000005A
:106A3C00000000000000000000000000000000004A
:106A4C00000000000000000000000000000000003A
:106A5C00000000000000000000000000000000002A
:106A6C00000000000000000000000000000000001A
:106A7C00000000000000000000000000000000000A
:106A8C0000000000000000000000000000000000FA
:106A9C0000000000000000000000000000000000EA
:106AAC0000000000000000000000000000000000DA
:106ABC0000000000000000000000000000000000CA
:106ACC0000000000000000000000000000000000BA
:106ADC0000000000000000000000000000000000AA
:106AEC00000000000000000000000000000000009A
:106AFC00000000000000000000000000000000008A
:106B0C000000000000000000000000000000000079
:106B1C000000000000000000000000000000000069
:106B2C000000000000000000000000000000000059
:106B3C000000000000000000000000000000000049
:106B4C000000000000000000000000000000000039
:106B5C000000000000000000000000000000000029
:106B6C000000000000000000000000000000000019
:106B7C000000000000000000000000000000000009
:106B8C0000000000000000000000000000000000F9
:106B9C0000000000000000000000000000000000E9
:106BAC0000000000000000000000000000000000D9
:106BBC0000000000000000000000000000000000C9
:106BCC0000000000000000000000000000000000B9
:106BDC0000000000000000000000000000000000A9
:106BEC000000000000000000000000000000000099
:106BFC000000000000000000000000000000000089
:106C0C000000000000000000000000000000000078
:106C1C000000000000000000000000000000000068
:106C2C000000000000000000000000000000000058
:106C3C000000000000000000000000000000000048
:106C4C000000000000000000000000000000000038
:106C5C000000000000000000000000000000000028
:106C6C000000000000000000000000000000000018
:106C7C000000000000000000000000000000000008
:106C8C0000000000000000000000000000000000F8
:106C9C0000000000000000000000000000000000E8
:106CAC0000000000000000000000000000000000D8
:106CBC0000000000000000000000000000000000C8
:106CCC0000000000000000000000000000000000B8
:106CDC0000000000000000000000000000000000A8
:106CEC000000000000000000000000000000000098
:106CFC000000000000000000000000000000000088
:106D0C000000000000000000000000000000000077
:106D1C000000000000000000000000000000000067
:106D2C000000000000000000000000000000000057
:106D3C000000000000000000000000000000000047
:106D4C000000000000000000000000000000000037
:106D5C000000000000000000000000000000000027
:106D6C000000000000000000000000000000000017
:106D7C000000000000000000000000000000000007
:106D8C0000000000000000000000000000000000F7
:106D9C0000000000000000000000000000000000E7
:106DAC0000000000000000000000000000000000D7
:106DBC0000000000000000000000000000000000C7
:106DCC0000000000000000000000000000000000B7
:106DDC0000000000000000000000000000000000A7
:106DEC000000000000000000000000000000000097
:106DFC000000000000000000000000000000000087
:106E0C000000000000000000000000000000000076
:106E1C000000000000000000000000000000000066
:106E2C000000000000000000000000000000000056
:106E3C000000000000000000000000000000000046
:106E4C000000000000000000000000000000000036
:106E5C000000000000000000000000000000000026
:106E6C000000000000000000000000000000000016
:106E7C000000000000000000000000000000000006
:106E8C0000000000000000000000000000000000F6
:106E9C0000000000000000000000000000000000E6
:106EAC0000000000000000000000000000000000D6
:106EBC0000000000000000000000000000000000C6
:106ECC0000000000000000000000000000000000B6
:106EDC0000000000000000000000000000000000A6
:106EEC000000000000000000000000000000000096
:106EFC000000000000000000000000000000000086
:106F0C000000000000000000000000000000000075
:106F1C000000000000000000000000000000000065
:106F2C000000000000000000000000000000000055
:106F3C000000000000000000000000000000000045
:106F4C000000000000000000000000000000000035
:106F5C000000000000000000000000000000000025
:106F6C000000000000000000000000000000000015
:106F7C000000000000000000000000000000000005
:106F8C0000000000000000000000000000000000F5
:106F9C0000000000000000000000000000000000E5
:106FAC0000000000000000000000000000000000D5
:106FBC0000000000000000000000000000000000C5
:106FCC0000000000000000000000000000000000B5
:106FDC0000000000000000000000000000000000A5
:106FEC000000000000000000000000000000000095
:106FFC000000000000000000000000000000000085
:10700C000000000000000000000000000000000074
:10701C000000000000000000000000000000000064
:10702C000000000000000000000000000000000054
:10703C000000000000000000000000000000000044
:10704C000000000000000000000000000000000034
:10705C000000000000000000000000000000000024
:10706C000000000000000000000000000000000014
:10707C000000000000000000000000000000000004
:10708C0000000000000000000000000000000000F4
:10709C0000000000000000000000000000000000E4
:1070AC0000000000000000000000000000000000D4
:1070BC0000000000000000000000000000000000C4
:1070CC0000000000000000000000000000000000B4
:1070DC0000000000000000000000000000000000A4
:1070EC000000000000000000000000000000000094
:1070FC000000000000000000000000000000000084
:10710C000000000000000000000000000000000073
:10711C000000000000000000000000000000000063
:10712C000000000000000000000000000000000053
:10713C000000000000000000000000000000000043
:10714C000000000000000000000000000000000033
:10715C000000000000000000000000000000000023
:10716C000000000000000000000000000000000013
:10717C000000000000000000000000000000000003
:10718C0000000000000000000000000000000000F3
:10719C0000000000000000000000000000000000E3
:1071AC0000000000000000000000000000000000D3
:1071BC0000000000000000000000000000000000C3
:1071CC0000000000000000000000000000000000B3
:1071DC0000000000000000000000000000000000A3
:1071EC000000000000000000000000000000000093
:1071FC000000000000000000000000000000000083
:10720C000000000000000000000000000000000072
:10721C000000000000000000000000000000000062
:10722C000000000000000000000000000000000052
:10723C000000000000000000000000000000000042
:10724C000000000000000000000000000000000032
:10725C000000000000000000000000000000000022
:10726C000000000000000000000000000000000012
:10727C000000000000000000000000000000000002
:10728C0000000000000000000000000000000000F2
:10729C0000000000000000000000000000000000E2
:1072AC0000000000000000000000000000000000D2
:1072BC0000000000000000000000000000000000C2
:1072CC0000000000000000000000000000000000B2
:1072DC0000000000000000000000000000000000A2
:1072EC000000000000000000000000000000000092
:1072FC000000000000000000000000000000000082
:10730C000000000000000000000000000000000071
:10731C000000000000000000000000000000000061
:10732C000000000000000000000000000000000051
:10733C000000000000000000000000000000000041
:10734C000000000000000000000000000000000031
:10735C000000000000000000000000000000000021
:10736C000000000000000000000000000000000011
:10737C000000000000000000000000000000000001
:10738C0000000000000000000000000000000000F1
:10739C0000000000000000000000000000000000E1
:1073AC0000000000000000000000000000000000D1
:1073BC0000000000000000000000000000000000C1
:1073CC0000000000000000000000000000000000B1
:1073DC0000000000000000000000000000000000A1
:1073EC000000000000000000000000000000000091
:1073FC000000000000000000000000000000000081
:10740C000000000000000000000000000000000070
:10741C000000000000000000000000000000000060
:10742C000000000000000000000000000000000050
:10743C000000000000000000000000000000000040
:10744C000000000000000000000000000000000030
:10745C000000000000000000000000000000000020
:10746C000000000000000000000000000000000010
:10747C000000000000000000000000000000000000
:10748C0000000000000000000000000000000000F0
:10749C0000000000000000000000000000000000E0
:1074AC0000000000000000000000000000000000D0
:1074BC0000000000000000000000000000000000C0
:1074CC0000000000000000000000000000000000B0
:1074DC0000000000000000000000000000000000A0
:1074EC000000000000000000000000000000000090
:1074FC000000000000000000000000000000000080
:10750C00000000000000000000000000000000006F
:10751C00000000000000000000000000000000005F
:10752C00000000000000000000000000000000004F
:10753C00000000000000000000000000000000003F
:10754C00000000000000000000000000000000002F
:10755C00000000000000000000000000000000001F
:10756C00000000000000000000000000000000000F
:10757C0000000000000000000000000000000000FF
:10758C0000000000000000000000000000000000EF
:10759C0000000000000000000000000000000000DF
:1075AC0000000000000000000000000000000000CF
:1075BC0000000000000000000000000000000000BF
:1075CC0000000000000000000000000000000000AF
:1075DC00000000000000000000000000000000009F
:1075EC00000000000000000000000000000000008F
:1075FC00000000000000000000000000000000007F
:10760C00000000000000000000000000000000006E
:10761C00000000000000000000000000000000005E
:10762C00000000000000000000000000000000004E
:10763C00000000000000000000000000000000003E
:10764C00000000000000000000000000000000002E
:10765C00000000000000000000000000000000001E
:10766C00000000000000000000000000000000000E
:10767C0000000000000000000000000000000000FE
:10768C0000000000000000000000000000000000EE
:10769C0000000000000000000000000000000000DE
:1076AC0000000000000000000000000000000000CE
:1076BC0000000000000000000000000000000000BE
:1076CC0000000000000000000000000000000000AE
:1076DC00000000000000000000000000000000009E
:1076EC00000000000000000000000000000000008E
:1076FC00000000000000000000000000000000007E
:10770C00000000000000000000000000000000006D
:10771C00000000000000000000000000000000005D
:10772C00000000000000000000000000000000004D
:10773C00000000000000000000000000000000003D
:10774C00000000000000000000000000000000002D
:10775C00000000000000000000000000000000001D
:10776C00000000000000000000000000000000000D
:10777C0000000000000000000000000000000000FD
:10778C0000000000000000000000000000000000ED
:10779C0000000000000000000000000000000000DD
:1077AC0000000000000000000000000000000000CD
:1077BC0000000000000000000000000000000000BD
:1077CC0000000000000000000000000000000000AD
:1077DC00000000000000000000000000000000009D
:1077EC00000000000000000000000000000000008D
:1077FC00000000000000000000000000000000007D
:10780C00000000000000000000000000000000006C
:10781C00000000000000000000000000000000005C
:10782C00000000000000000000000000000000004C
:10783C00000000000000000000000000000000003C
:10784C00000000000000000000000000000000002C
:10785C00000000000000000000000000000000001C
:10786C00000000000000000000000000000000000C
:10787C0000000000000000000000000000000000FC
:10788C0000000000000000000000000000000000EC
:10789C0000000000000000000000000000000000DC
:1078AC0000000000000000000000000000000000CC
:1078BC0000000000000000000000000000000000BC
:1078CC0000000000000000000000000000000000AC
:1078DC00000000000000000000000000000000009C
:1078EC00000000000000000000000000000000008C
:1078FC00000000000000000000000000000000007C
:10790C00000000000000000000000000000000006B
:10791C00000000000000000000000000000000005B
:10792C00000000000000000000000000000000004B
:10793C00000000000000000000000000000000003B
:10794C00000000000000000000000000000000002B
:10795C00000000000000000000000000000000001B
:10796C00000000000000000000000000000000000B
:10797C0000000000000000000000000000000000FB
:10798C0000000000000000000000000000000000EB
:10799C0000000000000000000000000000000000DB
:1079AC0000000000000000000000000000000000CB
:1079BC0000000000000000000000000000000000BB
:1079CC0000000000000000000000000000000000AB
:1079DC00000000000000000000000000000000009B
:1079EC00000000000000000000000000000000008B
:1079FC00000000000000000000000000000000007B
:107A0C00000000000000000000000000000000006A
:107A1C00000000000000000000000000000000005A
:107A2C00000000000000000000000000000000004A
:107A3C00000000000000000000000000000000003A
:107A4C00000000000000000000000000000000002A
:107A5C00000000000000000000000000000000001A
:107A6C00000000000000000000000000000000000A
:107A7C0000000000000000000000000000000000FA
:107A8C0000000000000000000000000000000000EA
:107A9C0000000000000000000000000000000000DA
:107AAC0000000000000000000000000000000000CA
:107ABC0000000000000000000000000000000000BA
:107ACC0000000000000000000000000000000000AA
:107ADC00000000000000000000000000000000009A
:107AEC00000000000000000000000000000000008A
:107AFC00000000000000000000000000000000007A
:107B0C000000000000000000000000000000000069
:107B1C000000000000000000000000000000000059
:107B2C000000000000000000000000000000000049
:107B3C000000000000000000000000000000000039
:107B4C000000000000000000000000000000000029
:107B5C000000000000000000000000000000000019
:107B6C000000000000000000000000000000000009
:107B7C0000000000000000000000000000000000F9
:107B8C0000000000000000000000000000000000E9
:107B9C0000000000000000000000000000000000D9
:107BAC0000000000000000000000000000000000C9
:107BBC0000000000000000000000000000000000B9
:107BCC0000000000000000000000000000000000A9
:107BDC000000000000000000000000000000000099
:107BEC000000000000000000000000000000000089
:107BFC000000000000000000000000000000000079
:107C0C000000000000000000000000000000000068
:107C1C000000000000000000000000000000000058
:107C2C000000000000000000000000000000000048
:107C3C000000000000000000000000000000000038
:107C4C000000000000000000000000000000000028
:107C5C000000000000000000000000000000000018
:107C6C000000000000000000000000000000000008
:107C7C0000000000000000000000000000000000F8
:107C8C0000000000000000000000000000000000E8
:107C9C0000000000000000000000000000000000D8
:107CAC0000000000000000000000000000000000C8
:107CBC0000000000000000000000000000000000B8
:107CCC0000000000000000000000000000000000A8
:107CDC000000000000000000000000000000000098
:107CEC000000000000000000000000000000000088
:107CFC000000000000000000000000000000000078
:107D0C000000000000000000000000000000000067
:107D1C000000000000000000000000000000000057
:107D2C000000000000000000000000000000000047
:107D3C000000000000000000000000000000000037
:107D4C000000000000000000000000000000000027
:107D5C000000000000000000000000000000000017
:107D6C000000000000000000000000000000000007
:107D7C0000000000000000000000000000000000F7
:107D8C0000000000000000000000000000000000E7
:107D9C0000000000000000000000000000000000D7
:107DAC0000000000000000000000000000000000C7
:107DBC0000000000000000000000000000000000B7
:107DCC0000000000000000000000000000000000A7
:107DDC000000000000000000000000000000000097
:107DEC000000000000000000000000000000000087
:107DFC000000000000000000000000000000000077
:107E0C000000000000000000000000000000000066
:107E1C000000000000000000000000000000000056
:107E2C000000000000000000000000000000000046
:107E3C000000000000000000000000000000000036
:107E4C000000000000000000000000000000000026
:107E5C000000000000000000000000000000000016
:107E6C000000000000000000000000000000000006
:107E7C0000000000000000000000000000000000F6
:107E8C0000000000000000000000000000000000E6
:107E9C0000000000000000000000000000000000D6
:107EAC0000000000000000000000000000000000C6
:107EBC0000000000000000000000000000000000B6
:107ECC0000000000000000000000000000000000A6
:107EDC000000000000000000000000000000000096
:107EEC000000000000000000000000000000000086
:107EFC000000000000000000000000000000000076
:107F0C000000000000000000000000000000000065
:107F1C000000000000000000000000000000000055
:107F2C000000000000000000000000000000000045
:107F3C000000000000000000000000000000000035
:107F4C000000000000000000000000000000000025
:107F5C000000000000000000000000000000000015
:107F6C000000000000000000000000000000000005
:107F7C0000000000000000000000000000000000F5
:107F8C0000000000000000000000000000000000E5
:107F9C0000000000000000000000000000000000D5
:107FAC0000000000000000000000000000000000C5
:107FBC0000000000000000000000000000000000B5
:107FCC0000000000000000000000000000000000A5
:107FDC000000000000000000000000000000000095
:107FEC000000000000000000000000000000000085
:107FFC000000000000000000000000000000000075
:10800C000000000000000000000000000000000064
:10801C000000000000000000000000000000000054
:10802C000000000000000000000000000000000044
:10803C000000000000000000000000000000000034
:10804C000000000000000000000000000000000024
:10805C000000000000000000000000000000000014
:10806C000000000000000000000000000000000004
:10807C0000000000000000000000000000000000F4
:10808C0000000000000000000000000000000000E4
:10809C0000000000000000000000000000000000D4
:1080AC0000000000000000000000000000000000C4
:1080BC0000000000000000000000000000000000B4
:1080CC0000000000000000000000000000000000A4
:1080DC000000000000000000000000000000000094
:1080EC000000000000000000000000000000000084
:1080FC000000000000000000000000000000000074
:10810C000000000000000000000000000000000063
:10811C000000000000000000000000000000000053
:10812C000000000000000000000000000000000043
:10813C000000000000000000000000000000000033
:10814C000000000000000000000000000000000023
:10815C000000000000000000000000000000000013
:10816C000000000000000000000000000000000003
:10817C0000000000000000000000000000000000F3
:10818C0000000000000000000000000000000000E3
:10819C0000000000000000000000000000000000D3
:1081AC0000000000000000000000000000000000C3
:1081BC0000000000000000000000000000000000B3
:1081CC0000000000000000000000000000000000A3
:1081DC000000000000000000000000000000000093
:1081EC000000000000000000000000000000000083
:1081FC000000000000000000000000000000000073
:10820C000000000000000000000000000000000062
:10821C000000000000000000000000000000000052
:10822C000000000000000000000000000000000042
:10823C000000000000000000000000000000000032
:10824C000000000000000000000000000000000022
:10825C000000000000000000000000000000000012
:10826C000000000000000000000000000000000002
:10827C0000000000000000000000000000000000F2
:10828C0000000000000000000000000000000000E2
:10829C0000000000000000000000000000000000D2
:1082AC0000000000000000000000000000000000C2
:1082BC0000000000000000000000000000000000B2
:1082CC0000000000000000000000000000000000A2
:1082DC000000000000000000000000000000000092
:1082EC000000000000000000000000000000000082
:1082FC000000000000000000000000000000000072
:10830C000000000000000000000000000000000061
:10831C000000000000000000000000000000000051
:10832C000000000000000000000000000000000041
:10833C000000000000000000000000000000000031
:10834C000000000000000000000000000000000021
:10835C000000000000000000000000000000000011
:10836C000000000000000000000000000000000001
:10837C0000000000000000000000000000000000F1
:10838C0000000000000000000000000000000000E1
:10839C0000000000000000000000000000000000D1
:1083AC0000000000000000000000000000000000C1
:1083BC0000000000000000000000000000000000B1
:1083CC0000000000000000000000000000000000A1
:1083DC000000000000000000000000000000000091
:1083EC000000000000000000000000000000000081
:1083FC000000000000000000000000000000000071
:10840C000000000000000000000000000000000060
:10841C000000000000000000000000000000000050
:10842C000000000000000000000000000000000040
:10843C000000000000000000000000000000000030
:10844C000000000000000000000000000000000020
:10845C000000000000000000000000000000000010
:10846C000000000000000000000000000000000000
:10847C0000000000000000000000000000000000F0
:10848C0000000000000000000000000000000000E0
:10849C0000000000000000000000000000000000D0
:1084AC0000000000000000000000000000000000C0
:1084BC0000000000000000000000000000000000B0
:1084CC0000000000000000000000000000000000A0
:1084DC000000000000000000000000000000000090
:1084EC000000000000000000000000000000000080
:1084FC000000000000000000000000000000000070
:10850C00000000000000000000000000000000005F
:10851C00000000000000000000000000000000004F
:10852C00000000000000000000000000000000003F
:10853C00000000000000000000000000000000002F
:10854C00000000000000000000000000000000001F
:10855C00000000000000000000000000000000000F
:10856C0000000000000000000000000000000000FF
:10857C0000000000000000000000000000000000EF
:10858C0000000000000000000000000000000000DF
:10859C0000000000000000000000000000000000CF
:1085AC0000000000000000000000000000000000BF
:1085BC0000000000000000000000000000000000AF
:1085CC00000000000000000000000000000000009F
:1085DC00000000000000000000000000000000008F
:1085EC00000000000000000000000000000000007F
:1085FC00000000000000000000000000000000006F
:10860C00000000000000000000000000000000005E
:10861C00000000000000000000000000000000004E
:10862C00000000000000000000000000000000003E
:10863C00000000000000000000000000000000002E
:10864C00000000000000000000000000000000001E
:10865C00000000000000000000000000000000000E
:10866C0000000000000000000000000000000000FE
:10867C0000000000000000000000000000000000EE
:10868C0000000000000000000000000000000000DE
:10869C0000000000000000000000000000000000CE
:1086AC0000000000000000000000000000000000BE
:1086BC0000000000000000000000000000000000AE
:1086CC00000000000000000000000000000000009E
:1086DC00000000000000000000000000000000008E
:1086EC00000000000000000000000000000000007E
:1086FC00000000000000000000000000000000006E
:10870C00000000000000000000000000000000005D
:10871C00000000000000000000000000000000004D
:10872C00000000000000000000000000000000003D
:10873C00000000000000000000000000000000002D
:10874C00000000000000000000000000000000001D
:10875C00000000000000000000000000000000000D
:10876C0000000000000000000000000000000000FD
:10877C0000000000000000000000000000000000ED
:10878C0000000000000000000000000000000000DD
:10879C0000000000000000000000000000000000CD
:1087AC0000000000000000000000000000000000BD
:1087BC0000000000000000000000000000000000AD
:1087CC00000000000000000000000000000000009D
:1087DC00000000000000000000000000000000008D
:1087EC00000000000000000000000000000000007D
:1087FC00000000000000000000000000000000006D
:10880C00000000000000000000000000000000005C
:10881C00000000000000000000000000000000004C
:10882C00000000000000000000000000000000003C
:10883C00000000000000000000000000000000002C
:10884C00000000000000000000000000000000001C
:10885C00000000000000000000000000000000000C
:10886C0000000000000000000000000000000000FC
:10887C0000000000000000000000000000000000EC
:10888C0000000000000000000000000000000000DC
:10889C0000000000000000000000000000000000CC
:1088AC0000000000000000000000000000000000BC
:1088BC0000000000000000000000000000000000AC
:1088CC00000000000000000000000000000000009C
:1088DC00000000000000000000000000000000008C
:1088EC00000000000000000000000000000000007C
:1088FC00000000000000000000000000000000006C
:10890C00000000000000000000000000000000005B
:10891C00000000000000000000000000000000004B
:10892C00000000000000000000000000000000003B
:10893C00000000000000000000000000000000002B
:10894C00000000000000000000000000000000001B
:10895C00000000000000000000000000000000000B
:10896C0000000000000000000000000000000000FB
:10897C0000000000000000000000000000000000EB
:10898C0000000000000000000000000000000000DB
:10899C0000000000000000000000000000000000CB
:1089AC0000000000000000000000000000000000BB
:1089BC0000000000000000000000000000000000AB
:1089CC00000000000000000000000000000000009B
:1089DC00000000000000000000000000000000008B
:1089EC00000000000000000000000000000000007B
:1089FC00000000000000000000000000000000006B
:108A0C00000000000000000000000000000000005A
:108A1C00000000000000000000000000000000004A
:108A2C00000000000000000000000000000000003A
:108A3C00000000000000000000000000000000002A
:108A4C00000000000000000000000000000000001A
:108A5C00000000000000000000000000000000000A
:108A6C0000000000000000000000000000000000FA
:108A7C0000000000000000000000000000000000EA
:108A8C0000000000000000000000000000000000DA
:108A9C0000000000000000000000000000000000CA
:108AAC0000000000000000000000000000000000BA
:108ABC0000000000000000000000000000000000AA
:108ACC00000000000000000000000000000000009A
:108ADC00000000000000000000000000000000008A
:108AEC00000000000000000000000000000000007A
:108AFC00000000000000000000000000000000006A
:108B0C000000000000000000000000000000000059
:108B1C000000000000000000000000000000000049
:108B2C000000000000000000000000000000000039
:108B3C000000000000000000000000000000000029
:108B4C000000000000000000000000000000000019
:108B5C000000000000000000000000000000000009
:108B6C0000000000000000000000000000000000F9
:108B7C0000000000000000000000000000000000E9
:108B8C0000000000000000000000000000000000D9
:108B9C0000000000000000000000000000000000C9
:108BAC0000000000000000000000000000000000B9
:108BBC0000000000000000000000000000000000A9
:108BCC000000000000000000000000000000000099
:108BDC000000000000000000000000000000000089
:108BEC000000000000000000000000000000000079
:108BFC000000000000000000000000000000000069
:108C0C000000000000000000000000000000000058
:108C1C000000000000000000000000000000000048
:108C2C000000000000000000000000000000000038
:108C3C000000000000000000000000000000000028
:108C4C000000000000000000000000000000000018
:108C5C000000000000000000000000000000000008
:108C6C0000000000000000000000000000000000F8
:108C7C0000000000000000000000000000000000E8
:108C8C0000000000000000000000000000000000D8
:108C9C0000000000000000000000000000000000C8
:108CAC0000000000000000000000000000000000B8
:108CBC0000000000000000000000000000000000A8
:108CCC000000000000000000000000000000000098
:108CDC000000000000000000000000000000000088
:108CEC000000000000000000000000000000000078
:108CFC000000000000000000000000000000000068
:108D0C000000000000000000000000000000000057
:108D1C000000000000000000000000000000000047
:108D2C000000000000000000000000000000000037
:108D3C000000000000000000000000000000000027
:108D4C000000000000000000000000000000000017
:108D5C000000000000000000000000000000000007
:108D6C0000000000000000000000000000000000F7
:108D7C0000000000000000000000000000000000E7
:108D8C0000000000000000000000000000000000D7
:108D9C0000000000000000000000000000000000C7
:108DAC0000000000000000000000000000000000B7
:108DBC0000000000000000000000000000000000A7
:108DCC000000000000000000000000000000000097
:108DDC000000000000000000000000000000000087
:108DEC000000000000000000000000000000000077
:108DFC000000000000000000000000000000000067
:108E0C000000000000000000000000000000000056
:108E1C000000000000000000000000000000000046
:108E2C000000000000000000000000000000000036
:108E3C000000000000000000000000000000000026
:108E4C000000000000000000000000000000000016
:108E5C000000000000000000000000000000000006
:108E6C0000000000000000000000000000000000F6
:108E7C0000000000000000000000000000000000E6
:108E8C0000000000000000000000000000000000D6
:108E9C0000000000000000000000000000000000C6
:108EAC0000000000000000000000000000000000B6
:108EBC0000000000000000000000000000000000A6
:108ECC000000000000000000000000000000000096
:108EDC000000000000000000000000000000000086
:108EEC000000000000000000000000000000000076
:108EFC000000000000000000000000000000000066
:108F0C000000000000000000000000000000000055
:108F1C000000000000000000000000000000000045
:108F2C000000000000000000000000000000000035
:108F3C000000000000000000000000000000000025
:108F4C000000000000000000000000000000000015
:108F5C000000000000000000000000000000000005
:108F6C0000000000000000000000000000000000F5
:108F7C0000000000000000000000000000000000E5
:108F8C0000000000000000000000000000000000D5
:108F9C0000000000000000000000000000000000C5
:108FAC0000000000000000000000000000000000B5
:108FBC0000000000000000000000000000000000A5
:108FCC000000000000000000000000000000000095
:108FDC000000000000000000000000000000000085
:108FEC000000000000000000000000000000000075
:108FFC000000000000000000000000000000000065
:10900C000000000000000000000000000000000054
:10901C000000000000000000000000000000000044
:10902C000000000000000000000000000000000034
:10903C000000000000000000000000000000000024
:10904C000000000000000000000000000000000014
:10905C000000000000000000000000000000000004
:10906C0000000000000000000000000000000000F4
:10907C0000000000000000000000000000000000E4
:10908C0000000000000000000000000000000000D4
:10909C0000000000000000000000000000000000C4
:1090AC0000000000000000000000000000000000B4
:1090BC0000000000000000000000000000000000A4
:1090CC000000000000000000000000000000000094
:1090DC000000000000000000000000000000000084
:1090EC000000000000000000000000000000000074
:1090FC000000000000000000000000000000000064
:10910C000000000000000000000000000000000053
:10911C000000000000000000000000000000000043
:10912C000000000000000000000000000000000033
:10913C000000000000000000000000000000000023
:10914C000000000000000000000000000000000013
:10915C000000000000000000000000000000000003
:10916C0000000000000000000000000000000000F3
:10917C0000000000000000000000000000000000E3
:10918C0000000000000000000000000000000000D3
:10919C0000000000000000000000000000000000C3
:1091AC0000000000000000000000000000000000B3
:1091BC0000000000000000000000000000000000A3
:1091CC000000000000000000000000000000000093
:1091DC000000000000000000000000000000000083
:1091EC000000000000000000000000000000000073
:1091FC000000000000000000000000000000000063
:10920C000000000000000000000000000000000052
:10921C000000000000000000000000000000000042
:10922C000000000000000000000000000000000032
:10923C000000000000000000000000000000000022
:10924C000000000000000000000000000000000012
:10925C000000000000000000000000000000000002
:10926C0000000000000000000000000000000000F2
:10927C0000000000000000000000000000000000E2
:10928C0000000000000000000000000000000000D2
:10929C0000000000000000000000000000000000C2
:1092AC0000000000000000000000000000000000B2
:1092BC0000000000000000000000000000000000A2
:1092CC000000000000000000000000000000000092
:1092DC000000000000000000000000000000000082
:1092EC000000000000000000000000000000000072
:1092FC000000000000000000000000000000000062
:10930C000000000000000000000000000000000051
:10931C000000000000000000000000000000000041
:10932C000000000000000000000000000000000031
:10933C000000000000000000000000000000000021
:10934C000000000000000000000000000000000011
:10935C000000000000000000000000000000000001
:10936C0000000000000000000000000000000000F1
:10937C0000000000000000000000000000000000E1
:10938C0000000000000000000000000000000000D1
:10939C0000000000000000000000000000000000C1
:1093AC0000000000000000000000000000000000B1
:1093BC0000000000000000000000000000000000A1
:1093CC000000000000000000000000000000000091
:1093DC000000000000000000000000000000000081
:1093EC000000000000000000000000000000000071
:1093FC000000000000000000000000000000000061
:10940C000000000000000000000000000000000050
:10941C000000000000000000000000000000000040
:10942C000000000000000000000000000000000030
:10943C000000000000000000000000000000000020
:10944C000000000000000000000000000000000010
:10945C000000000000000000000000000000000000
:10946C0000000000000000000000000000000000F0
:10947C0000000000000000000000000000000000E0
:10948C0000000000000000000000000000000000D0
:10949C0000000000000000000000000000000000C0
:1094AC0000000000000000000000000000000000B0
:1094BC0000000000000000000000000000000000A0
:1094CC000000000000000000000000000000000090
:1094DC000000000000000000000000000000000080
:1094EC000000000000000000000000000000000070
:1094FC000000000000000000000000000000000060
:10950C00000000000000000000000000000000004F
:10951C00000000000000000000000000000000003F
:10952C00000000000000000000000000000000002F
:10953C00000000000000000000000000000000001F
:10954C00000000000000000000000000000000000F
:10955C0000000000000000000000000000000000FF
:10956C0000000000000000000000000000000000EF
:10957C0000000000000000000000000000000000DF
:10958C0000000000000000000000000000000000CF
:10959C0000000000000000000000000000000000BF
:1095AC0000000000000000000000000000000000AF
:1095BC00000000000000000000000000000000009F
:1095CC00000000000000000000000000000000008F
:1095DC00000000000000000000000000000000007F
:1095EC00000000000000000000000000000000006F
:1095FC00000000000000000000000000000000005F
:10960C00000000000000000000000000000000004E
:10961C00000000000000000000000000000000003E
:10962C00000000000000000000000000000000002E
:10963C00000000000000000000000000000000001E
:10964C00000000000000000000000000000000000E
:10965C0000000000000000000000000000000000FE
:10966C0000000000000000000000000000000000EE
:10967C0000000000000000000000000000000000DE
:10968C0000000000000000000000000000000000CE
:10969C0000000000000000000000000000000000BE
:1096AC0000000000000000000000000000000000AE
:1096BC00000000000000000000000000000000009E
:1096CC00000000000000000000000000000000008E
:1096DC00000000000000000000000000000000007E
:1096EC00000000000000000000000000000000006E
:1096FC00000000000000000000000000000000005E
:10970C00000000000000000000000000000000004D
:10971C00000000000000000000000000000000003D
:10972C00000000000000000000000000000000002D
:10973C00000000000000000000000000000000001D
:10974C00000000000000000000000000000000000D
:10975C0000000000000000000000000000000000FD
:10976C0000000000000000000000000000000000ED
:10977C0000000000000000000000000000000000DD
:10978C0000000000000000000000000000000000CD
:10979C0000000000000000000000000000000000BD
:1097AC0000000000000000000000000000000000AD
:1097BC00000000000000000000000000000000009D
:1097CC00000000000000000000000000000000008D
:1097DC00000000000000000000000000000000007D
:1097EC00000000000000000000000000000000006D
:1097FC00000000000000000000000000000000005D
:10980C00000000000000000000000000000000004C
:10981C00000000000000000000000000000000003C
:10982C00000000000000000000000000000000002C
:10983C00000000000000000000000000000000001C
:10984C00000000000000000000000000000000000C
:10985C0000000000000000000000000000000000FC
:10986C0000000000000000000000000000000000EC
:10987C0000000000000000000000000000000000DC
:10988C0000000000000000000000000000000000CC
:10989C0000000000000000000000000000000000BC
:1098AC0000000000000000000000000000000000AC
:1098BC00000000000000000000000000000000009C
:1098CC00000000000000000000000000000000008C
:1098DC00000000000000000000000000000000007C
:1098EC00000000000000000000000000000000006C
:1098FC00000000000000000000000000000000005C
:10990C00000000000000000000000000000000004B
:10991C00000000000000000000000000000000003B
:10992C00000000000000000000000000000000002B
:10993C00000000000000000000000000000000001B
:10994C00000000000000000000000000000000000B
:10995C0000000000000000000000000000000000FB
:10996C0000000000000000000000000000000000EB
:10997C0000000000000000000000000000000000DB
:10998C0000000000000000000000000000000000CB
:10999C0000000000000000000000000000000000BB
:1099AC0000000000000000000000000000000000AB
:1099BC00000000000000000000000000000000009B
:1099CC00000000000000000000000000000000008B
:1099DC00000000000000000000000000000000007B
:1099EC00000000000000000000000000000000006B
:1099FC00000000000000000000000000000000005B
:109A0C00000000000000000000000000000000004A
:109A1C00000000000000000000000000000000003A
:109A2C00000000000000000000000000000000002A
:109A3C00000000000000000000000000000000001A
:109A4C00000000000000000000000000000000000A
:109A5C0000000000000000000000000000000000FA
:109A6C0000000000000000000000000000000000EA
:109A7C0000000000000000000000000000000000DA
:109A8C0000000000000000000000000000000000CA
:109A9C0000000000000000000000000000000000BA
:109AAC0000000000000000000000000000000000AA
:109ABC00000000000000000000000000000000009A
:109ACC00000000000000000000000000000000008A
:109ADC00000000000000000000000000000000007A
:109AEC00000000000000000000000000000000006A
:109AFC00000000000000000000000000000000005A
:109B0C000000000000000000000000000000000049
:109B1C000000000000000000000000000000000039
:109B2C000000000000000000000000000000000029
:109B3C000000000000000000000000000000000019
:109B4C000000000000000000000000000000000009
:109B5C0000000000000000000000000000000000F9
:109B6C0000000000000000000000000000000000E9
:109B7C0000000000000000000000000000000000D9
:109B8C0000000000000000000000000000000000C9
:109B9C0000000000000000000000000000000000B9
:109BAC0000000000000000000000000000000000A9
:109BBC000000000000000000000000000000000099
:109BCC000000000000000000000000000000000089
:109BDC000000000000000000000000000000000079
:109BEC000000000000000000000000000000000069
:109BFC000000000000000000000000000000000059
:109C0C000000000000000000000000000000000048
:109C1C000000000000000000000000000000000038
:109C2C000000000000000000000000000000000028
:109C3C000000000000000000000000000000000018
:109C4C000000000000000000000000000000000008
:109C5C0000000000000000000000000000000000F8
:109C6C0000000000000000000000000000000000E8
:109C7C0000000000000000000000000000000000D8
:109C8C0000000000000000000000000000000000C8
:109C9C0000000000000000000000000000000000B8
:109CAC0000000000000000000000000000000000A8
:109CBC000000000000000000000000000000000098
:109CCC000000000000000000000000000000000088
:109CDC000000000000000000000000000000000078
:109CEC000000000000000000000000000000000068
:109CFC000000000000000000000000000000000058
:109D0C000000000000000000000000000000000047
:109D1C000000000000000000000000000000000037
:109D2C000000000000000000000000000000000027
:109D3C000000000000000000000000000000000017
:109D4C000000000000000000000000000000000007
:109D5C0000000000000000000000000000000000F7
:109D6C0000000000000000000000000000000000E7
:109D7C0000000000000000000000000000000000D7
:109D8C0000000000000000000000000000000000C7
:109D9C0000000000000000000000000000000000B7
:109DAC0000000000000000000000000000000000A7
:109DBC000000000000000000000000000000000097
:109DCC000000000000000000000000000000000087
:109DDC000000000000000000000000000000000077
:109DEC000000000000000000000000000000000067
:109DFC000000000000000000000000000000000057
:109E0C000000000000000000000000000000000046
:109E1C000000000000000000000000000000000036
:109E2C000000000000000000000000000000000026
:109E3C000000000000000000000000000000000016
:109E4C000000000000000000000000000000000006
:109E5C0000000000000000000000000000000000F6
:109E6C0000000000000000000000000000000000E6
:109E7C0000000000000000000000000000000000D6
:109E8C0000000000000000000000000000000000C6
:109E9C0000000000000000000000000000000000B6
:109EAC0000000000000000000000000000000000A6
:109EBC000000000000000000000000000000000096
:109ECC000000000000000000000000000000000086
:109EDC000000000000000000000000000000000076
:109EEC000000000000000000000000000000000066
:109EFC000000000000000000000000000000000056
:109F0C000000000000000000000000000000000045
:109F1C000000000000000000000000000000000035
:109F2C000000000000000000000000000000000025
:109F3C000000000000000000000000000000000015
:109F4C000000000000000000000000000000000005
:109F5C0000000000000000000000000000000000F5
:109F6C0000000000000000000000000000000000E5
:109F7C0000000000000000000000000000000000D5
:109F8C0000000000000000000000000000000000C5
:109F9C0000000000000000000000000000000000B5
:109FAC0000000000000000000000000000000000A5
:109FBC000000000000000000000000000000000095
:109FCC000000000000000000000000000000000085
:109FDC000000000000000000000000000000000075
:109FEC000000000000000000000000000000000065
:109FFC000000000000000000000000000000000055
:10A00C000000000000000000000000000000000044
:10A01C000000000000000000000000000000000034
:10A02C000000000000000000000000000000000024
:10A03C000000000000000000000000000000000014
:10A04C000000000000000000000000000000000004
:10A05C0000000000000000000000000000000000F4
:10A06C0000000000000000000000000000000000E4
:10A07C0000000000000000000000000000000000D4
:10A08C0000000000000000000000000000000000C4
:10A09C0000000000000000000000000000000000B4
:10A0AC0000000000000000000000000000000000A4
:10A0BC000000000000000000000000000000000094
:10A0CC000000000000000000000000000000000084
:10A0DC000000000000000000000000000000000074
:10A0EC000000000000000000000000000000000064
:10A0FC000000000000000000000000000000000054
:10A10C000000000000000000000000000000000043
:10A11C000000000000000000000000000000000033
:10A12C000000000000000000000000000000000023
:10A13C000000000000000000000000000000000013
:10A14C000000000000000000000000000000000003
:10A15C0000000000000000000000000000000000F3
:10A16C0000000000000000000000000000000000E3
:10A17C0000000000000000000000000000000000D3
:10A18C0000000000000000000000000000000000C3
:10A19C0000000000000000000000000000000000B3
:10A1AC0000000000000000000000000000000000A3
:10A1BC000000000000000000000000000000000093
:10A1CC000000000000000000000000000000000083
:10A1DC000000000000000000000000000000000073
:10A1EC000000000000000000000000000000000063
:10A1FC000000000000000000000000000000000053
:10A20C000000000000000000000000000000000042
:10A21C000000000000000000000000000000000032
:10A22C000000000000000000000000000000000022
:10A23C000000000000000000000000000000000012
:10A24C000000000000000000000000000000000002
:10A25C0000000000000000000000000000000000F2
:10A26C0000000000000000000000000000000000E2
:10A27C0000000000000000000000000000000000D2
:10A28C0000000000000000000000000000000000C2
:10A29C0000000000000000000000000000000000B2
:10A2AC0000000000000000000000000000000000A2
:10A2BC000000000000000000000000000000000092
:10A2CC000000000000000000000000000000000082
:10A2DC000000000000000000000000000000000072
:10A2EC000000000000000000000000000000000062
:10A2FC000000000000000000000000000000000052
:10A30C000000000000000000000000000000000041
:10A31C000000000000000000000000000000000031
:10A32C000000000000000000000000000000000021
:10A33C000000000000000000000000000000000011
:10A34C000000000000000000000000000000000001
:10A35C0000000000000000000000000000000000F1
:10A36C0000000000000000000000000000000000E1
:10A37C0000000000000000000000000000000000D1
:10A38C0000000000000000000000000000000000C1
:10A39C0000000000000000000000000000000000B1
:10A3AC0000000000000000000000000000000000A1
:10A3BC000000000000000000000000000000000091
:10A3CC000000000000000000000000000000000081
:10A3DC000000000000000000000000000000000071
:10A3EC000000000000000000000000000000000061
:10A3FC000000000000000000000000000000000051
:10A40C000000000000000000000000000000000040
:10A41C000000000000000000000000000000000030
:10A42C000000000000000000000000000000000020
:10A43C000000000000000000000000000000000010
:10A44C000000000000000000000000000000000000
:10A45C0000000000000000000000000000000000F0
:10A46C0000000000000000000000000000000000E0
:10A47C0000000000000000000000000000000000D0
:10A48C0000000000000000000000000000000000C0
:10A49C0000000000000000000000000000000000B0
:10A4AC0000000000000000000000000000000000A0
:10A4BC000000000000000000000000000000000090
:10A4CC000000000000000000000000000000000080
:10A4DC000000000000000000000000000000000070
:10A4EC000000000000000000000000000000000060
:10A4FC000000000000000000000000000000000050
:10A50C00000000000000000000000000000000003F
:10A51C00000000000000000000000000000000002F
:10A52C00000000000000000000000000000000001F
:10A53C00000000000000000000000000000000000F
:10A54C0000000000000000000000000000000000FF
:10A55C0000000000000000000000000000000000EF
:10A56C0000000000000000000000000000000000DF
:10A57C0000000000000000000000000000000000CF
:10A58C0000000000000000000000000000000000BF
:10A59C0000000000000000000000000000000000AF
:10A5AC00000000000000000000000000000000009F
:10A5BC00000000000000000000000000000000008F
:10A5CC00000000000000000000000000000000007F
:10A5DC00000000000000000000000000000000006F
:10A5EC00000000000000000000000000000000005F
:10A5FC00000000000000000000000000000000004F
:10A60C00000000000000000000000000000000003E
:10A61C00000000000000000000000000000000002E
:10A62C00000000000000000000000000000000001E
:10A63C00000000000000000000000000000000000E
:10A64C0000000000000000000000000000000000FE
:10A65C0000000000000000000000000000000000EE
:10A66C0000000000000000000000000000000000DE
:10A67C0000000000000000000000000000000000CE
:10A68C0000000000000000000000000000000000BE
:10A69C0000000000000000000000000000000000AE
:10A6AC00000000000000000000000000000000009E
:10A6BC00000000000000000000000000000000008E
:10A6CC00000000000000000000000000000000007E
:10A6DC00000000000000000000000000000000006E
:10A6EC00000000000000000000000000000000005E
:10A6FC00000000000000000000000000000000004E
:10A70C00000000000000000000000000000000003D
:10A71C00000000000000000000000000000000002D
:10A72C00000000000000000000000000000000001D
:10A73C00000000000000000000000000000000000D
:10A74C0000000000000000000000000000000000FD
:10A75C0000000000000000000000000000000000ED
:10A76C0000000000000000000000000000000000DD
:10A77C0000000000000000000000000000000000CD
:10A78C0000000000000000000000000000000000BD
:10A79C0000000000000000000000000000000000AD
:10A7AC00000000000000000000000000000000009D
:10A7BC00000000000000000000000000000000008D
:10A7CC00000000000000000000000000000000007D
:10A7DC00000000000000000000000000000000006D
:10A7EC00000000000000000000000000000000005D
:10A7FC00000000000000000000000000000000004D
:10A80C00000000000000000000000000000000003C
:10A81C00000000000000000000000000000000002C
:10A82C00000000000000000000000000000000001C
:10A83C00000000000000000000000000000000000C
:10A84C0000000000000000000000000000000000FC
:10A85C0000000000000000000000000000000000EC
:10A86C0000000000000000000000000000000000DC
:10A87C0000000000000000000000000000000000CC
:10A88C0000000000000000000000000000000000BC
:10A89C0000000000000000000000000000000000AC
:10A8AC00000000000000000000000000000000009C
:10A8BC00000000000000000000000000000000008C
:10A8CC00000000000000000000000000000000007C
:10A8DC00000000000000000000000000000000006C
:10A8EC00000000000000000000000000000000005C
:10A8FC00000000000000000000000000000000004C
:10A90C00000000000000000000000000000000003B
:10A91C00000000000000000000000000000000002B
:10A92C00000000000000000000000000000000001B
:10A93C00000000000000000000000000000000000B
:10A94C0000000000000000000000000000000000FB
:10A95C0000000000000000000000000000000000EB
:10A96C0000000000000000000000000000000000DB
:10A97C0000000000000000000000000000000000CB
:10A98C0000000000000000000000000000000000BB
:10A99C0000000000000000000000000000000000AB
:10A9AC00000000000000000000000000000000009B
:10A9BC00000000000000000000000000000000008B
:10A9CC00000000000000000000000000000000007B
:10A9DC00000000000000000000000000000000006B
:10A9EC00000000000000000000000000000000005B
:10A9FC00000000000000000000000000000000004B
:10AA0C00000000000000000000000000000000003A
:10AA1C00000000000000000000000000000000002A
:10AA2C00000000000000000000000000000000001A
:10AA3C00000000000000000000000000000000000A
:10AA4C0000000000000000000000000000000000FA
:10AA5C0000000000000000000000000000000000EA
:10AA6C0000000000000000000000000000000000DA
:10AA7C0000000000000000000000000000000000CA
:10AA8C0000000000000000000000000000000000BA
:10AA9C0000000000000000000000000000000000AA
:10AAAC00000000000000000000000000000000009A
:10AABC00000000000000000000000000000000008A
:10AACC00000000000000000000000000000000007A
:10AADC00000000000000000000000000000000006A
:10AAEC00000000000000000000000000000000005A
:10AAFC00000000000000000000000000000000004A
:10AB0C000000000000000000000000000000000039
:10AB1C000000000000000000000000000000000029
:10AB2C000000000000000000000000000000000019
:10AB3C000000000000000000000000000000000009
:10AB4C0000000000000000000000000000000000F9
:10AB5C0000000000000000000000000000000000E9
:10AB6C0000000000000000000000000000000000D9
:10AB7C0000000000000000000000000000000000C9
:10AB8C0000000000000000000000000000000000B9
:10AB9C0000000000000000000000000000000000A9
:10ABAC000000000000000000000000000000000099
:10ABBC000000000000000000000000000000000089
:10ABCC000000000000000000000000000000000079
:10ABDC000000000000000000000000000000000069
:10ABEC000000000000000000000000000000000059
:10ABFC000000000000000000000000000000000049
:10AC0C000000000000000000000000000000000038
:10AC1C000000000000000000000000000000000028
:10AC2C000000000000000000000000000000000018
:10AC3C000000000000000000000000000000000008
:10AC4C0000000000000000000000000000000000F8
:10AC5C0000000000000000000000000000000000E8
:10AC6C0000000000000000000000000000000000D8
:10AC7C0000000000000000000000000000000000C8
:10AC8C0000000000000000000000000000000000B8
:10AC9C0000000000000000000000000000000000A8
:10ACAC000000000000000000000000000000000098
:10ACBC000000000000000000000000000000000088
:10ACCC000000000000000000000000000000000078
:10ACDC000000000000000000000000000000000068
:10ACEC000000000000000000000000000000000058
:10ACFC000000000000000000000000000000000048
:10AD0C000000000000000000000000000000000037
:10AD1C000000000000000000000000000000000027
:10AD2C000000000000000000000000000000000017
:10AD3C000000000000000000000000000000000007
:10AD4C0000000000000000000000000000000000F7
:10AD5C0000000000000000000000000000000000E7
:10AD6C0000000000000000000000000000000000D7
:10AD7C0000000000000000000000000000000000C7
:10AD8C0000000000000000000000000000000000B7
:10AD9C0000000000000000000000000000000000A7
:10ADAC000000000000000000000000000000000097
:10ADBC000000000000000000000000000000000087
:10ADCC000000000000000000000000000000000077
:10ADDC000000000000000000000000000000000067
:10ADEC000000000000000000000000000000000057
:10ADFC000000000000000000000000000000000047
:10AE0C000000000000000000000000000000000036
:10AE1C000000000000000000000000000000000026
:10AE2C000000000000000000000000000000000016
:10AE3C000000000000000000000000000000000006
:10AE4C0000000000000000000000000000000000F6
:10AE5C0000000000000000000000000000000000E6
:10AE6C0000000000000000000000000000000000D6
:10AE7C0000000000000000000000000000000000C6
:10AE8C0000000000000000000000000000000000B6
:10AE9C0000000000000000000000000000000000A6
:10AEAC000000000000000000000000000000000096
:10AEBC000000000000000000000000000000000086
:10AECC000000000000000000000000000000000076
:10AEDC000000000000000000000000000000000066
:10AEEC000000000000000000000000000000000056
:10AEFC000000000000000000000000000000000046
:10AF0C000000000000000000000000000000000035
:10AF1C000000000000000000000000000000000025
:10AF2C000000000000000000000000000000000015
:10AF3C000000000000000000000000000000000005
:10AF4C0000000000000000000000000000000000F5
:10AF5C0000000000000000000000000000000000E5
:10AF6C0000000000000000000000000000000000D5
:10AF7C0000000000000000000000000000000000C5
:10AF8C0000000000000000000000000000000000B5
:10AF9C0000000000000000000000000000000000A5
:10AFAC000000000000000000000000000000000095
:10AFBC000000000000000000000000000000000085
:10AFCC000000000000000000000000000000000075
:10AFDC000000000000000000000000000000000065
:10AFEC000000000000000000000000000000000055
:10AFFC000000000000000000000000000000000045
:10B00C000000000000000000000000000000000034
:10B01C000000000000000000000000000000000024
:10B02C000000000000000000000000000000000014
:10B03C000000000000000000000000000000000004
:10B04C0000000000000000000000000000000000F4
:10B05C0000000000000000000000000000000000E4
:10B06C0000000000000000000000000000000000D4
:10B07C0000000000000000000000000000000000C4
:10B08C0000000000000000000000000000000000B4
:10B09C0000000000000000000000000000000000A4
:10B0AC000000000000000000000000000000000094
:10B0BC000000000000000000000000000000000084
:10B0CC000000000000000000000000000000000074
:10B0DC000000000000000000000000000000000064
:10B0EC000000000000000000000000000000000054
:10B0FC000000000000000000000000000000000044
:10B10C000000000000000000000000000000000033
:10B11C000000000000000000000000000000000023
:10B12C000000000000000000000000000000000013
:10B13C000000000000000000000000000000000003
:10B14C0000000000000000000000000000000000F3
:10B15C0000000000000000000000000000000000E3
:10B16C0000000000000000000000000000000000D3
:10B17C0000000000000000000000000000000000C3
:10B18C0000000000000000000000000000000000B3
:10B19C0000000000000000000000000000000000A3
:10B1AC000000000000000000000000000000000093
:10B1BC000000000000000000000000000000000083
:10B1CC000000000000000000000000000000000073
:10B1DC000000000000000000000000000000000063
:10B1EC000000000000000000000000000000000053
:10B1FC000000000000000000000000000000000043
:10B20C000000000000000000000000000000000032
:10B21C000000000000000000000000000000000022
:10B22C000000000000000000000000000000000012
:10B23C000000000000000000000000000000000002
:10B24C0000000000000000000000000000000000F2
:10B25C0000000000000000000000000000000000E2
:10B26C0000000000000000000000000000000000D2
:10B27C0000000000000000000000000000000000C2
:10B28C0000000000000000000000000000000000B2
:10B29C0000000000000000000000000000000000A2
:10B2AC000000000000000000000000000000000092
:10B2BC000000000000000000000000000000000082
:10B2CC000000000000000000000000000000000072
:10B2DC000000000000000000000000000000000062
:10B2EC000000000000000000000000000000000052
:10B2FC000000000000000000000000000000000042
:10B30C000000000000000000000000000000000031
:10B31C000000000000000000000000000000000021
:10B32C000000000000000000000000000000000011
:10B33C000000000000000000000000000000000001
:10B34C0000000000000000000000000000000000F1
:10B35C0000000000000000000000000000000000E1
:10B36C0000000000000000000000000000000000D1
:10B37C0000000000000000000000000000000000C1
:10B38C0000000000000000000000000000000000B1
:10B39C0000000000000000000000000000000000A1
:10B3AC000000000000000000000000000000000091
:10B3BC000000000000000000000000000000000081
:10B3CC000000000000000000000000000000000071
:10B3DC000000000000000000000000000000000061
:10B3EC000000000000000000000000000000000051
:10B3FC000000000000000000000000000000000041
:10B40C000000000000000000000000000000000030
:10B41C000000000000000000000000000000000020
:10B42C000000000000000000000000000000000010
:10B43C000000000000000000000000000000000000
:10B44C0000000000000000000000000000000000F0
:10B45C0000000000000000000000000000000000E0
:10B46C0000000000000000000000000000000000D0
:10B47C0000000000000000000000000000000000C0
:10B48C0000000000000000000000000000000000B0
:10B49C0000000000000000000000000000000000A0
:10B4AC000000000000000000000000000000000090
:10B4BC000000000000000000000000000000000080
:10B4CC000000000000000000000000000000000070
:10B4DC000000000000000000000000000000000060
:10B4EC000000000000000000000000000000000050
:10B4FC000000000000000000000000000000000040
:10B50C00000000000000000000000000000000002F
:10B51C00000000000000000000000000000000001F
:10B52C00000000000000000000000000000000000F
:10B53C0000000000000000000000000000000000FF
:10B54C0000000000000000000000000000000000EF
:10B55C0000000000000000000000000000000000DF
:10B56C0000000000000000000000000000000000CF
:10B57C0000000000000000000000000000000000BF
:10B58C0000000000000000000000000000000000AF
:10B59C00000000000000000000000000000000009F
:10B5AC00000000000000000000000000000000008F
:10B5BC00000000000000000000000000000000007F
:10B5CC00000000000000000000000000000000006F
:10B5DC00000000000000000000000000000000005F
:10B5EC00000000000000000000000000000000004F
:10B5FC00000000000000000000000000000000003F
:10B60C00000000000000000000000000000000002E
:10B61C00000000000000000000000000000000001E
:10B62C00000000000000000000000000000000000E
:10B63C0000000000000000000000000000000000FE
:10B64C0000000000000000000000000000000000EE
:10B65C0000000000000000000000000000000000DE
:10B66C0000000000000000000000000000000000CE
:10B67C0000000000000000000000000000000000BE
:10B68C0000000000000000000000000000000000AE
:10B69C00000000000000000000000000000000009E
:10B6AC00000000000000000000000000000000008E
:10B6BC00000000000000000000000000000000007E
:10B6CC00000000000000000000000000000000006E
:10B6DC00000000000000000000000000000000005E
:10B6EC00000000000000000000000000000000004E
:10B6FC00000000000000000000000000000000003E
:10B70C00000000000000000000000000000000002D
:10B71C00000000000000000000000000000000001D
:10B72C00000000000000000000000000000000000D
:10B73C0000000000000000000000000000000000FD
:10B74C0000000000000000000000000000000000ED
:10B75C0000000000000000000000000000000000DD
:10B76C0000000000000000000000000000000000CD
:10B77C0000000000000000000000000000000000BD
:10B78C0000000000000000000000000000000000AD
:10B79C00000000000000000000000000000000009D
:10B7AC00000000000000000000000000000000008D
:10B7BC00000000000000000000000000000000007D
:10B7CC00000000000000000000000000000000006D
:10B7DC00000000000000000000000000000000005D
:10B7EC00000000000000000000000000000000004D
:10B7FC00000000000000000000000000000000003D
:10B80C00000000000000000000000000000000002C
:10B81C00000000000000000000000000000000001C
:10B82C00000000000000000000000000000000000C
:10B83C0000000000000000000000000000000000FC
:10B84C0000000000000000000000000000000000EC
:10B85C0000000000000000000000000000000000DC
:10B86C0000000000000000000000000000000000CC
:10B87C0000000000000000000000000000000000BC
:10B88C0000000000000000000000000000000000AC
:10B89C00000000000000000000000000000000009C
:10B8AC00000000000000000000000000000000008C
:10B8BC00000000000000000000000000000000007C
:10B8CC00000000000000000000000000000000006C
:10B8DC00000000000000000000000000000000005C
:10B8EC00000000000000000000000000000000004C
:10B8FC00000000000000000000000000000000003C
:10B90C00000000000000000000000000000000002B
:10B91C00000000000000000000000000000000001B
:10B92C00000000000000000000000000000000000B
:10B93C0000000000000000000000000000000000FB
:10B94C0000000000000000000000000000000000EB
:10B95C0000000000000000000000000000000000DB
:10B96C0000000000000000000000000000000000CB
:10B97C0000000000000000000000000000000000BB
:10B98C0000000000000000000000000000000000AB
:10B99C00000000000000000000000000000000009B
:10B9AC00000000000000000000000000000000008B
:10B9BC00000000000000000000000000000000007B
:10B9CC00000000000000000000000000000000006B
:10B9DC00000000000000000000000000000000005B
:10B9EC00000000000000000000000000000000004B
:10B9FC00000000000000000000000000000000003B
:10BA0C00000000000000000000000000000000002A
:10BA1C00000000000000000000000000000000001A
:10BA2C00000000000000000000000000000000000A
:10BA3C0000000000000000000000000000000000FA
:10BA4C0000000000000000000000000000000000EA
:10BA5C0000000000000000000000000000000000DA
:10BA6C0000000000000000000000000000000000CA
:10BA7C0000000000000000000000000000000000BA
:10BA8C0000000000000000000000000000000000AA
:10BA9C00000000000000000000000000000000009A
:10BAAC00000000000000000000000000000000008A
:10BABC00000000000000000000000000000000007A
:10BACC00000000000000000000000000000000006A
:10BADC00000000000000000000000000000000005A
:10BAEC00000000000000000000000000000000004A
:10BAFC00000000000000000000000000000000003A
:10BB0C000000000000000000000000000000000029
:10BB1C000000000000000000000000000000000019
:10BB2C000000000000000000000000000000000009
:10BB3C0000000000000000000000000000000000F9
:10BB4C0000000000000000000000000000000000E9
:10BB5C0000000000000000000000000000000000D9
:10BB6C0000000000000000000000000000000000C9
:10BB7C0000000000000000000000000000000000B9
:10BB8C0000000000000000000000000000000000A9
:10BB9C000000000000000000000000000000000099
:10BBAC000000000000000000000000000000000089
:10BBBC000000000000000000000000000000000079
:10BBCC000000000000000000000000000000000069
:10BBDC000000000000000000000000000000000059
:10BBEC000000000000000000000000000000000049
:10BBFC000000000000000000000000000000000039
:10BC0C000000000000000000000000000000000028
:10BC1C000000000000000000000000000000000018
:10BC2C000000000000000000000000000000000008
:10BC3C0000000000000000000000000000000000F8
:10BC4C0000000000000000000000000000000000E8
:10BC5C0000000000000000000000000000000000D8
:10BC6C0000000000000000000000000000000000C8
:10BC7C0000000000000000000000000000000000B8
:10BC8C0000000000000000000000000000000000A8
:10BC9C000000000000000000000000000000000098
:10BCAC000000000000000000000000000000000088
:10BCBC000000000000000000000000000000000078
:10BCCC000000000000000000000000000000000068
:10BCDC000000000000000000000000000000000058
:10BCEC000000000000000000000000000000000048
:10BCFC000000000000000000000000000000000038
:10BD0C000000000000000000000000000000000027
:10BD1C000000000000000000000000000000000017
:10BD2C000000000000000000000000000000000007
:10BD3C0000000000000000000000000000000000F7
:10BD4C0000000000000000000000000000000000E7
:10BD5C0000000000000000000000000000000000D7
:10BD6C0000000000000000000000000000000000C7
:10BD7C0000000000000000000000000000000000B7
:10BD8C0000000000000000000000000000000000A7
:10BD9C000000000000000000000000000000000097
:10BDAC000000000000000000000000000000000087
:10BDBC000000000000000000000000000000000077
:10BDCC000000000000000000000000000000000067
:10BDDC000000000000000000000000000000000057
:10BDEC000000000000000000000000000000000047
:10BDFC000000000000000000000000000000000037
:10BE0C000000000000000000000000000000000026
:10BE1C000000000000000000000000000000000016
:10BE2C000000000000000000000000000000000006
:10BE3C0000000000000000000000000000000000F6
:10BE4C0000000000000000000000000000000000E6
:10BE5C0000000000000000000000000000000000D6
:10BE6C0000000000000000000000000000000000C6
:10BE7C0000000000000000000000000000000000B6
:10BE8C0000000000000000000000000000000000A6
:10BE9C000000000000000000000000000000000096
:10BEAC000000000000000000000000000000000086
:10BEBC000000000000000000000000000000000076
:10BECC000000000000000000000000000000000066
:10BEDC000000000000000000000000000000000056
:10BEEC000000000000000000000000000000000046
:10BEFC000000000000000000000000000000000036
:10BF0C000000000000000000000000000000000025
:10BF1C000000000000000000000000000000000015
:10BF2C000000000000000000000000000000000005
:10BF3C0000000000000000000000000000000000F5
:10BF4C0000000000000000000000000000000000E5
:10BF5C0000000000000000000000000000000000D5
:10BF6C0000000000000000000000000000000000C5
:10BF7C0000000000000000000000000000000000B5
:10BF8C0000000000000000000000000000000000A5
:10BF9C000000000000000000000000000000000095
:10BFAC000000000000000000000000000000000085
:10BFBC000000000000000000000000000000000075
:10BFCC000000000000000000000000000000000065
:10BFDC000000000000000000000000000000000055
:10BFEC000000000000000000000000000000000045
:10BFFC000000000000000000000000000000000035
:10C00C000000000000000000000000000000000024
:10C01C000000000000000000000000000000000014
:10C02C000000000000000000000000000000000004
:10C03C0000000000000000000000000000000000F4
:10C04C0000000000000000000000000000000000E4
:10C05C0000000000000000000000000000000000D4
:10C06C0000000000000000000000000000000000C4
:10C07C0000000000000000000000000000000000B4
:10C08C0000000000000000000000000000000000A4
:10C09C000000000000000000000000000000000094
:10C0AC000000000000000000000000000000000084
:10C0BC000000000000000000000000000000000074
:10C0CC000000000000000000000000000000000064
:10C0DC000000000000000000000000000000000054
:10C0EC000000000000000000000000000000000044
:10C0FC000000000000000000000000000000000034
:10C10C000000000000000000000000000000000023
:10C11C000000000000000000000000000000000013
:10C12C000000000000000000000000000000000003
:10C13C0000000000000000000000000000000000F3
:10C14C0000000000000000000000000000000000E3
:10C15C0000000000000000000000000000000000D3
:10C16C0000000000000000000000000000000000C3
:10C17C0000000000000000000000000000000000B3
:10C18C0000000000000000000000000000000000A3
:10C19C000000000000000000000000000000000093
:10C1AC000000000000000000000000000000000083
:10C1BC000000000000000000000000000000000073
:10C1CC000000000000000000000000000000000063
:10C1DC000000000000000000000000000000000053
:10C1EC000000000000000000000000000000000043
:10C1FC000000000000000000000000000000000033
:10C20C000000000000000000000000000000000022
:10C21C000000000000000000000000000000000012
:10C22C000000000000000000000000000000000002
:10C23C0000000000000000000000000000000000F2
:10C24C0000000000000000000000000000000000E2
:10C25C0000000000000000000000000000000000D2
:10C26C0000000000000000000000000000000000C2
:10C27C0000000000000000000000000000000000B2
:10C28C0000000000000000000000000000000000A2
:10C29C000000000000000000000000000000000092
:10C2AC000000000000000000000000000000000082
:10C2BC000000000000000000000000000000000072
:10C2CC000000000000000000000000000000000062
:10C2DC000000000000000000000000000000000052
:10C2EC000000000000000000000000000000000042
:10C2FC000000000000000000000000000000000032
:10C30C000000000000000000000000000000000021
:10C31C000000000000000000000000000000000011
:10C32C000000000000000000000000000000000001
:10C33C0000000000000000000000000000000000F1
:10C34C0000000000000000000000000000000000E1
:10C35C0000000000000000000000000000000000D1
:10C36C0000000000000000000000000000000000C1
:10C37C0000000000000000000000000000000000B1
:10C38C0000000000000000000000000000000000A1
:10C39C000000000000000000000000000000000091
:10C3AC000000000000000000000000000000000081
:10C3BC000000000000000000000000000000000071
:10C3CC000000000000000000000000000000000061
:10C3DC000000000000000000000000000000000051
:10C3EC000000000000000000000000000000000041
:10C3FC000000000000000000000000000000000031
:10C40C000000000000000000000000000000000020
:10C41C000000000000000000000000000000000010
:10C42C000000000000000000000000000000000000
:10C43C0000000000000000000000000000000000F0
:10C44C0000000000000000000000000000000000E0
:10C45C0000000000000000000000000000000000D0
:10C46C0000000000000000000000000000000000C0
:10C47C0000000000000000000000000000000000B0
:10C48C0000000000000000000000000000000000A0
:10C49C000000000000000000000000000000000090
:10C4AC000000000000000000000000000000000080
:10C4BC000000000000000000000000000000000070
:10C4CC000000000000000000000000000000000060
:10C4DC000000000000000000000000000000000050
:10C4EC000000000000000000000000000000000040
:10C4FC000000000000000000000000000000000030
:10C50C00000000000000000000000000000000001F
:10C51C00000000000000000000000000000000000F
:10C52C0000000000000000000000000000000000FF
:10C53C0000000000000000000000000000000000EF
:10C54C0000000000000000000000000000000000DF
:10C55C0000000000000000000000000000000000CF
:10C56C0000000000000000000000000000000000BF
:10C57C0000000000000000000000000000000000AF
:10C58C00000000000000000000000000000000009F
:10C59C00000000000000000000000000000000008F
:10C5AC00000000000000000000000000000000007F
:10C5BC00000000000000000000000000000000006F
:10C5CC00000000000000000000000000000000005F
:10C5DC00000000000000000000000000000000004F
:10C5EC00000000000000000000000000000000003F
:10C5FC00000000000000000000000000000000002F
:10C60C00000000000000000000000000000000001E
:10C61C00000000000000000000000000000000000E
:10C62C0000000000000000000000000000000000FE
:10C63C0000000000000000000000000000000000EE
:10C64C0000000000000000000000000000000000DE
:10C65C0000000000000000000000000000000000CE
:10C66C0000000000000000000000000000000000BE
:10C67C0000000000000000000000000000000000AE
:10C68C00000000000000000000000000000000009E
:10C69C00000000000000000000000000000000008E
:10C6AC00000000000000000000000000000000007E
:10C6BC00000000000000000000000000000000006E
:10C6CC00000000000000000000000000000000005E
:10C6DC00000000000000000000000000000000004E
:10C6EC00000000000000000000000000000000003E
:10C6FC00000000000000000000000000000000002E
:10C70C00000000000000000000000000000000001D
:10C71C00000000000000000000000000000000000D
:10C72C0000000000000000000000000000000000FD
:10C73C0000000000000000000000000000000000ED
:10C74C0000000000000000000000000000000000DD
:10C75C0000000000000000000000000000000000CD
:10C76C0000000000000000000000000000000000BD
:10C77C0000000000000000000000000000000000AD
:10C78C00000000000000000000000000000000009D
:10C79C00000000000000000000000000000000008D
:10C7AC00000000000000000000000000000000007D
:10C7BC00000000000000000000000000000000006D
:10C7CC00000000000000000000000000000000005D
:10C7DC00000000000000000000000000000000004D
:10C7EC00000000000000000000000000000000003D
:10C7FC00000000000000000000000000000000002D
:10C80C00000000000000000000000000000000001C
:10C81C00000000000000000000000000000000000C
:10C82C0000000000000000000000000000000000FC
:10C83C0000000000000000000000000000000000EC
:10C84C0000000000000000000000000000000000DC
:10C85C0000000000000000000000000000000000CC
:10C86C0000000000000000000000000000000000BC
:10C87C0000000000000000000000000000000000AC
:10C88C00000000000000000000000000000000009C
:10C89C00000000000000000000000000000000008C
:10C8AC00000000000000000000000000000000007C
:10C8BC00000000000000000000000000000000006C
:10C8CC00000000000000000000000000000000005C
:10C8DC00000000000000000000000000000000004C
:10C8EC00000000000000000000000000000000003C
:10C8FC00000000000000000000000000000000002C
:10C90C00000000000000000000000000000000001B
:10C91C00000000000000000000000000000000000B
:10C92C0000000000000000000000000000000000FB
:10C93C0000000000000000000000000000000000EB
:10C94C0000000000000000000000000000000000DB
:10C95C0000000000000000000000000000000000CB
:10C96C0000000000000000000000000000000000BB
:10C97C0000000000000000000000000000000000AB
:10C98C00000000000000000000000000000000009B
:10C99C00000000000000000000000000000000008B
:10C9AC00000000000000000000000000000000007B
:10C9BC00000000000000000000000000000000006B
:10C9CC00000000000000000000000000000000005B
:10C9DC00000000000000000000000000000000004B
:10C9EC00000000000000000000000000000000003B
:10C9FC00000000000000000000000000000000002B
:10CA0C00000000000000000000000000000000001A
:10CA1C00000000000000000000000000000000000A
:10CA2C0000000000000000000000000000000000FA
:10CA3C0000000000000000000000000000000000EA
:10CA4C0000000000000000000000000000000000DA
:10CA5C0000000000000000000000000000000000CA
:10CA6C0000000000000000000000000000000000BA
:10CA7C0000000000000000000000000000000000AA
:10CA8C00000000000000000000000000000000009A
:10CA9C00000000000000000000000000000000008A
:10CAAC00000000000000000000000000000000007A
:10CABC00000000000000000000000000000000006A
:10CACC00000000000000000000000000000000005A
:10CADC00000000000000000000000000000000004A
:10CAEC00000000000000000000000000000000003A
:10CAFC00000000000000000000000000000000002A
:10CB0C000000000000000000000000000000000019
:10CB1C000000000000000000000000000000000009
:10CB2C0000000000000000000000000000000000F9
:10CB3C0000000000000000000000000000000000E9
:10CB4C0000000000000000000000000000000000D9
:10CB5C0000000000000000000000000000000000C9
:10CB6C0000000000000000000000000000000000B9
:10CB7C0000000000000000000000000000000000A9
:10CB8C000000000000000000000000000000000099
:10CB9C000000000000000000000000000000000089
:10CBAC000000000000000000000000000000000079
:10CBBC000000000000000000000000000000000069
:10CBCC000000000000000000000000000000000059
:10CBDC000000000000000000000000000000000049
:10CBEC000000000000000000000000000000000039
:10CBFC000000000000000000000000000000000029
:10CC0C000000000000000000000000000000000018
:10CC1C000000000000000000000000000000000008
:10CC2C0000000000000000000000000000000000F8
:10CC3C0000000000000000000000000000000000E8
:10CC4C0000000000000000000000000000000000D8
:10CC5C0000000000000000000000000000000000C8
:10CC6C0000000000000000000000000000000000B8
:10CC7C0000000000000000000000000000000000A8
:10CC8C000000000000000000000000000000000098
:10CC9C000000000000000000000000000000000088
:10CCAC000000000000000000000000000000000078
:10CCBC000000000000000000000000000000000068
:10CCCC000000000000000000000000000000000058
:10CCDC000000000000000000000000000000000048
:10CCEC000000000000000000000000000000000038
:10CCFC000000000000000000000000000000000028
:10CD0C000000000000000000000000000000000017
:10CD1C000000000000000000000000000000000007
:10CD2C0000000000000000000000000000000000F7
:10CD3C0000000000000000000000000000000000E7
:10CD4C0000000000000000000000000000000000D7
:10CD5C0000000000000000000000000000000000C7
:10CD6C0000000000000000000000000000000000B7
:10CD7C0000000000000000000000000000000000A7
:10CD8C000000000000000000000000000000000097
:10CD9C000000000000000000000000000000000087
:10CDAC000000000000000000000000000000000077
:10CDBC000000000000000000000000000000000067
:10CDCC000000000000000000000000000000000057
:10CDDC000000000000000000000000000000000047
:10CDEC000000000000000000000000000000000037
:10CDFC000000000000000000000000000000000027
:10CE0C000000000000000000000000000000000016
:10CE1C000000000000000000000000000000000006
:10CE2C0000000000000000000000000000000000F6
:10CE3C0000000000000000000000000000000000E6
:10CE4C0000000000000000000000000000000000D6
:10CE5C0000000000000000000000000000000000C6
:10CE6C0000000000000000000000000000000000B6
:10CE7C0000000000000000000000000000000000A6
:10CE8C000000000000000000000000000000000096
:10CE9C000000000000000000000000000000000086
:10CEAC000000000000000000000000000000000076
:10CEBC000000000000000000000000000000000066
:10CECC000000000000000000000000000000000056
:10CEDC000000000000000000000000000000000046
:10CEEC000000000000000000000000000000000036
:10CEFC000000000000000000000000000000000026
:10CF0C000000000000000000000000000000000015
:10CF1C000000000000000000000000000000000005
:10CF2C0000000000000000000000000000000000F5
:10CF3C0000000000000000000000000000000000E5
:10CF4C0000000000000000000000000000000000D5
:10CF5C0000000000000000000000000000000000C5
:10CF6C0000000000000000000000000000000000B5
:10CF7C0000000000000000000000000000000000A5
:10CF8C000000000000000000000000000000000095
:10CF9C000000000000000000000000000000000085
:10CFAC000000000000000000000000000000000075
:10CFBC000000000000000000000000000000000065
:10CFCC000000000000000000000000000000000055
:10CFDC000000000000000000000000000000000045
:10CFEC000000000000000000000000000000000035
:10CFFC000000000000000000000000000000000025
:10D00C000000000000000000000000000000000014
:10D01C000000000000000000000000000000000004
:10D02C0000000000000000000000000000000000F4
:10D03C0000000000000000000000000000000000E4
:10D04C0000000000000000000000000000000000D4
:10D05C0000000000000000000000000000000000C4
:10D06C0000000000000000000000000000000000B4
:10D07C0000000000000000000000000000000000A4
:10D08C000000000000000000000000000000000094
:10D09C000000000000000000000000000000000084
:10D0AC000000000000000000000000000000000074
:10D0BC000000000000000000000000000000000064
:10D0CC000000000000000000000000000000000054
:10D0DC000000000000000000000000000000000044
:10D0EC000000000000000000000000000000000034
:10D0FC000000000000000000000000000000000024
:10D10C000000000000000000000000000000000013
:10D11C000000000000000000000000000000000003
:10D12C0000000000000000000000000000000000F3
:10D13C0000000000000000000000000000000000E3
:10D14C0000000000000000000000000000000000D3
:10D15C0000000000000000000000000000000000C3
:10D16C0000000000000000000000000000000000B3
:10D17C0000000000000000000000000000000000A3
:10D18C000000000000000000000000000000000093
:10D19C000000000000000000000000000000000083
:10D1AC000000000000000000000000000000000073
:10D1BC000000000000000000000000000000000063
:10D1CC000000000000000000000000000000000053
:10D1DC000000000000000000000000000000000043
:10D1EC000000000000000000000000000000000033
:10D1FC000000000000000000000000000000000023
:10D20C000000000000000000000000000000000012
:10D21C000000000000000000000000000000000002
:10D22C0000000000000000000000000000000000F2
:10D23C0000000000000000000000000000000000E2
:10D24C0000000000000000000000000000000000D2
:10D25C0000000000000000000000000000000000C2
:10D26C0000000000000000000000000000000000B2
:10D27C0000000000000000000000000000000000A2
:10D28C000000000000000000000000000000000092
:10D29C000000000000000000000000000000000082
:10D2AC000000000000000000000000000000000072
:10D2BC000000000000000000000000000000000062
:10D2CC000000000000000000000000000000000052
:10D2DC000000000000000000000000000000000042
:10D2EC000000000000000000000000000000000032
:10D2FC000000000000000000000000000000000022
:10D30C000000000000000000000000000000000011
:10D31C000000000000000000000000000000000001
:10D32C0000000000000000000000000000000000F1
:10D33C0000000000000000000000000000000000E1
:10D34C0000000000000000000000000000000000D1
:10D35C0000000000000000000000000000000000C1
:10D36C0000000000000000000000000000000000B1
:10D37C0000000000000000000000000000000000A1
:10D38C000000000000000000000000000000000091
:10D39C000000000000000000000000000000000081
:10D3AC000000000000000000000000000000000071
:10D3BC000000000000000000000000000000000061
:10D3CC000000000000000000000000000000000051
:10D3DC000000000000000000000000000000000041
:10D3EC000000000000000000000000000000000031
:10D3FC000000000000000000000000000000000021
:10D40C000000000000000000000000000000000010
:10D41C000000000000000000000000000000000000
:10D42C0000000000000000000000000000000000F0
:10D43C0000000000000000000000000000000000E0
:10D44C0000000000000000000000000000000000D0
:10D45C0000000000000000000000000000000000C0
:10D46C0000000000000000000000000000000000B0
:10D47C0000000000000000000000000000000000A0
:10D48C000000000000000000000000000000000090
:10D49C000000000000000000000000000000000080
:10D4AC000000000000000000000000000000000070
:10D4BC000000000000000000000000000000000060
:10D4CC000000000000000000000000000000000050
:10D4DC000000000000000000000000000000000040
:10D4EC000000000000000000000000000000000030
:10D4FC000000000000000000000000000000000020
:10D50C00000000000000000000000000000000000F
:10D51C0000000000000000000000000000000000FF
:10D52C0000000000000000000000000000000000EF
:10D53C0000000000000000000000000000000000DF
:10D54C0000000000000000000000000000000000CF
:10D55C0000000000000000000000000000000000BF
:10D56C0000000000000000000000000000000000AF
:10D57C00000000000000000000000000000000009F
:10D58C00000000000000000000000000000000008F
:10D59C00000000000000000000000000000000007F
:10D5AC00000000000000000000000000000000006F
:10D5BC00000000000000000000000000000000005F
:10D5CC00000000000000000000000000000000004F
:10D5DC00000000000000000000000000000000003F
:10D5EC00000000000000000000000000000000002F
:10D5FC00000000000000000000000000000000001F
:10D60C00000000000000000000000000000000000E
:10D61C0000000000000000000000000000000000FE
:10D62C0000000000000000000000000000000000EE
:10D63C0000000000000000000000000000000000DE
:10D64C0000000000000000000000000000000000CE
:10D65C0000000000000000000000000000000000BE
:10D66C0000000000000000000000000000000000AE
:10D67C00000000000000000000000000000000009E
:10D68C00000000000000000000000000000000008E
:10D69C00000000000000000000000000000000007E
:10D6AC00000000000000000000000000000000006E
:10D6BC00000000000000000000000000000000005E
:10D6CC00000000000000000000000000000000004E
:10D6DC00000000000000000000000000000000003E
:10D6EC00000000000000000000000000000000002E
:10D6FC00000000000000000000000000000000001E
:10D70C00000000000000000000000000000000000D
:10D71C0000000000000000000000000000000000FD
:10D72C0000000000000000000000000000000000ED
:10D73C0000000000000000000000000000000000DD
:10D74C0000000000000000000000000000000000CD
:10D75C0000000000000000000000000000000000BD
:10D76C0000000000000000000000000000000000AD
:10D77C00000000000000000000000000000000009D
:10D78C00000000000000000000000000000000008D
:10D79C00000000000000000000000000000000007D
:10D7AC00000000000000000000000000000000006D
:10D7BC00000000000000000000000000000000005D
:10D7CC00000000000000000000000000000000004D
:10D7DC00000000000000000000000000000000003D
:10D7EC00000000000000000000000000000000002D
:10D7FC00000000000000000000000000000000001D
:10D80C00000000000000000000000000000000000C
:10D81C0000000000000000000000000000000000FC
:10D82C0000000000000000000000000000000000EC
:10D83C0000000000000000000000000000000000DC
:10D84C0000000000000000000000000000000000CC
:10D85C0000000000000000000000000000000000BC
:10D86C0000000000000000000000000000000000AC
:10D87C00000000000000000000000000000000009C
:10D88C00000000000000000000000000000000008C
:10D89C00000000000000000000000000000000007C
:10D8AC00000000000000000000000000000000006C
:10D8BC00000000000000000000000000000000005C
:10D8CC00000000000000000000000000000000004C
:10D8DC00000000000000000000000000000000003C
:10D8EC00000000000000000000000000000000002C
:10D8FC00000000000000000000000000000000001C
:10D90C00000000000000000000000000000000000B
:10D91C0000000000000000000000000000000000FB
:10D92C0000000000000000000000000000000000EB
:10D93C0000000000000000000000000000000000DB
:10D94C0000000000000000000000000000000000CB
:10D95C0000000000000000000000000000000000BB
:10D96C0000000000000000000000000000000000AB
:10D97C00000000000000000000000000000000009B
:10D98C00000000000000000000000000000000008B
:10D99C00000000000000000000000000000000007B
:10D9AC00000000000000000000000000000000006B
:10D9BC00000000000000000000000000000000005B
:10D9CC00000000000000000000000000000000004B
:10D9DC00000000000000000000000000000000003B
:10D9EC00000000000000000000000000000000002B
:10D9FC00000000000000000000000000000000001B
:10DA0C00000000000000000000000000000000000A
:10DA1C0000000000000000000000000000000000FA
:10DA2C0000000000000000000000000000000000EA
:10DA3C0000000000000000000000000000000000DA
:10DA4C0000000000000000000000000000000000CA
:10DA5C0000000000000000000000000000000000BA
:10DA6C0000000000000000000000000000000000AA
:10DA7C00000000000000000000000000000000009A
:10DA8C00000000000000000000000000000000008A
:10DA9C00000000000000000000000000000000007A
:10DAAC00000000000000000000000000000000006A
:10DABC00000000000000000000000000000000005A
:10DACC00000000000000000000000000000000004A
:10DADC00000000000000000000000000000000003A
:10DAEC00000000000000000000000000000000002A
:10DAFC00000000000000000000000000000000001A
:10DB0C000000000000000000000000000000000009
:10DB1C0000000000000000000000000000000000F9
:10DB2C0000000000000000000000000000000000E9
:10DB3C0000000000000000000000000000000000D9
:10DB4C0000000000000000000000000000000000C9
:10DB5C0000000000000000000000000000000000B9
:10DB6C0000000000000000000000000000000000A9
:10DB7C000000000000000000000000000000000099
:10DB8C000000000000000000000000000000000089
:10DB9C000000000000000000000000000000000079
:10DBAC000000000000000000000000000000000069
:10DBBC000000000000000000000000000000000059
:10DBCC000000000000000000000000000000000049
:10DBDC000000000000000000000000000000000039
:10DBEC000000000000000000000000000000000029
:10DBFC000000000000000000000000000000000019
:10DC0C000000000000000000000000000000000008
:10DC1C0000000000000000000000000000000000F8
:10DC2C0000000000000000000000000000000000E8
:10DC3C0000000000000000000000000000000000D8
:10DC4C0000000000000000000000000000000000C8
:10DC5C0000000000000000000000000000000000B8
:10DC6C0000000000000000000000000000000000A8
:10DC7C000000000000000000000000000000000098
:10DC8C000000000000000000000000000000000088
:10DC9C000000000000000000000000000000000078
:10DCAC000000000000000000000000000000000068
:10DCBC000000000000000000000000000000000058
:10DCCC000000000000000000B92600080000000061
:10DCDC000000000000000000000000000000000038
:10DCEC00000000000000000040D5002060EA0000A9
:10DCFC000000010100000000000000000000000016
:10DD0C0004000000401F0000394E0008694E000856
:10DD1C00814E0008ED4E00080D580008695A0008A5
:10DD2C00AD5600082959000800000000995700085A
:10DD3C00E55600089959000871560008AD580008BE
:10DD4C0055560008B5560008595600086556000887
:10DD5C0065590008B98D0108BB8D0108DC890108E3
:10DD6C00BD8D0108C6850108C28D0108080000168A
:10DD7C00000000005F6100089565000879660008E6
:10DD8C00F165000889610008DD6600086B63000816
:10DD9C005B67000831670008C15F0008BD630008BD
:10DDAC0079640008F1630008E95F0008C5640008A5
:10DDBC003561000829650008FF640008D562000879
:10DDCC00C9650008AB630008855F0008897000080E
:10DDDC002D710008CD700008297000087F710008B3
:10DDEC00E16F00085D710008AD700008556F000808
:10DDFC0000093D00010000001000000000000000C0
:10DE0C0048D800200000000000000000FF000000C7
:10DE1C000000000048D800200000000000000000B6
:10DE2C0000000000000000000000000048D80020A6
:10DE3C000000FF0000000000E0000000D5C3000857
:10DE4C0005C3000811C300083DC300080000000012
:10DE5C00000000002DC400081DC300089DC7000869
:10DE6C0000000000000000000000000000000000A6
:10DE7C00000E0F0D0109081101000000FF00000049
:10DE8C00FFFFFFFFFFFFFFFF00000000030000008B
:10DE9C0060F4002048B200200000000060F4002074
:10DEAC00C8F4002030F50020000000000000000045
:10DEBC000000000000000000000000000000000056
:10DECC000000000000000000000000000000000046
:10DEDC000000000000000000000000000000000036
:10DEEC0000000000430000000000000000000000E3
:10DEFC000000000000000000000000000000000016
:10DF0C0000000000430000000000000000000000C2
:10DF1C0000000000000000000000000000000000F5
:10DF2C0000000000430000000000000000000000A2
:10DF3C0000000000000000000000000000000000D5
:10DF4C000000000043000000000000000000000082
:10DF5C0000000000000000000000000000000000B5
:10DF6C000000000043000000000000000000000062
:10DF7C000000000000000000000000000000000095
:10DF8C000000000043000000000000000000000042
:10DF9C000000000000000000000000000000000075
:10DFAC000000000043000000000000000000000022
:10DFBC000000000000000000000000000000000055
:10DFCC00000000000B7D0108E77C01080000000048
:10DFDC00602A02085E2A0208728801087288010809
:10DFEC007288010872880108728801087288010819
:10DFFC00728801087288010872880108FFFFFFFF10
:10E00C00FFFFFFFFFFFFFFFFFFFF00000100415379
:10E01C00434949000000000000000000000000001F
:10E02C000000000000000000000000000000415350
:10E03C0043494900000000000000000000000000FF
:10E04C0000000000000000000000000000000000C4
:08E05C006042A20D0000803FAC
:0400000508005D4D45
:00000001FF
