:020000040800F2
:10000000000001200D590008ED460008EF460008E9
:10001000F1460008F3460008F5460008000000001D
:10002000000000000000000000000000F74600088B
:10003000F946000800000000FB460008FD460008E5
:100040005D5900085D590008014700085D59000826
:100050005D5900085D5900085D5900085D590008A8
:100060000D4700085D590008134700085D59000856
:100070005D5900085D5900085D59000819470008DE
:100080005D5900085D5900085D5900085D59000878
:100090005D5900085D590008254700085D590008B2
:1000A0005D5900085D5900085D5900085D59000858
:1000B0003D470008494700085D5900085D590008A0
:1000C0005D5900085D5900085D5900085D59000838
:1000D0005D590008554700085D5900085D59000842
:1000E0005D5900085D590008614700085D59000826
:1000F0005D5900085D5900085D5900085D59000808
:100100005D5900085D5900086D4700085D590008F9
:100110005D5900085D5900085D5900085D590008E7
:100120005D5900085D5900085D5900085D590008D7
:080130005D5900085D5900084B
:1001400010B5054C237833B9044B13B10448AFF311
:1001500000800123237010BD0CB2002000000000BD
:10016000C888010808B5034B1BB103490348AFF326
:10017000008008BD0000000010B20020C8880108FF
:1001800001F0FF01102A2BDB10F0070F08D010F848
:10019000013B013A8B422DD010F0070F42B3F6D14C
:1001A000F0B441EA012141EA014122F007047FF065
:1001B00000070023F0E80256083C85EA010586EABC
:1001C000010685FA47F5A3FA87F586FA47F6A5FAF8
:1001D00087F68EB9EED1F0BC01F0FF0102F0070204
:1001E00032B110F8013B013A83EA010313B1F8D1AF
:1001F0000020704701387047002D06BF3546033890
:10020000073815F0010F07D1013015F4807F02BFC8
:10021000013015F4C03F0130F0BC0138704700BF19
:10022000034613F8012B002AFBD1181A0138704736
:1002300081F0004102E000BF83F0004330B54FEA97
:1002400041044FEA430594EA050F08BF90EA020F04
:100250001FBF54EA000C55EA020C7FEA645C7FEA97
:10026000655C00F0E2804FEA5454D4EB5555B8BFBA
:100270006D420CDD2C4480EA020281EA030382EA2B
:10028000000083EA010180EA020281EA0303362DBD
:1002900088BF30BD11F0004F4FEA01314FF4801C90
:1002A0004CEA113102D0404261EB410113F0004FA2
:1002B0004FEA03334CEA133302D0524263EB430359
:1002C00094EA050F00F0A780A4F10104D5F1200EF7
:1002D0000DDB02FA0EFC22FA05F2801841F1000152
:1002E00003FA0EF2801843FA05F359410EE0A5F126
:1002F00020050EF1200E012A03FA0EFC28BF4CF057
:10030000020C43FA05F3C01851EBE37101F000450C
:1003100007D54FF0000EDCF1000C7EEB00006EEB19
:100320000101B1F5801F1BD3B1F5001F0CD34908A3
:100330005FEA30004FEA3C0C04F101044FEA4452FA
:1003400012F5800F80F09A80BCF1004F08BF5FEA81
:10035000500C50F1000041EB045141EA050130BD61
:100360005FEA4C0C404141EB0101013C28BFB1F573
:10037000801FE9D291F0000F04BF01460020B1FABE
:1003800081F308BF2033A3F10B03B3F120020CDA91
:100390000C3208DD02F1140CC2F10C0201FA0CF06F
:1003A00021FA02F10CE002F11402D8BFC2F1200CD4
:1003B00001FA02F120FA0CFCDCBF41EA0C0190408A
:1003C000E41AA2BF01EB0451294330BD6FEA0404D3
:1003D0001F3C1CDA0C340EDC04F11404C4F12002BE
:1003E00020FA04F001FA02F340EA030021FA04F3D0
:1003F00045EA030130BDC4F10C04C4F1200220FA27
:1004000002F001FA04F340EA0300294630BD21FA64
:1004100004F0294630BD94F0000F83F4801306BF2A
:1004200081F480110134013D4EE77FEA645C18BF1E
:100430007FEA655C29D094EA050F08BF90EA020FB5
:1004400005D054EA000C04BF1946104630BD91EAAD
:10045000030F1EBF0021002030BD5FEA545C05D1B0
:100460004000494128BF41F0004130BD14F58004EF
:100470003CBF01F5801130BD01F0004545F0FE4163
:1004800041F470014FF0000030BD7FEA645C1ABF98
:10049000194610467FEA655C1CBF0B46024650EACF
:1004A000013406BF52EA033591EA030F41F40021FB
:1004B00030BD00BF90F0000F04BF0021704730B581
:1004C0004FF4806404F132044FF000054FF0000156
:1004D00050E700BF90F0000F04BF0021704730B517
:1004E0004FF4806404F1320410F0004548BF4042EC
:1004F0004FF000013EE700BF42004FEAE2014FEA41
:1005000031014FEA02701FBF12F07F4393F07F4F1B
:1005100081F06051704732F07F4208BF704793F01E
:100520007F4F04BF41F40021704730B54FF4607431
:1005300001F0004521F000411CE700BF50EA010234
:1005400008BF704730B54FF000050AE050EA0102DD
:1005500008BF704730B511F0004502D5404261EB4D
:1005600041014FF4806404F132045FEA915C3FF48E
:10057000D8AE4FF003025FEADC0C18BF03325FEA2B
:10058000DC0C18BF033202EBDC02C2F1200300FADC
:1005900003FC20FA02F001FA03FE40EA0E0021FA01
:1005A00002F11444BDE600BF70B54FF0FF0C4CF4EF
:1005B000E06C1CEA11541DBF1CEA135594EA0C0FA1
:1005C00095EA0C0F00F0DEF82C4481EA030621EADC
:1005D0004C5123EA4C5350EA013518BF52EA033517
:1005E00041F4801143F4801338D0A0FB02CE4FF0C9
:1005F0000005E1FB02E506F00042E0FB03E54FF0F9
:100600000006E1FB03569CF0000F18BF4EF0010EF0
:10061000A4F1FF04B6F5007F64F5407404D25FEAEC
:100620004E0E6D4146EB060642EAC62141EA55519F
:100630004FEAC52040EA5E504FEACE2EB4F1FD0CE1
:1006400088BFBCF5E06F1ED8BEF1004F08BF5FEA5F
:10065000500E50F1000041EB045170BD06F0004611
:1006600046EA010140EA020081EA0301B4EB5C04BE
:10067000C2BFD4EB0C0541EA045170BD41F48011B6
:100680004FF0000E013C00F3AB8014F1360FDEBFDB
:10069000002001F0004170BDC4F10004203C35DAB7
:1006A0000C341BDC04F11404C4F1200500FA05F33A
:1006B00020FA04F001FA05F240EA020001F00042DB
:1006C00021F0004110EBD37021FA04F642EB060151
:1006D0005EEA430E08BF20EAD37070BDC4F10C047B
:1006E000C4F1200500FA04F320FA05F001FA04F23F
:1006F00040EA020001F0004110EBD37041F100012B
:100700005EEA430E08BF20EAD37070BDC4F1200535
:1007100000FA05F24EEA020E20FA04F301FA05F29D
:1007200043EA020321FA04F001F0004121FA04F245
:1007300020EA020000EBD3705EEA430E08BF20EA15
:10074000D37070BD94F0000F0FD101F0004640004F
:1007500041EB010111F4801F08BF013CF7D041EAD1
:10076000060195F0000F18BF704703F000465200D5
:1007700043EB030313F4801F08BF013DF7D043EAA6
:100780000603704794EA0C0F0CEA135518BF95EA5C
:100790000C0F0CD050EA410618BF52EA4306D1D1E3
:1007A00081EA030101F000414FF0000070BD50EA02
:1007B000410606BF1046194652EA430619D094EA8C
:1007C0000C0F02D150EA013613D195EA0C0F05D176
:1007D00052EA03361CBF104619460AD181EA0301CA
:1007E00001F0004141F0FE4141F470014FF0000082
:1007F00070BD41F0FE4141F4780170BD70B54FF01D
:10080000FF0C4CF4E06C1CEA11541DBF1CEA13559C
:1008100094EA0C0F95EA0C0F00F0A7F8A4EB05047E
:1008200081EA030E52EA03354FEA013100F0888075
:100830004FEA03334FF0805545EA131343EA12633E
:100840004FEA022245EA111545EA10654FEA0026F3
:100850000EF000419D4208BF964244F1FD0404F5AC
:10086000407402D25B084FEA3202B61A65EB030508
:100870005B084FEA32024FF480104FF4002CB6EBC5
:10088000020E75EB030E22BFB61A754640EA0C0045
:100890005B084FEA3202B6EB020E75EB030E22BF85
:1008A000B61A754640EA5C005B084FEA3202B6EBC6
:1008B000020E75EB030E22BFB61A754640EA9C0085
:1008C0005B084FEA3202B6EB020E75EB030E22BF55
:1008D000B61A754640EADC0055EA060E18D04FEA13
:1008E000051545EA16754FEA06164FEAC30343EAB3
:1008F00052734FEAC2025FEA1C1CC0D111F4801F80
:100900000BD141EA00014FF000004FF0004CB6E778
:1009100011F4801F04BF01430020B4F1FD0C88BF17
:10092000BCF5E06F3FF6AFAEB5EB030C04BFB6EB22
:10093000020C5FEA500C50F1000041EB045170BD15
:100940000EF0004E4EEA113114EB5C04C2BFD4EB42
:100950000C0541EA045170BD41F480114FF0000EC6
:10096000013C90E645EA060E8DE60CEA135594EA42
:100970000C0F08BF95EA0C0F3FF43BAF94EA0C0F45
:100980000AD150EA01347FF434AF95EA0C0F7FF4BA
:1009900025AF104619462CE795EA0C0F06D152EA0E
:1009A00003353FF4FDAE1046194622E750EA4106F2
:1009B00018BF52EA43067FF4C5AE50EA41047FF403
:1009C0000DAF52EA43057FF4EBAE12E74FF0FF3C68
:1009D00006E000BF4FF0010C02E000BF4FF0010C39
:1009E0004DF804CD4FEA410C7FEA6C5C4FEA430CB2
:1009F00018BF7FEA6C5C1BD001B050EA410C0CBF01
:100A000052EA430C91EA030F02BF90EA020F002062
:100A1000704710F1000F91EA030F58BF994208BFC9
:100A200090422CBFD8176FEAE37040F00100704786
:100A30004FEA410C7FEA6C5C02D150EA013C07D1DD
:100A40004FEA430C7FEA6C5CD6D152EA033CD3D028
:100A50005DF8040B704700BF8446104662468C4622
:100A60001946634600E000BF01B5FFF7B7FF002855
:100A700048BF10F1000F01BD4DF808EDFFF7F4FF7E
:100A80000CBF012000205DF808FB00BF4DF808ED09
:100A9000FFF7EAFF34BF012000205DF808FB00BF2C
:100AA0004DF808EDFFF7E0FF94BF012000205DF84E
:100AB00008FB00BF4DF808EDFFF7CEFF94BF012003
:100AC00000205DF808FB00BF4DF808EDFFF7C4FFFC
:100AD00034BF012000205DF808FB00BF4FEA410C45
:100AE0007FEA6C5C02D150EA013C0AD14FEA430C28
:100AF0007FEA6C5C02D152EA033C02D14FF0000065
:100B000070474FF0010070474FEA410212F50012A2
:100B100015D211D56FF47873B3EB625212D94FEA44
:100B2000C12343F0004343EA505311F0004F23FA2E
:100B300002F018BF404270474FF00000704750EA83
:100B4000013005D111F0004008BF6FF00040704740
:100B50004FF00000704700BF4FEA4102B2F1E0439E
:100B600024BFB3F5001CDCF1FE5C0DD901F0004C94
:100B70004FEAC0024CEA5070B2F1004F40EB8300E4
:100B800008BF20F00100704711F0804F21D113F110
:100B90003872BCBF01F00040704741F480114FEA49
:100BA0005252C2F11802C2F1200C10FA0CF320FAD2
:100BB00002F018BF40F001004FEAC1234FEAD323EF
:100BC00003FA0CFC40EA0C0023FA02F34FEA430359
:100BD000CCE77FEA625307D150EA01331EBF4FF0E2
:100BE000FE4040F44000704701F0004040F0FE40FD
:100BF00040F40000704700BF80F0004002E000BFFA
:100C000081F0004142001FBF5FEA410392EA030FF7
:100C10007FEA226C7FEA236C6AD04FEA1262D2EB41
:100C20001363C1BFD218414048404140B8BF5B4246
:100C3000192B88BF704710F0004F40F4000020F0DF
:100C40007F4018BF404211F0004F41F4000121F0F5
:100C50007F4118BF494292EA030F3FD0A2F101023F
:100C600041FA03FC10EB0C00C3F1200301FA03F17D
:100C700000F0004302D5494260EB4000B0F5000FA0
:100C800013D3B0F1807F06D340084FEA310102F15F
:100C90000102FE2A51D2B1F1004F40EBC25008BF11
:100CA00020F0010040EA03007047490040EB0000DB
:100CB000013A28BFB0F5000FEDD2B0FA80FCACF1DC
:100CC000080CB2EB0C0200FA0CF0AABF00EBC25009
:100CD00052421843BCBFD0401843704792F0000FF7
:100CE00081F4000106BF80F400000132013BB5E74A
:100CF0004FEA41037FEA226C18BF7FEA236C21D0C0
:100D000092EA030F04D092F0000F08BF0846704724
:100D100090EA010F1CBF0020704712F07F4F04D1F2
:100D2000400028BF40F00040704712F100723CBF05
:100D300000F50000704700F0004343F0FE4040F42F
:100D4000000070477FEA226216BF08467FEA2363ED
:100D50000146420206BF5FEA412390EA010F40F4D8
:100D6000800070474FF0000304E000BF10F0004324
:100D700048BF40425FEA000C08BF704743F096430B
:100D800001464FF000001CE050EA010208BF704726
:100D90004FF000030AE000BF50EA010208BF7047AD
:100DA00011F0004302D5404261EB41015FEA010CC2
:100DB00002BF84460146002043F0B64308BFA3F1BA
:100DC0008053A3F50003BCFA8CF2083AA3EBC2539C
:100DD00010DB01FA02FC634400FA02FCC2F12002BB
:100DE000BCF1004F20FA02F243EB020008BF20F0F2
:100DF0000100704702F1200201FA02FCC2F1200258
:100E000050EA4C0021FA02F243EB020008BF20EA4C
:100E1000DC7070474FF0FF0C1CEAD0521EBF1CEA7A
:100E2000D15392EA0C0F93EA0C0F6FD01A4480EA68
:100E3000010C400218BF5FEA41211ED04FF0006351
:100E400043EA501043EA5111A0FB01310CF000407D
:100E5000B1F5000F3EBF490041EAD3715B0040EAA3
:100E6000010062F17F02FD2A1DD8B3F1004F40EB73
:100E7000C25008BF20F00100704790F0000F0CF046
:100E8000004C08BF49024CEA502040EA51207F3A0A
:100E9000C2BFD2F1FF0340EAC250704740F40000E5
:100EA0004FF00003013A5DDC12F1190FDCBF00F0D6
:100EB00000407047C2F10002410021FA02F1C2F184
:100EC000200200FA02FC5FEA310040F1000053EA20
:100ED0004C0308BF20EADC70704792F0000F00F06E
:100EE000004C02BF400010F4000F013AF9D040EA74
:100EF0000C0093F0000F01F0004C02BF490011F408
:100F0000000F013BF9D041EA0C018FE70CEAD15305
:100F100092EA0C0F18BF93EA0C0F0AD030F0004C85
:100F200018BF31F0004CD8D180EA010000F0004039
:100F3000704790F0000F17BF90F0004F084691F0F7
:100F4000000F91F0004F14D092EA0C0F01D1420231
:100F50000FD193EA0C0F03D14B0218BF084608D1FA
:100F600080EA010000F0004040F0FE4040F4000044
:100F7000704740F0FE4040F4400070474FF0FF0CD7
:100F80001CEAD0521EBF1CEAD15392EA0C0F93EA1E
:100F90000C0F69D0A2EB030280EA010C49024FEA70
:100FA000402037D04FF0805343EA111143EA101329
:100FB0000CF000408B4238BF5B0042F17D024FF4E1
:100FC000000C8B4224BF5B1A40EA0C00B3EB510FBC
:100FD00024BFA3EB510340EA5C00B3EB910F24BFA5
:100FE000A3EB910340EA9C00B3EBD10F24BFA3EB2A
:100FF000D10340EADC001B0118BF5FEA1C1CE0D1F2
:10100000FD2A3FF650AF8B4240EBC25008BF20F0A4
:10101000010070470CF0004C4CEA50207F32C2BFF8
:10102000D2F1FF0340EAC250704740F400004FF095
:101030000003013A37E792F0000F00F0004C02BFC6
:10104000400010F4000F013AF9D040EA0C0093F090
:10105000000F01F0004C02BF490011F4000F013BEA
:10106000F9D041EA0C0195E70CEAD15392EA0C0F52
:1010700008D142027FF47DAF93EA0C0F7FF470AF8A
:10108000084676E793EA0C0F04D14B023FF44CAFCD
:1010900008466EE730F0004C18BF31F0004CCAD162
:1010A00030F000427FF45CAF31F000437FF43CAF9E
:1010B0005FE700BF4FF0FF3C06E000BF4FF0010CC0
:1010C00002E000BF4FF0010C4DF804CD4FEA4002A2
:1010D0004FEA41037FEA226C18BF7FEA236C11D0EC
:1010E00001B052EA530C18BF90EA010F58BFB2EB9F
:1010F000030088BFC81738BF6FEAE17018BF40F01F
:10110000010070477FEA226C02D15FEA402C05D1D2
:101110007FEA236CE4D15FEA412CE1D05DF8040B57
:10112000704700BF844608466146FFE70FB5FFF7EA
:10113000C9FF002848BF10F1000F0FBD4DF808EDA2
:10114000FFF7F4FF0CBF012000205DF808FB00BF93
:101150004DF808EDFFF7EAFF34BF012000205DF8ED
:1011600008FB00BF4DF808EDFFF7E0FF94BF01203A
:1011700000205DF808FB00BF4DF808EDFFF7D2FF37
:1011800094BF012000205DF808FB00BF4DF808ED7A
:10119000FFF7C8FF34BF012000205DF808FB00BF47
:1011A0004FEA40024FEA41037FEA226C02D15FEA34
:1011B000402C08D17FEA236C02D15FEA412C02D196
:1011C0004FF0000070474FF0010070474FEA4002B7
:1011D000B2F1FE4F0FD34FF09E03B3EB12620DD965
:1011E0004FEA002343F0004310F0004F23FA02F0CF
:1011F00018BF404270474FF00000704712F1610F76
:1012000001D1420205D110F0004008BF6FF000404C
:1012100070474FF00000704742000ED2B2F1FE4F0F
:101220000BD34FF09E03B3EB126209D44FEA0023B5
:1012300043F0004323FA02F070474FF0000070477C
:1012400012F1610F01D1420202D14FF0FF3070471D
:101250004FF00000704700BF53B94AB9002908BFDA
:1012600000281CBF4FF0FF314FF0FF3000F06AB98B
:10127000ADF1080C6DE904CE00F006F8DDF804E0ED
:10128000DDE9022304B070472DE9F047089D0C46C4
:10129000002B4ED194468C458646B2FA82F262D932
:1012A0004AB1C2F12003914020FA03F30CFA02FC88
:1012B000194300FA02FE4FEA1C471FFA8CF6B1FBF5
:1012C000F7F44FEA1E4307FB141143EA014304FB02
:1012D00006F199420AD91CEB030304F1FF3080F0B8
:1012E0001281994240F20F81023C6344591A1FFA5D
:1012F0008EF3B1FBF7F007FB101143EA014300FB4B
:1013000006F69E420AD91CEB030300F1FF3180F080
:10131000FC809E4240F2F980634402389B1B40EA05
:10132000044000211DB1D3400022C5E90032BDE8D0
:10133000F0878B4205D90DB1C5E9000100210846AF
:10134000F5E7B3FA83F1002946D1A34202D39042D4
:10135000C0F0F080861A64EB03030120002DE6D074
:10136000C5E90063E3E7002A40F09080A1EB0C049C
:101370004FEA1C481FFA8CF70121B4FBF8F64FEA3C
:101380001E4308FB164443EA044307FB06F0984259
:1013900008D91CEB030306F1FF3402D2984200F295
:1013A000CD8026461C1A1FFA8EF3B4FBF8F008FB1A
:1013B000104443EA044300FB07F79F4208D91CEBA3
:1013C000030300F1FF3402D29F4200F2B0802046B6
:1013D000DB1B40EA0640A5E7C1F120068B4022FA5C
:1013E00006F71F4320FA06FC04FA01F343EA0C0354
:1013F000F44000FA01F8380C4FEA1349B4FBF0FE50
:101400001FFA87FC00FB1E4449EA04440EFB0CF95A
:10141000A14502FA01F20AD93C190EF1FF3A80F017
:101420008480A14540F28180AEF1020E3C44A4EBE1
:1014300009041FFA83F9B4FBF0F300FB134449EAF3
:10144000044403FB0CFCA44507D93C1903F1FF300D
:1014500067D2A44565D9023B3C4443EA0E40A0FB59
:101460000293A4EB0C049C42CE469C4651D34ED032
:1014700055B1B8EB0E0364EB0C0404FA06F6CB404E
:101480001E43CC40C5E90064002150E7C2F12003AF
:1014900020FA03F10CFA02FC24FA03F394400C4303
:1014A0004FEA1C4800FA02FE1FFA8CF7B3FBF8F073
:1014B00008FB1031230C43EA014300FB07F199427A
:1014C00008D91CEB030300F1FF362CD299422AD92C
:1014D000023863445B1AA4B2B3FBF8F108FB113382
:1014E00044EA034401FB07F3A34208D91CEB0404BC
:1014F00001F1FF3613D2A34211D902396444E41A30
:1015000041EA004139E70446F0E6084606E7C845E7
:10151000AED2B9EB020E63EB070C0138A8E73146F7
:10152000EDE7034699E73046D4E7D6467FE76344C4
:1015300002384DE70646234608460FE7023E63445D
:1015400030E700BF704700BF0121402013F030B8E2
:10155000F8B5154E154C338801339BB2B3F57A7F3D
:10156000338004D9E388A3800123E38033800025FE
:101570002F462278EBB29A4200D8F8BD637002334E
:1015800054F823309A8801329A803288B2F57A7FF3
:1015900024BFDA885A801A6928BFDF8012B11B7A0B
:1015A00003B190470135E4E72AB200202CB20020B5
:1015B00073B500242246224B009441F28831214821
:1015C000214E13F073F92246204B009440F6B831B7
:1015D0001F4813F06BF9224621461E4B022012F0E1
:1015E000D5FE00F097FF01F06DFB1B491B4A1C4B19
:1015F000126E01254D63284691F8301000F02EFB45
:1016000001F0A0FD174B00942A464FF4FA613046D2
:1016100013F04CF9304613F0F5F9134A21464020F7
:1016200013F090F82946402012F0C2FF0F4B2246DB
:101630002146022002B0BDE8704012F0A7BE00BFF4
:10164000012300088CB200205CB200204929000868
:1016500074B2002051890108D0B40020A0B5002048
:10166000792B0008AD3D0008491500087289010872
:101670000B4B0C4A196812780A441A601B68033332
:101680000CD9BFF34F8F0849084BCA6802F4E062D7
:101690001343CB60BFF34F8F00BFFDE7FFF758BF89
:1016A000D4D30020A8AF002000ED00E00400FA052C
:1016B00003680B4A934201D101F08EBD094A93425F
:1016C0000DD1094A138801339BB2B3F57A7F138099
:1016D00005D3064BD98B59830021D98311807047DC
:1016E000004801400044014028B2002054AE0020D0
:1016F000042802D0102802D0704702F09FBB01F0EE
:1017000011B900002DE9F043012891B005460E46BD
:1017100040F0948000230A93D5238DF82C304A4B57
:1017200008934A4B4A4C09934A4B0D934A4B0C93EE
:1017300008A94A4B0E93204604F038FF28B14FF019
:10174000FF39484611B0BDE8F0830DF10301204692
:1017500004F005FD0028F2D19DF803306B2BEED18B
:1017600001A9204604F0E8FA9DF806309DF804101F
:101770009DF80520DFF8E8803A4FC8F804409B0048
:1017800043EA4103384913434B60F007374B7B6012
:1017900009D5012A07D1364A36491B68D16020464F
:1017A00098470028CBD1B10726D47207C7D47B68ED
:1017B000D8F80400DB6808A998478146002840D182
:1017C0009DF82040631E5C425C419DF82130012B56
:1017D0009DF822304FEA440408BF44F00104012B75
:1017E00008BF44F00404032735EA060313D0013F81
:1017F0004FEA4505F8D1A4E79DF80430012BD4D178
:101800001B4B1D4A1A617B68D8F804001B68984777
:101810000028CAD093E735EA0403E8D1174B144AED
:1018200053F82530D8F80400033352F823301B68EE
:1018300098470028DBD06FF0040982E76FF00109B8
:101840007FE76FF006097CE7495B000861590008F3
:10185000A4B20020E5590008B1590008ED5A00086B
:1018600004B30020E4B20020DCB2002054AF00201A
:10187000ECB200200CAF002030AF002094890108AA
:1018800001280B4610B5114619D80E4A52F82020EF
:1018900003EA0204934312D10B4A52F8242000EBCE
:1018A00040031344094A52F82330094A1B6A52F88C
:1018B00020009847002818BF6FF0040010BD6FF09B
:1018C0000100FBE7DCB2002094890108ECB20020A3
:1018D00004B30020012808B508D1064B586804F06D
:1018E0004AFE002818BF6FF0040008BD6FF0010029
:1018F000FBE700BF04B30020012808B508D1064B60
:10190000586804F042FE002818BF6FF0040008BDBC
:101910006FF00100FBE700BF04B300202DE9F043A6
:101920000F4691B0002878D17F238DF82C303E4BA4
:1019300008933E4B3E4C09933E4B0D933E4B0A9011
:101940000C9308A93D4B0E93204605F015FE28B1D7
:101950004FF0FF34204611B0BDE8F0830DF10701D0
:10196000204605F08BFD0028F2D19DF80730A02B12
:10197000EED102A9204605F0D5FC314B9DF8082098
:10198000DFF8C080304D1A60F907304BC8F80040CE
:101990002B6009D5012A07D12D4A2E491B681160F9
:1019A000204698470028D3D12B68D8F80000DB6880
:1019B00008A99847044698BB9DF820506B1E5D42CD
:1019C0005D419DF82130012B9DF8223008BF45F084
:1019D0000205012B08BF45F004054FF0020901265E
:1019E00036EA070307D0B9F1010F4FEA4606B1D036
:1019F0004FF00109F4E736EA0503F4D1164BD8F8A5
:101A0000000053F82620124B53F822301B689847E9
:101A10000028E8D06FF004049CE76FF0010499E718
:101A20006FF0060496E700BF495B000861590008A3
:101A30000CB30020E5590008B1590008ED5A000820
:101A400044B3002064B300204CB3002094AF0020C6
:101A500054B3002080AF0020A8890108012808B5F0
:101A600018D80E4B53F8203001EA0302994311D1E4
:101A70000B4B53F822300B4A03EB400352F8233050
:101A8000094A1B6852F820009847002818BF6FF0D9
:101A9000040008BD6FF00100FBE700BF44B3002065
:101AA000A889010854B3002064B3002037B502F0C0
:101AB0009FFAB0F52F6F1BD8124A137843F0080332
:101AC00013700024104DAB69A34218D0002200907F
:101AD00011460E4B022012F059FC2846042240F811
:101AE000184F4FF47F7103B0BDE8304000F034BCB4
:101AF00040F6A844A04294BF01240224E2E703B0C8
:101B000030BD00BF6CB30020D0B40020BC890108F8
:101B100010B50B4A0B4C00231370E36304F13C0037
:101B2000022304224FF48461A36100F015FC04F148
:101B300018000422BDE810404FF47F7100F00CBC87
:101B40006CB30020D0B4002073B5FFF7AFFF254D74
:101B500025482B78C26B9A4241D040F83C3F042282
:101B60004FF4846100F0F8FB2B78204E204C13F0EA
:101B7000020F0CBF234633460022009311461D4B33
:101B8000022012F003FC2B7813F0040F0CBF234645
:101B90003346002200931146174B022012F0F6FB49
:101BA0002B7813F0080F0CBF234633460022009316
:101BB0001146124B022012F0E9FB95F90030002289
:101BC00034EA230428BF344600940D4B114602200A
:101BD00012F0DCFB02B0BDE8704000F001B902B0C9
:101BE00070BD00BF6CB30020D0B40020DC890108B8
:101BF000E1890108E7890108FC8901080C8A0108CC
:101C0000208A0108BFF34F8F0549064BCA6802F4CA
:101C1000E0621343CB60BFF34F8F00BFFDE700BF0F
:101C200000ED00E00400FA0538B504460D4614F056
:101C300089F8291B013190FBF1F303FB11000444E7
:101C400014F080F8054602F08BFE023005EB5000E0
:101C5000A4B214F049F8204638BD00002DE9F34144
:101C6000884615461E46074605F0FAFD254CC4F881
:101C7000E00005F0FBFDC4F8E40005F0FDFDD4E94B
:101C800038325340C4F8E800584014F02DF8002FC3
:101C90001D4AC4F8F4600CBF0123022313701B4AD1
:101CA00084F8DA7013701A4A1A4BA4F8D88008BF67
:101CB000134605F57A750022C4F8EC5011460093DE
:101CC0000220154B12F062FB144B1B7873B194F891
:101CD000DA30ABB9D4F8EC30D4F8F020136000223D
:101CE000009311460E4B022012F050FB4FF47A7114
:101CF0006420FFF799FF02B0BDE8F04102F038BE62
:101D00000023E9E770B30020A4000020A500002014
:101D1000398A01083D8A0108428A01086DB3002012
:101D20006E8A0108074B1B78012B09D1064BD3F8AB
:101D3000F02000201060C3F8EC00D3F8F43018470E
:101D4000704700BFA400002070B3002010B50A4CFB
:101D50002378012B094B04BF44F620621A601B68EC
:101D60003BB9A0604EF660213220FFF75DFFA3680B
:101D70000344A36010BD00BF70B30020A00000208A
:101D800007B50B4B9B684EF66021B3FBF1F201FBEC
:101D900012334FF47A71B3FBF1F3CDE90023002243
:101DA000044B1146022012F0F1FA03B05DF804FB77
:101DB00070B30020998A0108074B10B5D3F8DC40B6
:101DC0003CB9064B22462146022012F0DFFA20469B
:101DD00010BD0120FCE700BF70B30020D48A0108C9
:101DE00010B5FFF7E9FFB0B10B4C49F64043A360D3
:101DF0000023A371FFF7C4FFD4F8DC0012F0B4FD98
:101E0000A168D4F8DC0012F037FED4F8DC00BDE89D
:101E1000104012F0F7BD10BD70B30020034B91F9D4
:101E200009205A80022283F8F920704770B30020FD
:101E300030B5124B93F8D6400E2C1ED8651C83F893
:101E4000D650105593F8D600441C83F8D6400C0E9B
:101E5000145493F8D600441C83F8D6400C14145440
:101E600093F8D600441C83F8D6400C12145493F80F
:101E7000D600441C83F8D640115430BD70B3002006
:101E800010B501231078984200D210BDC818D45C58
:101E900000F8014C0133DBB2F4E7000037B5304DF8
:101EA000304CB5F90230626A9A4207D020460422CB
:101EB00040F8243F4FF4816100F04EFA95F8F93074
:101EC000D4F8C4209A4207D02748C4F8C43004226A
:101ED0004FF4956100F040FA95F8FA30D4F8C82034
:101EE0009A4207D02148C4F8C830042240F2AC41DD
:101EF00000F032FAD5F8F03000221B68009311464A
:101F00001B4B022012F042FAAB79009300221146DB
:101F1000184B022012F03AFAB4F924300093002250
:101F20001146154B022012F031FAD4F8C420134B9D
:101F3000142505FB0233002200931146104B0220AA
:101F400012F024FAD4F8C8200E4B05FB023300220D
:101F5000009311460C4B022012F018FA03B030BD6A
:101F600070B30020D0B4002094B5002098B50020B4
:101F7000F28A01081C8B01083B8B010850000020ED
:101F8000578B010800000020788B010837B5054603
:101F9000FFF712FF00283FD0204CB5B9022384F888
:101FA000F93042F21073A360A571D4F8DC0012F08E
:101FB000DBFCA168D4F8DC0012F05EFDD4F8DC0094
:101FC00003B0BDE8304012F01DBD63790133DBB2D0
:101FD00000226371114600930220114B12F0D6F9D2
:101FE00063790E2B4FF0000510D9B4F8D8300D48A6
:101FF00065715843FFF7AAFE012384F8F93084F88D
:10200000FA30FFF74BFFFFF7BBFECEE749F6404043
:10201000FFF79CFE2B46F0E703B030BD70B3002005
:10202000998B010880EE360073B55B4C5B4AD4F89F
:10203000F030C4F8DC1019689142054608D9002038
:102040001860574B1B78012B5AD1D4F8F4309847BD
:1020500094F8F8202B78A12A40F08680002B00F01D
:102060009780032684F8F9606D7A002D4DD123798D
:102070000133DBB223712A4600932946494B0220E3
:1020800012F084F923796580092B84F8FA6039D934
:10209000434B25711B780226012B84F8F96023D16C
:1020A000D4E93B2329461A6030463F4B2A4612F0BA
:1020B0006DF9B4F8D8303D48A5715843FFF746FE96
:1020C000FFF7ECFEFFF75CFED4F8DC0012F04CFCEE
:1020D000A168D4F8DC0012F0CFFCD4F8DC0012F0D8
:1020E00091FCA06802B070BDFFF7D8FE304B2A46C5
:1020F0002946304612F04AF94FF47A7002F038FC63
:10210000FFF780FD49F64040D8E70025294B2571AF
:102110002A462946022012F039F9A379217B01339E
:10212000DBB20222994284F8FA20A3710FD942F25D
:102130001073A3601A4B1B78012BC1D1D4F8F03077
:102140001868C4F8EC00D4F8F4309847B8E70123D5
:1021500084F8FA301548B4F8D83084F8F920584398
:10216000A571FFF7F3FDE5E793B10D4B1B78012B4C
:1021700004BFD4F8EC30EB600022A12384F8F830DF
:1021800011460D4B022012F001F9FFF7F9FDA8E707
:10219000002384F8F830A4E770B30020EED8FFFFE6
:1021A000A4000020BB8B0108DC8B010880EE360008
:1021B000048C01082E8C0108548C01082DE9F0478D
:1021C000354C012384F8D630344B5A6B1B6BA4F882
:1021D000D830A37984F8DA200325012B06460F4670
:1021E00025733FD0022B4AD00BB10023A371DFF837
:1021F000B09094F80680D9F80000FFF70DF8142588
:102200004FF00E0A15FB08A8A044014642460020E4
:10221000FFF70EFEA379D9F8080015FB03A5FEF71A
:10222000FBFF254401462A460120FFF701FE94F8F2
:10223000F830A279A12B14BF0023032384F8F930CE
:1022400094F8D630142101FB0242013BDBB29373B8
:102250003B70A07901FB00420E323146BDE8F047E9
:10226000FFF70EBE04F1220202200021FFF7E0FD7D
:10227000A279142303FB02420E322846D5E704F16B
:10228000360204200021FFF7D3FDA279142303FBBB
:1022900002420E320420C8E770B30020D0B4002000
:1022A0000CB6002038B504460025A54200D138BD43
:1022B00002F056FB0135F8E738B50E480E4C12F027
:1022C00053FB0C4812F09EFB25788DB90B48012278
:1022D000202106F033FC09482A46802106F02EFC16
:1022E00001232370BDE838404FF47A60FFF7DABF6E
:1022F00038BD00BF8CB200206CB400200004004840
:1023000010B5094C237873B1084812F02DFB08482A
:102310000022202106F012FC05480022802106F050
:102320000DFC0023237010BD6CB400208CB2002083
:102330000004004870B504460D461646FFF7BCFF82
:10234000044833462A4621460068BDE8704003F041
:102350008BBA00BF74B4002070B504460D46164613
:10236000FFF7AAFF044833462A4621460068BDE825
:10237000704003F08BBA00BF74B4002070B50C46F7
:102380000D4D0646FFF798FF0C4B286893E80600B2
:1023900003F094FA0A4B28685C7000221A703146E8
:1023A000220203F097FA074B286893E80600BDE87D
:1023B000704003F083BA00BF74B40020D88D0108C8
:1023C00072B40020D08D010873B5FFF775FF354C4E
:1023D000354B2068354D93E8060003F06FFA8121F4
:1023E000206803F033FA0021206803F089FA012104
:1023F000206803F05DFAFF220221206803F07AFAD8
:10240000FF220121206803F075FAFF2200212068D5
:1024100003F070FA03236B70254B20681A780021B3
:1024200003F068FA2B786A78206843EA02220021D8
:1024300003F050FA1F4B20681A78012631466E705F
:1024400003F058FA2B786A78206843EA0222314672
:1024500003F040FA0026FF22022120682E706E70E1
:1024600003F048FA2B786A78206843EA02220221B6
:1024700003F030FA8DF80760B1B201220DF10700C8
:102480000136FFF769FF402EF6D10B4830220021BC
:10249000FFF762FF094B206893E8060003F00EFA8D
:1024A00002B070BD74B40020D88D010872B4002051
:1024B000DB000020DA000020A7000020D08D0108FA
:1024C00070B50F4D0F4E104CFFF7F6FE2A46002157
:1024D000306803F009FA22463068012103F004FA5B
:1024E0000A4B1A782B789A4204D1094B1A78237830
:1024F0009A4203D0BDE87040FFF766BF70BD00BFD1
:1025000071B4002074B4002070B40020DB000020FF
:10251000DA00002010B5FFF7CFFE054C206803F06D
:1025200061F90028FAD1BDE8104003F02BB900BFD3
:1025300074B4002010B50E4CD4F8B42082B100223F
:1025400011460C4B022011F021FF20460023BDE86C
:10255000104040F8B43F04224FF49361FFF7FCBEF3
:10256000BDE81040044B1146022011F00FBF00BF20
:10257000D0B40020728C0108988C01082DE9F0413C
:10258000214A22480823002110F8014F12F8015F68
:10259000013BA5421CBF1470012113F0FF03F3D1CE
:1025A0001B4B1C4A102412F8017F13F801CF167C34
:1025B00092F8205092F83000BC450BD193F810C02F
:1025C000B44507D193F820C0AC4503D193F830C08F
:1025D000844506D01F701E7483F8205083F83000A5
:1025E0000121013C14F0FF04DDD151B1204600F07F
:1025F000CFFA22462146084BBDE8F041022011F0F7
:10260000C5BEBDE8F08100BFABB500203BB50020E2
:10261000BFB5002043B50020BA8C010870B5002278
:102620000D4C0E4B1146022011F0B0FE268896B9D3
:1026300002226421012520462580FFF78DFE4FF4FC
:10264000FA6002F095F90222642120462680FFF705
:1026500083FE034B1D7070BD6EB40020E08C01083A
:10266000A600002070B5244C207801280BD1002151
:10267000FFF784FE0022214B1146022011F086FE56
:102680000223237070BD0228FCD100F0FFFAFFF78F
:1026900051FFFFF773FF1A4A1A4B516D18788842A1
:1026A00007D15D78906D854203D19878D56D8542CC
:1026B000E8D01970916DD26D59709A70124EFFF773
:1026C00027FA1248002502224FF4FA51058035807E
:1026D000FFF742FE022264213046FFF73DFE012152
:1026E0000846FFF74BFE0A4B2A462946022011F006
:1026F0004DFE0123C5E700BFA6000020FF8C0108A6
:10270000D0B4002078B400206EB40020D80000209F
:10271000238D0108002210B51146124B124C0220E5
:1027200011F034FE1148002302226421038023802B
:10273000FFF712FE022220464FF4FA51FFF70CFE7B
:102740000B4C01210846FFF719FEFFF73DFE00F094
:1027500037FA204612F008F92046BDE8104012F082
:1027600051B900BF458D0108D80000206EB400208B
:1027700074B2002008B500221146084B022011F067
:1027800005FE0748002302224FF4FA510380FFF7A9
:10279000E3FDBDE80840FFF781BB00BF6E8D010877
:1027A000D800002008B500221146084B022011F085
:1027B000EDFD0748002302224FF4FA510380FFF792
:1027C000CBFDBDE80840FFF70BBB00BF8F8D0108B4
:1027D000D800002010B50B48002402224FF4FA5113
:1027E0000480FFF7B9FD22462146074C074B022023
:1027F00011F0CCFD204612F0B7F82046BDE810409D
:1028000012F000B9D800002074B20020B08D010889
:1028100013B53D4C02224FF4FA512046FFF78AFDD2
:102820003A4A23889268934204D102B0BDE810402E
:10283000FFF7F4BE43F6D972934229D843F6D47217
:1028400093421CD840F262629342EED041F65D3270
:102850009342EAD02E480023022264210380238081
:10286000FFF77AFD284802224FF4FA51FFF774FD72
:102870000121084602B0BDE81040FFF77FBDA3F577
:102880007F53163B032B19D8DFE803F022272C31A6
:102890004FF6FE7293420CD04FF6FF72934212D065
:1028A0004FF6FD729342D5D102B0BDE81040FFF75C
:1028B000D9BE02B0BDE81040FFF75CBF02B0BDE872
:1028C0001040FFF76FBF02B0BDE81040FFF722BF16
:1028D00002B0BDE81040FFF77DBF02B0BDE8104078
:1028E000FFF716B902B0BDE81040FFF71BBA40F27F
:1028F000626302224FF496710DF10600ADF80630C6
:10290000FFF72AFD02B010BDD8000020A0B50020BE
:102910006EB4002008B5FFF7CFFCBDE80840FFF714
:1029200077BF0000C30604D5024B1B780BB9FFF735
:10293000C3BC70476CB4002002486822C821FFF76E
:102940000BBD00BFA0B50020002208B511460A4B00
:10295000022011F01BFD4FF4FA7002F009F8BFF3EA
:102960004F8F0649064BCA6802F4E0621343CB60FE
:10297000BFF34F8F00BFFDE7E08D010800ED00E0E1
:102980000400FA0570B5224A88B010685168214ADF
:102990006B4603C31068516803C31F4B04AA03F1BD
:1029A0001006144618685968154603C50833B34223
:1029B0002A46F7D168460FF0F9FB184901200FF0BD
:1029C00057FC164902200FF053FC02A80FF032FC0E
:1029D000214600200FF08EFB214601200FF08AFBDC
:1029E000214609200FF086FB214608200FF082FBCC
:1029F000002211460A4B022011F0C8FC0FF0B8FC6F
:102A00000022084B1146022011F0C0FC08B070BD36
:102A10005C8E0108658E01086E8E01088877665508
:102A2000FD8D01082E8E010810B5144C20460FF0C4
:102A300001FC04F1240100200FF05CFB04F11401FF
:102A400001200FF057FB04F1340109200FF052FB75
:102A500004F1440108200FF04DFB00221146084B01
:102A6000022011F093FC0FF083FC0022BDE810401F
:102A7000044B1146022011F089BC00BFACB5002008
:102A80007F8E0108AD8E01082DE9F041334886B0F4
:102A90000FF09AFB324900200FF0F4FB314A106826
:102AA00051686B4603C3304B02AA03F110076E4610
:102AB000144618685968154603C50833BB422A46B0
:102AC000F7D12A4D96E8030005F10C0383E80300D3
:102AD00094E80F0005F1200E05F1300C05F14007D8
:102AE00005F150068EE80F008CE80F0087E80F0014
:102AF00086E80F001E4BEA699A66D5E9050103F1E5
:102B0000600495F8662084E80300A84600216C3331
:102B10000AB9287B58540131082905F10105F7D17C
:102B2000AAB99EE80F00134C84E80F009CE80F0040
:102B300004F1100585E80F0097E80F0004F1200567
:102B400085E80F0096E80F00303484E80F00012379
:102B500088F8663006B0BDE8F08100BFB4B500204B
:102B6000BCB50020658E0108D88E0108A0B50020F4
:102B7000D0B4002044B50020044B43F8600F042279
:102B80004FF494711846FFF7E7BB00BFA0B50020D3
:102B9000012804D0022808D060B9FFF7CDBE06484E
:102BA00054224FF4FA61FFF7D7BB0448D0224FF408
:102BB0007971F8E7704700BF7CB40020D0B40020E2
:102BC00070B5FFF761FF2A4B2A486822A3F86420FA
:102BD00042F2137647220024C3E9002640F257420E
:102BE0009A601C6683F866405423C0E90044C0E93B
:102BF00002440365046121463022143013F03DFE87
:102C00001D4B1E49C3F8C840D022C3F8CC201C4A33
:102C10000125C3E900521B4AC3E902121A4AC3E95B
:102C200004240322C3E906240C22C3E90C250A224A
:102C3000C3E90844C3E90A55C3E90E24C3E91044B3
:102C4000C3E91244C3E91444C3E91644C3E92E6539
:102C5000C3E93044FEF75CFFFEF776FFFFF76CFE3A
:102C60000220FFF795FF2846BDE87040FFF790BFB0
:102C7000A0B500207CB40020D0B4002052202D202C
:102C80004D4554454E414D452E2E2E3F012807D02F
:102C900002280AD070B908486822C821FFF74ABB49
:102CA000064854224FF4FA61F8E70548D0224FF461
:102CB0007971F3E7704700BFA0B500207CB4002015
:102CC000D0B4002030B54E4D85B06822C8212846CA
:102CD0000024ADF80E40FFF72DFB02224FF4967151
:102CE0000DF10E00FFF726FBBDF80E2043F6D97359
:102CF0009A4209D102224FF496710DF10E002C6018
:102D0000ADF80E40FFF728FB2B68472B08D16A6807
:102D100042F213739A4203D1B5F86430682B21D084
:102D2000002385F86630FFF74FFBFFF749FFBDF83A
:102D30000E20344C40F262639A425BD143F6D97361
:102D400002224FF496710DF10E00ADF80E30FFF730
:102D500003FB2D4B00221A6301232370FFF712FEA1
:102D600005B030BDFFF7ACFB0220FFF78FFF264C0C
:102D70000120FFF78BFF254BE26B1A70236CAA68CA
:102D80009A420DD1636C9A420AD0AB60FFF7D4FD32
:102D9000AB68009300221E4B1146022011F0F6FA98
:102DA000D4E91032D3420ED01A480023042240F254
:102DB0002441C4E91033FFF7CFFA174804224FF437
:102DC0008561FFF7C9FA154B626D1A70A26D5A70D2
:102DD000E26D9A70104804226421FFF7BDFA0E4894
:102DE00004224FF4FA51FFF7B7FA01210846FFF722
:102DF000C5FA9CE700232370FFF716FEB0E700BF7B
:102E0000A0B5002070B30020D0B400206CB3002027
:102E1000E98E010810B5002014B5002078B4002018
:102E20000C4B902283F820209A69082A0DD004DCEC
:102E3000022A05D0042A06D07047102A07D070470E
:102E400000221A7770470822FBE70C22F9E70422D8
:102E5000F7E700BF1C1E0020F8B5484D484CAE688F
:102E60006378B6F5806F1CD2D3B1464F4649F868F7
:102E7000FEF784F82169FDF7C5FE434920613869F2
:102E8000FEF77CF86169FDF7BDFE3F496061786936
:102E9000FEF774F8A169FDF7B5FE0136A061AE60DA
:102EA000F8BD002BFCD020694FF06A51FDF7B2FF4E
:102EB0004FF06A51E0616069FDF7ACFF4FF06A5175
:102EC0002062A069FDF7A6FF0222606216210120A0
:102ED000FEF712FD082215210120FEF70DFDA76A5D
:102EE000E0693946FEF74AF8FEF770F946B239460E
:102EF000206A84F82C60FEF741F8FEF767F939463E
:102F000084F82D00606AFEF739F8FEF75FF9F2B237
:102F100084F82E0073210120FEF7EEFC94F82D209A
:102F200074210120FEF7E8FC94F82E207521012081
:102F3000FEF7E2FC1F225C210120FEF7DDFC114BB5
:102F40005B211A790120FEF7D7FC002256210120CF
:102F5000FEF7D2FCC02258210120FEF7CDFCE02272
:102F60005E210120FEF7C8FC6B7C13B9074807F00F
:102F700071FD0023AB60637092E700BF54AE002088
:102F8000B00200201C1E002000007A44E8CE002081
:102F900038B5264CA369082B38D004DC022B14D09A
:102FA000042B23D038BD102BFCD1214DB5F90000E6
:102FB00003F05CFBE060B5F9020003F057FB206111
:102FC000B5F9040003F052FB0EE0194DB5F900000D
:102FD00003F02EFBE060B5F9020003F029FB20614D
:102FE000B5F9040003F024FB6061DBE7104DB5F98F
:102FF000000003F027FBE060B5F9020003F022FBBC
:103000002061B5F9040003F01DFBEDE7084DB5F9AB
:10301000000003F021FBE060B5F9020003F01CFBA7
:103020002061B5F9040003F017FBDDE71C1E00204A
:10303000541E00202DE9F047374DDFF8E0A0DFF8FF
:10304000E09000244FF07E582046FDF78FFE514659
:10305000FDF7E0FE4946FDF791FF12F0F5FD014650
:103060004046FDF7CDFD4FF07C51FDF7D3FE05F551
:10307000804706460146B868FDF7CCFEB86005F506
:1030800000573146B868FDF7C5FEB860A8683146FC
:10309000FDF7C0FE0134B4F5806F45F8080FD3D1B9
:1030A00020492148214F12F085FC21491E4812F089
:1030B00081FC20491C4812F07DFC1F492246A1F5E5
:1030C000005012F0FDFC1D492246A1F5A04012F06F
:1030D000F7FC1B492246A1F5004012F0F1FC174C09
:1030E00000254FF06E5657F8040F3146FDF792FE5B
:1030F000386020683146FDF78DFE44F8040B3146F8
:10310000D4F8FC0FFDF786FE0135B5F5007FC4F855
:10311000FC0FE8D1BDE8F087541E0020DB0FC9404A
:1031200000C07F445C5E002020CE0020587E00203E
:103130005C3E00205C1E00205C7E00205C8E002037
:103140005C9E002070B500241F4D2048AC70012308
:1031500022464FF4806111F00DFE2C801C4DEC8056
:1031600005F510452B7E0BB9687E08B1002070BDB7
:103170000121FEF7D3FB10BB0121FEF76FFC0038E5
:1031800018BF01204000B0FA80F06B7E400928761D
:10319000002BE7D102210120FEF7B4FA044680B9E2
:1031A0000C4E736B9847327F96F8203010211A43EB
:1031B0000120FEF7A1FB84F001046C76D2E7012028
:1031C000E1E70124F7E700BF1CCE002020CE00205D
:1031D000541E00201C1E002037B5204CE38B94F8B1
:1031E00026500133E38315BB637E012084F826005B
:1031F000D3B1A4F510420221FEF742FB08B31848F0
:1032000002F076FC228C531C9BB2092A238410D92D
:10321000144B1548DD70258407F01CFC134B2A461F
:103220002946022011F0B2F8002384F8263003B0BA
:1032300030BD00932A460E4B2946022011F0A6F815
:10324000F2E70C4B0C4D20841B6B98476B6898473A
:10325000AB689847EB689847E6E700BF54AE00209C
:1032600080D300201CCE0020E8CE00200D8F010866
:10327000318F01081C1E0020B00200202DE9F84FFC
:10328000002481468A4693469846002526462746CE
:10329000ABB298451DD84046FDF768FD014605468E
:1032A0003846FDF76BFE15F005FA0A9B29461860B3
:1032B0003046FDF763FE15F0FDF90B9B29461860BB
:1032C0002046FDF75BFE15F0F5F90C9B1860BDE894
:1032D000F88F59F835100846FDF79CFD0146384631
:1032E000FDF790FC5AF8351007460846FDF792FDA9
:1032F00001463046FDF786FC5BF835100646084669
:10330000FDF788FD01462046FDF77CFC01350446AB
:10331000BEE70000000000002DE9F74F0446006AF8
:103320006B4EFDF7E9F866A3D3E90023FDF73CF9FE
:1033300065A3D3E90023FDF737F9FDF70DFC8046BF
:10334000E069FDF7D9F85EA3D3E90023FDF72CF976
:103350005DA3D3E90023FDF727F9FDF7FDFB074641
:10336000A069FDF7C9F856A3D3E90023FDF71CF9BE
:1033700055A3D3E90023FDF717F9FDF7EDFBE36A49
:10338000009003F5005203F500530132033356F861
:10339000220056F82310FDF735FCA36A606103F59F
:1033A000E05203F5E05301320333814656F823100F
:1033B00056F82200FDF726FC636A206103F5C0522F
:1033C00003F5C05301320333824656F8231056F8F2
:1033D0002200FDF717FC41460546E0604846FDF730
:1033E000CDFD8346FDF788F83A4C80468946504625
:1033F0003946C4E94E89FDF7C1FD8246FDF77CF8E8
:1034000006460F462846C4E92A670099FDF7B6FD2F
:103410000546FDF771F802460B46CDE90001C4E907
:103420000623404600224FF480134946FDF72EFB49
:1034300008B14FF0000BC4F800B000224FF4801325
:1034400030463946FDF722FB08B14FF0000ADDE9AE
:103450000001C4F804A000224FF48013FDF716FB0E
:1034600000B100255946A5605846FDF7D3FCFDF78D
:1034700043F802460B46D4E94C01FCF7DFFEC4E9F1
:103480004C0151465046FDF7C5FCFDF735F80246A4
:103490000B46D4E92801FCF7D1FEC4E928012946EE
:1034A0002846FDF7B7FCFDF727F802460B46D4E99E
:1034B0000401FCF7C3FEC4E9040103B0BDE8F08FCA
:1034C000182D4454FB211940000000609EA0F63FD7
:1034D000541E0020E0000020264B2748B3F81C189B
:1034E0002DE9D04F254CFFF717FFD4E90467394683
:1034F0003046FDF731FB15F0DDF82149FDF78AFC78
:10350000FCF7FAFFD4E92889C4E926014946404678
:10351000FDF722FB15F0CEF81949FDF77BFCFCF70F
:10352000EBFFD4E94CABC4E94A0159465046FDF7DC
:1035300013FB15F0BFF81249FDF76CFCFCF7DCFF3C
:103540005246C4E96E015B4640464946FCF776FEAA
:1035500032463B46FCF772FEFDF7FEFA15F0AAF87C
:103560000749FDF757FCFCF7C7FFC4E97001BDE848
:10357000D08F00BFF0150020E0020020E000002006
:1035800000007A442DE9F04F89B000AF1C46D7F80F
:103590004890BA6009F1070323F00703ADEB030D70
:1035A000C7E903104A460021684613F066F904F59E
:1035B0004073EA467B61002500230326BD61A846CF
:1035C000FB6119462EE01AF80620002A64D13B6000
:1035D0003B69796053F826B05846FDF7D7FD3B6844
:1035E000002855D179688B46FA683B6052F826204E
:1035F0007A6010461946FDF7C9FD7A68002849D15E
:103600003B681A46BB68F96953F826303A60184699
:103610007B60FDF7BBFDD7E9002300283FD10136D1
:10362000134659464E45CED36360FB69BA692360A1
:10363000BB69C4F82C80C4E90953A160A8F1020356
:10364000023D023A08F10308002B04DB4B453CBF66
:1036500001210AF80310002A04DB914584BF0121EF
:103660000AF80210002D04DBA94584BF01210AF8E5
:1036700005100133434505F1010502F10102E3D1D3
:103680007B6930349C4296D12437BD46BDE8F08F2B
:10369000B046A9E7BE61B5E71A468B46BFE7354697
:1036A000FB61BCE72DE9F04F89B0884C884A894915
:1036B0008948DFF828924FF400730093884BFFF796
:1036C00061FFA06AFDF74EFB0146FDF79BFAD9F8B2
:1036D0002838E062824C06930027D9F82438D9F8BC
:1036E00020B8D9F81C6803900793A246B8460699FB
:1036F000DAF80800FDF74AFD68B10799DAF8040026
:10370000FDF744FD38B1DAF800005946FDF73EFDFB
:1037100008B10136012708F10108B8F1100F0AF1CC
:10372000300AE4D10FB1C9F81C68D9F81C2812B9C5
:103730000122C9F81C28D9F81C386A4F06930021C9
:103740000B460698834242F2030204F130040CD186
:1037500041B1634B049AC3F80423059AC3F80823C4
:10376000C3F80C5309B0BDE8F08F54F8040C07936C
:1037700000F50051013157F82180811857F8216078
:10378000FDF7F0FA314681464046FDF739FA4946E1
:1037900005464846FDF736FA01464046FDF730FA41
:1037A0003146FDF72FFA01462846FDF7E7FB4FF0BB
:1037B0007C51FDF72FFB049054F8080C00F5E05104
:1037C000013157F821A000F5E051033157F821608D
:1037D000FDF7C8FA314680465046FDF711FA4146DA
:1037E00005464046FDF70EFA01465046FDF708FA39
:1037F0003146FDF707FA01462846FDF7BFFB4FF0BB
:103800007C51FDF707FB54F80CBC05900BF5C0513B
:10381000013157F821A00BF5C0510331504657F83C
:1038200021603146FDF7ECF90BF5C0510231054638
:1038300057F821100846FDF7E5F901465046FDF717
:10384000DFF93146FDF7DEF901462846FDF796FB24
:103850004FF07C51FDF7DEFA4FF06A5105460398B0
:10386000FDF7D8FA064601460498FDF7D3FA31462B
:1038700082464846FDF7CEFA01465046FDF7C2F9AA
:10388000314644F8100C0598FDF7C4FA31468146DC
:103890004046FDF7BFFA01464846FDF7B3F944F844
:1038A000140C5846FDF75EFA3146FDF7B3FA31467F
:1038B00080462846FDF7AEFA01464046FDF7A2F9DC
:1038C000079B44F8180C013301213AE71C1E002025
:1038D0001CB600201CBE00201CC60020F0150020D5
:1038E000E0020020541E00202DE9F84F0546061F77
:1038F000DFF8A8A0D0F8FC0789469046002440F2E3
:10390000FF1B56F8041F5C450CBF2F687768FDF756
:1039100079F93946FDF776F95146FDF72FFB48F85E
:1039200024000134B4F5007F05D03068E9E7214672
:1039300017E0204629E0002500244FF07E5A00279A
:103940002646EB1BC3F30803214658F823B058461C
:10395000FDF71CFC0028EAD059465046FDF70EFB47
:1039600001463046FDF74EF90137332F0646E8D1C0
:103970000B49FDF703FB21460646FDF707FC00282F
:10398000D7D031465046FDF7F9FA49F82500013500
:10399000B5F5007FD3D1BDE8F88F00BF00004040EF
:1039A00000004C422DE9F0412C4A2D492D482C4C69
:1039B000FFF79AFF2C4A2D492D48FFF795FF2D4A16
:1039C0002D492E48FFF790FF00254FF400782E4632
:1039D0002F4654F8041B3846FDF714F9D4F8FC17A9
:1039E00007463046FDF70EF9D4F8FC1F0646284678
:1039F000FDF708F9B8F101080546EAD1204C4FF06F
:103A00006C51E760266160613846FDF703FA4FF0BC
:103A10006C51206007463046FDF7FCF94FF06C51C1
:103A2000606006462846FDF7F5F91649A060054690
:103A30003846FDF7EFF904F580541249C4F8280818
:103A40003046FDF7E7F90F49C4F824082846FDF78A
:103A5000E1F9C4F82008BDE8F08100BF1CC60020D1
:103A6000080600205C9E00201CBE0020080E0020DE
:103A70005C8E00201CB60020081600205C7E002012
:103A8000F00500200000A04038B5164C4FF400555A
:103A90002A460021204612F0F0FE2A460021A4F515
:103AA000005012F0EAFE2A4600214FF48055A4F59A
:103AB000804012F0E2FE2A46002104F5005012F088
:103AC000DCFE2A46002104F5405012F0D6FE2A46BC
:103AD000002104F5804012F0D0FE034B00229A60D2
:103AE00038BD00BF5C5E002054AE00202DE9FF41D0
:103AF00000222A4E2A4B1146022010F047FCB368E0
:103B0000B3F5806F47D1274D02952A1F0192264AAF
:103B1000A5F10804A2F50051A1F500500094FFF7AB
:103B2000ADFB55F8081C55F8048CA7680846FDF74E
:103B300071F9414605464046FDF76CF901462846B5
:103B4000FDF760F8394605463846FDF763F901464A
:103B50002846FDF757F814F0ADFD144DE060F3680A
:103B6000134C9847D5F818389847124BD3F80033C0
:103B70009847D4F8C8319847FFF786FF0022002302
:103B8000C4E90423C4E92823C4E94C230A4A0023D6
:103B9000C5F81C38138004B0BDE8F08154AE002095
:103BA0005A8F010814B600205C5E0020F01500203A
:103BB000E0000020E0020020B00200202DE9F047E4
:103BC000344D354B05F510471B78BE68B6F5806F50
:103BD00039D2B3B3DFF8C4803149D8F80C00FDF70F
:103BE000CDF93049FDF716F9740004F102092C49AA
:103BF00045F82900D8F81000FDF7C0F92949FDF76C
:103C000009F904F60209264945F82900D8F81400F4
:103C1000FDF7B4F92349FDF7FDF841F20209631CF1
:103C200004EB090AE11C4B4404F60304002245F8A6
:103C30002A00013645F8212045F8242045F82320A4
:103C4000BE60BDE8F087002BFBD01F225C21012065
:103C5000FDF752FE114B5B211A790120FDF74CFE56
:103C6000002256210120FDF747FEC02258210120E5
:103C7000FDF742FEE0225E210120FDF73DFEFFF749
:103C800035FF7B7C002BDCD1BDE8F047064806F011
:103C9000E1BE00BF541E0020B00200201C1E002008
:103CA00000007A440AE81C41E8CE00202DE9F347E1
:103CB000DFF8D88098F80330002B51D0344B1A78B5
:103CC000002A4DD15B78002B4AD1324D0DF107020D
:103CD00005F510461B210120FDF7FCFD9DF807307E
:103CE000B76883F01003C3F30013B7F5806F337424
:103CF00039D2DFF8A4802949D8F80C00FDF73EF945
:103D00002749FDF787F87C0004F10209234945F8AB
:103D10002900D8F81000FDF731F92149FDF77AF8AC
:103D200004F602091D4945F82900D8F81400FDF7EA
:103D300025F91B49FDF76EF841F20209631C04EBFB
:103D4000090AE11C4B4404F60304002245F82A004A
:103D5000013745F8212045F8242045F82320B76095
:103D600002B0BDE8F087FFF7C1FE347C002CF7D12C
:103D70000C4888F80340747406F06CFE0A4B224627
:103D80002146022010F002FBEAE700BF1CCE002013
:103D9000B0020020541E00201C1E002000007A44A7
:103DA0000AE81C41E8CE00200D8F010810B5214C17
:103DB0002388002B3CD06378C3B100221621012058
:103DC000FDF79AFD002215210120FDF795FD002247
:103DD00073210120FDF790FD002274210120FDF7E1
:103DE0008BFD002275210120FDF786FD00225C215C
:103DF0000120FDF781FD00225B210120FDF77CFD04
:103E0000002256210120FDF777FD002258210120D4
:103E1000FDF772FD00225E210120FDF76DFD0023FC
:103E2000A361636123610448BDE8104006F0ECBD66
:103E300010BD00BFB0020020E8CE0020F7B5204D35
:103E400000F08EFD2B6898421CD31E4EF77887BB7E
:103E500000F086FD2B681C4C6433984288BF2770A5
:103E600023785A1C092B22700ED800F079FD237894
:103E700000F5FA7000222860114600930220134BCF
:103E800010F084FA03B0F0BD00252A46104B2570CF
:103E90002946022010F07AFAFFF7F6FD0D4B0E4886
:103EA0005D610122F2705A7403B0BDE8F04006F083
:103EB000ABBD00F055FD00F57A702860E2E700BF69
:103EC000DC0000201CCE002008B60020848F0108F2
:103ED000B38F010854AE0020E8CE00201348144AE6
:103EE00008B54FF00043C0E90023042242610122DB
:103EF0000023C2614FF480510722C0E90233C0E9B8
:103F00000933C0E90C1203610383837680F8203003
:103F100080F82C30826380F83C30C36403F020FDCD
:103F200018B1BDE8084000F043BB08BD34CE002006
:103F3000002401400268084B9A4282B00AD14FF037
:103F4000B0431A6E42F400721A661B6E03F40073DB
:103F50000193019B02B07047002401400268054BA9
:103F60009A4201BF4FF0B042136E23F40073136600
:103F7000704700BF0024014030B585B000240546DD
:103F8000CDE901440394FFF7A9FF144804F07CF83D
:103F900008B100F00DFB1148039401A9CDE90154CB
:103FA00003F03CFE08B100F003FB0C4803F096FF61
:103FB00008B100F0FDFA4FF0FF31084803F0D0FDE2
:103FC000064804F043F8054803F024FE044603487D
:103FD00003F0E6FF204605B030BD00BF34CE002020
:103FE000014B024A1A60704734CE00200024014081
:103FF00008B50948FFF7C0FF68B1084BB3F8AA300D
:104000004FF6FF72934216BF40F6E442044B53430F
:10401000B3FBF0F398B208BD002000B40075FF1F99
:10402000D8084C0013B50023ADF80630FFF7E0FFC9
:1040300004461948FFF7A0FF184BB3F8C820B3F89F
:10404000A8108A4204FB00F018D040F6E443B0FB0D
:10405000F3F364205B1A4343521A93FBF2F31E33CB
:104060001BB2ADF80630BDF806305BB21B02ADF8EE
:104070000630BDF8060000B202B010BD4FF47A72EF
:1040800040F6FF73B0FBF3F35343A3F53923A3F5D5
:104090000C6340F6C412E0E7001000B00075FF1F8B
:1040A0004FF0B04307B59A6C42F004029A649A6CE0
:1040B00002F004020192019A9A6C42F001029A64A1
:1040C0009B6C002203F00103009311460F20009B1C
:1040D00004F078F80F2003B05DF804EB04F0A4B806
:1040E00008B504F02BFB10B16FF0040008BD064BBF
:1040F0009A6942F040429A614CF2FA321A6104F035
:104100002FFB0028F2D0EFE700400058F0B585B053
:1041100000230D4600930646A8B3FFF7E1FF0446CF
:1041200070BB04F00BFB88BB1A481B4A02230193A7
:10413000D0F8E01506F1784302EA8121B3FBF1F7EC
:1041400001FB1733DB0A0293D0F8E00505F1784153
:104150000139314402EA8022B1FBF2F002FB101176
:10416000C3EBD1230133694601A8039304F078FB24
:1041700020B1022814BF6FF00104012404F0F0FA0A
:10418000204605B0F0BD6FF00504F9E76FF00404B8
:10419000F6E700BF0070FF1F00FCFF03014B186033
:1041A0000020704798CE00202DE9F04FB0F1006F4D
:1041B00089B006460F469046C0F0C080DFF8909167
:1041C000644DD9F8E03505EA832303F10063013B30
:1041D000984200F2B380002900F0B38040EA020365
:1041E0005B0740F0AE80FFF77BFF044690BB04F016
:1041F000A5FA002840F0A880D9F8E015009705EA54
:10420000812106F17842B2FBF1F301FB132208F1A0
:104210007843013B3344B3FBF1F001FB1033DB0A7D
:1042200001334FEAD22AA3EBD222012A039388BF9B
:10423000C6F30A050AF58037C6F108038CBFC5F539
:1042400000654546FF02B3460693039B9A4505D396
:1042500004F086FA204609B0BDE8F08FA6F1080305
:10426000069A1A4495421CD8009B04950193CDF8F8
:1042700014B04FF00009059B09EB0301049B99451D
:104280003DD3009BAB442B44A8EB0505B5F5006F6F
:10429000009328BF4FF400650AF1010A07F5006793
:1042A000D3E753F8081F5A68B2F1FF3F08BFB1F1D6
:1042B000FF3FD5D0284B186810B96FF00504C7E749
:1042C00027B14FF40062394610F066F9DFF88890A4
:1042D0000099D9F80030CBF30A001844AAB210F0C4
:1042E0005BF94FF400613846FFF710FF00BBD9F8C7
:1042F000003001934FF4006305970493B9E7019BE5
:1043000007914B4402930120D3E9002304F062FAA1
:1043100088B90799019BD1E9000259F80310029B63
:104320005B689A4208BF884205D109F10809A2E7F3
:104330006FF001048CE76FF0030489E74FF0FF345E
:1043400088E76FF0050485E76FF0040482E700BF9B
:104350000070FF1F00FCFF0398CE0020B1F1006F3A
:1043600070B510D30B4BD3F8E0650B4B03EA8623F3
:1043700003F10063013B994205D838B192B210F0C5
:104380000BF9002070BD4FF0FF30FBE76FF0050028
:10439000F8E700BF0070FF1F00FCFF03B0F1006FE3
:1043A00010B40DD3084BD3F8E045084B03EA84233F
:1043B00003F10063013B984202D810BCFFF7A6BE90
:1043C0004FF0FF3010BC70470070FF1F00FCFF0370
:1043D0004FF0B04382B0DA6C0243DA64DB6C034026
:1043E0000193019B02B07047F0B587B01422002101
:1043F00001A812F042FA0420FFF7EAFF0220374D2D
:10440000FFF7E6FF0120FFF7E3FF8020FFF7E0FF63
:10441000202100222846002404F090FB03264FF6BA
:104420004A6301A92846CDE90136039404F066FAEF
:1044300042F2440301A92A480394CDE9013604F06D
:104440005DFA48F2F37301A94FF09040CDE90136CF
:104450000827039404F052FA01A922480394CDE9F5
:10446000017604F04BFA022604224FF4041301A94A
:104470002846CDE90123039604F040FA4FF488134F
:104480004FF4C871CDE90113284601A9039604F041
:1044900035FA01232020CDE9010301A92846CDE901
:1044A000036404F02BFA22462146384603F08AFEC4
:1044B000384603F0B9FE224621460A2003F082FE68
:1044C0000A2003F0B1FE22462146162003F07AFEB0
:1044D000162003F0A9FE07B0F0BD00BF000400489D
:1044E00000080048001C004800B59BB0482200218D
:1044F00008A812F0C2F91C22002101A812F0BDF98F
:1045000004F07CFF4FF0B0420120D2F8903023F04D
:104510001803C2F89030D2F8003423F4C06343F497
:104520000073C2F80034D2F8003403F4C06300937F
:10453000009B2423089381230B930023CDE91003D0
:10454000B02208A8CDE9122305F0D0F808B172B660
:10455000FEE74F23CDE90130CDE903000590079038
:10456000022101A805F05CFB08B172B6FEE71BB0A2
:104570005DF804FB08B503F04FF9FFF7B5FFFFF74F
:1045800033FF00F077FD00F09BFA00F07FFA4FF464
:10459000FA7000F0EDF9044806F036FA034B0122F8
:1045A0005A7000F06EFDFCE734CF0020B00200200E
:1045B00072B6FEE700B58DB02C22002101A812F0E2
:1045C0005CF91748174B03601F2383604FF080424C
:1045D0000023C0E90433C0E9072383614FF48073EB
:1045E000436205F0DDFD08B1FFF7E2FF0C4805F07E
:1045F00003FF08B1FFF7DCFF4FF0005300220793E1
:10460000074808924FF4807301A9029206920B9317
:1046100005F026FE08B1FFF7CBFF0DB05DF804FBF7
:104620009CCE00200028004010B5044690B03822EF
:10463000002102A812F021F92268194B9A422CD1CC
:104640004FF48033029302A84FF480730F9305F068
:1046500025FC08B1FFF7ACFF4FF0B0430220D3F8C0
:10466000902042F40042C3F890209A6D42F4806298
:104670009A659B6D002203F4806311460193019BB0
:1046800003F0A0FD022003F0CFFD00222A201146F6
:1046900003F098FD2A2003F0C7FD10B010BD00BF45
:1046A000002800407047000008B503F0CBF8044B29
:1046B0000120C3F88800BDE8084004F0F7BE00BF41
:1046C0000004005803F0C5B808B503F0C2F8BDE80F
:1046D000084000F069BC08B503F0B4F8BDE8084034
:1046E0000121002004F092BE70477047FEE7FEE70C
:1046F000FEE7FEE7FEE7704770477047FCF7B8BF7C
:10470000014805F09FBE00BF9CCE0020042004F0AD
:1047100033BA102004F030BA014803F06FBF00BF75
:1047200088CF002008B5802004F026FABDE80840B4
:10473000014803F0D6BF00BF04AF0020014806F0D7
:10474000A5B900BF34CF0020014806F09FB900BFD3
:10475000E8CE0020014806F091BB00BFE8CF002062
:10476000014805F0A3BC00BF9CCE0020014806F024
:1047700092B800BFD4CE0020054808B508230360D6
:1047800005F0A6FE18B1BDE80840FFF711BF08BD4F
:10479000D4CE00204FF0B04307B55A6E42F001026C
:1047A0005A665B6E002203F001030193114632202A
:1047B000019B03F007FD322003B05DF804EB03F02A
:1047C00033BD00000CB407B5054A05AB10210193B9
:1047D00010F0AEF903B05DF804EB02B0704700BF13
:1047E000F48F010830B585B0044602A80D4610F0DC
:1047F00017F8BDF90C30064A00931021029B2046A1
:10480000FFF7E0FF2046FBF70BFD288005B030BD29
:10481000F48F01084FF0B04210B5936823F40043C1
:10482000936010F039F80E4B01241C7000F0A6F8CC
:104830000FF042FD0B480FF059FD0B4B4FF40042B7
:104840001A6102200FF058FDFFF7CAFB00F0C4F810
:104850000FF04CFE21462046BDE810400FF066BE2A
:10486000E0CE0020E5470008004000580FF074BE7D
:1048700008B5FFF7BDFB40F6B83398420CD8B0F549
:10488000E16F0BD3FE23A0F5E16058434FF496632C
:10489000B0FBF3F0C0B208BDFE20FCE70020FAE751
:1048A0007FB5684600F07CF80198FCF78FFC00B2F9
:1048B00007B05DF804FB0000194A38B5D2F880351E
:1048C000591C044619D102F0CBFF054602F0D4FF73
:1048D000054402F0CBFF2B0EE3712B0CA3712B0AC6
:1048E0006371030EE370C0F30742C0F30723257121
:1048F000C0B2A2706370207038BD190AC371817193
:10490000190C1B0E41710371D2F88435C370D2F8B3
:104910008405C0F30722C0F30743000EE9E700BF98
:104920000070FF1F38B5094BD3F8803503600133A1
:10493000054609D102F094FF044602F097FF444077
:1049400002F09AFF44402C6038BD00BF0070FF1F8A
:10495000012102200FF0D4BD002102200FF0D0BDB4
:10496000024B187808B100F03FB97047E0CE002044
:1049700082B00190019802B000F0D2B9074A08B5A0
:10498000D2F8903043F48043C2F8903002F07AFFBE
:1049900002F080FFBDE8084002F084BF0008005824
:1049A00010B50446FFF73EFB074BA36040F30F2012
:1049B000FCF7DCF9054B064A2360064B6060C4E94E
:1049C0000323002010BD00BF0000484200007A44CD
:1049D0000D093E00AB030500002070470120704721
:1049E00008B511F09DFF162303604FF0FF3008BD9E
:1049F00008B511F095FF16230360FEE770B50D466C
:104A000014460E46731B9C4201DC204670BDAFF37A
:104A1000008006F8010BF5E770B50D4614460E460A
:104A2000731B9C4201DC204670BD16F8010BAFF3EE
:104A30000080F5E74FF0FF3070474FF400534B60B4
:104A40000020704701207047002070470B4A116812
:104A500010B5034609B90A491160106809490A4CA2
:104A60000344091B8B4206D911F05AFF0C23036043
:104A70004FF0FF3010BD1360FCE700BFE4CE002014
:104A8000B8F2002000000120000800000A480B4A8C
:104A900008B52F23C0E90023002340F2E732C0E924
:104AA0000232C0E90433836106F0D2F818B1BDE8E0
:104AB0000840FFF77DBD08BD34CF00200044014011
:104AC0000E4B0F480F4A996A2F2310B5C0E90023F7
:104AD0000D4B00224C00A3EB4103B3FBF4F3053B69
:104AE000C0E90332802382604261836106F0B0F83E
:104AF00018B1BDE81040FFF75BBD10BD1C1E0020C3
:104B0000E8CE00200048014040420F0007B503688E
:104B1000184A934215D14FF0B0431C201A6E42F44C
:104B200000321A661B6E002203F400330093114614
:104B3000009B03F047FB1C2003B05DF804EB03F07F
:104B400073BB0D4A934211D14FF0B0431D201A6E32
:104B500042F480221A661B6E03F480230193002224
:104B60000521019B03F02EFB1D20E5E703B05DF856
:104B700004FB00BF0044014000480140014B18689D
:104B8000704700BF80CF00200320704708B5014662
:104B90004FF47A7200238002890DFCF75DFB08BD9B
:104BA0004FF47A73A0FB0303800A40EA83507047F6
:104BB000034B98689A689042FBD1C043704700BF8E
:104BC0000028004008B5FFF7F3FF014B186008BD4F
:104BD00080CF002008B5FFF7EBFF024B1B68C01A1F
:104BE00008BD00BF80CF0020024B187808B1FFF746
:104BF000DFBF704784CF002010B5074B074C012260
:104C0000DA654FF48071204605F016FA4FF0FF3355
:104C10002363002010BD00BF002800409CCE002070
:104C200002460021014805F01EBC00BF9CCE0020BA
:104C300002460121014805F016BC00BF9CCE0020B1
:104C400010B58CB02C220021044601A811F015FEED
:104C5000FFF7D2FF0C4B0D481B681C440023089340
:104C600006934FF00053E443079301224FF48073FF
:104C700001A902940B9305F0F3FA08B1FFF798FC31
:104C800000200CB010BD00BF80CF00209CCE0020C3
:104C900038B50546FFF78CFF02210446074805F0AA
:104CA000E9FBC4F309024FF47A71A2FB0121920AD5
:104CB000A30A2A8043EA805038BD00BF9CCE002062
:104CC0000148002105F0D6BB9CCE002001480121FF
:104CD00005F0D0BB9CCE0020F8B50F4D2E78CEB994
:104CE0000E4C4FF0FF372763FFF764FCFFF784FF9C
:104CF0004FF48071204605F09FF92046276305F0A8
:104D00005DFB32462046022105F0ADFBFFF75AFF5E
:104D100001232B700020F8BD84CF00209CCE002002
:104D2000014610B54FF47A7200238002890DFCF71A
:104D300093FA0146FFF73CFF0446FFF739FF031BD8
:104D40008B4200D310BD00BFF7E70FF0ADBE0000EF
:104D500010B5064C0221204605F08CFB0221421CB6
:104D60002046BDE8104005F07EBB00BF9CCE002071
:104D70001648174A08B54FF41653C0E9002300231C
:104D80000C22C0E90233C0E90523C0E90733C0E9BA
:104D90000933036106F05BFE08B1FFF709FC0B481D
:104DA000002106F0CCFF08B1FFF702FC0748002104
:104DB00006F0E5FF08B1FFF7FBFB044806F09FFF94
:104DC00018B1BDE80840FFF7F3BB08BDE8CF0020ED
:104DD0000044004030B597B005461422002103A8D6
:104DE00011F04BFD3822002108A811F046FD2A6879
:104DF0002C4B9A4253D10223089308A82A4B0A93BA
:104E000005F04CF808B1FFF7D3FB4FF0B043012198
:104E10009A6D264C42F400329A659A6D02F4003283
:104E20000292029ADA6C42F00102DA64DB6C03F05F
:104E3000010301930C22019B0223CDE903230323E9
:104E4000CDE905134FF09040072303A9079303F022
:104E500055FD17481423C4E900034FF0100C00233C
:104E600080222046C4E902C3C4E90423C4E906330E
:104E7000236203F04DFA08B1FFF79AFB0B481021AB
:104E800003F012FC08B1FFF793FB00222520EC672A
:104E90001146A56203F096F9252003F0C5F917B075
:104EA00030BD00BF0044004004000C0088CF00204B
:104EB0005800024002680C4B9A4210B5044612D1C9
:104EC0004FF0B0420C21936D23F4003393654FF003
:104ED000904003F0BFFDE06F03F08CFABDE8104096
:104EE000252003F0AFB910BD0044004008B50A46C4
:104EF0000146024805F026FF002008BDE8CF00204B
:104F000013B5114B114C18604FF40013009302AB12
:104F100013E90600204606F096FE2368DA69D103FD
:104F2000FCD4DA695202FCD59A68084842F480023F
:104F30009A6006F0CEFE06490448012206F03CFEC7
:104F4000002002B010BD00BF7CD00020E8CF0020C0
:104F500084D0002008B5074B1860FFF7A1F8FFF7D1
:104F600007FF054AD2F8803043F00063C2F8803072
:104F7000002008BD80D000200008005808B54FF080
:104F8000B04308489A6B42F400329A639A6B22F459
:104F900000329A63FFF78EFF0F2003F053F90020D1
:104FA00008BD00BFE8CF002008B5074806F04FFD58
:104FB00008B1FFF7FDFA054803F0AAF918B1BDE8FA
:104FC0000840FFF7F5BA08BDE8CF002088CF0020E1
:104FD0000268044B9A4203D1034B00201B68184718
:104FE000704700BF0044004080D0002002680B4B97
:104FF0009A4210B504460FD1094B1B682BB1D0F86B
:10500000902012B907480121984720460549BDE87C
:105010001040012206F0D0BD10BD00BF004400408A
:105020007CD0002084D00020014B00221A707047F1
:1050300085D00020014B1878704700BF85D0002034
:1050400010B5034C034922780FF0A6FA207810BD62
:1050500085D0002086D0002010B504490446F222F5
:105060000348FDF7ABF8204610BD00BF85D00020F7
:1050700086D0002008B5FFF7CDFBBDE8084000F062
:1050800087BA4FF0FF300FF0CBBA7047704700007F
:10509000014BD870704700BF88AE0020014B1874D8
:1050A000704700BF88AE002007B5064B00221B5C8E
:1050B00000931146044B02200FF068F903B05DF82D
:1050C00004FB00BF6A9001085090010808B5022057
:1050D00000210FF06DFABDE8084001480FF092BCC6
:1050E000CCD20020002101200FF062BA10B54EF69C
:1050F0006023084C002818BF0346074823600FF0C0
:1051000033FC216804480FF0B7FCBDE810400248AA
:105110000FF078BC84AE0020CCD200201FB504462E
:10512000002837D00378002B2ED01F480FF06AFCE0
:10513000002211461D4B02200FF028F994F9183077
:10514000039394F90A300293237C0193E36800935C
:1051500000221146164B03200FF018F90022154BC0
:10516000114602200FF012F9237A012B14D1617A33
:10517000114A124B002918BF134600220093114612
:105180000F4B02200FF002F90E492046FCF74CFFAE
:105190000D4B186004B010BD00220C4B11460220CC
:1051A0000FF0F4F8F0E700BFA8D1002073900108D9
:1051B000A4900108D59001086F9001086E90010835
:1051C000E2900108CCD2002084AE0020F3900108C8
:1051D00037B5044628B390F9065025BB13480FF0A5
:1051E000C3FB134B2A46294602200FF0CFF8E37980
:1051F000012B0CBF0F4B104B0022114602200FF069
:10520000C5F894F90600FCF7C1FE94F90530019346
:1052100094F9043000930022084B114603200FF04C
:10522000B5F803B030BD064BE6E700BF78D10020EB
:105230000191010816910108339101086791010855
:10524000509101080A460149FFF788B800F00308A9
:1052500038B51B480FF088FB07F0FAF9044650B147
:105260000022184B114602200FF090F8BDE838409C
:1052700015480FF0C7BB154B154D024601460220DD
:105280000FF084F8134B1B78012B11D10220124B25
:105290002870224621460FF079F8104807F064F88C
:1052A0002878012106F0B8FD05480FF0ABFBDDE7DB
:1052B00001232B7022460A4B21460220EBE700BF58
:1052C000CCD2002090910108B4D20020AE91010808
:1052D000A4000020A5000020C291010888AE002093
:1052E000E291010800B503468DB000282CD040782B
:1052F00002280AD003282AD0164B00221146022089
:105300000DB05DF804EB0FF041B81A7F0B92DA7E16
:105310000A929A7E09925A7E08921A7E0792DA7D44
:1053200006929A7D05925A680492DA68039293F97C
:1053300014200292B3F9122001921B7C00930022E8
:10534000054B11460FF022F80DB05DF804FB034B3E
:10535000D3E700BF01920108189201088A92010860
:1053600001284FF000020CBF024B034B11460220F4
:105370000FF00CB8A9920108BB920108054B1A78EE
:10538000054B1B789A4203D1002108200FF010B979
:10539000704700BFA4000020A500002008B507F05A
:1053A00060F980B906F01EFE01280CD1BFF34F8FC3
:1053B0000549064BCA6802F4E0621343CB60BFF3B1
:1053C0004F8F00BFFDE708BD00ED00E00400FA05C7
:1053D00030B5044687B00D46002953D02A480FF057
:1053E00011FB2B78EBB1E4B16368D3B11B78019367
:1053F000237800930022254B114602200EF0C6FFB1
:105400002378022B2ED0032B0BD16378012B08D1EC
:1054100063681878012802D0022800D008B906F085
:10542000D5FE2B7C052B16D895F90A20059295F907
:1054300009200492164A52F82330039395F9083054
:10544000029323780193EB6800930022114B1146DD
:1054500003200EF09BFF2946204607B0BDE83040F0
:10546000FCF7DCBC6378012BDBD163681A7812F09F
:10547000010216BF0022084B084B114603200EF014
:1054800085FFCEE707B030BD90D10020CF92010854
:10549000ECAE0020FF920108EC920108F6920108A0
:1054A00038B504460D4607484FF40061FEF776FF15
:1054B00030B92A4621460348BDE83840FEF774BE9D
:1054C00038BD00BF00F0030810B507F05FF910F118
:1054D000080F07D1064B0022BDE8104011460220FC
:1054E0000EF054BF013001D1024BF4E710BD00BFF4
:1054F000469301085C93010837B506F087FD044622
:10550000002837D11C4D02232B70FFF78DFD20465C
:10551000FFF7A2FD194C6868FFF792FDFFF78AFDBF
:10552000637A687033B106F05DFD012802D1204630
:105530000FF01AFA124B1048D978002206F07CFDC1
:10554000024638B90F4B0146012003B0BDE8304098
:105550000EF01CBF06320DD106F03EFD50B1002208
:105560004FF47A731146B0FBF3F0074B0090012023
:105570000EF00CFF03B030BD7CAE002078D10020CF
:1055800088AE002074930108839301087047704728
:10559000F0B587B0002401250327504B0294224622
:1055A0002146CDE900570220022605940EF0EEFEBA
:1055B0000623CDE900632246494B02952146304639
:1055C0000EF0E4FE474B009522462146CDE90175D9
:1055D00030460EF0DBFE05A9204607F027F8059BB4
:1055E000C3F307220292C3F307421B0E01920093FA
:1055F00022463D4B214630460EF0C8FE05A92846FE
:1056000007F014F8059BDAB20392C3F30722029263
:10561000C3F307421B0E019200932246334B2146EF
:1056200030460EF0B3FE324B3248009422464FF41F
:10563000FA710FF03BF9304B3048009422464FF49A
:10564000FA710FF033F92E4B2E4800942A464FF48E
:10565000FA710FF02BF92046FEF7A0FD08B1FEF716
:10566000A7FF294B009400224FF4FA6127480FF05E
:105670001DF9274A002101200FF064F8254A002176
:1056800002200FF05FF8244A002104200FF05AF89E
:10569000224A002108200FF055F800F051F8204967
:1056A000204806F079FF204806F05EFEFBF780FFF9
:1056B00014480FF0A7F91D4B0121187806F0ACFB38
:1056C0001B4900941B4B09681B4800220FF0EEF8A1
:1056D00019480FF097F907B0F0BD00BFA19301087A
:1056E000C2930108E393010804940108259401087A
:1056F0008B500008A8D100208F55000890D10020C1
:105700008D55000878D100207D530008B4D20020C8
:105710006DC10008F9540008C9540008515200082E
:1057200000000301A0AE002088AE0020A4000020ED
:1057300084AE0020CD500008CCD20020FBF7D8BFAB
:10574000034B0022C3E902220122C3E90022704771
:10575000E4D2002000487047E4D2002008B502F0EF
:10576000A9F808BD08B502F0CFF808BD00207047C1
:1057700008B502F0E7F808BD08B502F0E5F808BD85
:1057800002F0E4B830B54FF4807287B0104D114884
:105790004FF488130024CDE9012301A90223CDE9A8
:1057A000034303F0ABF80C49284602F094FF21466E
:1057B0000A4A284602F088FF22462146162002F0B7
:1057C00001FD162002F030FD204607B030BD00BFBD
:1057D00004AF002000040048080000161529000846
:1057E000FFF7BEB810B588B00F4B01930F4B029373
:1057F0000F4B03930F4B05930F4B04930F48104B24
:10580000069301A901F066FB48B90E4B0E4C2360CC
:105810001B6813B10948984718B1002323604FF063
:10582000FF3008B010BD00BF695C0008195A0008BD
:10583000655A0008B95A0008855A0008F4D20020B9
:10584000E157000864AF002020D30020044B1B6800
:105850001B690BB1034818474FF0FF30704700BF7A
:1058600020D30020F4D200200648006810B4446918
:105870001CB1A446044810BC60474FF0FF3010BC78
:10588000704700BF20D30020F4D2002006480068F3
:1058900010B484691CB1A446044810BC60474FF0A2
:1058A000FF3010BC704700BF20D30020F4D200208E
:1058B000014801F083BB00BFF4D2002082B06B46E8
:1058C00083E8060093E80600014802B001F081BBBE
:1058D000F4D2002082B00348ADF80420019A02B04F
:1058E00001F0A2BBF4D20020014801F0C9BB00BF07
:1058F000F4D20020014801F0D9BB00BFF4D200204F
:10590000014801F0F2BB00BFF4D200200D488546EB
:1059100001F05BFF0C480D490D4A002302E0D4580A
:10592000C4500433C4188C42F9D30A4A0A4C0023E9
:1059300001E013600432A242FBD310F0F7FFFEF740
:1059400019FEFEE700000120000000200CB200203C
:10595000EC3202080CB20020B4F20020FEE7000096
:10596000114A08B513680BB9002008BD013B13604C
:10597000002BF9D14FF0B0424FF40061936D23F446
:10598000800393654FF0904003F064F84FF090402F
:105990004FF4805103F05EF8044803F083FA0028C6
:1059A000E2D06FF00700E0E728D3002080D300208A
:1059B0001FB54FF48054CDE90134009201230A460B
:1059C0000146074803F088FA40B1054803F0C0FCDF
:1059D000042814BF6FF003006FF0650004B010BD21
:1059E00080D300201FB54FF48054CDE901340092DC
:1059F00001230A460146074803F048FB40B1054829
:105A000003F0A6FC042814BF6FF003006FF06500DC
:105A100004B010BD80D300200F4A08B513680BB93D
:105A2000002008BD013B1360002BF9D14FF0B042BC
:105A30000A48936D23F400039365012103F00AF8EB
:105A40000648022103F006F8054803F02BFA002867
:105A5000E6D06FF00700E4E724D3002000080048F8
:105A60002CD3002008B50A464FF480530146044861
:105A700003F0EAFB002814BF6FF00200002008BD0D
:105A80002CD300201FB54FF48054CDE9013400928F
:105A900002230A460146074803F01EFA40B10548B2
:105AA00003F056FC042814BF6FF003006FF065008C
:105AB00004B010BD2CD300201FB54FF48054CDE9A5
:105AC0000134009202230A460146074803F0DEFA39
:105AD00040B1054803F03CFC04280CBF6FF0030004
:105AE0006FF0650004B010BD2CD30020FEF738BF66
:105AF000134A144B70B50026C0E900230123C0E906
:105B00000263C0E90466C0E906660662044603F063
:105B100073F931460546204603F01CFC0543EDB2FF
:105B2000AD1B3146204618BF012503F039FCB042B9
:105B300018BF01254FF4001003F058FC284670BD33
:105B400000580040190B20002DE9F0432F4A304E39
:105B5000304B33601368591C97B011601BB10020A3
:105B600017B0BDE8F083304603F0EFFB0546002890
:105B7000F5D13422014609A810F07FFE4FF0B04461
:105B80008023089308A84FF440230E9304F086F96D
:105B9000E36C43F00103E364E36C03F0010302935D
:105BA000029B4FF012094FF400634FF001080427E5
:105BB00003A94FF09040CDE90339CDE9058507975A
:105BC00002F09CFE4FF4805303A94FF09040CDE9C2
:105BD0000339CDE90585079702F090FEA36D43F4E4
:105BE0008003A365A36D03F4800301933046019BFA
:105BF000FFF77EFF014610B16FF00700B0E73046B7
:105C000003F0A8FB0028AAD0F6E700BF28D30020A5
:105C100080D3002000580040114A124B70B5002676
:105C2000C0E900230123C0E90263C0E90466C0E9BA
:105C300006660662044603F0DFF831460546204654
:105C400003F088FB0543EDB2AD1B3146204618BF7B
:105C5000012503F0A5FBB0420CBF2846012070BD12
:105C6000005C0040885D80102DE9F0432E4A2F4EE5
:105C70002F4B33601368591C97B011601BB1002083
:105C800017B0BDE8F083304603F05FFB05460028FF
:105C9000F5D13422014609A810F0EFFD4FF0B044D1
:105CA0004FF48073089308A84FF440130F9304F047
:105CB000F5F8E36C1F4843F00403E364E36C03F07E
:105CC0000403012702934FF012094FF0040803A9BF
:105CD000029BCDF81C80CDE90379CDE9057502F072
:105CE0000DFE022303A91348CDF81C80CDE903392A
:105CF000CDE9057502F002FEA36D43F40003A36530
:105D0000A36D03F4000301933046019BFFF784FF6A
:105D1000014610B16FF00700B2E7304603F01AFBFE
:105D20000028ACD0F6E700BF24D300202CD30020FD
:105D3000005C00400008004840F201124FF47A6312
:105D4000C1E9002300201023C1E90230024B0B619E
:105D50004B6100238B6170470058D04510B44469F3
:105D6000007BA44610BC604710B40469007BA446C5
:105D700010BC604710B590F83130012B044608D0B4
:105D800090F83310203000F07FFE20B9012384F812
:105D90003130002010BD4FF0FF30FBE770B590F8B8
:105DA00031500C46012D06464649204647D1FBF7A7
:105DB000D9F900282BD144492046FBF7D3F9002814
:105DC0002FD142492046FBF7CDF960BB4049204620
:105DD000FBF7C8F948BB3F492046FBF7C3F930BB86
:105DE0003D492046FBF7BEF918BB3C492046FBF76E
:105DF000B9F900BB3A492046FBF7B4F9E8B939498B
:105E00002046FBF7AFF9002814BF09250A252946CB
:105E100006F1200000F038FE003818BF0120404293
:105E200070BD0225F3E70325F1E70425EFE705251B
:105E3000EDE70625EBE70725E9E70825E7E7FBF7A8
:105E400091F900282ED120492046FBF78BF958BB49
:105E50001E492046FBF786F940BB1D492046FBF74B
:105E600081F928BB1B492046FBF77CF910BB1A4976
:105E70002046FBF777F9F8B918492046FBF772F985
:105E8000E0B917492046FBF76DF9C8B91549204616
:105E9000FBF768F9002814BF09230A2386F833307A
:105EA0000020BDE70123F9E70223F7E70323F5E725
:105EB0000423F3E70523F1E70623EFE70723EDE7E4
:105EC0000823EBE7000048410000D04100005042A9
:105ED0000000D042000050430000D0430040504436
:105EE0000040D04400405045022908B50DDD04298A
:105EF0000DDD0829CCBF01210321203000F0C0FBBB
:105F0000003818BF0120404208BD0021F5E70221FA
:105F1000F3E710B590F83230012B044608D090F822
:105F20003410203000F050FE20B9012384F83230C4
:105F3000002010BD4FF0FF30FBE7000070B590F877
:105F400032500C46012D06464649204647D1FBF704
:105F500009F900282BD144492046FBF703F9002812
:105F60002FD142492046FBF7FDF860BB404920464F
:105F7000FBF7F8F848BB3F492046FBF7F3F830BB86
:105F80003D492046FBF7EEF818BB3C492046FBF79D
:105F9000E9F800BB3A492046FBF7E4F8E8B939498B
:105FA0002046FBF7DFF8002814BF09250A252946FB
:105FB00006F1200000F008FE003818BF0120404222
:105FC00070BD0225F3E70325F1E70425EFE705257A
:105FD000EDE70625EBE70725E9E70825E7E7FBF707
:105FE000C1F800282ED120492046FBF7BBF858BB4A
:105FF0001E492046FBF7B6F840BB1D492046FBF77B
:10600000B1F828BB1B492046FBF7ACF810BB1A4976
:106010002046FBF7A7F8F8B918492046FBF7A2F885
:10602000E0B917492046FBF79DF8C8B91549204645
:10603000FBF798F8002814BF09230A2386F83430A8
:106040000020BDE70123F9E70223F7E70323F5E783
:106050000423F3E70523F1E70623EFE70723EDE742
:106060000823EBE7000048410000D0410000504207
:106070000000D042000050430000D0430040504494
:106080000040D0440040504570B500F12004054662
:106090000121204600F009FC10B14FF0FF3070BD27
:1060A0000121204600F04DFC0028F6D101212046B8
:1060B00000F030FC0028F0D10121204600F041FC26
:1060C0000028EAD10121204600F09CFB014600286F
:1060D000E3D1204600F04CFC01460028DDD1042627
:1060E00085F83360204600F0CFFC01460028D4D16B
:1060F000204600F0C5FA01460028CED185F834606C
:10610000204600F061FD0028C7D10C21204600F098
:1061100012FB0028C1D1012385F83030BFE77D296B
:1061200008B514DDFA2914DDB1F5FA7F13DDB1F5F8
:106130007A7F12DDB1F5FA6FCCBF01210C2120303E
:1061400000F0F9FA003818BF0120404208BD0221D2
:10615000F5E70021F3E70421F1E70821EFE708B5AF
:10616000203000F0D0FB003818BF0120404208BDAD
:1061700038B590F83130044693B100F1200500F1B4
:106180003301284600F0A8FA014610B14FF0FF3065
:1061900038BD284600F078FC0028F7D184F831009B
:1061A0000020F5E713B50C4620300DF1070100F093
:1061B00093FA18BB9DF807300A2B1FD8DFE803F0CD
:1061C000060A0C0E10121416181A1C000023236065
:1061D00002B010BD0B4BFAE70B4BF8E70B4BF6E7A1
:1061E0000B4BF4E70B4BF2E70B4BF0E70B4BEEE7F7
:1061F0000B4BECE70B4BEAE70B4BE8E74FF0FF30BC
:10620000E6E700BF000048410000D04100005042D6
:106210000000D042000050430000D04300405044F2
:106220000040D044004050450058D04513B50C46BE
:1062300020300DF1070100F03AFA88B99DF80730D7
:10624000032B0DD8DFE803F0020A0608064B236093
:1062500002B010BD054BFAE7054BF8E7054BF6E732
:106260004FF0FF30F4E700BF23DB793D23DBF93D3E
:1062700023DB793E23DBF93E13B50C4620300DF1CC
:10628000070100F014FA88B99DF80730032B0DD8E8
:10629000DFE803F0020A06080223236002B010BD03
:1062A0000423FAE70823F8E71023F6E74FF0FF305E
:1062B000F4E713B50C462030694600F0D8FA50B91F
:1062C000BDF800302380BDF802306380BDF8043093
:1062D000A38002B010BD4FF0FF30FAE77FB504464F
:1062E0000D46002302A92030019300F0C0FA20B12E
:1062F0004FF0FF34204604B070BD204601A9FFF7DF
:1063000095FF04460028F3D1019EBDF90800FAF775
:106310002DFD3146FAF77EFDFAF758FF2860BDF9EA
:106320000A00FAF723FD3146FAF774FDFAF74EFF3B
:106330006860BDF90C00FAF719FD3146FAF76AFDFD
:10634000FAF744FFA860D5E738B590F83230044634
:1063500093B100F1200500F13401284600F026FA3F
:10636000014610B14FF0FF3038BD284600F02CFC3C
:106370000028F7D184F832000020F5E710B5044674
:10638000FFF7F6FE10B14FF0FF3010BD2046FFF7CB
:10639000DBFF0028F7D184F8330084F8340084F858
:1063A0003000F2E713B50C4620300DF1070100F084
:1063B000FDF918BB9DF807300A2B1FD8DFE803F062
:1063C000060A0C0E10121416181A1C000023236063
:1063D00002B010BD0B4BFAE70B4BF8E70B4BF6E79F
:1063E0000B4BF4E70B4BF2E70B4BF0E70B4BEEE7F5
:1063F0000B4BECE70B4BEAE70B4BE8E74FF0FF30BA
:10640000E6E700BF000048410000D04100005042D4
:106410000000D042000050430000D04300405044F0
:106420000040D044004050450058D04513B50C46BC
:1064300020300DF1070100F095F9D0B99DF8073033
:106440000C2B16D8DFE803F00B1307150D151515E7
:106450000F1515151100084B236002B010BD074B36
:10646000FAE7074BF8E7074BF6E7074BF4E7074B6C
:10647000F2E74FF0FF30F0E700008C4000000C41E5
:1064800000008C4100000C4200008C4200000C43D4
:1064900013B50C4620300DF1070100F063F9F0B997
:1064A0009DF807300C2B1AD8DFE803F00B160719FC
:1064B0000D1919191019191913007D23236002B041
:1064C00010BDFA23FAE74FF4FA73F7E74FF47A7343
:1064D000F4E74FF4FA63F1E74FF47A63EEE74FF035
:1064E000FF30ECE713B50C462030694600F0A1F907
:1064F00050B9BDF800302380BDF802306380BDF88C
:106500000430A38002B010BD4FF0FF30FAE77FB532
:1065100004460D46203002A900F08BF920B14FF05F
:10652000FF34204604B070BD204601A9FFF77EFF6E
:1065300004460028F3D1019EBDF90800FAF716FCC5
:106540003146FAF767FCFAF741FE2860BDF90A0008
:10655000FAF70CFC3146FAF75DFCFAF737FE686093
:10656000BDF90C00FAF702FC3146FAF753FCFAF7D2
:106570002DFEA860D5E708B52030012300F04CF8C7
:10658000003818BF0120404208BD07B501238DF82F
:10659000072020300DF1070200F044F8003818BF42
:1065A0000120404203B05DF804FB000010B5044632
:1065B00010B94FF0FF3010BD4A680B6842608A681E
:1065C000036082600A7B02730A6902614A69426160
:1065D0008A6982610E4A42620E4A0262CA69C0E951
:1065E0000A20002BE5D098470028E2D1A368022BAF
:1065F000E1D194F83030002BDDD10C22122120465D
:10660000FFF7C3FF003818BF01204042D3E700BFA7
:106610005D5D0008695D000810B44468C068A44668
:1066200010BC604710B40468C068A44610BC604742
:1066300008B5FAF79BFB0249FAF7ECFB08BD00BF6F
:1066400023DB793D08B5FAF791FB0249FAF7E2FB43
:1066500008BD00BF23DBF93D08B5FAF787FB024907
:10666000FAF7D8FB08BD00BF23DB793E08B5FAF77F
:106670007DFB0249FAF7CEFB08BD00BF23DBF93EE4
:1066800037B501230D4601AA10210446FFF7C4FFC8
:1066900058B99DF8043065F383038DF8043001AADE
:1066A000012310212046FFF7BDFF03B030BD13B515
:1066B00001230C4601AA1021FFF7AEFF9DF804301C
:1066C000C3F38103022B04D0032B02D05A1E534282
:1066D0005341237002B010BD13B501230C4601AA2B
:1066E0001021FFF799FF9DF804301B09013B0A2B8D
:1066F0001FD8DFE803F0060A0C0E10121416181A41
:106700001C000123237002B010BD0223FAE703230B
:10671000F8E70423F6E70523F4E70623F2E7072367
:10672000F0E70823EEE70923ECE70A23EAE70B2367
:10673000E8E70023E6E737B501230D4601AA11215A
:106740000446FFF769FF58B99DF8043065F3030369
:106750008DF8043001AA012311212046FFF762FFC2
:1067600003B030BD13B501230C4601AA1121FFF778
:1067700053FF9DF8043003F00F030C2B14D8DFE80F
:1067800003F0071113130B1313130D1313130F003F
:106790000023237002B010BD0423FAE70823F8E7B2
:1067A0000C23F6E70123F4E70223F2E713B50123F4
:1067B0000C4601AA1121FFF72FFF9DF804301B0999
:1067C000013B092B1CD8DFE803F005090B0D0F1165
:1067D000131517190123237002B010BD0223FAE725
:1067E0000323F8E70423F6E70523F4E70623F2E79B
:1067F0000723F0E70823EEE70923ECE70A23EAE79B
:106800000023E8E737B501230D4601AA122104460B
:10681000FFF702FF58B99DF8043065F386138DF831
:10682000043001AA012312212046FFF7FBFE03B02A
:1068300030BD13B506230C466A462221FFF7ECFE55
:106840009DF801209DF8003003EB022323809DF882
:1068500003209DF8023003EB022363809DF805209E
:106860009DF8043003EB0223A38002B010BD13B5E2
:1068700006230C466A462821FFF7CEFE9DF801202C
:106880009DF8003003EB022323809DF803209DF840
:10689000023003EB022363809DF805209DF804304D
:1068A00003EB0223A38002B010BD37B501230D46D0
:1068B00001AA18210446FFF7AFFE58B99DF804302D
:1068C00065F341038DF8043001AA01231821204605
:1068D000FFF7A8FE03B030BD37B501230D4601AA6E
:1068E00019460446FFF798FE58B99DF8043065F341
:1068F00087138DF80430012301AA19462046FFF7BB
:1069000091FE03B030BD08B50A4601230F21FFF701
:1069100083FE08BD37B501230D4601AA12210446A6
:10692000FFF77AFE58B99DF8043065F300038DF83F
:10693000043001AA012312212046FFF773FE03B0A1
:1069400030BD37B501230D4601AA12210446FFF7D9
:1069500063FE58B99DF8043065F382038DF8043066
:1069600001AA012312212046FFF75CFE03B030BDCF
:1069700037B501230D4601AA0A210446FFF74CFE54
:1069800058B99DF8043065F302038DF8043001AA6C
:1069900001230A212046FFF745FE03B030BD38B57C
:1069A0000D4602210446FFF797FF98B901232A46B6
:1069B00046212046FFF730FE60B90123EA1847213F
:1069C0002046FFF729FE28B901462046BDE8384099
:1069D000FFF782BF38BD37B50C4602210546FFF7E9
:1069E0007BFF50B9012301AA5F212846FFF714FE5F
:1069F00018B901462846FFF76FFF9DF80430C3F32E
:106A0000C103022B04D0032B02D05A1E5342534120
:106A1000237003B030BD37B50D4602210446FFF7A1
:106A20005BFF78B9012301AA05212046FFF7F4FD99
:106A300040B901462046FFF74FFF9DF80430C3F3ED
:106A400000132B7003B030BD37B50D46022104464C
:106A5000FFF742FFB0B9012301AA60212046FFF7EA
:106A6000DBFD78B99DF80430C3F30113022B04D089
:106A7000032B02D05A1E534253412B700021204653
:106A8000FFF72AFF03B030BD73B50D4601A90446D8
:106A9000FFF785FF00286ED19DF80420C2F3400166
:106AA000C2F300030B43C2F380010B43C2F3C001E6
:106AB0000B43C2F300110B43C2F340110B43C2F36B
:106AC00080110B4343EAD2139DF80520C2F3000165
:106AD0000B43C2F340010B43C2F380010B43C2F3EB
:106AE000C0010B43C2F300110B43C2F340110B432F
:106AF000C2F380110B4343EAD213DB073BD50DF100
:106B000001012046FFF767FF002834D19DF80130CE
:106B10002E46032B06D8DFE803F00222262A012D99
:106B200038BF012600238DF8023000284AD10DF12C
:106B300002012046FFF76FFF9DF80230012B2DD197
:106B40000DF103012046FFF77FFF00283AD19DF8A1
:106B50000330032B14D8DFE803F01015191D022DA4
:106B600038BF0226DEE7032D38BF0326DAE7042DFF
:106B700038BF0426D6E72E46D4E7012D38BF0125BD
:106B80002E460CE0022D38BF0225F9E7032D38BF51
:106B90000325F5E7042D38BF0425F1E790B901235B
:106BA0006A4610212046FFF737FD58B99DF800309E
:106BB00066F307138DF800306A4601231021204642
:106BC000FFF730FD02B070BD73B50D4601A9044654
:106BD000FFF7E5FE00286ED19DF80420C2F34001C6
:106BE000C2F300030B43C2F380010B43C2F3C001A5
:106BF0000B43C2F300110B43C2F340110B43C2F32A
:106C000080110B4343EAD2139DF80520C2F3000123
:106C10000B43C2F340010B43C2F380010B43C2F3A9
:106C2000C0010B43C2F300110B43C2F340110B43ED
:106C3000C2F380110B4343EAD213DB073BD50DF1BE
:106C400001012046FFF7C7FE002834D19DF801302E
:106C50002E46032B06D8DFE803F00222262A012D58
:106C600038BF012600238DF8023000284AD10DF1EB
:106C700002012046FFF7CFFE9DF80230012B2DD1F7
:106C80000DF103012046FFF7DFFE00283AD19DF801
:106C90000330032B14D8DFE803F01015191D022D63
:106CA00038BF0226DEE7032D38BF0326DAE7042DBE
:106CB00038BF0426D6E72E46D4E7012D38BF01257C
:106CC0002E460CE0022D38BF0225F9E7032D38BF10
:106CD0000325F5E7042D38BF0425F1E790B901231A
:106CE0006A4611212046FFF797FC58B99DF80030FD
:106CF00066F307138DF800306A4601231121204600
:106D0000FFF790FC02B070BD8368008B184730B469
:106D10000469008B0D46A44611462A4630BC6047E4
:106D20002DE9F0470546894616461F46B7F5807F90
:106D3000B84628BF4FF48078EC68288B43464A4613
:106D40003146A047044670B96B69984700F1550A6F
:106D5000AB68288B012198476B69044698475045DA
:106D60000ED2002CF4D14644C144A7EB08081FFA08
:106D700088F7B6B20FB1002CD8D02046BDE8F08716
:106D8000002C18BF6FF00204EDE71C3000F0C4B90E
:106D9000836A13B5044673B90DF107011C3000F086
:106DA000BBF930B99DF80730503B012B03D94FF0A8
:106DB000FF3002B010BD0123A3620020F9E737B510
:106DC000002300F11C050C460B8028460DF107013D
:106DD00000F0CFF980B99DF807301B0203F440732F
:106DE00023800DF10701284600F0B9F920B9228867
:106DF0009DF807301343238003B030BD1FB500F169
:106E00001C04ADF8061020460DF1060100F0ACF9A7
:106E1000A8B90DF10F01204600F0ABF978B99DF843
:106E20000F20BDF8063022F00302C3F30123134301
:106E30000DF10F0120468DF80F3000F0A7F904B0D6
:106E400010BD10B40469008B11F4005FA44608BFA4
:106E500040F00C0010BC604711F4005F2DE9F041D8
:106E6000C46805460E46008B174603D0A446BDE80D
:106E7000F041604740F00C00A047044608BB6B6936
:106E800098470E2E0ED13A782B8B02F00F0123F08B
:106E9000F00343EA011323F00203C2F3001243EAB2
:106EA00042032B8300F15506288BAB68012140F08B
:106EB0000C0098476B6904469847B04204D2002CF6
:106EC000F2D12046BDE8F081002C18BF6FF002041B
:106ED000F7E7000008B510B94FF0FF3008BD4A6869
:106EE0000B684260CA68C2600A6902618A6882608F
:106EF0004A694261A6220283064A0262064A036088
:106F0000C2614062002BE7D09847003818BF0120CB
:106F10004042E3E7436E0008596E00082DE9F04750
:106F200005460F4616469846288BEC68B8F5807FD4
:106F3000C14628BF4FF480794B463A46314640F06F
:106F40000C00A047044628BB6B6998470E2E14D846
:106F500009EB06030D2B10DDC6F10E03FA5C2B8B3B
:106F600002F00F0123F0F00343EA011323F00203C0
:106F7000C2F3001243EA42032B8300F1550AAB68C7
:106F8000288B012198476B6904469847504510D2D9
:106F9000002CF4D14E444F44A8EB09091FFA89F89C
:106FA000B6B2B8F1000F01D0002CBDD02046BDE82C
:106FB000F087002C18BF6FF00204EBE707B51C3018
:106FC0008DF807100DF1070100F08EF903B05DF8A0
:106FD00004FBF0B589B06B4683E806000646002145
:106FE0000D2204A803910FF048FC0923DDE900708D
:106FF0008DF8143003AB1822194627FA02F5EDB2CA
:1070000003F8015B20FA02F4083AE4B212F1080F27
:10701000DC701D721C73F0D111234FF410623046E6
:10702000FFF77CFF09B0F0BD1FB5930903F00C0317
:1070300002F0030213438DF80F3003291DD8DFE857
:1070400001F0020A10160DF10F011C3000F0D8F803
:1070500005B05DF804FB0DF10F011C3000F0EDF8F8
:10706000F6E70DF10F011C3000F004F9F0E70DF127
:107070000F011C3000F01BF9EAE74FF0FF30E7E7A3
:107080000B461146012B4FF000020A7005D0022B6F
:1070900006D043B91C3000F044B81C3000F04BB8A7
:1070A0001C3000F052B84FF0FF30704707B501298F
:1070B0008DF807200AD002290ED099B90DF10701E9
:1070C0001C3000F033F803B05DF804FB0DF107014C
:1070D0001C3000F035F8F6E70DF107011C3000F028
:1070E00039F8F0E74FF0FF30EDE707B51C308DF8C9
:1070F00007100DF1070100F066F803B05DF804FB1E
:1071000010B4D0E90140A44610BC604710B4046834
:107110008068A44610BC60470A4601231721FFF788
:10712000EFBF0A4601230521FFF7EABF0A46012304
:107130000521FFF7EBBF0A4601230721FFF7E0BF58
:107140000A4601230721FFF7E1BF0A46012309216F
:10715000FFF7D6BF0A4601230921FFF7D7BF0A462A
:1071600001230021FFF7CCBF0A4601230021FFF7CE
:10717000CDBF012310B50A460C461946FFF7C0FFE4
:1071800018B9237803F01F03237010BD37B501230E
:107190000D460DF1070219460446FFF7B1FF80B90D
:1071A0009DF807202B7822F01F0203F01F031343E2
:1071B0008DF8073001230DF1070219462046FFF72D
:1071C000A5FF03B030BD37B501230D460DF1070211
:1071D00002210446FFF794FF80B99DF807202B7821
:1071E00022F0010203F0010313438DF807300DF183
:1071F0000702012302212046FFF788FF03B030BDBC
:1072000037B501230D460DF1070204210446FFF7AF
:1072100077FF80B99DF807202B7822F00F0203F04A
:107220000F0313438DF807300DF1070201230421EA
:107230002046FFF76BFF03B030BD37B501230D4685
:107240000DF1070206210446FFF75AFF80B99DF8A9
:1072500007202B7822F00F0203F00F0313438DF861
:1072600007300DF10702012306212046FFF74EFFEC
:1072700003B030BD37B501230D460DF107020821DB
:107280000446FFF73DFF80B99DF807202B7822F0D8
:107290000F0203F00F0313438DF807300DF10702BF
:1072A000012308212046FFF731FF03B030BD37B579
:1072B00001230D460DF107020A210446FFF720FFC6
:1072C00080B99DF807202B7822F00F0203F00F03FE
:1072D00013438DF807300DF1070201230A212046E0
:1072E000FFF714FF03B030BD37B501230D460DF194
:1072F00007020F210446FFF703FF80B99DF807201E
:107300002B7822F0010203F0010313438DF80730BC
:107310000DF1070201230F212046FFF7F7FE03B00E
:1073200030BD00000123054A0B60002000230871D6
:107330008B60CA600B614B61704700BF000048431F
:107340002DE9F84384680546884691461E466CB18F
:107350000020BDE8F88308EB040109EB04026F6923
:10736000287B012389B2B847013410B9B442F2D165
:10737000EEE74FF0FF30ECE72DE9F843846805466F
:10738000884691461E466CB10020BDE8F88308EBA4
:10739000040109EB04022F69287B012389B2B84755
:1073A000013410B9B442F2D1EEE74FF0FF30ECE710
:1073B00038B590F83030044623B1012384F83030DA
:1073C000002038BD4FF07E5300F1200543630121BA
:1073D000284600F0B5F910B14FF0FF30F1E7012178
:1073E000284600F0DBF901460028F5D1284600F0D8
:1073F000F9F80028E1D0EFE738B50C4605464FF024
:107400007E512046F9F7AEFED0B910492046F9F773
:10741000A9FEB8B90E492046F9F7A4FEA0B90D4956
:107420002046F9F79FFE002814BF2221322105F1E2
:10743000200000F0D7F8003818BF0120404238BDC6
:107440000421F4E70221F2E71221F0E70000C8412D
:10745000000048420000C84210B590F83130012BBE
:10746000044606D0416BFFF7C7FF20B9012384F81B
:107470003130002010BD4FF0FF30FBE713B50C4654
:1074800020300DF1070100F082F920B99DF8073096
:10749000237002B010BD4FF0FF30FAE713B50C4671
:1074A00020300DF1070100F025F948B99DF80730AB
:1074B000122B10D007D8022B0FD010D9042B10D0CC
:1074C0004FF0FF3005E0222B0ED0322BF8D1074BC6
:1074D000236002B010BD064BFAE7064BF8E7002325
:1074E000F6E74FF07E53F3E7034BF1E70000484324
:1074F000000048420000C8410000C84210B590F8A2
:107500003130044683B100F13401FFF7C7FF014673
:1075100010B14FF0FF3010BD04F1200000F062F810
:107520000028F6D184F831000020F4E710B590F877
:107530003030012B044603D0002084F8300010BD09
:10754000FFF7DCFF0028F7D04FF0FF30F7E737B543
:107550000D4620300DF1060100F009F9044638B956
:10756000BDF9060000F034F82860204603B030BDB5
:107570004FF0FF34F9E70000B0B14A680B68426091
:107580008A68036082600A7B02730A6902614A6941
:1075900042618A698261064A4262064A0262CA6997
:1075A000C0E90A2003B118474FF0FF30704700BF11
:1075B000417300087973000810B44468C068A44699
:1075C00010BC604710B40468C068A44610BC604793
:1075D00008B5F9F7CBFB0249F9F7D0FC08BD00BFAD
:1075E0000000C84237B501230C4601AA0421054614
:1075F000FFF7E2FF28B901236A460C212846FFF76E
:10760000DBFF012C35D190BB9DF8003043F0020325
:107610008DF800306A4623460C212846FFF7D2FF3A
:1076200028BB9DF8003060F341038DF800306A46B6
:1076300001230C212846FFF7C5FFC0B9C4F340025F
:1076400004F0010343EA820304F0300213439DF87F
:107650000420A40802F04A0243EAC41313438DF83D
:10766000043001AA012304212846FFF7ABFF03B031
:1076700030BD04F0DF03022B01D0122B1FD19DF887
:1076800004305B071BD40028F1D19DF8003043F093
:1076900002038DF800306A4601230C212846FFF7CB
:1076A00091FF0028E3D19DF8003060F341038DF88D
:1076B00000306A4601230C212846FFF783FF042C83
:1076C000BBD10028D3D19DF8003023F0420343F012
:1076D00042038DF800306A4601230C212846FFF74B
:1076E00071FF0028C3D19DF8003023F0420343F01E
:1076F00040039AE713B5012301AA0C460421FFF7C2
:107700005BFF9DF80430DA09C3F38001920042EA7E
:10771000410203F031031343122B07D009DC022B83
:1077200004D0042B02D05A1E53425341237002B09E
:1077300010BD222BFAD0322B0CBF32230023F5E7E9
:1077400037B501230D4601AA04210446FFF734FF93
:1077500058B99DF8043065F386138DF8043001AAFA
:10776000012304212046FFF72DFF03B030BD13B5E0
:1077700002230C4601AA0621FFF71EFF9DF80520F3
:107780009DF8043003EB0223238002B010BD08B53E
:1077900001230A461946FFF70FFF08BD37B501233D
:1077A0000D4601AA04210446FFF706FF58B99DF8CB
:1077B000043065F3C3038DF8043001AA01230421CA
:1077C0002046FFF7FFFE03B030BD704738B5104CC0
:1077D000237805460BB9012038BD01F077FF2278E8
:1077E0004FF47A73B3FBF2F3B0FBF3F000F03CFD1F
:1077F00004460028EFD10F2DEDD8024629464FF060
:10780000FF3000F0DFFC034B20461D60E4E700BFC3
:10781000A8AF0020ACAF002010B5032000F0C0FCE2
:1078200001F054FF064B18600020FFF7CFFF04461D
:1078300018B9FCF75AFF204610BD0124FBE700BF32
:10784000A4AF00204FF0E022136923F0020313617C
:1078500070474FF0E022136943F002031361704751
:10786000014BD3F8900570470070FF1F014BD3F810
:10787000940570470070FF1F014BD3F898057047BF
:107880000070FF1F024A536843F0010353607047C2
:10789000002004E0024A536843F00203536070473B
:1078A000002004E0024A536843F004035360704729
:1078B000002004E04FF0B04330B5DA6C114842F0DC
:1078C0000402DA64DB6C87B003F004030093009BCE
:1078D000382501230022CDE9015301A90323CDE975
:1078E000032301F00BF80748294601F030F904465C
:1078F00020B902462946034801F020F9204607B086
:1079000030BD00BF0008004808B5032815D8DFE8DF
:1079100000F002090B1100220948382101F00EF98C
:10792000002008BD0122F7E718222021044801F0B9
:107930000AF9F5E728221021F8E70120F1E700BF56
:10794000000800480120704701207047002814BF3C
:1079500016200F2070478068C0F380007047000039
:10796000F7B5002301930446002800F0E980856DF7
:1079700025B9FCF7DFFAE56584F8545023689A6866
:10798000D00040F1A1809A68D10000F1B480A26DCE
:1079900042F01002A265E26D42F00102E2650125AB
:1079A0001846FFF7D8FFA26D02F01002024340F024
:1079B000C980A26D206922F4817242F00202A265A0
:1079C0009A68D2075DD4226BA67E94F82CC0003A48
:1079D00018BF01221703D4E902120A43217E42EAAA
:1079E0008132617E42EAC13242EA4632002842EAEE
:1079F0004C02B4BF20F000414FF400113A430A4357
:107A000094F82010012903D1002E76D142F480325F
:107A1000616A21B1A66A01F4E07131430A43D96871
:107A2000E66C21F4FE3121F4FF711143D96094F822
:107A30003C206168012A01F0404C4CEA060609D15D
:107A4000D4E910273A433243A66C324342EA0C028F
:107A500042F001061F693E4A3A4032431A6121F062
:107A60000042B2F1804F0CD0B1F1004F09D0394E35
:107A7000D6F8082701F4701122F470120A43C6F8F0
:107A800008275A69666BA16B22F0070232435A61DC
:107A90005A6922F0700242EA01125A61002835D177
:107AA0009A6A62F00F029A625B6903F007039E42D2
:107AB0003CD10023E365A36D23F0030343F00103EE
:107AC000A365284603B0F0BD9A68234922F010420E
:107AD00022F0170242F080529A60204A1268B2FBEC
:107AE000F1F2013252000192019A002A3FF44BAFA9
:107AF000019A013AF7E7002552E7A16D41F0200114
:107B0000A165E16D41F00101E16581E7B0F5001F7C
:107B1000CAD19A6AE269013A92006FF00F0102F04D
:107B20001C0201FA02F2216E0A43BCE7A36D23F0A6
:107B3000120343F01003A365E36D43F00103E36513
:107B40000125BEE7A36D43F01003A365F8E700BF6E
:107B500002FCFF1F00200140400D0300A4AF0020E5
:107B6000F8B54569082D04460E460AD00368DB685F
:107B7000D80705D5A36D43F02003A3650120F8BD08
:107B80000425FCF7EDFE074623681A682A4220D038
:107B9000A26D42F40072A265DA6812F4406F14D14B
:107BA000A27E92B91A6812070FD51846FFF7D3FEC6
:107BB00020BB5A6822F00C025A60A26D22F4807237
:107BC00022F0010242F00102A265227EFAB10020F9
:107BD000D5E7711CD9D0FCF7C3FEC01BB04201D859
:107BE000002ED1D123681B682B40CDD1A26D84F823
:107BF000543042F00402A2650320C0E7A26D42F0B7
:107C00002002A265E26D42F00102E265DDE70C228E
:107C10001A60DCE70368186C70470000F7B50023B2
:107C2000019390F85430012B044600F0C0800568A1
:107C30000269012380F854302846FFF78CFE0028A3
:107C400040F0AF80D1E90030022822F004027ED05B
:107C5000B2F1004FC3F3110E35D1AA6A42EA0E0207
:107C6000AA628A68686902EA032222F07C4222F052
:107C7000FF0220EA03210A43002B6A611DDA4D4A04
:107C80004D4DD2F80817AB4201F0E07043D10D0220
:107C900013D4D2F8083723F0E073034343F400030E
:107CA000C2F80837454B1A68454BB2FBF3F20C2378
:107CB00002FB03330193019B53BB0020002384F894
:107CC000543003B0F0BD226E00F01F074FF00F0CD0
:107CD0000CFA07FC6FEA0C0622EA0C0CBEF1000F4E
:107CE00011D1C3F38462BA4042EA0C0222668008D2
:107CF000E26901309042B4D8A86AC3F38362BA4003
:107D000006403243ACE793FAA3F2B2FA82F2EAE712
:107D1000019B013BCEE72B4DAB420BD1C901CCD42B
:107D2000D2F8083723F0E073034343F08073C2F8BE
:107D30000837C2E7244DAB42BFD14B02BDD4D2F8C5
:107D4000083723F0E073034343F48003EFE7B2F115
:107D5000004F01BFAA6AC3F311018A43AA62002B34
:107D6000ABDA154813498342D1F8082709D1D1F875
:107D7000083702F0A07223F0E0731A43C1F8082715
:107D80009BE71048834204D1D1F8083702F440023F
:107D9000F1E70D48834290D1D1F8083702F0C07264
:107DA000E9E7A26D42F02002A265184686E70220AC
:107DB00087E700BF00200140001000B0A4AF002002
:107DC000400D0300004000B8002000B4026838B540
:107DD00004461046FFF7BFFD08B9002038BD936880
:107DE000990707D4936823F0004323F0170343F067
:107DF00010039360FCF7B4FD054623689B685B079E
:107E0000EBD5FCF7ADFD401B0228F6D923689B6833
:107E10005A07F2D5A36D43F01003A365E36D43F059
:107E20000103E3650120D9E773B5002302680193DC
:107E30009368DD07044602D5002002B070BD91684A
:107E4000214B194209D0A36D43F01003A365E36DE4
:107E500043F00103E3650120EFE7936823F000435B
:107E600023F0170343F001039360184BD3F808374E
:107E700018021CD4637E012BDED0FCF771FD144E7A
:107E8000054622681368DB07D6D49368D9075FBF1D
:107E90009368334043F001039360FCF761FD401B9E
:107EA0000228EED923681B68DA07EAD4CBE7094B2E
:107EB000094A1B68B3FBF2F301330193019B002BCA
:107EC000D8D0019B013BF8E717000080002001405B
:107ED000E8FFFF7FA4AF0020400D030038B5044643
:107EE0000068FFF738FD054620BB94F85430012B9D
:107EF00020D0012384F854302046FFF795FFB0B915
:107F0000A36D226823F4706323F0010343F48073AC
:107F1000A3651C23E065136084F85400936823F084
:107F2000004323F0170343F00403936038BD84F843
:107F30005450FBE70220F9E7026838B5936891686E
:107F40000446C80701D4002038BD9907FBD49368C4
:107F500003F00503012B19D1936823F0004323F0AC
:107F6000170343F00203936003231360FCF7F8FC4C
:107F7000054623689B68DB07E5D5FCF7F1FC401B51
:107F80000228F6D923689B68DA07F2D5A36D43F07F
:107F90001003A365E36D43F00103E3650120D3E71C
:107FA00070B5044600284BD0836D43F0020383650F
:107FB000FFF70CFF054668B92046FFF7BDFF0546F1
:107FC00008B90123A3652268936823F0104323F0C6
:107FD0001703936023685A6822F4677222F0030241
:107FE0005A6040F29F321A60D968164A0A40DA6035
:107FF0005A6922F007025A6100269A6A9E621A6A3A
:1080000002F0F0221A625A6A02F0F0225A62DA6A28
:1080100002F0F022DA621A6922F040421A610A4A3A
:10802000D2F8083723F0FE73C2F808372046FBF772
:1080300095FFE6652666A66584F85460284670BDFF
:108040000125FBE700023E830020014010B590F8B7
:108050005430012B044615D0012380F85430FFF72B
:10806000B5FE58B92046FFF767FF38B9A36D23F472
:10807000807323F0010343F00103A365002384F818
:10808000543010BD0220FCE7F7B50023019390F8AF
:108090005430012B04467FD0012380F85430FFF781
:1080A0004BFF23689A6812F00102054607D0A36DC2
:1080B00043F01003A365002384F854302DE0A16D34
:1080C000364F21F4817141F00201A165DE68D96863
:1080D00026F4FF4626F07C0621F40041360421F008
:1080E0000301360CD96008209968394041F00041FD
:1080F00099609968002913DA019901310191019978
:10810000B1F52E3FF5D3A36D23F0120343F0100316
:10811000A365002384F854300125284603B0F0BD40
:10812000D3F8B410013801F07F010A44DCD199681A
:108130001A48014041F001019960D3F8B41021F0D0
:108140007F0141EAD202C3F8B4209A68024042F0AB
:1081500002029A60FCF704FC074623689A68D2077B
:1081600008D4DA683243DA60A36D23F0030343F0E6
:1081700001039FE7FCF7F4FBC01B0228EDD923683D
:108180009B68D907E9D5A36D43F01003A365E36DA0
:1081900043F00103E365BFE70225BEE7E8FFFF7F89
:1081A0000749CA6822F4E0620302120403F4E063A0
:1081B000120C134343F0BF6343F40033CB607047AA
:1081C00000ED00E0164B30B5DC68C4F30224C4F1C6
:1081D0000703251D042B28BF0423062D4FF0FF3570
:1081E0008CBF033C002405FA03F321EA0303A540F6
:1081F00022EA0502A340002843EA0203ACBF00F1D3
:108200006040084A4FEA0313B8BF00F00F00DBB22A
:10821000AABF00F56140135480F8003330BD00BFA1
:1082200000ED00E014ED00E0002807DB044A4109FE
:10823000012300F01F00834042F82130704700BF47
:1082400000E100E000280CDB4309064900F01F00B4
:1082500020330122824041F82320BFF34F8FBFF328
:108260006F8F704700E100E00138B0F1807F0BD2E2
:108270004FF0E023054A5861F02182F823100020D6
:10828000072298611A6170470120704700ED00E0F5
:1082900070B5D0E913456560446D14B1D0E9164559
:1082A0006560D0E9105404F01C060124B4406C60F1
:1082B000046863608368102B0BBFA260A160E1605B
:1082C000E26070BD0268416CD3B210B5083B142463
:1082D000B3FBF4F30B4CA24288BF0B4A21F003011D
:1082E00099BF01F1804202F50232521807338264CD
:1082F000064AC26403F01F03012202FA03F3036576
:1083000010BD00BF070402401C0802408008024064
:1083100038B500285CD002682E4B9A424FF0140109
:108320004AD82D4B1344B3FBF1F32C499B00C0E911
:108330001013022380F825301368056923F4FF43E6
:1083400023F070031360D0E9024323432B434569B4
:1083500011682B4385692B43C5692B43056A2B4361
:108360000B431360FFF7AEFFB4F5804F04BF00234B
:1083700043604368816C03F07F020A60D0E9131404
:10838000013B032B4C601ED8154B164981651344E5
:108390009B000121013A01FA02F200214365C26506
:1083A0001960114B5A6400230122C36380F8243002
:1083B00080F82520184638BD0C4B1344B3FBF1F36D
:1083C0000B499B00B3E70023C0E91533C365EAE717
:1083D0000120F0E707040240F8FFFDBF0000024063
:1083E0003F8200104009024000090240F8FBFDBF37
:1083F0000004024038B5002841D00268136823F019
:10840000010313601F4B9A424FF0140130D81E4BEA
:108410001344B3FBF1F31D499B00C0E91013012481
:1084200003F01C0304FA03F3002515604B60FFF70B
:1084300049FF836C41681D60D0E913325A604A1EBF
:10844000032A06D8124B0B449B0094401D60114B2D
:108450005C640023C363C0E91533C0E90B33C0E992
:108460000D33C36580F8253080F82430184638BDB8
:10847000094B1344B3FBF1F308499B00CDE70120FE
:10848000F5E700BF07040240F8FFFDBF000002400F
:108490003F82001000090240F8FBFDBF00040240CB
:1084A00070B590F82450012D04463BD090F825601B
:1084B0000125AE4280F824504FF000062CD1022551
:1084C00080F825500568C6632E6826F001062E60E8
:1084D000FFF7DEFE036BBBB12B6843F00E032B608E
:1084E000A36C1A68D20342BF1A6842F480721A6001
:1084F000636D1BB11A6842F480721A602B6843F0F6
:1085000001032B60002070BD2B6823F004032B6057
:108510002B6843F00A03E2E78023C36380F82460FA
:108520002846F0E70220EEE7034640B190F8252008
:10853000022A06D00422C263002280F824200120EF
:1085400070470268806C116821F00E0111600168AB
:1085500021F480710160116821F001011160D3E9FB
:10856000100202F01C0101228A404260D3E913216B
:1085700051605A6D32B1116821F480711160D3E9F4
:10858000162151600122002083F8252083F8240061
:10859000704708B590F82530022B03D00423C3633D
:1085A000012008BD03681A6822F00E021A601A68DA
:1085B00022F001021A60826C136823F48073136046
:1085C000D0E9101303F01C02012393404B60D0E963
:1085D00013325A60436D33B11A6822F480721A6004
:1085E000D0E916325A60012380F82530002380F844
:1085F0002430836B03B198470020D2E770B4426CFB
:10860000046C036826681D6802F01C020421914076
:1086100031420FD015F0040F0CD01A6892065EBFDD
:108620001A6822F004021A60036B6160002B33D0D9
:1086300070BC184702219140314217D015F0020F4B
:1086400014D01A68940606D41A6822F00A021A6036
:10865000012280F82520114A93428CBF104B114B08
:108660005960002380F82430C36ADFE70821914075
:10867000314211D029070FD5196821F00E01196078
:10868000012303FA02F26260C36380F825300023FD
:1086900080F82430436BC9E770BC7047800002400B
:1086A000000402400000024060B10268C80613687E
:1086B00005D5C9024CBF43F4801323F48013136023
:1086C00000207047012070470346084609B95A60E8
:1086D00070470120704710B10160002070470120F1
:1086E0007047036803F01F01C3F300435B0103F10C
:1086F000B04301228A40D3F80C18114204D0C3F8C9
:108700000C28436803B11847704700000A4A5369B0
:1087100043F4802330B55361EFF3108472B6002325
:10872000CD58C5500433B3F5807FF9D11369DB030D
:10873000FCD484F3108830BD00400058064B5A69C1
:10874000002ABFBF054A9A6002F188329A60BABF18
:108750005869C00F0020704700400058230167454A
:10876000044B5A6942F000425A615869C043C00F35
:10877000704700BF0040005870B50546FCF7F0F8A0
:10878000124E04463369D90313D43369DA0744BF60
:10879000012232614CF2FA32134011D10B4E306992
:1087A00010F480200BD0FCF7DBF8001BA842F6D3B6
:1087B00004E0FCF7D5F8001BA842E3D3032070BD0A
:1087C000024A1361024A01205360F8E70040005852
:1087D000D8D300202DE9F041184D98462B78012B75
:1087E00006460C46174626D001232B704FF47A70AC
:1087F00000236B60FFF7C0FFA0B9012E16D1104A0D
:10880000536943F0010353612760BFF36F8FC4F8CE
:1088100004804FF47A70FFF7AFFF094A536923EAE7
:108820000603536100232B70BDE8F08139462046D2
:10883000FFF76CFFEDE70220F6E700BFD8D300207A
:1088400000400058054A536923F47E7343EAC00090
:1088500040F4803040F00200506170470040005802
:108860002DE9F041234F3B78012B054688463FD048
:1088700001233B704FF47A7000237B60FFF77CFF8D
:10888000044688B92B68042B13D11B4A536943F45F
:10889000803343F0040353614FF47A70FFF76CFFA9
:1088A0000446154B1A681B6800233B702046BDE840
:1088B000F0814FF0FF33C8F800306E68D5E901321F
:1088C0001344B3420AD93046FFF7BCFF4FF47A7025
:1088D000FFF752FF50B1C8F800600446064A5369DA
:1088E00023F47E7323F002035361DAE70136E5E7F0
:1088F0000224DBE7D8D30020004000582DE9F04FD8
:10890000524C00234FF00F090A6832FA03F501D1E7
:10891000BDE8F08F012505FA03F818EA020200F01D
:108920008E804E68032706F003054FEA430E07FAD0
:108930000EFC6F1E012F6FEA0C0C32D8876807EA15
:108940000C0ACF6807FA0EF747EA0A0787604768FC
:1089500027EA0808C6F300179F4047EA0807476060
:10896000C76807EA0C088F6807FA0EF747EA080796
:10897000022DC76017D14FEAD30800EB880803F037
:10898000070AD8F820704FEA8A0A09FA0AFB27EA90
:108990000B0B0F6907FA0AF747EA0B07C8F82070B4
:1089A00001E0032DDCD1076805FA0EF507EA0C0794
:1089B0003D4316F4403F056041D023F0030707F123
:1089C000804707F5803703F0030CBD684FEA8C0C35
:1089D0004FF0070E0EFA0CFEB0F1904F25EA0E0E86
:1089E0002FD01B4DA8422ED005F58065A84214BF9C
:1089F0000725022505FA0CF545EA0E05BD60256838
:108A0000D74316F4801F0CBF3D40154325606568B1
:108A100016F4001F0CBF3D4015436560D4F880502C
:108A200016F4803F0CBF3D401543C4F88050D4F885
:108A30008450B60354BF3D401543C4F884500133FD
:108A400062E70025D6E70125D4E700BF00080058FB
:108A500000040048374A2DE9F04F00234FF0010A87
:108A60004FF0070B4FF00F0931FA03F401D1BDE8C5
:108A7000F08F0AFA03FC1CEA010654D023F0030429
:108A800004F1804404F5803403F00307A568BF00B7
:108A90000BFA07F8B0F1904F08EA050E45D0264DC5
:108AA000A84244D005F58065A8420CBF02250725E1
:108AB000BD40754517D1D2F8805025EA0605C2F8A9
:108AC0008050D2F8845025EA0605C2F88450156813
:108AD00025EA06051560556825EA06055560A5686E
:108AE00025EA0805A560056803265C0006FA04F47B
:108AF00023FA06F6254300EB8606056003F007051A
:108B0000376AAD0009FA05F527EA05073762856877
:108B100025EA04058560456825EA0C054560C568B9
:108B200025EA0404C46001339EE70025C0E701255F
:108B3000BEE700BF00080058000400480AB1816188
:108B400070478162704742EA01428261704782B099
:108B50004FF480330193019B0B430193019BC3614D
:108B6000C161019BC361C3690193C06980F4803016
:108B7000C0F3004002B07047044AD168014208B512
:108B800002D0D060FCF7DAFD08BD00BF0008005835
:108B900003689A69910744BF00229A629A69D207D2
:108BA0005EBF9A6942F001029A61704730B5039D39
:108BB00004682B4343EA0243064A6068C1F3090193
:108BC0000B4342EA555223F0004320EA02000343DC
:108BD000636030BDFF63FF0303682DE9F0419C69CA
:108BE00014F0100405460F4616466FD010220024DC
:108BF000DA61A0462B689A69900661D4B8F1000F3B
:108C000035D044F0040401202E68B369D90541BF72
:108C10004FF48072F26144F0010401205A0541BF13
:108C20004FF4806244F00804F26101209B054FD5A7
:108C30004FF4007344F00204F3612846FFF7A8FFE5
:108C4000736823F0FF7323F48B3323F4FF7323F053
:108C5000010373606B6C23436B64202385F8413000
:108C6000002385F8423085F84030012032E07A1C3C
:108C7000C1D0FBF775FE801BB84201D8002FB9D1D7
:108C80002B68596895F8422098690004D2B20AD539
:108C9000490408D4202A06D05A6842F480425A6017
:108CA000FBF75EFE06462B689B699B06A2D4FBF78A
:108CB00057FE801B1928F6D920244FF0010899E7A8
:108CC000B8F1000F9DD12022DA619AE720469BE798
:108CD0000028B2D1BDE8F08170B504460D461646B5
:108CE00023689B699B0701D500201FE03246294677
:108CF0002046FFF771FFC0B96A1CF1D0FBF730FEC8
:108D0000801BA84201D8002DEAD123689B6913F08B
:108D10000203E5D1626C84F8403042F020026264C4
:108D2000202284F8412084F84230012070BD2DE9D2
:108D3000F041DDF8188004460F4616461D462368AC
:108D40009B6937EA03030CBF01230023B34201D020
:108D5000002025E0424629462046FFF73DFFF0B9B6
:108D60006B1CECD0FBF7FCFDA0EB0800A84201D87F
:108D7000002DE4D123689B6937EA03030CBF01236C
:108D80000023B342DBD1636C43F0200363642023F0
:108D900084F84130002384F8423084F840300120C8
:108DA000BDE8F08170B504460D46164623689B6900
:108DB0009B0601D500201DE0324629462046FFF7DC
:108DC0000BFFB0B9FBF7CCFD801BA84201D8002DEA
:108DD000ECD123689B6913F02003E7D1626C84F81F
:108DE000403042F020026264202284F8412084F85E
:108DF0004230012070BD704710B5044600284ED0A7
:108E000090F8413003F0FF021BB980F84020FFF7D3
:108E1000F2FF242384F8413023681A6822F001020B
:108E20001A60626822F070621A619A6822F4004245
:108E30009A60D4E90221012906D142F400429A60E5
:108E40005A6822F4006207E042F4044202299A6060
:108E5000F6D15A6842F400625A605A6842F00072D1
:108E600042F400425A60DA6822F40042DA60D4E93F
:108E700004210A43A16942EA0122DA60D4E9072108
:108E80000A431A601A6842F001021A600020202387
:108E9000606484F84130206384F8420010BD0120F2
:108EA000FCE7704710B5044698B10268242380F8A7
:108EB0004130136823F001031360FFF7F2FF002035
:108EC000606484F8400084F84100206384F8420024
:108ED00010BD0120FCE700002DE9F74F994690F8FE
:108EE0004130BDF834A0DDF83880202B04460F4611
:108EF000164640F0C6800C9B13B1BAF1000F06D1A4
:108F00004FF400736364012003B0BDE8F08F90F864
:108F10004030012B00F0B5804FF0010B80F840B0DD
:108F2000FBF71EFD1923054600905A464FF40041F9
:108F30002046FFF7FCFE0028E5D1212384F84130CC
:108F4000402384F842300C9B63624F4B6064606343
:108F5000A4F82AA05FFA89F20093394620464FF020
:108F60008073FFF723FE2A4641462046FFF7B4FEF2
:108F700018BBB9F1010F236815D1F6B29E62002229
:108F80000095434680212046FFF7D1FEA8B9638DA6
:108F90009BB2FF2B15D8628D92B222854FF00073E1
:108FA0000090D2B212E0320A9A6241462A46204626
:108FB000FFF792FE08B92368DFE7002384F840300A
:108FC000A1E7FF2222854FF08073009039462046AA
:108FD000FFF7ECFD2A4641462046FFF77DFE0028BC
:108FE00091D1636A226813F8011B91626362638DF9
:108FF000228D013B9BB26385638D013A92B29BB295
:109000002285B3B1AAB90095434680212046FFF7D7
:109010008EFE00287FF477AF638D9BB2FF2B28D99B
:10902000FF2222854FF08073009039462046FFF7DB
:10903000BDFD638D9BB2002BCCD12A464146204614
:10904000FFF7B0FE00287FF45EAF23682021D961CE
:109050005A6822F0FF7222F48B3222F4FF7222F05F
:1090600001025A6084F8411084F8400084F84200FC
:109070004AE7628D92B222854FF000730090D2B21F
:10908000D3E7022040E700BF002000802DE9F74F22
:10909000994690F84130BDF834A0DDF83880202B97
:1090A00004460F46164640F0C9800C9B13B1BAF136
:1090B000000F06D14FF400736364012003B0BDE8D4
:1090C000F08F90F84030012B00F0B8804FF0010B8A
:1090D00080F840B0FBF744FC1923009005465A463F
:1090E0004FF400412046FFF722FE03460028E4D15A
:1090F000222284F84120402284F842200C9A6262A5
:109100004F4A60646063A4F82AA039460092204662
:109110005FFA89F2FFF74AFD2A4641462046FFF7EB
:10912000DBFD20BBB9F1010F236816D1F6B29E62B8
:1091300000220095434640212046FFF7F8FDB0B9D4
:10914000638D9BB2FF2B3F4B15D8628D92B2228567
:109150000093D2B24FF0007312E0320A9A62414695
:109160002A462046FFF7B8FD08B92368DEE700234A
:1091700084F84030A1E7FF22228500934FF08073EE
:1091800039462046FFF712FD009543460022042190
:109190002046FFF7CCFD00288FD123685A6A636A06
:1091A0001A70636A228D01336362638D013B9BB247
:1091B0006385638D013A92B29BB22285B3B1AAB99D
:1091C0000095434680212046FFF7B1FD00287FF43B
:1091D00074AF638D9BB2FF2B28D9FF2222854FF0FD
:1091E0008073009039462046FFF7E0FC638D9BB208
:1091F000002BC9D12A4641462046FFF7D3FD00285F
:109200007FF45BAF23682021D9615A6822F0FF7296
:1092100022F48B3222F4FF7222F001025A6084F8A9
:10922000411084F8400084F8420047E7628D92B212
:1092300022854FF000730090D2B2D3E702203DE7C1
:1092400000200080002400802DE9F04385B01D46F9
:109250000023039390F84130202B0446174672D127
:1092600003689B6913F400436DD190F84020012AF4
:1092700069D00122C1F3090680F8402046F0007849
:10928000242280F8412048F420584364E36822688F
:10929000012B06BF46F0007343F40053434653606E
:1092A000FBF75EFB8146226893699269C3F3401322
:1092B000C2F30012134316D023689A69CDF80090C8
:1092C00012F010022B4624D120212046FFF72FFD5B
:1092D000E8B922682023D36184F8413084F8400043
:1092E00005B0BDE8F0836B1CDDD0FBF739FBA0EBCC
:1092F0000900A84201D8002DD5D1202384F841309F
:10930000636C43F020036364002384F84030012041
:10931000E6E7002220212046FFF709FD0028F6D1CC
:1093200023681022DA612022DA61039B0133039360
:10933000039BBB42AAD384F84120636C84F84000AD
:1093400013436364E3E70220CAE790F841007047E3
:10935000406C704710B590F84120202A0346D4B2E3
:109360001CD190F84020012A18D0242280F84120F6
:109370000268106820F001001060106820F480502E
:1093800010601068014311601168002041F0010174
:10939000116083F8414083F8400010BD0220FCE7D3
:1093A00010B590F84120202A0346D4B21BD190F882
:1093B0004020012A17D0242280F84120026810683A
:1093C00020F001001060106820F4706040EA012174
:1093D00011601168002041F00101116083F84140E3
:1093E00083F8400010BD0220FCE70000024A5368E9
:1093F00003435360704700BF00000140024A1368F6
:1094000043F4807313607047000400580D4B10B58F
:109410005B690C4628B99A0507D500F027F820B1FA
:1094200010BD9B0501D400F019F8074A1369012CFF
:1094300023F00403136101D130BFF1E740BF20BF27
:1094400020BFEDE70004005800ED00E0024B186873
:1094500000F4C060704700BF00040058024A13685F
:1094600043F4804313607047000400580C4A1368AB
:1094700023F4804313600B4B1B6832214B430A4992
:10948000B3FBF1F35169890500D533B9536913F47E
:10949000007F14BF032000207047013BF2E700BFAC
:1094A00000040058A4AF002040420F000B4A13688C
:1094B00023F0070343F002031360094B1A690128E4
:1094C00042F004021A6105D130BF1A6922F0040289
:1094D0001A61704740BF20BF20BFF6E70004005864
:1094E00000ED00E04FF0B0431868C0F34040704713
:1094F0004FF0B0431868C0F3400070474FF0B042DF
:10950000536823F47F4343EA0023536070474FF0CE
:10951000B0431868C0F34060704700007FB54FF05B
:10952000B0432C4AD3F80831C0F3031003F00F0303
:1095300052F82040284A52F82330B4FBF3F4FFF7E6
:1095400085FF264B054693E80700B5F5007F04AB81
:1095500003E9070010D0224B9C4218D303F5B70350
:1095600003F67F539C4229D903F5741303F5106366
:109570009C4225D802230BE01A4B9C4207D91A4B78
:109580009C421BD903F5370303F5D853F0E70023BA
:1095900004AA02EB830353F80C4C144D2B6823F000
:1095A000070323432B60FBF7DBF906462B6803F028
:1095B00007039C4206D1002004B070BD0123E7E7F9
:1095C0000024EAE7FBF7CCF9801B0228EED9032040
:1095D000F2E700BF58940108B8940108E088010838
:1095E000C0CF6A00BFEA21013F9334020040005817
:1095F0004FF0B04310B59A68D96812F00C0205D04C
:109600000C2A4AD101F00303012B51D14FF0B04194
:109610002B480B6813F0080306D00B6813F00803FF
:1096200037D1D1F8941007E00C68240756BFD1F861
:1096300094300968C3F3032350F82330002A0CBF89
:10964000184600204FF0B0418A6802F00C020C2A44
:109650001ED1CA6802F00302022A2ED0032A06D1C4
:109660000B68184A13F4801F174B18BF13464FF0AE
:10967000B042D068D168D268C0F306205843C1F325
:1096800002130133B0FBF3F0530F0133B0FBF3F0DF
:1096900010BD0B68C3F30313CEE7042A05D0082AD4
:1096A00006D11B6813F4801305D006480023C9E7D0
:1096B00000231846C6E70448C4E7024BD7E700BFBB
:1096C000589401080024F4000048E80108B5FFF7A9
:1096D0008FFF4FF0B043044A9B68C3F3031352F863
:1096E0002330B0FBF3F008BDB89401082DE9F04138
:1096F0000446002853D04FF0B0439D68DE680368ED
:109700009B0605F00C0506F0030668D5026A1DB13C
:109710000C2D46D1012E44D1002A40D04FF0B04349
:10972000A16A1A68170756BFD3F894301B681B0943
:1097300003F0F00399421FD90846FFF7EFFE002817
:109740002DD14FF0B042136843F008031360136843
:10975000A16A23F0F0030B431360606AFFF7CEFEAB
:10976000FFF7B4FFAB4B1860AB4B1868FEF72EF851
:10977000002834D0BDE8F0814FF0B042136843F0C8
:1097800008031360136823F0F0030B431360606A4F
:10979000FFF7B4FE0846FFF7C1FE0028E0D0012025
:1097A000E8E74FF0B043002A54D01A6842F00102B3
:1097B0001A60FBF7D5F80746FFF79AFE002842D05B
:1097C0004FF0B042136843F0080313601368A16AB6
:1097D00023F0F0030B431360606AFFF78FFE2368EA
:1097E000D80748D42368990700F18C8023681E07A6
:1097F00040F1FA80A3694FF0B046002B00F0E18001
:10980000D6F89430E16903F01002914200F0C48070
:1098100003F00302022AC2D0D80740F1B380D6F881
:10982000943023F00103C6F89430FBF799F807460B
:10983000D6F89430990740F1A580FBF791F8C31B47
:10984000112BF5D904E0FBF78BF8C01B0228B3D924
:1098500003208FE71A6822F001021A60FBF780F8F4
:109860000746FFF745FE0028B9D0FBF779F8C01B83
:109870000228F6D9ECE7082D03D00C2D05D1032ED4
:1098800003D16368002BADD189E74FF0B043A168E5
:109890001A6822F480120A431A606268B2F5803FA7
:1098A00010D11A6842F480321A60FBF759F8074663
:1098B000FFF718FE002895D1FBF752F8C01B64286B
:1098C000F6D9C5E7B2F5041F04D11A6842F40012B4
:1098D0001A60E6E7196821F480311960196821F4EB
:1098E00000111960002AE0D1FBF73AF80746FFF7AC
:1098F000F9FD00283FF476AFFBF732F8C01B64286F
:10990000F5D9A5E7042D236903D00C2D0ED1022E25
:109910000CD1002B3FF443AF4FF0B0426169536864
:1099200023F0FE4343EA016353605FE74FF0B04624
:10993000BBB1336843F480733360FBF711F807461B
:1099400033685A0505D4FBF70BF8C31B022BF7D974
:109950007EE77368626923F0FE4343EA0263736043
:1099600044E7336823F480733360FAF7F9FF07465E
:1099700033685B057FF53AAFFAF7F2FFC31B022BA2
:10998000F6D965E74FF0B042E169D2F8943023F0A0
:1099900010030B43C2F894304FF0B047D7F894301F
:1099A00043F00103C7F89430FAF7DAFF0646D7F818
:1099B00094309A0718D4FAF7D3FF831B112BF6D9EA
:1099C00046E7D6F8943023F00103C6F89430FAF74E
:1099D000C7FF0746D6F894309B0705D5FAF7C0FFB6
:1099E000C31B112BF6D933E72368580754D50B4F07
:1099F0003B68D90514D4FFF701FDFAF7B1FF06461D
:109A00003B68DA050CD4FAF7ABFF831B022BF7D9BE
:109A10001EE700BFA4AF0020ACAF00200004005838
:109A2000E3684FF0B046002B58D023F08003052B9D
:109A300002BFD6F8903043F00403C6F890304FF0E0
:109A4000B046FAF78DFFD6F8903043F00103074691
:109A5000C6F8903041F28838D6F890309B0705D48C
:109A6000FAF77EFFC31B4345F6D9F1E6E36823F01E
:109A70000403812B1BD1FAF773FFD6F8903043F023
:109A80008003C6F8903007464FF0B04641F2883860
:109A9000D6F89030180504D5E36A002B4AD100208F
:109AA00068E6FAF75DFFC01B4045F1D9D0E6FAF74A
:109AB00057FFD6F8903023F08003C6F89030074661
:109AC0004FF0B04641F28838D6F890301905E3D50A
:109AD000FAF746FFC01B4045F6D9B9E6FAF740FF52
:109AE000D6F8903023F080030746C6F8903041F254
:109AF0008838D6F890301A0516D4FAF731FFD6F820
:109B0000903023F00103C6F8903007464FF0B0487C
:109B100041F28836D8F890309B07BDD5FAF720FF80
:109B2000C31BB342F6D993E6FAF71AFFC01B4045B0
:109B3000DFD98DE60C2D4ED0022B4FF0B0431A68C2
:109B400022F080721A6033D1FAF70AFF0546FFF758
:109B5000DEFC38BBD4E90C314FF0B0420B43D06887
:109B60002D4901400B43E16B0B43216C0B43616CAE
:109B70000B43A16B43EA0123D360136843F0807366
:109B80001360D36843F08053D360FAF7E9FE0446CC
:109B9000FFF7BDFC002882D1FAF7E2FE001B0A287D
:109BA000F6D955E6FAF7DCFE401B0A28CFD94FE676
:109BB000FAF7D6FE0446FFF7AAFC30B94FF0B042E0
:109BC000164BD1680B40D36069E7FAF7C9FE001B5A
:109BD0000A28F0D93CE6012B3FF4E1AD4FF0B04349
:109BE000D868236B00F003029A427FF4D8AD626B11
:109BF00000F0700393427FF4D2ADA26B00F4FE43F9
:109C0000B3EB022F7FF4CBAD636C00F06040C01A61
:109C100018BF0120AEE500BF8C80C111FCFFFEEE35
:109C20002DE9F0410D46044610B90120BDE8F08150
:109C3000754E336803F007038B4216D323689807E9
:109C400027D54FF0B047A268BB6823F0F003134359
:109C5000BB60FAF785FE0646BB68D90319D4FAF74C
:109C60007FFE831B022BF7D911E0336823F0070333
:109C70000B433360FAF774FE0746336803F00703BB
:109C8000AB42DBD0FAF76CFEC01B0228F5D90320EB
:109C9000CCE723689A0616D54FF0B0476269D7F82B
:109CA000083123F0F0031343C7F80831FAF758FEE0
:109CB0000646D7F808319B0305D4FAF751FE831BFB
:109CC000022BF6D9E3E72368580617D54FF0B047C3
:109CD000A269D7F8083123F00F0343EA1213C7F83B
:109CE0000831FAF73DFE0646D7F80831D90305D406
:109CF000FAF736FE831B022BF6D9C8E723685A070A
:109D000013D54FF0B047E268BB6823F4E063134318
:109D1000BB60FAF725FE0646BB689B0305D4FAF73D
:109D20001FFE831B022BF7D9B1E72368180714D550
:109D30004FF0B0472269BB6823F4605343EAC20383
:109D4000BB60FAF70DFE0646BB68590305D4FAF767
:109D500007FE831B022BF7D999E72368DA070FD494
:109D6000294C236803F00703AB4239D8FFF7AEFC58
:109D7000264B1860264BBDE8F0411868FDF726BD5C
:109D80006268022A1DD1FFF7ADFB00283FF44DAFFA
:109D90004FF0B04641F28838B36823F00303134311
:109DA000B360FAF7DDFD0746B368626803F00C03A1
:109DB000B3EB820FD4D0FAF7D3FDC01B4045F3D9E3
:109DC00065E7032A02D1FFF7A2FBDEE712B9FFF72E
:109DD0008FFBDAE74FF0B0431B685B05D8D424E76C
:109DE000236823F007032B432360FAF7B9FD0646E7
:109DF000236803F00703AB42B8D0FAF7B1FD801B2C
:109E00000228F5D943E700BF00400058A4AF002066
:109E1000ACAF002008B5FFF759FC4FF0B043044A3F
:109E20009B68C3F3022352F82330D84008BD00BF1B
:109E30009894010808B5FFF749FC4FF0B043044A75
:109E40009B68C3F3C22352F82330D84008BD00BF3B
:109E5000989401084FF0B043D3F89000C0F340004D
:109E600070474FF0B0410209D1F8883002F47F22E8
:109E7000000123EA020300F47F200343C1F8883085
:109E800070474FF0B041020CD1F88830120423EA39
:109E9000020343EA0040C1F8880070470368DA0310
:109EA00070B5044639D5FFF7A9FAFAF759FD614EA6
:109EB00005463368DB0532D54FF0B043616BD3F80C
:109EC000902002F4407291421DD0D3F89010D3F844
:109ED000902042F48032C3F89020D3F8902021F4EF
:109EE000407022F480328D07C3F89020C3F89000B0
:109EF00009D5FAF735FD41F288360546FFF7AAFF86
:109F0000012840F090804FF0B042616BD2F8903061
:109F100023F440730B43C2F89030002605E0FAF7B3
:109F20001FFD401B0228C4D903262568E8070AD56F
:109F30004FF0B0416268D1F8883023EA124392B200
:109F40001343C1F88830A9070AD54FF0B041A26881
:109F5000D1F8883023EA124392B21343C1F8883013
:109F6000AA0609D54FF0B0422169D2F8883023F40F
:109F700040630B43C2F88830AB0502D5206AFFF777
:109F800080FF680502D5606AFFF77BFF290502D5CF
:109F9000A06AFFF776FF6A0602D56069FFF761FFE6
:109FA0002B0602D5A069FFF75CFFE80502D5E06942
:109FB000FFF757FFE90610D54FF0B042E168D2F83D
:109FC000883023F440730B43C2F88830B1F5807FAA
:109FD00002BFD36843F08073D3602A040ED54FF0DC
:109FE000B042216BD2F8883023F040430B43C2F8D3
:109FF000883019B9D36843F08073D3606B0410D5EF
:10A000004FF0B042E16AD2F8883023F040530B435E
:10A01000B1F1005FC2F8883003D1D36843F48033D4
:10A02000D360304670BDFAF79BFC401BB0427FF610
:10A0300065AF79E70004005830B590F82C30012B5B
:10A0400002464FF0020022D0174B82F82D00CA249E
:10A05000012582F82C505C6253245C62B1F5807F4C
:10A06000146B996914D121F488519961596C24F0C9
:10A07000010421F0004159641463DD650A4BFF219E
:10A0800059620020012382F82D3082F82C0030BD67
:10A0900021F408519961D96C24F0020421F00041A7
:10A0A000D9641463D865E9E70028004070B50B4E09
:10A0B000036B756D1D40EA07044603D50123F36564
:10A0C000FAF743FEAB0704D50223F365204600F000
:10A0D000C9F9012384F82D3070BD00BF002800406D
:10A0E00038B50A4CE36823F02003E360FAF738FC44
:10A0F0000546E3689B0601D5002038BDFAF730FC21
:10A10000401BB0F57A7FF4D90320F6E70028004021
:10A11000F8B5114DEC6814F0400406461AD1EB680E
:10A1200043F08003EB60FAF71BFC23460746EC681C
:10A1300014F0400401D1032B01D11846F8BDFAF701
:10A140000FFCC01BB0F57A7F234684BF032386F83B
:10A150002D30ECE70023F0E70028004038B50F4C25
:10A16000E36823F08003E360A3699B06054606D4F9
:10A17000FFF7B6FF10B1032085F82D0038BDA369A5
:10A1800023F02003A361FFF7ABFF10B1032085F894
:10A190002D00A36943F02003A361EFE700280040EE
:10A1A00038B5044600284BD090F82D3003F0FF025C
:10A1B0001BB980F82C20FAF737FA0223214D84F8D6
:10A1C0002D30EB68DB0636D4CA236B6253236B62F7
:10A1D0002046FFF79DFF10B1FF236B6238BDAB69CE
:10A1E00023F08E6323F04003AB6121696368AA69A1
:10A1F0000B431343A2691343AB61D4E9022343EA3F
:10A2000002432B61D4E90931EA680B4322F4F85286
:10A210001343EB602046FFF7A1FF0028DCD1D4E90F
:10A220000713AA690B4322F0604213436269134388
:10A23000AB61FF236B62012384F82D300020CDE752
:10A240000120CBE7002800400023092803D840EA7A
:10A250000310C0B270470A380133C0B2F5E70000FE
:10A260002DE9F04790F82C30012B05464FF0020005
:10A2700069D0012385F82C304E4B85F82D00DE681F
:10A2800006F44076B6F5807F78D04C69087891F86E
:10A29000019091F802A091F82470002A55D19B6991
:10A2A00013F0400308BFCB70FFF7CEFF804648464F
:10A2B000FFF7CAFF02465046FFF7C6FF8146384601
:10A2C000FFF7C2FF0B6ACF78234343EA875343EA81
:10A2D000090343EA084343EA022343EA0063354A99
:10A2E000CA205062532050628C6A8869B4F5807F1E
:10A2F000946945D124F4885494610124D465B6F559
:10A30000807F09BFCB6913640343536418BF506453
:10A31000284B4A681A672A6B42F001022A639A693D
:10A3200042F488529A61244AD2F8803043F40033D0
:10A33000C2F880301F4BFF225A620020012385F8AB
:10A340002D3085F82C00BDE8F087B4F1803F07D0B0
:10A35000B4F5000F04D09B6913F0400308BFCB7025
:10A360000B6ACA781C4344EA0A0444EA004343EAFD
:10A37000092343EA825343EA0763B0E70023AEE7C9
:10A3800024F4085494610224D465B6F5807F09BF93
:10A39000CB6993640343D36418BFD064054B4A6808
:10A3A0005A672A6B42F002022A639A6942F4085201
:10A3B000B8E700BF002800400008005890F82C20A3
:10A3C000012A03464FF0020012D00A4A83F82D00FA
:10A3D000CA21516253215162916941F0200191617A
:10A3E000FF2151620020012283F82D2083F82C00E8
:10A3F000704700BF0028004090F82C20012A034637
:10A400004FF0020019D00D4A83F82D00CA21516285
:10A410005321516291690A4841F080019161D0F85D
:10A42000801041F48021C0F88010FF21516200208B
:10A43000012283F82D2083F82C007047002800406B
:10A4400000080058064B5A6D520610B5044603D555
:10A450004022DA65FAF77CFC012384F82D3010BD28
:10A46000002800407047890001F1804101F5314129
:10A470000A607047890001F1804101F531410868A7
:10A4800070470000034AD2F8903043F40043C2F80A
:10A490009030704700040058034AD2F8903023F4FB
:10A4A0000043C2F89030704700040058074B1A6808
:10A4B00022F040021A6040F441704FF4B852186024
:10A4C0005A601A6842F040021A6070470000015852
:10A4D00037B5054600284ED0837903F0FF046BB1F1
:10A4E000032C0BD0254B4FF400629A612868FFF7CC
:10A4F000DDFF002401232B71AC602FE000236B7182
:10A500002846FAF747F91E4AD2F8903043F48053B0
:10A51000C2F89030002CE5D102234FF0B042AB716D
:10A52000D2F8943023F40043C2F89430154B1B68E2
:10A530001C214B43DB0C64214B430193019B93B9DA
:10A540000124AC60FFF79EFF0C4B9A6842F4006256
:10A550009A604FF400629A61002CC7D00123AB715E
:10A56000204603B030BD019B013B0193D2F89430EB
:10A570005B04E3D4E6E70124F2E700BF00040058DF
:10A5800000080058A4AF002037B5174D2B680246CD
:10A590001C204343DB0C6420434314480193019B7C
:10A5A00093B901209060114C21732B681C214B43FF
:10A5B000DB0C64214B430193019B6BB9012090603C
:10A5C0000A4BDB6803B030BD019B013B01938368FC
:10A5D0009C07E4D50020E6E7019B013B0193A368BB
:10A5E000DB07E9D5ECE700BFA4AF0020000001586D
:10A5F00037B5184D2B6802461C204343DB0C642002
:10A60000434315480193019BA3B901209060124C6C
:10A61000FF2323732B681C256B43DB0C64256B43E2
:10A620000193019B73B9012090600B4BDB680B70A9
:10A6300003B030BD019B013B019383689C07E2D5C9
:10A640000020E4E7019B013B0193A368DB07E8D509
:10A65000EBE700BFA4AF0020000001580E4B0F49EC
:10A660001B681822534382B01B0D6422534301938D
:10A670004B69019AC3F3800322B90223836001204E
:10A6800002B07047019A013A01924A69920701D5D6
:10A69000002BEDD10020F3E7A4AF00200004005808
:10A6A00007B50379012B0FD10A4B1B6818225343BE
:10A6B0001B0C0193FFF7F0FE019B013B0193019BF3
:10A6C000002BF9D1FFF7DEFE03B05DF804EBFFF7D6
:10A6D000C5BF00BFA4AF0020F8B51E468379012B8B
:10A6E000154604460F46DAB22DD14379012B2AD004
:10A6F000022342718371FFF7D3FF0D212046FFF73C
:10A70000CBFEFFF741FF390A2046FFF73DFFF9B2C4
:10A710002046FFF739FF2E44B5420ED12046FFF701
:10A72000B1FEFFF79BFFA06801230038A3714FF033
:10A73000000318BF01206371F8BD15F8011B204606
:10A74000FFF722FFE8E70220F6E7F8B51E46837917
:10A75000012B154604460F46DAB22FD14379012B5F
:10A760002CD04271FFF79CFF1D212046FFF794FE7D
:10A77000FFF70AFF390A2046FFF706FFF9B2204625
:10A78000FFF702FF00212046FFF7FEFE2E44B542F0
:10A790000ED12046FFF776FEFFF760FFA068012389
:10A7A0000038A3714FF0000318BF01206371F8BD9A
:10A7B00029462046FFF71CFF0135E8E70220F6E7AF
:10A7C000F8B51F468379012B154604460E46DAB2CA
:10A7D0002CD14379012B29D04271FFF761FF06F09C
:10A7E000EF03A3F1840253425341237131462046C3
:10A7F000FFF752FEFFF7C8FE2F44AF4210D1FFF71C
:10A8000041FE842E02D02046FFF728FFA0680123D6
:10A810000038A3714FF0000318BF01206371F8BD29
:10A8200015F8011B2046FFF7AFFEE6E70220F6E72A
:10A83000F8B51E468379012B154604460F46DAB259
:10A8400027D14379012B24D04271FFF729FF3946E4
:10A850002046FFF721FEFFF797FE00212046FFF775
:10A8600093FE2E44B5420ED12046FFF70BFEFFF7B4
:10A87000F5FEA06801230038A3714FF0000318BF54
:10A8800001206371F8BD29462046FFF7B1FE01356E
:10A89000E8E70220F6E737B50023ADF8043001AA57
:10A8A000022312210546FFF7C3FFBDF8044002232F
:10A8B00064BA1946A4B201AA2846FFF781FFE3074C
:10A8C00002D5284609F0FAFB04F04203022B02D11C
:10A8D000284609F0F9FB600702D5284609F01EFC5E
:10A8E000210702D5284609F01FFCE20602D52846BA
:10A8F00009F020FCA30602D5284609F009FC6006F1
:10A9000002D5284609F0E6FB210606D514F480712D
:10A9100018BF0121284609F0E3FBA20502D528460D
:10A9200009F0EEFB630402D5284609F009FC03B0E8
:10A9300030BDF8B51E468379012B154604460F46F7
:10A94000DAB227D14379012B24D04271FFF7A8FE58
:10A950000E212046FFF7A0FDFFF716FE39462046E0
:10A96000FFF712FE2E44B5420ED12046FFF78AFDB6
:10A97000FFF774FEA06801230038A3714FF00003B5
:10A9800018BF01206371F8BD15F8011B2046FFF7C1
:10A99000FBFDE8E70220F6E7F8B51E468379012BB8
:10A9A000154604460F46DAB22BD14379012B28D045
:10A9B0004271FFF775FE1E212046FFF76DFDFFF780
:10A9C000E3FD39462046FFF7DFFD00212046FFF773
:10A9D000DBFD2E44B5420ED12046FFF753FDFFF7B5
:10A9E0003DFEA06801230038A3714FF0000318BF9B
:10A9F00001206371F8BD29462046FFF7F9FD0135B6
:10AA0000E8E70220F6E7000090F83D30012B1BD16B
:10AA1000022380F83D300368DA6842F00102DA6010
:10AA20000A4A934202D0B3F1804F07D19968084A8D
:10AA30000A40062A06D0B2F5803F03D01A6842F0D9
:10AA400001021A600020704701207047002C01406D
:10AA5000070001000368DA6822F00102DA60196A6F
:10AA600041F21112114208D1196A40F244421142D6
:10AA700002BF1A6822F001021A60012380F83D30FB
:10AA8000002070477047704770477047036870B583
:10AA9000DD681E69B20704460DD5A9070BD56FF016
:10AAA00002021A61012202779B699A0774D0FFF7AC
:10AAB000EAFF00232377730710D568070ED52368B4
:10AAC0006FF004021A61022222779B6913F4407F1F
:10AAD000204667D0FFF7D7FF0023237731070FD534
:10AAE0002A070DD523686FF008021A610422227725
:10AAF000DB699B0720465BD0FFF7C5FF0023237768
:10AB0000F00610D5E9060ED523686FF010021A6121
:10AB100008222277DB6913F4407F20464ED0FFF7EE
:10AB2000B2FF00232377F20708D5EB0706D5236889
:10AB30006FF001021A612046F6F7BAFD300608D51B
:10AB4000290606D523686FF080021A61204600F0BE
:10AB5000B0F8F20508D52B0606D523686FF480728D
:10AB60001A61204600F0A6F8700608D5690606D5D9
:10AB700023686FF040021A612046FFF786FFB20695
:10AB800022D5AB0620D523686FF0200220461A613B
:10AB9000BDE8704000F08CB8FFF774FF2046FFF767
:10ABA00073FF86E7FFF76EFF2046FFF76DFF93E721
:10ABB000FFF768FF2046FFF767FF9FE7FFF762FF99
:10ABC0002046FFF761FFACE770BD00001E4A036836
:10ABD000904210B502D0B0F1804F09D14C6823F0FB
:10ABE0007003904243EA040309D0B0F1804F06D0CD
:10ABF000164A904203D002F58062904203D1CA689F
:10AC000023F4407313434A6923F080031343036022
:10AC10008B68C3620B6883620B4B984207D003F5C5
:10AC2000C053984203D003F58063984201D10B6969
:10AC30000363012343610369DB0742BF036923F018
:10AC40000103036110BD00BF002C0140004401401E
:10AC500010B5044650B390F83D3003F0FF021BB925
:10AC600080F83C20F9F752FF0223206884F83D3039
:10AC7000211DFFF7ABFF012384F84830002084F842
:10AC80003E3084F83F3084F8403084F8413084F816
:10AC9000423084F8433084F8443084F8453084F8F6
:10ACA000463084F8473084F83D3010BD0120FCE781
:10ACB000704770477047026852E8003F23F0C003B6
:10ACC00042E8003102680029F5D102F1080353E897
:10ACD000003F23F4000302F1080C4CE80031002986
:10ACE000F3D12023C0F888307047000010B5026807
:10ACF00052E8003F23F4907342E8003102680029D3
:10AD0000F5D10F4C02F1080353E8003F234002F154
:10AD1000080C4CE800310029F4D1C36E012B07D197
:10AD200052E8003F23F0100342E800310029F7D138
:10AD30002023C0F88C300023C366436710BD00BFDA
:10AD4000FEFFFFEFF8B504461346D4F88850202DD7
:10AD500032D1F1B1EAB1E06FA4F85620A4F8542042
:10AD600000262122C4F890602165C4F8882022685A
:10AD700088B1124FC762124F0763124F2832C0E9E1
:10AD80000D76FDF78DFB30B11023C4F89030C4F878
:10AD900088500120F8BD236840221A62226802F11F
:10ADA000080353E8003F43F0800302F1080141E843
:10ADB00000300028F3D1EDE70220EBE7C9AD000831
:10ADC00011AE00081DAE000808B50346806A1B6876
:10ADD0001B6813F0200317D1A0F85630026802F167
:10ADE000080353E8003F23F08003083242E80031B3
:10ADF00002680029F2D152E8003F43F0400342E8E4
:10AE000000310029F7D108BDFAF7E2F8FBE77047F7
:10AE100008B5806AFFF7FBFF08BD7047806A38B548
:10AE20000468D0F88830D0F88C50A268120606D595
:10AE3000212B04D10023A0F85630FFF73CFFA36874
:10AE40005B0606D5222D04D10023A0F85E30FFF763
:10AE50004DFFD0F8903043F01003C0F89030FFF76A
:10AE6000DCFF38BD08B5806A0023A0F85E30A0F88A
:10AE70005630FFF7D2FF08BD704700000368D9695C
:10AE80001A682DE9F04140F60F0631429D680446EC
:10AE900010D18E0640F1978002F0200605F0805711
:10AEA0003E4300F09080436F002B00F08580BDE8AA
:10AEB000F0411847AB4EAC482E401040304300F0F4
:10AEC0008280CF0709D5D00507D501201862D4F8B4
:10AED000900040F00100C4F890008F0709D5E80702
:10AEE00007D502201862D4F8900040F00400C4F89E
:10AEF00090004F0709D5E80707D504201862D4F859
:10AF0000900040F00200C4F890000F070BD502F04B
:10AF10002000304307D008201862D4F8900040F099
:10AF20000800C4F890000E050AD5500108D54FF46A
:10AF300000601862D4F8903043F02003C4F89030D9
:10AF4000D4F89030002B37D08B0609D502F02002C0
:10AF500005F080552A4303D0636F0BB12046984714
:10AF60002668D4F89020B36802F0280203F040036A
:10AF700053EA0205204621D0FFF7B8FEB3685F060A
:10AF800017D5226802F1080353E8003F23F040037D
:10AF9000083242E800310029F3D1D4F8800040B1F2
:10AFA000724B8363FDF7F5FA30B1D4F88000836B00
:10AFB0007DE72046FFF731FFBDE8F081FFF72DFF69
:10AFC000C4F89050F8E7E06E012840F08980CE0682
:10AFD00040F18680D00640F1838010221A629A6880
:10AFE00051064BD5D4F8802011684A6892B2002AE5
:10AFF000E2D0B4F85C009042DED9A4F85E200A6882
:10B0000092062FD453E8002F22F4807243E80021E7
:10B010000029F7D103F1080252E8002F22F00102C3
:10B0200003F1080040E800210029F3D103F10802F0
:10B0300052E8002F22F0400203F1080040E800210E
:10B040000029F3D12022C4F88C20E16653E8002FB8
:10B0500022F0100243E800210029F7D1D4F8800043
:10B06000FDF762FA02232367B4F85E30B4F85C108F
:10B07000C91A89B22046FFF7FFFE9DE7B4F85E20AB
:10B08000B4F85E00B4F85C1080B292B2002893D09D
:10B09000891A89B200298FD053E8002F22F49072C8
:10B0A00043E800200028F7D1314D03F1080252E8AF
:10B0B000002F2A4003F1080646E800200028F4D1BA
:10B0C0002022C4F88C206067E06653E8002F22F04D
:10B0D000100243E800200028F7D102232367C9E7C4
:10B0E000CF0209D56E0207D54FF4801220461A62AE
:10B0F000BDE8F04100F0A4BD08060BD502F08000C9
:10B1000005F40005284305D0A36F002B3FF454AF8E
:10B110002046CCE64F0611D556060FD553E8002F32
:10B1200022F0400243E800210029F7D12023C4F88F
:10B130008830A1672046F9F74BFF3DE70D0206D5A1
:10B14000500004D52046BDE8F04100F07BBDCB01A6
:10B150007FF532AF002ABFF62FAF2046BDE8F041A1
:10B1600000F06FBD010000102001000465AE000872
:10B17000FEFFFFEFD0F88C20B0F86010222A08B54F
:10B18000036855D15B6A826D0B401370836D013388
:10B190008365B0F85E30013B9BB2A0F85E30B0F83A
:10B1A0005E309BB2002B42D1026852E8003F23F48C
:10B1B000907342E8003103680029F5D103F10802D9
:10B1C00052E8002F22F0010203F1080C4CE80021A4
:10B1D0000029F3D12022C0F88C20184A41679342FD
:10B1E000016705D1C26E012A0ED0F9F7FFFE1EE0FD
:10B1F0005A681102F6D553E8002F22F0806243E826
:10B2000000210029F7D1EDE70022C26653E8002FA4
:10B2100022F0100243E800210029F7D1DA69B0F8E2
:10B220005C10D20644BF10221A62FFF725FE08BD4B
:10B230009A6942F008029A61F9E700BF0080004075
:10B24000D0F88C20B0F86010222A08B5036852D1DB
:10B250005A6A1140826D22F8021B8265B0F85E20A6
:10B26000013A92B2A0F85E20B0F85E2092B2002AB5
:10B2700040D153E8002F22F4907243E800210029C6
:10B28000F7D103F1080252E8002F22F0010203F186
:10B29000080C4CE800210029F3D12022C0F88C20B2
:10B2A000174A41679342016705D1C26E012A0ED049
:10B2B000F9F79CFE1EE05A681102F6D553E8002FFC
:10B2C00022F0806243E800210029F7D1EDE7002257
:10B2D000C26653E8002F22F0100243E80021002943
:10B2E000F7D1DA69B0F85C10D20644BF10221A62B6
:10B2F000FFF7C2FD08BD9A6942F008029A61F9E7BA
:10B30000008000402DE9F84F0368B0F86060D3F882
:10B310001CB01F689D68D0F88C20222A044640F09B
:10B32000B980B0F8683043B1DFF87491DFF874A1E8
:10B330004FF000081BF0200F20D1B4F85E309BB214
:10B34000D3B1B4F868209A4216D9226802F10803F2
:10B3500053E8003F23F08053083242E8003122686E
:10B360000029F2D1504B636752E8003F43F02003BD
:10B3700042E800310029F7D1BDE8F88F2368A26DBB
:10B380005B6A33401370A36D0133A365B4F85E307C
:10B39000013B9BB2A4F85E302368D3F81CB01BF0CD
:10B3A000070F2ED01BF0010F09D0F90507D5012298
:10B3B0001A62D4F8902042F00102C4F890201BF0E9
:10B3C000020F09D0EA0707D502221A62D4F89020AA
:10B3D00042F00402C4F890201BF0040F09D0E807E3
:10B3E00007D504221A62D4F8903043F00203C4F85F
:10B3F0009030D4F8903023B12046FFF70EFDC4F80A
:10B400009080B4F85E309BB2002B93D1226852E852
:10B41000003F23F4807342E8003123680029F5D10E
:10B4200003F1080252E8002F02EA090203F10800C2
:10B4300040E800210029F3D120225345C4F88C2094
:10B44000616721670AD05A68110207D553E8002FB7
:10B4500022F0806243E800210029F7D1E26E012A40
:10B4600014D10022E26653E8002F22F0100243E8D4
:10B4700000210029F7D1DA69B4F85C10D20644BF84
:10B4800010221A622046FFF7F7FC53E72046F9F72F
:10B49000ADFD4FE79A6942F008029A616CE700BF80
:10B4A000FEFFFFEF0080004075B100082DE9F84F66
:10B4B0000368B0F86060D3F81CB01F689D68D0F8CE
:10B4C0008C20222A044640F0B780B0F8683043B19F
:10B4D000DFF87091DFF870A14FF000081BF0200F2B
:10B4E00020D1B4F85E309BB2D3B1B4F868209A4250
:10B4F00016D9226802F1080353E8003F23F0805375
:10B50000083242E8003122680029F2D14F4B6367CC
:10B5100052E8003F43F0200342E800310029F7D110
:10B52000BDE8F88F2368A26D596A314022F8021BEA
:10B53000A265B4F85E20013A92B2A4F85E20D3F876
:10B540001CB01BF0070F2ED01BF0010F09D0F9051E
:10B5500007D501221A62D4F8902042F00102C4F803
:10B5600090201BF0020F09D0EA0707D502221A62C9
:10B57000D4F8902042F00402C4F890201BF0040F8D
:10B5800009D0E80707D504221A62D4F8903043F0B6
:10B590000203C4F89030D4F8903023B12046FFF76E
:10B5A0003CFCC4F89080B4F85E309BB2002B95D17F
:10B5B000226852E8003F23F4807342E80031236898
:10B5C0000029F5D103F1080252E8002F02EA09022E
:10B5D00003F1080040E800210029F3D1202253455F
:10B5E000C4F88C20616721670AD05A68110207D518
:10B5F00053E8002F22F0806243E800210029F7D1B0
:10B60000E26E012A14D10022E26653E8002F22F0F4
:10B61000100243E800210029F7D1DA69B4F85C1080
:10B62000D20644BF10221A622046FFF725FC55E7D8
:10B630002046F9F7DBFC51E79A6942F008029A616B
:10B640006EE700BFFEFFFFEF0080004041B2000840
:10B6500038B5044603682169A2681D68C0690A43B9
:10B6600061690A437749024329400A431A605A68CC
:10B67000E16822F440520A435A60734AA169934236
:10B680001CBF226A11439A6822F06E4222F4306293
:10B690000A439A60DA6A616A22F00F020A43DA62A8
:10B6A0006A4A934219D14FF0B043694AD3F88830BF
:10B6B00003F0030343F44033934200F0B480B3F14A
:10B6C000031F24D0013A934240F0B580B0F5004FFB
:10B6D00040F08F80FDF78CFF6EE05E4A93421CD1F4
:10B6E0004FF0B0435C49D3F8883003F00C0343F4C7
:10B6F00040228A4200F0978006D8002B7CD0574B1E
:10B700009A42E3D0012026E0B2F10C1FFAD1B0F545
:10B71000004F53D04FF4004075E04B4A9342F1D1B3
:10B720004FF0B043D3F8883003F44063B3F5006FB3
:10B7300018D006D85BB1B3F5806FE3D1FDF758FFA1
:10B7400007E0B3F5406FDDD14FF400400BE0FEF7AA
:10B7500061FB40B900204FF00113A3660023C4E948
:10B760001D3338BD3E4865683E4B626A05EB4501B6
:10B7700033F81220B0FBF2F39942C3D8B3EB053F84
:10B78000C0D800231946F5F767FD090241EA1061A8
:10B790006B080002C0182A464FF0000341F1000177
:10B7A000F5F75AFD304BA0F540729A42AAD82368AB
:10B7B000D860CFE7FEF72EFB0028CBD06168294B7D
:10B7C000626A33F81220B0FBF2F24B0803EB42033B
:10B7D0004FF6EF72B3FBF1F3A3F11001914291D850
:10B7E00023F00F02216892B2C3F342031343CB60EC
:10B7F000B0E7FDF7FDFE04E0B0F5004FDAD0FEF74C
:10B8000009FB0028A6D06368616A164A32F8112045
:10B81000B0FBF2F000EB5300B0FBF3F04FF6EF7328
:10B82000A0F11002C1E7B0F5004F0D48EBD1C5E71C
:10B83000FEF700FBC0E7B0F5004FF9D0FEF7FAFACB
:10B84000DFE700BFF369FFCF008000400038014010
:10B85000020003000044004008000C0004000C003B
:10B860000024F400F8940108FFFC0F00836A1A0713
:10B8700010B506D50168846B4A6822F40042224361
:10B880004A60DC0706D50168C46A4A6822F40032BF
:10B8900022434A60990706D50168046B4A6822F47E
:10B8A000803222434A605A0706D50168446B4A68D1
:10B8B00022F4802222434A60DC0606D50168C46B6C
:10B8C0008A6822F4805222438A60990606D501686C
:10B8D000046C8A6822F4005222438A605A060FD50B
:10B8E0000168446C4A6822F480122243B4F5801F38
:10B8F0004A6005D14A68846C22F4C00222434A603F
:10B900001B0606D50268C16C536823F400230B4361
:10B91000536010BD2DE9F843DDF8209005460E4632
:10B92000174698462A68D36936EA03030CBF0123F9
:10B930000023BB4201D0002029E0B9F1FF3FF2D043
:10B94000F9F70EF8A0EB080048452C6802D8B9F1C9
:10B95000000F1ED154E8003F23F4D07344E80032B6
:10B96000002AF7D104F1080353E8003F23F0010354
:10B9700004F1080141E80032002AF3D12023C5F880
:10B980008830C5F88C30002385F884300320BDE86A
:10B99000F88323685A07C5D5802EC3D0402EC1D066
:10B9A000E3691B05BED54FF40063236254E8003FF2
:10B9B00023F4D07344E80032002AF7D104F10803DD
:10B9C00053E8003F23F0010304F1080141E800328D
:10B9D000002AF3D12023C5F88830C5F88C30C5F88B
:10B9E0009030D0E773B504460026C0F89060F8F7B1
:10B9F000B7FF23681B681A07054619D423681B681C
:10BA00005B070AD56FF07E43009300222B464FF46C
:10BA100080012046FFF77EFFB0B900202023C4F844
:10BA2000883084F88400C4F88C30E06620670CE02D
:10BA30006FF07E430093324603464FF400112046D8
:10BA4000FFF768FF0028D9D0032002B070BD10B501
:10BA5000044650B3D0F888301BB980F88430F9F729
:10BA6000B9F922682423C4F88830136823F001034D
:10BA70001360A36A13B12046FFF7F8FE2046FFF7D4
:10BA8000E7FD012811D023685A6822F490425A60D9
:10BA90009A6822F02A029A601A6842F0010220464F
:10BAA0001A60BDE81040FFF79DBF012010BD0000E7
:10BAB00030B581658168A0F85C200023B1F5805F16
:10BAC000A0F85E20436735D10369002B40F2FF13D5
:10BAD00018BFFF23A0F860300023C0F89030222365
:10BAE000C0F88C30016801F1080353E8003F43F0CF
:10BAF0000103083141E800340368002CF2D1456E9F
:10BB000084680169B5F1005F32D1B0F868509542A0
:10BB10002ED8B4F5805F244A03D1244C002908BFF5
:10BB200022464267B1B153E8002F42F4807243E8E5
:10BB30000021F7E729B90369002B14BF7F23FF23F6
:10BB4000C8E7B1F1805FC5D10369002B14BF3F2363
:10BB50007F23BFE703F1080252E8002F42F0805232
:10BB600003F1080040E800210029F3D1002030BD96
:10BB7000B4F5805F0E4A03D10E4C002908BF22465F
:10BB8000426741B153E8002F42F4907243E800212C
:10BB90000029F7D1EAE753E8002F42F0200243E8FA
:10BBA00000210029F7D1E1E705B30008ADB4000892
:10BBB00075B1000841B20008D0F88C30202B30B4A9
:10BBC00015D1B9B1B2B100230468C3660A4B9C42D7
:10BBD0000AD063681B0207D554E8003F43F0806336
:10BBE00044E80035002DF7D130BCFFF761BF0220DB
:10BBF00030BC70470120FBE700800040436E30B549
:10BC00002BB90123A0F86A30A0F8683030BD036872
:10BC1000094D9A689968094C490FC2F342626B5CFE
:10BC2000615CDB00B3FBF1F3A0F86A30AB5CA25CB3
:10BC3000DB00B3FBF2F3E7E7189501081095010864
:10BC40007047704770471FB504AB03E9060090F8D2
:10BC50008430012B04463AD0012380F88430242319
:10BC6000C0F8883003681A6822F001021A609A68E6
:10BC700022F440120A439A6071B95A68BDF80C0068
:10BC80009DF80E1022F0100202435A605A6822F00A
:10BC90007F4242EA01625A601A6842F001021A6069
:10BCA000F8F75EFE6FF07E42034600924FF480018B
:10BCB00000222046FFF72EFE38B92023C4F8883032
:10BCC000002384F8843004B010BD0320F8E702207C
:10BCD000F9E790F88430012B0FD0012380F88430ED
:10BCE000016851E8002F42F0020241E80023002BD6
:10BCF000F6D180F88430184670470220704710B59E
:10BD000090F88430012B044617D02423C0F88830E3
:10BD100003681A68196821F00101196042F00052A5
:10BD20004FF0005141661A60FFF768FF2023C0F80A
:10BD30008830002084F8840010BD0220FCE770B534
:10BD400090F88430012B044617D005682423C0F8EE
:10BD500088302E682B6823F001032B60AB6823F03A
:10BD600060431943A960FFF749FF20232E60C0F804
:10BD70008830002084F8840070BD0220FCE770B594
:10BD800090F88430012B044617D005682423C0F8AE
:10BD900088302E682B6823F001032B60AB6823F0FA
:10BDA00060631943A960FFF729FF20232E60C0F8C4
:10BDB0008830002084F8840070BD0220FCE7000079
:10BDC00038B5084D052455F8043B2BB9013C14F057
:10BDD000FF04F8D1204638BDDB6898470028F5D02D
:10BDE000F9E700BF2CD50020034BD870034B1B682C
:10BDF0001B6C03B11847704714D5002010D50020E4
:10BE0000034B1874034B1B685B6C03B118477047F6
:10BE100014D5002010D50020F0B5314D314B95F9E7
:10BE20000420314E91B00C46012795F905108DF88C
:10BE3000047002288DF809208DF80A1010D18DF8B1
:10BE40000800D8711C7202F091FD337803B114B16F
:10BE500001A803F0F3F9254B059A1A6011B0F0BD63
:10BE600059714FF480711A71D9801C7233788DF832
:10BE7000087053BB1F2306A88DF81C208DF81830BE
:10BE800002F052FF20238DF8183006A82B798DF888
:10BE90001C3002F049FF22238DF8183006A86B7978
:10BEA0008DF81C3002F040FF21238DF8183006A8D1
:10BEB0006B798DF81C3002F037FF29238DF818308C
:10BEC00006A80B4B079302F02FFF02F04FFD012352
:10BED00006A88DF818308DF81C3002F025FFB4E765
:10BEE00014D50020E0AF0020F0D30020E4D40020DF
:10BEF000000400017FB5092301A88DF8043003F088
:10BF00009DF90038044B059A1A6018BF0120404281
:10BF100007B05DF804FB00BFE4D4002070B5044610
:10BF20000B46144962784A700020A2780A720870A1
:10BF30001A884A729A788A72DB780B746368CB60CD
:10BF40000D4B1B68DA6A2AB1237803F0FB030A2B36
:10BF500000D09047094E002556F8043B1BB15B6AA0
:10BF60000BB1204698470135EBB2052B6DB2F3D1EA
:10BF700070BD00BFB0AF002010D500202CD5002030
:10BF800070B5044611480123037063784370A378A9
:10BF90008372E368C360E378037623694376237989
:10BFA00043720B4B1B689B6A03B19847094E0025EF
:10BFB00056F8043B1BB19B690BB1204698470135ED
:10BFC000EBB2052B6DB2F3D170BD00BFC4AF002042
:10BFD00010D500202CD50020014B1868704700BFF9
:10BFE000E4D4002000B58BB0012368468DF8003002
:10BFF00002F074FD38B99DF80400003818BF012024
:10C000000BB05DF804FB0020FAE7000008B501F072
:10C010005BFE40B9FFF7E6FF012806D0054B197A11
:10C02000D879FFF7F9FE012008BDBDE80840FFF709
:10C03000C7BE00BFE0AF00202DE9F04186B0054645
:10C040000E46174601F040FE002873D101F054FE61
:10C05000044640B9FFF7C6FF01280AD03D4B197AC4
:10C06000D879FFF7D9FE6FF00204204606B0BDE88C
:10C07000F081DFF8E48088F80860003E18BF0126F0
:10C080008DF80460354E687833798DF81230694642
:10C0900002F0C2FC00283FD08DF804400394ADF8B4
:10C0A00010406FF0060495E803002D4B83E8030071
:10C0B000337988F80A30394601A803F0EBF9294BA7
:10C0C000059A1A6011283FD801A353F820F000BF49
:10C0D0003BC1000835C1000849C1000849C100083A
:10C0E00049C1000849C1000849C1000867C00008EB
:10C0F00049C1000849C1000849C100082FC1000812
:10C1000049C1000849C1000835C1000835C100080F
:10C1100035C100084FC100082B788DF808306B78C6
:10C12000ADF810306B6803934FF0FF34BBE76FF04E
:10C1300005049AE76FF0010497E70B4B00221A7091
:10C14000E31D18BF144690E74FF0FF348DE76FF002
:10C1500004048AE7E0AF0020C4AF002014D500201B
:10C16000D4AF0020E4D40020E3D4002037B501F0A0
:10C17000CDFD134D052455F8043B4BB11A693AB176
:10C180009B682BB1984718B155F8043C1B69984738
:10C19000013C14F0FF04EED1FFF712FE68B9094D1F
:10C1A0002B7853B1084BADF80040D9780194224662
:10C1B0006846FFF741FF00B92C7003B030BD00BFE7
:10C1C0002CD50020E3D4002014D5002030B58BB04E
:10C1D000044601F079FD0546002835D1FFF702FF3E
:10C1E000012834D168468DF8005002F077FC40BB3E
:10C1F0009DF80430A34204D0012C22D0022C12D08E
:10C2000014B100200BB030BD002BFAD068468DF879
:10C21000044002F089FDA0B90E4B1B681B6B002B7C
:10C22000EFD09847EDE763B968468DF8044002F017
:10C230007BFD30B9074B1B681B6B002BE1D0204600
:10C24000EFE74FF0FF30DDE76FF00100DAE76FF066
:10C250000200D7E710D5002010B504468AB018B9FF
:10C260004FF0FF300AB010BD002368468DF8003053
:10C2700002F034FC0028F3D19DF804302370F1E77C
:10C280007FB500220B4620498DF8072001220A7055
:10C2900042784A700446002A33D102790A721A8819
:10C2A0004A729A788A72DB780B740369CB60C37820
:10C2B000164D8DF80830037B8DF8093083680393A1
:10C2C0002B68DB6A0BB102A898472B689B6B13B1F4
:10C2D000227E02B198470E4E052556F8043B1BB14D
:10C2E000DB690BB120469847013D15F0FF05F4D1FD
:10C2F0000DF10700FFF7B0FF637913B1054B012281
:10C300001A7004B070BD00BFB0AF002010D500207F
:10C310002CD50020E3D4002010B504468AB018B90B
:10C320004FF0FF300AB010BD202368468DF8003072
:10C3300002F0D4FB0028F3D1024A9DF904302370A7
:10C340001371EFE714D5002000B58BB023230190C3
:10C3500068468DF8003002F0E7FC003818BF012075
:10C3600040420BB05DF804FB70B5694C01468EB0DD
:10C370001822204606F046F8664B00221A70F9F79C
:10C38000E9F923784068012202FA03F1014004D15F
:10C39000614B084607F0FAFFFEE7604960481A461D
:10C3A00002F026F918B14FF0FF300EB070BD272310
:10C3B00004A88DF8103002F0B7FC5A4E5A4D0028F0
:10C3C00079D1012333702B68DB690BB100209847CA
:10C3D000FFF708FE012804D101F08EFC08B102F03D
:10C3E000C5FA272304A88DF8103002F077FB059BCF
:10C3F00093F84820227093F8182193F81A3162704C
:10C40000A370464BD3E9020105F0ECFE0546002877
:10C41000C9D1464E062304A88DF8103002F05EFB09
:10C42000059B736104A802F07FFC022304A88DF829
:10C430001030059602F052FB0836032304A88DF84D
:10C440001030059602F04AFB0F2605F091FF0123FC
:10C4500004A88DF814308DF8106002F065FC1023EC
:10C460000DEB03008DF810308DF8145002F05CFCD9
:10C4700004238DF8103004A8A3788DF8143002F04E
:10C4800053FC3A238DF8103004A86369059302F039
:10C490004BFC02A920788DF8086004F0E9F8003818
:10C4A00018BF0120E0711420FFF74EFFE07903F080
:10C4B000B3F9284679E728238DF810302B681B69DB
:10C4C00043B104A802F00AFB2B6805981B6940F2EF
:10C4D000C4519847272304A88DF8103002F024FC9B
:10C4E00050B9012304A88DF8103002F0F7FA9DF836
:10C4F0001430002B7FF465AF3378002B7FF463AFEB
:10C50000052204A88DF81020059302F00DFC78E7B1
:10C5100014D50020E3D4002020950108E8D40020A1
:10C5200000D50020F0D3002010D5002050D50020E9
:10C5300037B500230D4601930446D0B900F0A8FB9F
:10C540000190019BD3B10F4A42F824300E4A9A62FF
:10C550000E4A1268916B1963916C596392690C4988
:10C56000D9625A6128465B680A49F222984700203E
:10C5700006E001A900F092FB0028E2D04FF0FF3066
:10C5800003B030BD2CD5002019BE000810D5002006
:10C59000F5BE0008F1D30020194B07B51860194B00
:10C5A000194A1A60194A5A60194A9A60194ADA6097
:10C5B000194B02681A6042685A6082689A60C268C1
:10C5C000DA60164A1A6182695A61154BC26B5A6069
:10C5D000144A019119609A601946134ADA600020E2
:10C5E000FFF7A6FF48B901A800F056FB003818BFB6
:10C5F0000120404203B05DF804FB4FF0FF30F9E743
:10C6000010D5002000D5002081BF000881C200089D
:10C61000A5C600081DBF0008E8D4002021060108B7
:10C6200040D50020E9BD000801BE000849B118B19D
:10C63000012804D000207047034B0B60FAE7034B3E
:10C64000FBE74FF0FF3070470004000103000102D8
:10C6500008B503F0FDF8002814BF6FF001000020BA
:10C6600008BD08B502F0AAF9002814BF6FF0010058
:10C67000002008BD10B504468AB018B94FF0FF304D
:10C680000AB010BD212368468DF8003002F026FA6A
:10C690000028F3D1024A9DF9043023705371EFE76B
:10C6A00014D500202DE9F0412F4D304F00232B7081
:10C6B00043786B703B689B6A8AB004460BB128468E
:10C6C0009847DFF8AC80002658F8043B1BB11B6A82
:10C6D0000BB1204698470136F3B2052B76B2F3D161
:10C6E0002378052B2FD00B2B35D0012B25D1214CB6
:10C6F000062368468DF8003002F0F0F90199E079E0
:10C7000005F0B6FD10B91C4B019A5A611B48FFF7A2
:10C7100003FE1B48FFF7AEFF6B788BB9A371194B73
:10C720005878FFF753FD3B685B6A0BB11148984797
:10C730006B7813B9E07905F02DFE0AB0BDE8F08101
:10C74000FF23A371EFE7104B01225A74227A9A74E7
:10C75000627ADA74F1E76378002BEED00AB0BDE8B4
:10C76000F041FFF7C7BB00BFC4AF002010D50020C9
:10C770002CD50020E0AF002050D50020E4AF0020F1
:10C78000E5AF002014D50020B0AF002030B58BB04D
:10C79000FFF767FF0446F0B903F04AFF831C1DD082
:10C7A000F8B9134D2B685B69DBB1272368468DF818
:10C7B000003002F093F92B6801985B694FF4B9617E
:10C7C000984703F047FF78B92CB9094B1B68DB6920
:10C7D0000BB10120984720460BB030BD6FF0070425
:10C7E000EFE74FF0FF34ECE74FF0FF34F3E700BF23
:10C7F00010D50020014B1878704700BF84D5002069
:10C80000014B5878704700BF84D500207047000066
:10C81000044B9A7A0AB101225A70034B5B6903B147
:10C820001847704784D50020ECAF002073B5224C28
:10C830006378002B33D008F053F866680546FFF79D
:10C84000CBFB0644AE4214D2A37A93B1E0228DF81A
:10C8500000208DF80130217AE368019301226846B7
:10C86000FFF7EAFB08B1073010D100236370A37211
:10C87000656094F83430EBB1002384F834300F4B0A
:10C880005B6BBBB102B0BDE87040184740F2DC51B1
:10C890000B4808F0F1F80A4808F0B4F8E8E794F813
:10C8A0003520002AE5D094F8360084F83530FFF7BB
:10C8B0008DFCDEE702B070BD84D50020ECAF002017
:10C8C00068D5002037B5104D104CC8B1C1B16272A7
:10C8D000012300222860E16023700D480D4B009277
:10C8E0004FF0FF3107F0E2FF00250B4825822022A0
:10C8F000294605F09BFD6570A574A58603B030BD83
:10C9000000232B602370EFE780D5002084D5002022
:10C9100068D5002011C8000898D500202DE9F047FF
:10C920008E4C23788CB0002B56D0C2780AB9837B0A
:10C9300013B1238A01332382437B002B4CD0E02A9E
:10C940004AD10023A372876897F80080B8F1220FBC
:10C9500027D8B8F1220F30D8DFE818F04100FB00EB
:10C9600052005A0061006E0075008E009D00B400F8
:10C97000C7002F002F002F002F002F002F002F00A7
:10C980002F002F002F002F002F002F002F002F002F
:10C990002F002F002F002F002F002F00C900D000E4
:10C9A000D400B8F17E0F00F0CC80B8F17F0F00F01A
:10C9B000DF80B8F17D0F00F0AB80A57A002D00F08C
:10C9C0005B81674C637A3BB94FF47A71204608F07B
:10C9D00053F8204608F016F80CB0BDE8F087E3687D
:10C9E00001220021A2721970A37AE1689818A0723E
:10C9F0000620C854A37AE1689818A072CA54DCE7EC
:10CA0000584B9B6A002BD8D0012102209847D4E7CD
:10CA10007B7884F83630012384F83530CDE7042361
:10CA20008DF804307B78003B18BF012301A88DF8F6
:10CA3000083002F079F9C0E77878003818BF012093
:10CA400002F0EAFEB9E7484E0FCE01AD0FC50FCE9A
:10CA50000FC596E8070085E807007B780A2BACD85D
:10CA6000424A12685268002AA7D00CA901EB83033E
:10CA700053F82C0C9047A0E77878431E012B9CD8E4
:10CA80003A4B01381B6818BF012020729B68002BAD
:10CA900093D0984791E7E26801230821A3721170AF
:10CAA000627A057BA17AAA4228BF2A46934284D2A1
:10CAB00085685A1CEB5CE56801334E1CA6726B540A
:10CAC000D3B2EDE7E3680122A27209221A70A37AB9
:10CAD000E268218A581CA072D154A27A238AE168A4
:10CAE0001B0A501CA0728B5467E7238265E705235D
:10CAF0008DF8043001A802F0A1FB5EE7194BDB6A58
:10CB000098475AE7194B78781B686075DB68BEE771
:10CB1000037B072B7FF451AF06238DF80430B7F861
:10CB20000130ADF808307B793A791B0443EA0223DF
:10CB3000FA781343642253430393BB798DF8103082
:10CB4000D8E73B2201A88DF804208DF8083002F0C8
:10CB5000EBF8012384F834302FE700BF84D50020A0
:10CB600068D50020ECAF0020EC88010880D50020BB
:10CB70002A2301A88DF8043001F0B0FF94F80A9040
:10CB8000E6689DF808009DF809509DF80A709DF828
:10CB90000BC09DF80D309DF80E209DF80F109DF8EC
:10CBA0000CE009F1010A84F80AA006F80980354E64
:10CBB00094F80A903668D4F80C8009F1010A84F8D8
:10CBC0000AA096F803A008F809A094F80A90D4F8EF
:10CBD0000C8009F1010A84F80AA096F802A008F86E
:10CBE00009A094F80A90D4F80C8009F1010A84F89D
:10CBF0000AA096F801A008F809A094F80A9009F193
:10CC0000010A84F80AA096F80080E66806F8098010
:10CC100094F80A80E66808F1010984F80A9006F899
:10CC200008C094F80AC0E6680CF1010884F80A808C
:10CC300006F80C70A77AE66807F1010C84F80AC0C0
:10CC4000F555A57AE6686F1CA7727055A07AE5685D
:10CC5000461CA6722954A17AE0684D1CA572425464
:10CC6000A27AE168501CA0728B54A37AE268591C26
:10CC7000A17202F803E0A0E6034807F075FE6570B4
:10CC8000AAE600BF80D5002068D5002070470000CC
:10CC900000487047ECAF0020002070474FF0FF3095
:10CCA00070470000044B054A93F81831022B18BF57
:10CCB000062382F8903470472CDC0020F0E100203D
:10CCC000034BD3F8483313B15B6903B1184770477E
:10CCD000F0E10020034A137843F004031370FFF7D8
:10CCE000EFBF00BFD4D50020074BD3F8402322F478
:10CCF0008072C3F8402393F8912442F0100283F825
:10CD00009124FFF7DDBF00BFF0E100201FB50A4B03
:10CD10008DF8090093F87C208DF80A2093F88C2078
:10CD200093F848000D3202A98DF8082003F0A0FC0A
:10CD3000C0B205B05DF804FB2CDC002008B5074844
:10CD400007F012FE064B93F81A2412B1012283F861
:10CD50001924BDE80840FFF7B3BF00BFF0E500208D
:10CD6000F0E1002010B50C4CD4F8403343F08003C0
:10CD7000C4F8403394F81A3413B10020FFF7DEFFF3
:10CD800094F8913423F0120343F0120384F89134A1
:10CD9000BDE81040FFF786BFF0E100202DE9F0412B
:10CDA000DFF8AC8098F81831022B06460D4602D009
:10CDB000284BDB6A984702F0E6FD044628B10220C2
:10CDC00002F0D7FD002002F0D9FD98F81831012BB0
:10CDD00017D102F0DAFD074630B1002002F0CAFD9B
:10CDE000002002F0CCFD3C4602F0D1FD48B100200D
:10CDF00002F0C1FD002002F0C3FDBDE8F041FFF7E5
:10CE000051BF002CF9D1144C94F8902494F81A34A2
:10CE1000BAB90BB184F84164304602F057FFD8F834
:10CE20002C0007F067FDD4F8B4339842E5D30B48E3
:10CE300007F09AFD94F8913443F0100384F891348C
:10CE4000DBE70BB184F84154284602F03FFFF1E7DD
:10CE50002CDC0020989C0108F0E1002088E50020EF
:10CE6000074A10B5137843F002031370FFF728FF49
:10CE7000BDE81040034B01220021022007F086BAD2
:10CE8000D4D5002069950108074A10B5137843F0FE
:10CE900008031370FFF714FFBDE81040034B012295
:10CEA0000021022007F072BAD4D50020799501083C
:10CEB0002DE9F0410F4616461D46804607F010FD4D
:10CEC0000B4A0C4C1378278123F0110343F0110314
:10CED000C4E90008137066812573FFF7F1FEBDE811
:10CEE000F041054B01220021022007F04FBA00BF9C
:10CEF000D4D50020C0D500208995010813B507F0CE
:10CF0000EFFC0D4B6C461860204607F089FC94E856
:10CF100003000A4A0A4B83E80300137843F0200316
:10CF20001370FFF7CDFE074B01220021022002B053
:10CF3000BDE8104007F02ABAD0D50020D4D5002093
:10CF400028E50020969501082DE9F04192B00646AB
:10CF500002F019FD002840F05881AD4D95F81831C8
:10CF6000012B09D02B6BAB4C93B194F80431BBB1BE
:10CF7000042B6FD0032003E002F007FD18B10F204F
:10CF800012B0BDE8F08102F002FD0028EAD0F6E719
:10CF9000B5F82031D4F81C24013B53432B63E4E75C
:10CFA0009D4803F09CFA002840F0128194F80C315F
:10CFB00023802B6B0C930DF1180895F839308DF800
:10CFC0003830404695F81C318DF83A3007F04EFC69
:10CFD000D5F82831009302AF98E80600D5F824313F
:10CFE000384607F0DAFB97E803000FAB83E803004D
:10CFF000EB6A0D9300238DF844302388ADF846305A
:10D0000095F8303101228DF839201BB98DF8442074
:10D010008DF83930814B0093814B95F84800A3F18E
:10D0200079020CA903F099FBC0B10B28A8D1D4F860
:10D03000941499B1002EA3D0D4F84033794843F02A
:10D040002003C4F8403307F017FD764807F0DAFCF8
:10D05000002095E7704803F076FAA4E795F8487049
:10D0600095F9693095F9392095F87D106E4E38465E
:10D0700003F080FB009641B2EB6C95F850203846E7
:10D08000183603F01BFB0096EB6C95F8502095F9D1
:10D09000701095F8480003F011FBD4F8C413AB6D81
:10D0A000D4F8DC230B44C4F8B033EB6D1344C4F85C
:10D0B000B43394F80431042B07D02B6E0B44C4F81E
:10D0C000B0336B6E1344C4F8B4330023089395F85F
:10D0D0003031002B40D100238DF8133095F83930D2
:10D0E0008DF8213095F838308DF82230D5F8803021
:10D0F0000993D5F884300A932388ADF82C3095F83D
:10D10000303194F81B648DF82E3095F84800474B69
:10D110008DF820600DF1130208A903F0E3FA012352
:10D1200084F8413495F8393084F842349DF813304E
:10D1300084F84334D4F81C34C4F85064C4F8483438
:10D14000C4F8583402F025FCC8B1D4F81C0402F02D
:10D1500032FCA0B1102013E708A802F0E7FC60B988
:10D1600095F9390094F837629DF82070FFF7CEFDED
:10D170003E44B042AFD2082002E7132000E795F802
:10D180001831012B01D102F018FC02F005FC00233C
:10D19000059394F8043195F9395094F81B649BB1C8
:10D1A000042B7FF4E7AE05A802F0F4FE58BB94F818
:10D1B000183413B1059B013B0593174B0598324674
:10D1C000E9B202F049FF02E0134802F01DFF08B186
:10D1D0001120D5E6D4F8403394F80C11218043F0A7
:10D1E0000203C4F8403394F8183411480133DBB219
:10D1F00084F8183484F845340E4B00259B6AC4F833
:10D200009854984724E71220BAE60E20B8E600BFEB
:10D210002CDC0020F0E10020F8E200205CDC0020A3
:10D2200084E6002058E50020A8E500200CE6002058
:10D23000F2E10020989C010873B5134D134E00963F
:10D24000EB6C95F8502095F9781095F8480003F0AC
:10D2500035FA95F83031337595F8480040F20123DE
:10D2600006F13C023146738203F034FA50B196F86D
:10D270003C3086F88230064B00205B6B9847F37C8D
:10D2800086F8A83002B070BD2CDC0020D8E5002064
:10D29000989C0108F8B5324C94F81831012B0546DA
:10D2A0000ED0022B4ED0002B57D138B9D4E91B0138
:10D2B00004F1740383E803000020F8BD012806D1BF
:10D2C00002F06CFB0028F8D184F81851F5E7022829
:10D2D00043D1244E84F8180106F5747CBCE80F0095
:10D2E00006F57A770FC79CE8030094F8E92094F8D4
:10D2F000003187E8030086F8FB53D2B1022B18D126
:10D30000D4F804316367C6F8EC3394F87D3094F8B0
:10D31000082186F8F83394F88C3084F8782086F861
:10D32000F93396F81B2486F8E82340F20133A6F877
:10D33000FA33002386F81A340B4BDB6A9847FFF761
:10D340007BFFB9E748B9074B84F81801062283F838
:10D350009024054BDB6A9847AEE70320ADE700BF9A
:10D360002CDC0020F0E10020989C0108F0B5504C26
:10D37000504EB4F8DC202287D4E92D0194F8B12076
:10D3800084F8692004F16C0282E80300D4E92F01DB
:10D3900004F1740282E80300B4F8C420A4F87C20ED
:10D3A00091B0D4F8CC20D4F8C810C4F8842000255B
:10D3B000D4F8D020C4F888200123A4F82031C4F880
:10D3C000801084F83051A56284F81B5184F83A50DB
:10D3D00084F81D5184F81E51C4F83451C6F898548D
:10D3E000A6F8185486F81A54A4F838518DF8183055
:10D3F00004F50973039304F50A7394F84800049341
:10D4000003A92D4B84F84551C4E94F55A4F8465162
:10D41000059303F03BF9E36EC6F8D43394F87D30FE
:10D4200086F8E03394F88C3086F8E1334FF480735B
:10D43000A6F8E23386F8D05394F8303186F8E43316
:10D4400006F574770FCF06F57A740FC497E80300DA
:10D4500040F2012384E80300A6F8FA33D6F84833F3
:10D4600086F81B54CDE901551BB15A685B690192DE
:10D470000293124B0793A3F148020892A3F11402FE
:10D4800009920F4A0B9229330A93A2F19C030C9341
:10D49000A2F198030D93131D0E9301A902F14C0301
:10D4A00007A802F599620F9302F062FA11B0F0BD7D
:10D4B0002CDC0020F0E10020D8D5002058E6002028
:10D4C00010DD0020F8B50D4F0D4E0C4607F04CFA5C
:10D4D0003B6B98470B4A96F84800214603F0FAF850
:10D4E00050B1094D706D95F8243485F86A347B6B22
:10D4F0009847E37C85F89034F8BD00BF989C0108FC
:10D500002CDC002014E60020F0E100200F4890F809
:10D510001B3480F8B8330E4B93F8692080F8BB2396
:10D5200093F87D2080F8C82393F88C2080F8C923D5
:10D5300093F8303180F8CC330022A0F8CA2300F5EC
:10D540006E7100F56070FFF7BDBF00BFF0E1002015
:10D550002CDC0020114890F89034EBB190F81B348B
:10D5600080F8D0330E4BDA6EC0F8D42393F87D20C8
:10D5700080F8E02393F88C2080F8E12393F8303191
:10D5800080F8E4334FF48072A0F8E22300F5747160
:10D5900000F56670FFF796BF704700BFF0E100200E
:10D5A0002CDC002070B5344C2421204604F040FFD0
:10D5B000636A984218BF60624FF01C012F4814BF85
:10D5C0000125002504F034FF636C984218BF6064A5
:10D5D0004FF480712A4818BF45F0020504F028FF77
:10D5E000D4F84831984218BFC4F848014FF0D4012C
:10D5F000244818BF45F0040504F01AFFD4F820327F
:10D60000984218BFC4F820024FF000011E4818BF0E
:10D6100045F0080504F00CFFD4F82432984218BFF6
:10D62000C4F824024FF46071184818BF45F0100583
:10D6300004F0FEFED4F8A835984218BFC4F8A80537
:10D640004FF01401124818BF45F0200504F0F0FE19
:10D65000D4F8C03598420F4B18BFC4F8C005D3F8B2
:10D66000483318BF45F040052BB11B691BB1284654
:10D67000BDE87040184770BD2CDC002054DC002051
:10D6800074DC002078DD002050DE002054DE002015
:10D69000D8E10020F0E100202DE9F04F8FB04FF0ED
:10D6A0000009012B06460F4690468DF80D90ADF807
:10D6B000109002D84C46BC4202D30FB0BDE8F08FA8
:10D6C000305D02F073FA2044B842F6DC335D651C2D
:10D6D000023BEDB2112BF0D801A252F823F000BFAB
:10D6E00029D7000853D7000851D8000879D8000876
:10D6F00009D900082FD9000895D90008BDD900081C
:10D7000045DA0008BBD60008BBD6000899DA000845
:10D71000BBD60008BBD6000841DB000869DB000867
:10D72000A1DB0008D5DB0008052002F0E7FA70B1A4
:10D730000521002002F0A8FA725DBF4BE51C0234FF
:10D74000E4B283F85C24325D83F85D24EDB22C46AC
:10D75000B1E700238DF80E308DF80F308DF81430BE
:10D760008DF81830B9F1000F6DD1B44C4FF00509A8
:10D7700094F87C208DF831206B1E94F839208DF8B8
:10D780003320334494F838200B938DF8342094F8E8
:10D790001A3194F868208DF83520D4F82C218DF8B2
:10D7A00032300A9273B37B1C5B1BDBB28DF83030D6
:10D7B00006AB019305AB009394F848000DF10F03FD
:10D7C0000DF10E020AA902F099FF8DF80D0000F08C
:10D7D0000700072813D194F939209DF90E3084F8F9
:10D7E00039309A429DF80F3084F83830B8BF0122A2
:10D7F0009DF81430B8BF84F81D2184F868304FF0CC
:10D80000000A09E00523D1E701220DF10D010320F3
:10D8100002F0E4F80AF1010A5FFA8AF29DF8183082
:10D82000B3FBF9F19142EFD82B44DDB26B1EDBB2B2
:10D830009F420BD9F25C032A9AD0AF4288BF1D46A3
:10D840004FF0010983E70534E5B2F9E71D46F7E734
:10D85000735D7A4903F00F03012281F81B31023412
:10D8600002FA03F3A1F82031E4B2002204A9042053
:10D8700002F0B4F825466AE707238DF80D30735D92
:10D88000DFF8B8A1C3F3021203F00F030F2B8DF8DA
:10D89000283004BF9AF870308DF828308DF8292090
:10D8A000651DA21CE31C0434DBB2E4B2F15C335D01
:10D8B0009AF84800D2B21B04B25C43EA0123134336
:10D8C000642253430AA90B9302F027FF00F00703D9
:10D8D000072BEDB28DF80D000ED19DF828308AF897
:10D8E00070308AF878300B9BCAF86C30CAF8743004
:10D8F0009DF829308AF869308DF81000012204A9BA
:10D90000052002F06BF822E74B4BD3F8483363B1A4
:10D910001B6853B1984708F03F038DF810008DF84D
:10D920001130022204A90620EBE7FF20F3E70323CE
:10D930008DF80D30735D8DF81C300AAB0693E31C37
:10D94000DBB2A51DF25C231DDBB206A9F35C1B0450
:10D9500043EA0223A21CD2B20534B25C1343642210
:10D960005343E4B20A9300230B93335D8DF83030B8
:10D97000324B93F8480002F0D6FEC3B20028EDB255
:10D980008DF80D30FFF6E3AE8DF81030012204A9BA
:10D990000720B6E7735D03F00F03012B4FF47A7293
:10D9A00038BF01235343254A0234936503F57A7344
:10D9B000D365E4B2002204A9082059E7735D1F4D26
:10D9C000C3F340128DF8152095F84800C3F30012F8
:10D9D00005A903F00F038DF814208DF8163002F01E
:10D9E000A8FE02340130E4B23FF444AFBDF8143075
:10D9F000134AA5F87C309DF816309DF814A0D05C31
:10DA0000F3F7B0F90223C5F880000AA995F8480099
:10DA10008DF828308DF82AA002F02AFE95F93930C9
:10DA2000069040B29842B8BF184685F839000022E7
:10DA300004A909201CE700BFF0E100202CDC002035
:10DA4000A395010803238DF80D30735D8DF8283000
:10DA5000E31CDBB2651DF25C231DDBB20234F35C18
:10DA6000E4B21B0443EA0223325D134364225343AE
:10DA70000B93644B0AA993F8480002F060FEC3B20E
:10DA80000028EDB28DF80D30FFF661AE8DF8103044
:10DA9000012204A90A2034E7092002F02FF9DFF857
:10DAA00068B1002849D00921002002F0EDF80023D8
:10DAB000ADF81E30A31CDBB2F25CE31CDBB216F83F
:10DAC00003A0735D4FEA0A4A4AEA022A4AEA030AB5
:10DAD000231DDBB2A51D0534F35CE4B24AEA036AF8
:10DAE000335D4FF47A7253430AAC1B122046ADF8F3
:10DAF0001C3006F095FE454B53440693DBF83C334F
:10DB000000930DF1180A9AE80600DBF8383308A8EC
:10DB100006F043FE099B009394E80600089B5046DC
:10DB200006F020FE9AE8030006F052FE01F040FFE6
:10DB30000123EDB28BF8383409E68BF8380406E699
:10DB40000C2002F0DBF800283FF401AE0C2100208D
:10DB500002F09AF82C4B93F89034043B012B7FF69B
:10DB6000F6AD01F021FFF2E5A31CDBB2725DF15CC2
:10DB7000E31CDBB2651DF35C0434E4B21B04305DCE
:10DB800043EA012313436421594300F00F0001F0DD
:10DB90000CFFEDB28DF81000012204A91120B0E6AF
:10DBA0000D2002F0ABF800283FF4D1AD0D2100208C
:10DBB00002F06AF8A31CDBB2154AF05C735D1268D0
:10DBC000251D0334E4B243EA0020315DEDB201F0DB
:10DBD000EEFEBCE5725DA31C251D0334DBB2E4B28E
:10DBE000F15C335D1B0443EA012313436420584373
:10DBF00001F0DFFEEDB28DF81000012204A9132020
:10DC00007FE600BF2CDC0020F0E10020803DD51233
:10DC1000C0D500200E4B93F89124920703D593F8BA
:10DC20008F24012A08D90B4991F81A2122B18A6A56
:10DC3000501C18BF01328A620022A3F8182483F80E
:10DC40001A24D3F8402322F00202C3F8402370477D
:10DC5000F0E100202CDC002070B5184C1848194D5C
:10DC600006F082FED4F84033D4F89804D5F89060DA
:10DC700023F02003C4F8403338B106F03BFE86425F
:10DC800003D2002385F83A3070BD0120FFF75CF91C
:10DC90000028F9D00B28F7D095F8393084F84234B1
:10DCA000092094F8183484F8453484F8410402F0CB
:10DCB0000DF8BDE87040FFF7ADBF00BFF0E10020F8
:10DCC00058E500202CDC0020094BD3F84023012A22
:10DCD0000AD008490978C90708D43AB993F89204D8
:10DCE000013818BF0120704700207047012070479D
:10DCF000F0E10020D4D50020034BD3F84003431EAD
:10DD000058425841704700BFF0E100202DE9F04F24
:10DD1000A9B0EFF3108272B6DFF8F0B20021DBF8A1
:10DD20000030CBF8001082F31088B94C002B00F0C3
:10DD3000E180DAB29B06039264D5B64D95F81831AE
:10DD4000022B02D0B44BDB6A9847EFF3108872B60F
:10DD5000B24F06F0C5FD3E68D4F8B013361A314410
:10DD6000AF4806F089FEAE4806F04CFED4F8B41376
:10DD7000AC48314406F080FEAA4806F043FE88F322
:10DD8000108894F81A34002B00F06B81152312A927
:10DD900095F848008DF8483002F06AFCD4F8B413C6
:10DDA0000F900144A04806F067FE9F4806F02AFE47
:10DDB0003B6894F81B24EB620DAF38468DF8702059
:10DDC0001D9306F053FDD5F82831009306AE97E871
:10DDD0000600D5F82431304606F0DFFC96E8030053
:10DDE0001FAB83E80300D4F81C341E9395F8303140
:10DDF00095F84800003B18BF01231CA98DF871302D
:10DE000002F03FFC039BDF0648D5824DDFF81CA2E1
:10DE1000D5F8E42004929BF80020BAF90A809AF918
:10DE20000C90A4F88C84002363F300020A9384F816
:10DE30004434A4F8223484F82534C4F82834A4F8EF
:10DE40002C3484F82E34C4F8303484F82034C4F8E8
:10DE5000343484F83834C4F83C346F4B8BF80020E9
:10DE600094F89024DB6A84F88E9484F88F24DAF88E
:10DE70000470BAF80860984794F88F3413B9694869
:10DE800006F072FD3146384601F07BFD83460028DE
:10DE900000F0EA80A4F87E8484F88094039B19073C
:10DEA0001AD55C4B93F81831022B02D05A4BDB6A1F
:10DEB00098470220FEF7F6FE84F8410401F006FFC1
:10DEC00094F81A3413B1012384F8193494F8913476
:10DED00043F0100384F89134039B5A0703D50621BD
:10DEE0000520FEF75BFF039B9B0703D5042103205E
:10DEF000FEF754FF01F063FD94F89124D7065FD537
:10DF0000002384F89234D4F840331E0644BF23F033
:10DF10008203C4F8403312F0050F00F005830B2094
:10DF200001F0ECFE002800F0FF8294F89134DD0748
:10DF300000F1FA82580740F11183D4F8403323F0FE
:10DF40000203C4F84033D4F8402382BB94F89154C0
:10DF500015F001011EBF2B4662F3000384F89134D3
:10DF600094F891345E0744BF6FF3820384F89134D0
:10DF7000012384F8923421B1D4F844332C481B682F
:10DF800098476D070BD52B4801F0C4FE01F0F2FE57
:10DF900028B194F8913443F0040384F8913401F0EB
:10DFA000FCFC94F891346FF3041384F8913401234A
:10DFB00084F8923494F8913443F0200384F8913437
:10DFC00094F8913418070AD56FF3C3031A4984F8FB
:10DFD0009134D4F84433A1F12400DB68984794F8D5
:10DFE000913499070AD56FF34103134984F89134AA
:10DFF000D4F84433A1F16C005B68984794F89034EE
:10E00000022B1BD1FFF718F918E000BFD4D5002070
:10E01000F0E100202CDC0020989C0108D0D50020E5
:10E0200070E5002088E50020F0E50020C0D5002044
:10E0300030E6002044E600207CE6002094F891348D
:10E040009A0640F1CE826FF3451384F89134D4F8E8
:10E050004033002B40F0C58229B0BDE8F04FFFF7F8
:10E06000A1BA84F84134A3E695F81831012B0CD1FC
:10E0700001F08BFC804668B1584601F07BFC5846A5
:10E0800001F07DFC042384F88F347EB9012384F8E9
:10E09000213455E101F07BFC0028F6D0404601F028
:10E0A0006AFC404601F06CFC0523ECE73B780593E5
:10E0B0005B09013B062B00F22082DFE813F007002A
:10E0C0001E029B001E0298001E020F02102EDDD9B8
:10E0D00095F830311297F6B28DF84C60002BD5D1FF
:10E0E0001CA804F0B7F812AA1CA9FF2002F0D0F86F
:10E0F000A0B99DF8583003F00F020F2A16D0C3F3D1
:10E1000003038DF82C3095F8480095F87D308DF894
:10E110002D3007220BA902F0BEFA38B9012001F018
:10E12000EDFD002850D0012107204BE09DF8533031
:10E130009DF852201599C5F8E4101B0443EA022308
:10E140009DF8512002201343C5F8E03004F090F808
:10E150009DF8583095F84800C3F3021285F86920FD
:10E1600003F00F020F2A1EBFC3F3030385F87030BC
:10E1700085F878309DF85930012B38BF01234FF4D2
:10E180007A725343AB651344EB650DF15A030127D3
:10E1900010934FF0000894F81B348DF83C30113E7A
:10E1A0000FA985F8687085F82E818DF8446002F01B
:10E1B0007AFA0223384685F8303101F09FFD18B114
:10E1C0003946404601F060FD94F88F34012B00F28F
:10E1D000A28194F81A34002B40F0958194F8913480
:10E1E00043F0100384F89134FEF75CFD56E60123FA
:10E1F00084F8203495F87D308DF82E3094F824344E
:10E200008DF82D3095F88C3095F848000D330BA91A
:10E210008DF82C3002F02CFAA6F10D031BB20990F8
:10E2200023EAE37300B283423FF730AF0B2E7FF651
:10E230002DAFBC4B25931CA8FF231C978DF8746051
:10E240008DF8983002F0F0F8074600287FF41EAFF2
:10E2500095F81831012B13D101F097FB002872D0EB
:10E26000384601F087FB384601F089FB04239DF80E
:10E270007C101E9884F88F34C1F3001101F09EFBCE
:10E280009DF87C301E99C4F8341413F00F0203D0AB
:10E290009DF89000002862D19DF89800002861D078
:10E2A000002A7FF4F3AE9DF89020002A14BF4FF0AF
:10E2B00003084FF0020800220A92D5F8EC2095F8E6
:10E2C000E900914251D100284FD0D5F80C1195F8B2
:10E2D000EAB009680A9195F81811022902D10321C0
:10E2E00084F88F14B8F1030F7FF4D0AE13F0600FF1
:10E2F0007FF4CCAE0492012795F82E31BBF1000FCC
:10E3000036D0BBF1010F13D1012B33D16FF00906C9
:10E3100046FA08F606F00106C6F10206F6B2BDF8A6
:10E320007E100AAA304601F041FE38B3072823D0F8
:10E33000012384F821340A9BC4F83034C4F86C34C7
:10E34000FEF710FDAAE501F022FB002898D0384620
:10E3500001F011FB384601F013FB052387E74FF06E
:10E360000008A8E74FF00108A5E74FF0010BC3E74D
:10E370000426D4E70326D2E70823DAE71CAB009390
:10E3800004990A9B3246584601F0CEFE20B102287D
:10E3900014BF0B230A237AE60A9BC4F83034C4F86E
:10E3A0006C349DF87C3084F82104C3F3401384F866
:10E3B0002E3484F8443494F88F3484F82274012B7A
:10E3C0009EBF0122A86285F81E21012FC4F82804EF
:10E3D00084F82C0484F841043ED1022284F82024DD
:10E3E00095F83A20002A50D19DF87C20D6064CD4CE
:10E3F000D4F83C2412B1012284F82524012B94F88E
:10E4000040149DF87C2005D8012901D1900601D542
:10E4100001F076FBB8F1020F94F88F3440D0B8F1D8
:10E42000030F0AD09DF87C10B8F1010F4A4601F0A5
:10E430000F0120A838D0FFF72FF99DF8903084F80D
:10E440002334259BC4F828349DF8983084F82C3464
:10E45000012384F82D342DE0059A02F0E002A02A71
:10E4600018D195F82E11012285F83A2009B927997B
:10E470006963012B84F8202407D9D5F89020C4F8CB
:10E480003C24DAF80020C4F8982495F81821002AD2
:10E49000B1D0ADE7002285F83A2084F82024A3E724
:10E4A0009DF8981025984A46FFF7F6F89DF89030A9
:10E4B00084F823349DF89020E02A08D195F81F3184
:10E4C0002BB984F82324C4F82834A4F82C3494F805
:10E4D000913443F0020384F8913475E6114D013E06
:10E4E000B2B2791C284603F08DFF0323A4F8203430
:10E4F000C4F8285484F82C64E9E7012384F8213413
:10E50000FEF730FC60E694F84434002B3FF466AE2E
:10E510000020FEF713FC94F88F34022B3FF464AE16
:10E520005CE600BF28E4002094F89134590715D523
:10E53000012001F0E3FB60B1012001F0B7FB08B955
:10E5400084F81804D4F8403323F00203C4F84033AD
:10E5500004E0062001F0D2FB0028F3D194F89134B6
:10E56000DA077FF5F0AC94F840240AB1032A18D1F9
:10E570001D4A94F8181492F86820914205D29B071E
:10E5800023D594F88F34012B1FD8184806F0ECF9E6
:10E59000D4F8403323F02003C4F84033FFF73AFBAC
:10E5A000D1E4012A11D194F81924002A3FF4CBAC0C
:10E5B0000D4A94F8181492F868209142E5D29F070A
:10E5C00003D594F84434002BDFD194F89134002023
:10E5D0006FF3041384F8913484F81904FFF73CFBBB
:10E5E000B1E429B0BDE8F08F2CDC002058E5002014
:10E5F0002DE9F04F89468DB090460746002800F07F
:10E600008F81002900F08C810368002B00F0888145
:10E610004368002B00F084818368002B00F0808128
:10E62000C368002B00F07C81104602F01DF8002822
:10E6300000F07881BD4CBE4D384601F0DBFA40F267
:10E64000C4520021204603F0F1FE40F23452002172
:10E65000284603F0EBFEB74BC4F82C3104F50973E0
:10E66000089304F50A7300264046099308A9B24BA3
:10E6700084F848800A9384F8186184F88C608DF8D7
:10E680002C6002F003F80F2306A994F848008DF8D7
:10E69000183001F0EDFF801B18BF01204FF00A0B6E
:10E6A00084F81C0106A994F848008DF818B001F010
:10E6B000DFFF4FF0060A84F8DC0006A994F8480052
:10E6C0008DF818A001F0D4FF102384F8DD0006A90E
:10E6D00094F848008DF8183001F0CAFF1123C4F8EF
:10E6E0009C0006A994F848008DF8183001F0C0FF8E
:10E6F0001223C4F8A00006A994F848008DF8183039
:10E7000001F0B6FF1323C4F8A40006A994F848004A
:10E710008DF8183001F0ACFF1423C4F8A80006A946
:10E7200094F848008DF8183001F0A2FF1623C4F8C1
:10E73000AC0006A994F848008DF8183001F098FF55
:10E74000172384F8B10006A994F848008DF8183012
:10E7500001F08EFF18230DEB0301C4F8B400C4F8D8
:10E76000BC0094F848008DF8183001F081FFC0B269
:10E770001D2384F8B80084F8C00006A994F8480066
:10E780008DF8183001F074FF1E2384F8C40006A928
:10E7900094F848008DF8183001F06AFF1F2384F8C0
:10E7A000C50006A994F848008DF8183001F060FF04
:10E7B0002023C4F8C80006A994F848008DF8183042
:10E7C00001F056FF0B23C4F8CC0006A994F84800CA
:10E7D0008DF8183001F04CFF0C2306A9A4F8D000E6
:10E7E00094F848008DF8183001F042FFD4F89C30BE
:10E7F0006365D4F8A030A365D4F8A430E365D4F8F9
:10E80000A83023664FF00108D4F8AC300590A4F886
:10E81000D200636684F8B080C4F894B084F898A0FD
:10E82000C4F84CB084F850A084F8688084F81F8144
:10E83000C5F84893FEF79AFDC5F84473C4E90B6622
:10E840003E4B84F8198185F89164C5F840833246BF
:10E850004FF0FF31009605F55A7006F027F8384B57
:10E86000009632464FF0FF3105F5607006F01EF855
:10E87000344B009632464FF0FF3105F5667006F0D6
:10E8800015F802AF304B009632464FF0FF3105F5D8
:10E89000806006F00BF8384605F0E8FF97E80300C3
:10E8A00004F5927383E80300284B294F1E60294B1F
:10E8B000C5F84C33284BC5F85433284BC5F85C33A6
:10E8C000274BC5F85033274BC5F8583305F553701F
:10E8D0003B68984704F5A67003F0E6FA20B11126CC
:10E8E00030460DB0BDE8F08F204601F02FFB002828
:10E8F000F5D101F065F8B8B91B4801F079FB06467F
:10E900000028ECD17B69984703F05AFDBB6D94F861
:10E9100019019847FB6A9847012385F89234DFE78D
:10E920000326DDE70926DBE71326D9E72CDC0020E8
:10E93000F0E1002000040001D8D5002059DC0008D7
:10E940000DD5000855D500083DCD0008D4D50020D0
:10E95000989C0108FDCE0008B1CE0008D5CC000877
:10E9600089CE000861CE000814DD002008B5034BF5
:10E970000020C3F84003FEF795F908BDF0E1002040
:10E9800010B5FFF7A1F90A4C60B90A4B93F818319A
:10E99000022B02D1084BDB6A98470123C4F84033AD
:10E9A000002010BDD4F84003013818BF0120F8E75B
:10E9B000F0E100202CDC0020989C010838B5124CB6
:10E9C000204605F0D1FF04F1180005F0CDFF04F159
:10E9D000300005F0C9FF04F1980005F0C5FF00F014
:10E9E000DBFF0A4B0025DB6A984744F8285CFEF7FA
:10E9F000D9FD0749074840F2C45203F003FD012343
:10EA000044F8283C284638BD58E50020989C010869
:10EA10002CDC002068D6002070B52E4B8AB005464D
:10EA200093F8DD008DF8090093F8DC008DF80A00FA
:10EA300029489A6A90F81804039200268DF80B0072
:10EA400004960C46002940D00692D3F888200792FD
:10EA50001A8F93F81A118DF8151052BAADF82020BC
:10EA600093F87C2093F848308DF8243003AB8DF870
:10EA700022008DF8232000930DF10A020DF10B0303
:10EA80000DF1090105A88DF8146000F003FF9DF950
:10EA90000900FEF73BF9607004A801F047F8B0B92F
:10EAA000049A0F2A0DD863789A420AD81544AB42CB
:10EAB000A3EB02012CBF002001202170C0000AB08E
:10EAC00070BD002323700820F9E70320F7E7132027
:10EAD000F5E700BF2CDC0020F0E100201FB5044664
:10EAE000002800F010810378412B00F20781DFE855
:10EAF00013F0420049004D005100550059005E00DE
:10EB000005010501050105010501050105010501D5
:10EB1000650069006D0078007F00820085008A0032
:10EB200088008C0090009300960099009C009F0044
:10EB3000AE00B200BA00B600BE00C100C500CE00F3
:10EB4000CA00CC000501D20005010501050105013F
:10EB50000501050105010501050105010501050185
:10EB6000050105010501DA00DE00E200E700EB0027
:10EB7000EF00F300FC00664B93F81831237100207E
:10EB800004B010BD624B93F83031F7E7406803F0F2
:10EB90001BFBF4E7406803F05DFBF0E75C4B93F888
:10EBA0001A31EBE75A4BD3F8E0306360E7E7584B94
:10EBB000011D93F8300103F065FBE0E7544B93F837
:10EBC0001931DBE7524B93F88C30D7E71C238DF8D3
:10EBD00008304F4B02A993F8480001F049FD6060EE
:10EBE000CDE74C4B043493E8030084E80300C6E708
:10EBF000494B0434F7E7494B0434F4E7484B0434F9
:10EC0000F1E71A23E3E71923E1E7414B93F8683072
:10EC1000B4E73F4B5B6DC8E73D4B9B6DC5E73C4B95
:10EC2000DB6DC2E73A4B1B6EBFE7394B5B6EBCE74F
:10EC300002238DF80830364B02A993F87C2093F814
:10EC400048008DF80A2001F013FD207197E7304B42
:10EC500093F8DD3092E72E4B93F839308EE72C4B4A
:10EC600093F8DC308AE72A4B93F8383086E7284B54
:10EC7000DB6C9AE7264B93F850307FE7244BD3F8B0
:10EC8000843063607BE7224B8FE7264B8DE7204B78
:10EC9000D3F8CC30F5E71E4BD3F82C31436001F0AC
:10ECA00075FDA0606BE71A4BD3F890307DE7184BE9
:10ECB00093F81F3162E7164BB3F88830A3805EE704
:10ECC000134BB3F88A30F9E7114BB3F8D030F5E7BE
:10ECD0000F4BB3F8D230F1E70D4B93F848200AB14F
:10ECE000062A12D1B3F8A035E8E7094B93F848207B
:10ECF0000AB1062A09D1D3F8A43556E704B0BDE815
:10ED0000104000F04DBE03203AE7182038E700BF5E
:10ED10002CDC002098DC0020E0DC0020A0DC0020BF
:10ED2000E8DC002068D600207FB5044610B9032037
:10ED300004B070BDA34DD5F840339A0700F173823B
:10ED40000278412A00F26C82DFE812F042004700AC
:10ED500055005B005F006400690076008100870059
:10ED60008D00930099009F00A500AB00B5006A02DA
:10ED7000BA00DC00EF0016013801290142014B0105
:10ED80004F01530157015B016A025F017101990153
:10ED90008701AB01B501BC01C101C6016A022C02A9
:10EDA0006A026A026A026A026A026A026A026A0203
:10EDB0006A026A026A026A026A026A026A026A02F3
:10EDC00038023D02420247024C02510256026002E2
:10EDD0000079FEF75FFA30B1AAE70379022BA6D0DB
:10EDE000794A82F8303195F8913443F0200385F860
:10EDF000913400209CE7406803F0D8F90028F2D055
:10EE000095E7406803F016FAF8E76F4B027983F84C
:10EE10001A21E8E76C4B4268C3F8E020E3E76A4E4A
:10EE2000416896F8300103F023FA00287FF47FAFA1
:10EE30006368C6F8E430D6E7416800293FF477AF4D
:10EE4000002001F005FA0028CDD0112070E74168BC
:10EE500000293FF46CAF0120F3E7416800293FF43B
:10EE600066AF0820EDE7416800293FF460AF092054
:10EE7000E7E7416800293FF45AAF0C20E1E7416819
:10EE800000293FF454AF0D20DBE7416800293FF42F
:10EE90004EAF0E20D5E7416800293FF448AF0F2060
:10EEA000CFE74A4C484B007983F81901A36D984786
:10EEB000E36A984797E7444B027983F88C2092E7FE
:10EEC000414E037A8DF8043096F8480096F87D306C
:10EED0008DF80530072201A901F0DDFB00283FF481
:10EEE00026AF636896F848000193002201A901F05B
:10EEF000D2FB00283FF41BAF6C36D4E9010186E851
:10EF0000030070E7304E037A8DF8043096F848001D
:10EF100096F87D308DF80530072201A901F0BBFB82
:10EF200000283FF404AFB436E7E7274E037A8DF8A4
:10EF3000043096F8480096F87D308DF805300722A9
:10EF400001A901F0A8FB00283FF4F1AED4E90101CA
:10EF500006F1740383E8030096F81831022B7FF45E
:10EF600042AF96F83031002B3FF43DAF174BDB6AD0
:10EF70009847FEF761F936E7134E037A8DF80430AF
:10EF800096F8480096F87D308DF80530072201A9E3
:10EF900001F081FB00283FF4CAAEBC36ADE7436800
:10EFA000029301238DF80C30074B02A993F8480017
:10EFB00001F07EFB00287FF416AFB8E643680293A9
:10EFC0000023EFE7F0E100202CDC0020989C0108F2
:10EFD00003795A1E0E2A3FF6AAAE954A82F8683087
:10EFE00001E7934B42685A65FDE6914B42689A658A
:10EFF000F9E68F4B4268DA65F5E68D4B42681A6692
:10F00000F1E68B4B42685A66EDE6894C037994F839
:10F0100048008DF80430062201A901F03CFB0028CD
:10F020003FF485AE9DF8043084F8DD30DBE6804C9B
:10F0300003798DF8043094F8480094F87C308DF80A
:10F040000630052201A901F026FB00283FF46FAE2F
:10F050009DF8043084F83930C5E6754C037994F88E
:10F0600048008DF804300A2201A901F014FB0028A1
:10F070003FF45DAE9DF8043084F8DC30B3E66C4CB0
:10F08000037994F848008DF80430092201A901F0B1
:10F0900002FB00283FF44BAE9DF8043084F8383072
:10F0A000A1E64368B3F5FA7F3FF641AE604AC2F885
:10F0B0009430D36497E65E4B027983F8982083F806
:10F0C000502090E65A4B4268C3F884208BE6584B98
:10F0D0004268C3F8CC2086E6012B40F0A480554C52
:10F0E0002421204603F0A4F9636A984201D0172036
:10F0F0001EE61C2104F1280003F09AF9636C984283
:10F10000F5D14FF4807104F1480003F091F9D4F87F
:10F1100048319842EBD1D42104F5A67003F088F968
:10F12000D4F820329842E2D1002104F5097003F0AE
:10F130007FF9D4F824329842D9D14FF4607104F5A4
:10F140000A7003F075F9D4F8A8359842CFD114218C
:10F1500004F2AC5003F06CF9D4F8C0359842C6D133
:10F16000334E2146304640F2C45203F04BF920465C
:10F1700040F2C452002103F059F995F81B3485F888
:10F18000E833736FC5F8EC3396F87D3085F8F833C3
:10F1900040F20123A5F8FA33274B96F819019B6D2D
:10F1A000984720E68379012B3FF6C1AD204B42689A
:10F1B0004068C3F82C2100F0E5FE44E61C4B426891
:10F1C000C3F890200FE61A4B027983F81F210AE654
:10F1D000174B8288A3F8882005E6154B8288A3F890
:10F1E0008A2000E6124B8288A3F8D020FBE5104B62
:10F1F0008288A3F8D220F6E50D4B93F848200AB197
:10F20000062A12D1A288A3F8A025ECE5084B93F8B2
:10F2100048200AB1062A08D16268C3F8A425E2E5AD
:10F2200000F0C0FBD7E5012082E5182080E500BF93
:10F230002CDC002068D60020989C01082DE9F043C2
:10F2400089B00023ADF808300646002800F00F8191
:10F250000361FEF739FD20B10127384609B0BDE84A
:10F26000F08300F08DFD80460028F5D100F082FD8E
:10F2700020B980481422414603F0D8F87E4D95F815
:10F280009134012243F0040385F8552485F8913424
:10F2900033788DF80C300021013B8DF80D20ADF84E
:10F2A0000E100C2B00F2BA80DFE803F007B8B8B8F4
:10F2B0007880B8B88FB8AC99A800D5F8407317F02B
:10F2C0002007C9D196F80490B9F1020F46D1DFF8B2
:10F2D000AC916B4CFEF74AF83A4696F9051099F84E
:10F2E000480001F032FA89F83900B37989F83830EA
:10F2F000384607238DF80D30FDF7CCFFFF2304F5CA
:10F300008670A5F80C3185F80471C5F8084102F043
:10F31000A1FF04F58A7002F057FF3846FDF714FE8E
:10F32000074600284FD096F9051099F848000122A9
:10F3300001F00BFA89F83900D5F894343361002FC5
:10F3400070D000F017FD002887D195F8913485F82A
:10F350001A0460F3820385F891347EE7B9F1010F56
:10F360004FF002035AD1454C8DF81C3094F84800F8
:10F3700084F81D7104A901F089F9337984F83031DA
:10F380008DF80D708DF80E90FDF79AFC95F891347C
:10F3900043F0100385F89134C846CDE7002202A956
:10F3A000022000F01BFB70B11327C5E7354BB28874
:10F3B000DB6B96F90C10B0689847D5F8403343F0F2
:10F3C0000203C5F840330027B6E704A90D2000F07A
:10F3D0007BFB0028F7D0002202A90D20E1E7274B94
:10F3E00093F81831D3B9347904F0070000F0D3FA58
:10F3F0008DF80840012202A91020D2E7002202A9BC
:10F400001220CEE78DF80F2000F0B6FA044638B986
:10F4100000F0AFFA204600F0B1FAD4E702278BE7FC
:10F42000012789E703A800F0F9FBB8F1000F3FF4CA
:10F4300014AF154B1A784AB901221A701348144BAD
:10F4400000973A464FF0FF3105F030FAD5F84033D7
:10F450000E4843F48073C5F8403305F085FA0A215D
:10F460000A4805F009FB094805F0CCFAF5E6032740
:10F47000F3E600BF44E60020F0E100202CDC002091
:10F48000F2E10020989C0108BCD500208CE6002009
:10F49000E9CC00082DE9F04F99B08046059118B9E4
:10F4A000032019B0BDE8F08F00230361FEF70CFCC8
:10F4B0000446002840F0A58046460FCE0EAD0FC58D
:10F4C0001422524898F800A0B8F80C7098F90EB0C1
:10F4D0004F4E214602F0AAFF4E4B012283F84124F1
:10F4E00096F83021022A25460BD196F81821022AD7
:10F4F00007D196F81E2122B9BAF1010F38BF4FF09B
:10F50000010ABAF1010F2BD0BAF1030F2AD0BAF1D8
:10F51000000F33D102229DF83C30DDF84090029379
:10F5200062F34715012496F87C108DF83210022200
:10F530000CA996F848008DF8302001F099F896F85B
:10F540001A3196F830C196F81D1140B2002B63D0E5
:10F55000BCF1010F57D1002955D1002C61D153E0E6
:10F560000422D8E70023DDF83C90BDF840709DF9F7
:10F5700042B0029365F01F050124D4E74FF0000B61
:10F58000D946CDF808B0CEE74FF0010084F81A0450
:10F59000D2E005F2B2420BA900F0D4FA002800F044
:10F5A00015811320049B33871A4B002283F81A24F9
:10F5B00023E105F2B2452A460BA900F0C3FA002860
:10F5C000EFD10B9B84F82801C4F82C5184F830311A
:10F5D000FCE0B9F1000F00F0F980002A00F0F6809D
:10F5E0004946E01C02F00EFF94F8373201332380C5
:10F5F000ECE01220D6E70220D4E70720D4E713205E
:10F60000D2E701204DE7FCB90220F6E030E6002009
:10F610002CDC0020F0E10020002CF5D05845B8BFCC
:10F62000584696F87C308DF82000052296F8480060
:10F630008DF8223008A901F02EF800283FF430AFF1
:10F640009DF8203086F839306F4A704BD2F8980414
:10F65000D3F8904038B105F04DF96C4B84423CBF73
:10F66000002283F83A20198F1A8F93F83001049101
:10F67000996A099152BA0028BFD093F81B0100B9CA
:10F68000186393F81801ADF85820013893F87C20DE
:10F6900093F81A411491D0F1000BD3F888108DF82B
:10F6A0005B204BEB000B93F8482093F83A0093F85B
:10F6B00068308DF85A3009AB0093554B03904FF0EA
:10F6C00001008DF84C0015918DF85C20A3F12F01FD
:10F6D000A3F1300213A88DF84D4000F0DBF8039B36
:10F6E0004FEA0B1B4BEA431B00264BEA801B4BEAFD
:10F6F000C413B145444C039308BF37463A464946C4
:10F7000004F59C70CDE90A669B46268084F81A644D
:10F7100002F078FEE9B2A570C5F34215FAB2042DE5
:10F720003A4E039B84F837223FF42EAF072D3FF467
:10F7300050AF022D7FF45FAF364D84F80D110420D9
:10F74000029984F80401FF2084F80C0184F8281140
:10F7500084F81431D6F8E410C4F8085105F59B7309
:10F760000AA8C4F8101184F83021C4F82C3100F034
:10F7700011FC00287FF43DAF0A9BA4F844040BA8B9
:10F78000A4F81631C4F84C3400F0D0F900287FF406
:10F7900008AF0B9BD3B196F93900FDF7B7FA94F88F
:10F7A0003732002B3FF405AF0B9B0F2B3FF6F1AE2A
:10F7B00005F58B720BA90F2000F0C4F900287FF427
:10F7C000F0AE0B9B63F3030B84F814B10598FDF7BF
:10F7D000BBFB00287FF4E6AE099B86F83A00B362D3
:10F7E00000F080F900287FF40AAF94F8913484F88F
:10F7F00040A443F0010384F89134034BD3F89434CC
:10F80000C8F810304DE600BFF0E100202CDC0020ED
:10F8100094DC0020F2E1002037B50B4D8DF8040098
:10F8200004460F2295F8480001A900F034FF40B1CA
:10F83000064A85F81C4192F8913443F0200382F87F
:10F84000913403B030BD00BF2CDC0020F0E100207B
:10F8500010B5FFF795F8044688B90A4805F084F812
:10F86000094805F081F8094805F07EF800F094F8A1
:10F87000FDF77CFD064BDB6A9847204610BD01244E
:10F88000FBE700BF58E5002070E5002088E5002078
:10F89000989C01082DE9F04F8BB047780093149B9A
:10F8A00090F90C8090F90D6090F80EB08A4641688E
:10F8B000196004469146002F58D002238DF810306D
:10F8C00004A9C37B007C8DF8123000F0D1FEB4F89F
:10F8D00008C0618943B26068984545466144B8BF35
:10F8E0001D46604534BF00270127884209D30A21FD
:10F8F0008DF81010207C019304A900F0B9FE019B43
:10F9000046B2B4F808C0608961680CEB400E7145DE
:10F9100019D3A1EB0C01B1FBF0FC00FB1C1191B958
:10F92000984503DC2378CBB94FF0010B21238DF8E8
:10F930001030207CE37B8DF8115004A98DF8123033
:10F9400000F096FE45B2009B8AF80050384689F8D0
:10F95000006083F800B00BB0BDE8F08F0223207C7C
:10F960008DF8243006A900F091FEDDE74546EAE770
:10F970007047704770477047002070477047704766
:10F98000704700207047002070470020704700201B
:10F9900070470020704770477047704702207047DB
:10F9A0000220704702207047704700207047704760
:10F9B00070470020704700207047704770477047BD
:10F9C00010B5054C4FF403722046002102F02EFDC5
:10F9D0000020C4E9000010BD24E700202DE9F84311
:10F9E0008146904600293CD01F4C2023224604F13A
:10F9F000100012F8017F6FBB8242FAD11B4E3368B0
:10FA0000013403B93460736803B11C6000252560BC
:10FA1000C4F8088074601FFA88F284F80490601DAE
:10FA200002F0F0FCB9F1110F4FF0000398BF104D38
:10FA30006373D6F8083298BF25FA09F503F101037C
:10FA400098BF05F0010543442573C6F808323846CF
:10FA5000BDE8F883013B13F0FF030446C6D102273B
:10FA6000F5E70127F3E700BF2BE7002024E700209C
:10FA70002007020010B518B3124A1368984204D147
:10FA800003681360002305E00B46002BFAD01968C9
:10FA90008842F9D15168884208BF53600BB10168B0
:10FAA0001960D2F808328168013B00245B1A0460B7
:10FAB0002146C2F80832102202F0B8FC204610BDE0
:10FAC0000120FCE724E70020054B1B6813B11A79DD
:10FAD0008242FAD1002B0B600CBF0320002070473C
:10FAE00024E7002010B5054B186800B910BD037B52
:10FAF00004680BB9FFF7BEFF2046F6E724E70020B5
:10FB000038B5084B084C186800B938BD037905684A
:10FB1000112B05D824FA03F3DB0701D5FFF7AAFF61
:10FB20002846F1E724E700202007020028B1044B13
:10FB3000D3F808320360002070470120704700BFEF
:10FB400024E700202DE9F04107460E46154642B352
:10FB500039B3154B1C6800232CB93046FFF7E6FF7C
:10FB60000020BDE8F081A268F91A0132914215D354
:10FB70002279EA54581C22895FFA80F8611D55FAEF
:10FB800080F002F03FFCA368246898445FFA88F391
:10FB9000E2E720462568FFF76DFF2C46002CF8D1E0
:10FBA000DBE70120DDE700BF24E700200238C0B218
:10FBB00011289ABF014B185C00207047B3950108CB
:10FBC00030B50B4B93F820200446084672B1002153
:10FBD0001C330578A54208D001319842CDB214BF3C
:10FBE00004301038AA42F4D8002030BD1046FCE79B
:10FBF00030E9002010B5084C00232060142204F1E5
:10FC00000C00FF2184F82030C4E9010002F00EFC52
:10FC1000012384F8213010BD30E9002010B50E4AD0
:10FC200092F82010042915D8936804781C70447841
:10FC30005C70C478807898700131DC7082F8201094
:10FC400002F11C018B4214BF043302F10C039360D8
:10FC5000012010BD0020FCE730E90020094B93F89B
:10FC6000200068B15A6803F11C018A4200F1FF309C
:10FC700014BF043203F10C0283F820005A60012003
:10FC8000704700BF30E9002010B5074B93F82020E3
:10FC90000446084632B15968FFF792FF10B10123BC
:10FCA0004470837010BD00BF30E9002008B5064BDA
:10FCB00093F820202AB15968FFF782FF08B14078F5
:10FCC00008BD0120FCE700BF30E9002030B50A4A3A
:10FCD00092F82010536882F8210061B191680124E4
:10FCE0001C32DD78587005B99C70934214BF043300
:10FCF000103B9942F5D130BD30E9002008B5044BE6
:10FD00005968FFF75DFF003818BF012008BD00BF2C
:10FD100030E90020F7B50422154E044600210DEB12
:10FD2000020096F8207002F081FB0025EBB29F42A2
:10FD300001D803B0F0BD7368197821705A786270E9
:10FD4000987838B1336820469B689847FFF786FF5C
:10FD50000135EBE7DB788DF804108DF805208DF880
:10FD60000730FFF77BFF01A8FFF758FFF0E700BF60
:10FD700030E90020014B93F82000704730E9002063
:10FD8000034B93F82000042894BF00200120704703
:10FD900030E900201FB50024CDE90244C41F8DF8CE
:10FDA00000408DF801100C0AADF80420090C120C6B
:10FDB0008DF803108DF806208DF8073002461B0AD7
:10FDC000012168468DF802408DF8083002F097F95D
:10FDD000002818BF0E2004B010BD2DE9F04188B0F6
:10FDE00090460D460F9A0746002847D0002401216F
:10FDF000CDE904448DF810109DF838108DF81510D9
:10FE0000ADF81630190CCDE900441B0ECDE90244C3
:10FE10008DF81930ADF81A20130C120E07948DF8D6
:10FE200018108DF81C308DF81D20E3B21E01002D36
:10FE3000F6B203DC002008B0BDE8F08101331021E8
:10FE40008DF81F3042466B460DEB010002F0EDF8D5
:10FE50000346A8B9102D28463E44A8BF1020694685
:10FE6000327811F801CB013382EA0C02984206F88D
:10FE7000012BF5DC103D2DB20134D6E70920DAE77D
:10FE80000E20D8E70138032815D8DFE800F0020873
:10FE90000C100A4B1B681B690B6000207047074B56
:10FEA0001B685B69F8E7054B1B689B69F4E7034B2C
:10FEB0001B68DB69F0E70520704700BF54E90020AC
:10FEC0002DE9F041C4B00C464A9E17461D468046B7
:10FED000B8B3B1F5807F36D84FF4887200216846F8
:10FEE00002F0A4FA492300934FF48073ADF8043074
:10FEF0002B0C8DF80830330CADF80650ADF80A60C5
:10FF00008DF80C3022460023414604A82D0E360EF3
:10FF10008DF80E308DF809508DF80D608DF80F407A
:10FF200002F070FA04F110014B9A3B4689B2684620
:10FF300002F065F810B1012818BF0E2044B0BDE8EA
:10FF4000F0810920FAE70D20F8E7000010B590B124
:10FF50000A4C28220021206002F068FA2368084A2F
:10FF60001A6000204FF0FF32C3E90302C3E9052203
:10FF7000C3E9072210BD0820FCE700BF54E90020B8
:10FF800000010101024B1B6818600020704700BF90
:10FF900054E9002030B1044B1B68DB680133036077
:10FFA000002070470920704754E9002013B5002352
:10FFB0000C460193CAB101A9FFF764FF18B9019B70
:10FFC000591C02D1146002B010BD99B2611A002907
:10FFD00001DD5C18F6E702D113600720F3E71B0C84
:10FFE0001B0403F580331C44ECE70920EBE7000019
:10FFF00028B1044B1B681C33436200207047092062
:020000040801F1
:10000000704700BF54E9002013B50446D8B1114B26
:100010001A68938801339BB29380C38200F05FFA21
:1000200098B904F11803009321680123132201F009
:10003000DBFF60B9204600F052FA003818BF0120FB
:10004000000102B010BD0920FBE71020F9E70E20E7
:10005000F7E700BF54E90020F0B5054687B01C461D
:1000600013B9092007B0F0BD2E4E3368DB68834218
:1000700055D894F82020002A0CBF08220922834278
:1000800005D3204600F05FFA68B11020EAE70023AC
:1000900001900093A36894F82810606AFFF79DFE12
:1000A0000028EED0DEE723792168B4F808C0A768FD
:1000B000043B9AB20029D4D0B2F5807F2DD8ADF898
:1000C0000EC08DF817304FEA174C04F12C033F0E89
:1000D0008DF8117000932F0C08234FF0490EADF8E6
:1000E0000C008DF814708DF816002F0E0DEB030028
:1000F000CDF808E08DF810C0ADF812508DF81570ED
:1001000001F072FF08B10E20ACE7204600F01BFAA8
:100110000028BAD13368DD60A4E70D20A2E70620ED
:10012000A0E700BF54E900202DE9FF410A9D804669
:100130000F4616461C46002D5AD0002303A9104630
:100140000393FFF79FFE18B1062004B0BDE8F081CD
:10015000039B9C4201D80133F6D1284600F064F994
:10016000002847D1264B1A78424503D01A794245D8
:1001700042D10120AA68BA4240D103EB8002EB6A67
:1001800092F801802979CDE90043043992782868F2
:100190003B4689B2FFF794FE0028D6D195F820306F
:1001A0000194002B4FF00103009314BF4246082234
:1001B00095F82810686A3B46FFF70FFE0028C4D167
:1001C000013E032EC1D8DFE806F002070B0F0D4BEE
:1001D0001B681C611C62B8E70A4B1B685C61F9E78D
:1001E000084B1B689C61F5E7064B1B68DC61ACE7BC
:1001F0000920AAE70F20A8E70B20A6E70220A4E722
:1002000024B0002054E900201FB50B294FF0000353
:10021000CDE90033CDE902330A4607D00C2914D0CA
:100220000A2910D00A2005B05DF804FB012802D18C
:1002300020238DF800300021684601F060FF00287F
:1002400018BF0E20EFE73023F3E70B21F4E700009F
:1002500038B5054601F04EFF044610B10E24204685
:1002600038BD002DFBD1094B1B680B219878FFF797
:10027000CBFF0028F2D10C21FFF7C6FF0028EDD1FB
:100280000A21FFF7C1FF0028E9D0E7E754E9002081
:100290002DE9F04380468FB00C461746002A6BD0FC
:1002A000002969D0002529461D2206A8059506F0DB
:1002B000E4FA8DF81350344D2B680DF114099E8823
:1002C000CDF804900DF1130302933B7900933B6842
:1002D00032462146404601F02EFF00284ED13868B4
:1002E0003A79494602F08EF8384600F04FF8002877
:1002F00046D13C7AFA79BB79240444EA02241C43AF
:100300002B689A6894423DD99C609DF813000B219C
:10031000FFF77AFF034658BB0C21FFF775FF034632
:1003200030BB0A21FFF770FF034608BB7B7ABA7A1D
:10033000FF7A3F0447EA02271F433A4633462146E5
:100340000920FFF727FD034690B933463A46214678
:100350000820FFF71FFD034650B92A689DF81310C7
:1003600091700021D1604FF0FF31C2E90411916119
:1003700018460FB0BDE8F0830923F9E70E23F7E72D
:100380000F23F5E70323F3E754E9002010B50446F3
:10039000002845D00168002942D011F8013B437183
:1003A0000322063002F02EF82046032250F8091BE3
:1003B000043102F027F82168CB79E3600A7A43EA36
:1003C0000223E3604A7A43EA0243E3608A7A43EA1B
:1003D0000263E360CB7A23740B7B63742379212B54
:1003E0001AD110220D3104F1120002F00BF81D2277
:1003F0002168501C8B5C6362085C43EA0023901CFC
:100400006362085C033243EA004363628A5C43EA46
:1004100002636362002010BD112B03DC0D22E7E7AD
:100420000220F8E70120F6E710B50446002854D072
:100430000168002951D00B7843714B7883608A782A
:1004400043EA02238360CA7843EA024383600A795D
:1004500043EA026383604B7903738B79C381CA7962
:1004600043EA0223027BC38102F00F0208311030FD
:1004700001F0C8FF237B002203F00F0384F8202043
:1004800084F82820227903F10800111A04290DDDCF
:1004900021680933043AD21A085C84F82000D2B2E9
:1004A000606A84F82820194401F0ACFF237922689F
:1004B0001A44002012F8043CE36212F8031C43EAD9
:1004C0000123E36212F8021C43EA0143E36212F8DB
:1004D000012C43EA0263E36210BD0220FCE710B581
:1004E000044660B3036853B30279162A29D94279C6
:1004F0001A700146082251F8060B013001F08CFFFA
:100500002146082251F80E0B093001F085FF2368BF
:10051000E28A5A74E38A22681B0A93742368A269E8
:10052000DA74A36922681B0A13752368628B5A75F3
:100530002368E27E9A7517232371002010BD0120E5
:10054000FCE70220FAE738B50446002863D00168CA
:10055000002960D0037B90F8282003F00F03002AC5
:1005600057D10833207904321344984255D3637924
:100570000B702368A2685A70A36822681B0A9370E4
:1005800023686289DA702368E27A1A712368227B11
:100590005A712368E2899A71E38922681B0A21460D
:1005A000D371227B51F8100B02F00F02083001F0DA
:1005B00029FF237B94F8282003F00F0303F108059B
:1005C0002AB1226894F82010515503F109052068DA
:1005D00094F82820616A284401F014FF94F8283028
:1005E0002268E16A2B44D1545A1CE16A206892B215
:1005F000090A81549A1C2168E08D92B28854DA1C51
:10060000216894F82F0092B204338854237100209B
:1006100038BD0933A6E70120FAE70220F8E7000019
:10062000024B1A8810431880704700BF58E9002019
:1006300008B5074B1B883BB1FEF7A2F9002814BF91
:100640006FF00200002008BD6FF00100FBE700BF63
:1006500058E9002010B5034B00241C80FEF786F9F2
:10066000204610BD58E90020B0FA80F040097047DC
:1006700082B018B9084602B000F0CAB8002002B033
:10068000704710B9084600F079B9704710B90846AC
:1006900000F090B970470346084611460BB900F0C8
:1006A000DDB90020704710B9084600F039BD704729
:1006B00010B9084600F0FEB90020704710B4044697
:1006C000084611461A46019B14B910BC00F00CBA3A
:1006D00010BC70470346084611460BB900F036BA05
:1006E0000020704710B40446084611461A4614B953
:1006F00010BC00F0A3BA002010BC704730B405460F
:10070000084611461A46DDE902341DB9029430BC90
:1007100000F022BB002030BC704710B9084600F042
:10072000D3BB0020704710B9084600F037BD002049
:10073000704710B9084600F0E2BB0020704710B9BE
:10074000084600F0DFBB002070470346084611460C
:100750000BB900F0F9BB0020704710B404460846FE
:1007600011461A46019B14B910BC00F0EFBB0920DA
:1007700010BC704710B40446084611461A4614B916
:1007800010BC00F02DBDC8B210BC704700487047C7
:1007900003000102064B10B51B6A0446984730B1AE
:1007A0000448054B204498428CBF0020012010BD16
:1007B000989C0108403576C9405DC600F0B5114BE4
:1007C00085B00C4610491F56054600F089FF0F4BB7
:1007D000E4B25E6A072D4FF00103CDE90243014602
:1007E0000AD105220023CDE900234FF47A727A431F
:1007F0001846B04705B0F0BD08220020CDE9002022
:100800003A46F5E78096010860960108989C010831
:100810001FB5002300930378013B372B21D8DFE875
:1008200003F01C242020201E202020204143454E80
:100830002055585B5E6164206C1E6E73787A7D2053
:100840007F832620202020202020202020202020E0
:1008500085878C2020858C208E92C3780BB1022353
:100860000093009805B05DF804FB8378F6E74378C1
:100870008DF8043007238DF805308378003B18BFCE
:1008800001235B008DF8063010238DF80730314BC3
:100890001B6801A803F55872CDE9022300F000FFA0
:1008A0000090DEE74023DBE72023D9E7827890F948
:1008B000013012B9284AD35CD2E7284AFBE7827894
:1008C00090F90130002AF8D1254AF4E740F6B83310
:1008D000C6E74FF47A73C3E74FF4FA63C0E741F217
:1008E0008833BDE741F27073BAE71E484FF47A715E
:1008F00001F06CFD00F5FA60D2E71B4BB0E7154B39
:100900001B6803F55873ABE7124B1B6803F55B7369
:10091000A6E71023A4E70F4B1B68A1E701239FE77D
:100920004FF0834300939CE7104BFBE7104B97E796
:1009300040F21113ADF8003093E7032390E790F9EC
:1009400001300C4AB7E70C4990F9010000F0C8FEED
:10095000A6E700BF60E9002055960108459601080A
:100960004D96010818FCFFFF00EA06379A990940E6
:1009700040F70937809601086096010837B50B4BA0
:1009800002781B680C2101FB02335B7A03EB430402
:10099000074B1D6803690093C3684278816805EBC3
:1009A000C40000F0A7FC03B030BD00BF60E9002028
:1009B0005CE9002030B587B0027B6423ADF80030DD
:1009C000012A4FF00003CDE90133CDE903338DF85F
:1009D00002308DF8143028D0022A2FD01ABB0368B9
:1009E0000BB34368FBB11A4C80682360194B182283
:1009F0006946186001F006FD174B246893E807006C
:100A00000C3384E8070093E8070004F10C05032386
:100A100085E80700A4F86C33012204F55B7104F546
:100A2000587000F058FC07B030BD094908684360B1
:100A3000036100F55B7100F55870F2E7044B1B6829
:100A4000B3F86023B3F86C130A43A3F86023EAE712
:100A500060E900205CE900201889010808B5034618
:100A60000A2924D8DFE801F006232323230B161BD1
:100A700023212100BDE808400068FFF78BBE90F9F4
:100A800000009978072271B900F0E5FB003818BF23
:100A9000012008BD052293F900000021F4E790F938
:100AA00000005978EEE70221EEE70722F3E7002085
:100AB000EFE7000008B502791AB1012A0BD0002037
:100AC00008BD084B01681B68012203F5587000F04F
:100AD00002FC0120F4E7034B01681B6803F55B701F
:100AE000F5E700BF60E90020F7B50728144D1C4664
:100AF000A8BF072058700E462946174600F0F0FDA3
:100B000094F90130A070072B13D1322000F0E8FCDB
:100B10000C4BDB6D0546984704F10C020834034684
:100B2000019200943A463146284600F0DEFC03B0BC
:100B3000F0BD054A55F82310D05C00F0C9FCE7E78A
:100B400060960108989C0108809601082DE9F04FF5
:100B5000344F90F901607B68D0F804908BB0044664
:100B6000884698470546002859D1E37C73B92E4A38
:100B70002378126803EB4303990002EB8303D3F855
:100B80000490B9F1000F01D152F80190274B48466B
:100B900013F906B0FB689847A37C2289D7F818A000
:100BA0000993072E28D100230121CDE90223204AF1
:100BB0000693CDE90431CDE907330521CDE90021C4
:100BC0004FF47A7202FB0BF24CF250311846D047C8
:100BD000637C13B3174B995D7B6D0D31C9B2284609
:100BE0009847E07C3246494600F08CFD88F800606A
:100BF00001200BB0BDE8F08F002101250823CDE9CD
:100C00000013CDE90715CDE90511CDE903110292D5
:100C1000A1782B465A462846D9E7074BDBE7002048
:100C2000E7E700BF989C010860E900208096010872
:100C3000854501004D960108559601082DE9F04FB4
:100C40008DB090F90130DFF8FCA0DFF8FC90CDE921
:100C50000A123E4A12F903B00278DAF800300C2585
:100C600005FB02333A4A5B7A126803EB430302EB5B
:100C7000C303044693F9021090F9020000F02BFD23
:100C80003449064694F9010000F02AFDA268616823
:100C90008046304600F051FC2178DAF80020D9F87F
:100CA0000C306943074650589847D9F81C309C4689
:100CB00094F901300025072B4FF47A63CDE90753EF
:100CC000CDE905552DD10123CDE903530523CDE908
:100CD00001534FF47A7303FB0BF3009339464346F9
:100CE00046F2A81228466746B8472378DAF800206B
:100CF0000C214B4394F90110D05800F025FDA18937
:100D000094F90100FFF75AFD0B9B217B1860D9F87D
:100D10005430284698470A9B01201E700DB0BDE84C
:100D2000F08F01200823CDE90350CDE901032A46C5
:100D3000CDF800B0654643463946A8470120054630
:100D4000D3E700BF60E90020989C01088096010865
:100D50005CE90020609601082DE9F04F8FB0002477
:100D600005468A46914698460494ADF81440ADF87D
:100D7000024007264FF0010B2B7AA34206D9686880
:100D800004A9204400F03CFB00285DD102238DF82B
:100D9000083002A86B7A8DF80A30FFF739FDAB7A7C
:100DA0008DF81D309DF811308DF81E309DF81230F1
:100DB0008DF81F309DF810308DF82030EB7A8DF8CB
:100DC00021302B7B8DF822306B7B8DF82330102364
:100DD0008DF81C608DF824303A4E8DF82C000DF102
:100DE00002030A93072332688DF82D30ADF83430B2
:100DF0002B680C9206930DF1120204AB0DF1110158
:100E000006A800F017FB072805460BD130680C2216
:100E1000002100F5587001F009FB3368BDF802208D
:100E2000A3F860239DF811308AF800309DF8123045
:100E300089F800309DF8103088F80030189B28465B
:100E40001C700FB0BDE8F08F9DF81330BDF8147022
:100E5000ADF802702044C4B2F3B917B3194A0020A8
:100E60001168072602464FF00C0C062B1BD10CFB19
:100E700000FE51F80EE0BEF1000F04D00BFA00F2B4
:100E80003A4397B2012201301028EED1002A3FF4F4
:100E900073AFADF802706FE75A1E042A01D9062B12
:100EA000DCD0062668E747FA00FE1EF0010FEAD004
:100EB0000CFB00FE51F80EE0BEF1000F08BF062645
:100EC000E1E700BF60E9002038B505464068FFF75C
:100ED00061FC0722841D002195F90000E4B200F0B6
:100EE000BAF908B904F0FD0495F9010007220021C0
:100EF00000F0B1F908B904F0FB04204638BD002029
:100F00007047000010B503780F2B044618D84068CE
:100F1000FFF740FC22780B4902EB42020968831C70
:100F200001EB820051F82220DBB21AB903F0FD0375
:100F300058B210BD032B06BF626842600223F7E778
:100F40000020F6E760E90020022070472DE9F0411B
:100F50003A4D0446286896B00E46904600211F463A
:100F60000122032300F55870CDE90411CDE90611E3
:100F70008DF80C108DF80D10ADF80E3000F08DF9D5
:100F800030B92A68B2F8603343F00303A2F8603343
:100F90002A68637A8DF8203002F55871CDE909127C
:100FA000274A94F9083012680B921022ADF83020CD
:100FB0000DF10E020D9222680E9262680F92D4E932
:100FC0000301A27A8DF8402001228DF8412011AA58
:100FD00082E80300227DE18A8DF8213018468DF8E1
:100FE0004C20FFF7EBFB08AB15930DF10D031490AC
:100FF0000093CDF8048003AB04AA39460EA800F094
:101000000BFB044678B99DF80C10013901F0DEF9AC
:1010100000F158030DEB030010F8483C33702046F4
:1010200016B0BDE8F0810C2801BF2A68B2F8603321
:1010300043F00303A2F86033F1E700BF60E900204A
:101040005CE90020F8B50679012E054648D90F2E37
:1010500048D80368187A40F303000722002140B201
:1010600000F0F9F82B680446187A40F303100722C1
:10107000002140B200F0EFF8B8B1B4FA84F464098A
:1010800029680B7A086843F3030243F303135BB246
:1010900052B29A42C8BF0124FFF77CFB80F00103E3
:1010A000DBB224B10533D8B2F8BD0124E8E7DBB9DF
:1010B0000E4F29683B6806EB460003EB80000C22CC
:1010C00001F0A0F93A680C2303FB062320465C726A
:1010D000B2F860130123B3400B43A2F86033E3E797
:1010E0000620E1E70320DFE70420DDE760E90020D8
:1010F00010B4017801290ED9084B18680C234B4312
:10110000C4180022C250C4E9012200F5587010BC76
:10111000102200F0A9B8002010BC704760E9002040
:101120002DE9F04186B050238DF81430037A102B4E
:10113000074630D14368DD7B6DBB0224A846642698
:10114000062C14D87A68535D03932A44517843EAF5
:1011500001230393927843EA02437343CDE90338B2
:1011600063B968468DF80040FFF7C2FF0DE0CDF887
:101170000C808DF81480CDF81080F2E703AB01A845
:1011800001938DF80840FFF75DFF0134E4B2102CA5
:1011900005F10305D4D106B0BDE8F0811FB50268A2
:1011A0000379116849B901A88DF80430FFF7A0FF51
:1011B00078B1032005B05DF804FB02A802928DF817
:1011C0000C30FFF73FFF042805D0052805D0002884
:1011D000EFD00020EEE70220ECE70120EAE7000074
:1011E000C90020B9034B0B449856C0B27047024B5C
:1011F000F9E700BF05960108C5950108F0B59A42C8
:10120000069D03DB9DF914309A4220DD0020F0BDDD
:1012100003EB430331F814C005EB830300264CFABB
:1012200006F7FF0707D51F7A07F00F0E964502DC79
:10123000B2EB171F0DDD0136102E03F10C03EED1BA
:101240000134E4B22301DBB29842E1D8DEE70024A6
:10125000F8E70120DBE7884204DB9042CCBF0020A6
:10126000012070470020704710B51409B4EB111F1E
:1012700003464FEA11100ED391420CD202B201F094
:101280000F0133F81240012000FA01F124EA0101B4
:1012900023F8121010BD0020FCE7F0B528B100EBD8
:1012A000410501270020914200D3F0BD002435F80C
:1012B00002CB234607FA04F636EA0C0608BF0133D0
:1012C00004F1010408BFDBB2102CF3D11844013142
:1012D000C0B2C9B2E7E710B500B149B910BD31F8E5
:1012E000134020F813400133DCB2A242F7D8F5E7EF
:1012F0000023F9E782B0019303885AB9642B38BF01
:101300006423C26859438A428CBF521A0022C260C9
:1013100002B07047012B38BF0123F2E72DE9F74FE8
:101320000C4692469846064603F0DAFA304FDFF84C
:10133000C4B00190182313FB0A4A00254FF0FF396F
:10134000544507D1002D14BF48464FF0FF3003B07D
:10135000BDE8F08F606803F0CDFA0D9B228876BB64
:101360002549642A49F6AF2C38BF6422634598BFEB
:10137000394621616EBBB3F5616F2AD3DFF87CC0BB
:1013800049F6AF2E734588BFDC46604504D2A3689A
:101390009C4501D163681BB9019BE160C4E9013C34
:1013A0000F9B5A43E368934203D8B8F1000F12D160
:1013B0008EB1012323751D44EDB21834C0E7B8F196
:1013C000000F04D0012A38BF01223946D1E7E76077
:1013D000F8E7BC46D9E700238A422375EDD2A2681C
:1013E000824228BF131A994528BF99460135E3E781
:1013F00080EE3600809B820770460D00803F5C02C5
:101400000378032B14D1437803F00F021B098A7071
:101410004B7083788B80C27843EA02238B800379F8
:10142000C3F3021203F00F03CA700B70052070475C
:10143000002070472DE9F3479A464379057990F9E2
:1014400007609146044690F906208846D3B190F98A
:101450000870002D37D00F2A1BD194F909200F2EC8
:1014600027D194F90A00072D02D1002F08BF0127C8
:1014700088F8002089F8000028468AF8007002B039
:10148000BDE8F08790F90B7090F9092090F90A6097
:10149000DFE7A369019394F91530009394F91430B0
:1014A0002169207BFFF7AAFE0028D8D105F0FD05B1
:1014B000D5E794F91D00B042D5DC94F91C30B34255
:1014C00003DA05F0FB053046D2E73046CBE70000F3
:1014D000024B03FA00F0B0FBF1F0704740420F00FE
:1014E0004FF4FA53B3FBF0F0704730B54FF47A7510
:1014F0000C1F6A4300FB042252001EBF00F1FF34A0
:101500001219B2FBF0F2914238BF1146039A1160F2
:10151000820048431CBF013040084FF47A71121A10
:1015200001FB1323002BCABF03F2E73393FBF1F156
:10153000B3FBF1F1049B196030BD38B5400014468F
:101540000D46EFF70FFC01462846EFF759FB214601
:10155000EFF756FBEEF7D0FF07F036F9EFF7D4FAC6
:1015600040B238BD2DE9F74F019300239C469E46BB
:10157000048A1E01F6B2B44246D906EB46054FEA8C
:101580004309AD000024476837F809702741FF0779
:1015900029D5876807EB050A7F5927B3077837B93C
:1015A000476927B137F809702741FF071BD59AF81B
:1015B000087090F901B047F303084FFA88F8D8454E
:1015C00011DC47F303177FB25F450CDB9AF8097013
:1015D00007EB4708C76807EBC8073F7D5FB90CF109
:1015E000010C5FFA8CFC0134102C05F10C05CAD1FA
:1015F0000133DBB2BCE70EF1010706EB040801F88A
:101600000E805FFA87FEEEE7019B82F800E083F828
:1016100000C003B0BDE8F08F2DE9FF4704464068E5
:10162000DDE90C671D468A46914603F063F923689D
:101630001B1A3B604FF000080123337085F80080CF
:10164000636813B12368834224D8D4F81CC0CAF855
:101650000080A3699CF800E00393D4E9030101AB87
:1016600083E80300237D0093DCF80C10237A627A70
:101670007046FFF753FE334638602A46E069494614
:10168000FFF770FF2B782BB1C7F80080002004B063
:10169000BDE8F0873378002B0CBF0C200B20F6E759
:1016A00037B590F9002090F90250954204460FD0CA
:1016B000013A52B295420BD0A368019394F90130DC
:1016C00000936168E0782B46FFF798FD0028EFD083
:1016D000104603B030BD8842B8BF084670470000CE
:1016E00051F82000054B984205D0054BC31A5842CB
:1016F0005841400070470120704700BF90D0030060
:1017000020A1070005281FB50ED80C4B53F8203038
:101710000093CDE901120A4B01220021022002F0C0
:1017200035FE05B05DF804FBCDE90012054B012242
:101730000021022002F02AFEF3E700BFF096010824
:1017400088960108A796010807B5054BCDE9000169
:1017500001220021022002F019FE03B05DF804FB13
:10176000C396010810B5102204460021F13000F0A4
:101770005DFE0021C4F814112046F022BDE810409F
:1017800000F054BE02460846102100F0A5B92DE92C
:10179000F0430446D0F8140185B00E46154604F215
:1017A000011988B3C0F110089045474628BF174675
:1017B000BAB2484400F026FED4F814313B440F2B53
:1017C000C4F814312DD9A8452BD204F1F00304F547
:1017D000807113F8012F187C8B4282EA00021A7084
:1017E000F7D104F1F10810224146684600F00AFEE4
:1017F00022466946684600F0F1F9102269464046E3
:1018000000F000FE3E44ED1B04F5807804F1F10782
:10181000102D09D8AAB23146484600F0F3FDC4F8AD
:10182000145105B0BDE8F08304F1F003711E13F804
:10183000012F11F8010F434582EA00021A70F6D118
:1018400010223946684600F0DDFD224669466846AA
:1018500000F0C4F910226946384600F0D3FD103676
:10186000103DD5E7F0B589B00C46102200210546A1
:10187000684600F0DBFD22466946684600F0AEF996
:101880009DF90030002B6A464FF0000143DA1378CF
:1018900012F8010F01315B0043EAD0130F2902F85F
:1018A000013CF4D19DF80F305B0083F08703D4F83E
:1018B0001401DBB210288DF80F303BD104F5807392
:1018C000694604F5887013F8016F11F8012B9842EE
:1018D00082EA06021A70F6D104F1F00304F5807171
:1018E00013F8012F187C8B4282EA00021A70F7D19C
:1018F00010220DEB020004F1F10100F083FD2246FD
:10190000294604A800F06AF910220021684600F078
:101910008DFD09B0F0BD137812F8010F01315B00A5
:1019200043EAD0130F2902F8013CF4D19DF80F309F
:101930005B00BCE79DF90030002B6A464FF00001C8
:1019400037DA137812F8016F01315B0043EAD613DE
:101950000F2902F8013CF4D19DF80F305B0083F0B1
:101960008703471CDBB28DF80F30102F04EB000308
:10197000C0F10F064FF0800288BF002600F581708D
:1019800083F801210021324620443E4404F075FFD3
:10199000C4F8146104F58073694604F5887013F87F
:1019A000016F11F8012B984282EA06021A70F6D1F3
:1019B00092E7137812F8016F01315B0043EAD61306
:1019C0000F2902F8013CF4D19DF80F305B00C8E705
:1019D0000A780378534003704A7843785340437041
:1019E0008A78837853408370CA78C3785340C37031
:1019F0000A790379534003714A794379534043711B
:101A00008A79837953408371CA79C3795340C3710A
:101A10000A7A037A534003724A7A437A53404372F4
:101A20008A7A837A53408372CA7AC37A5340C372E4
:101A30000A7B037B534003734A7B437B53404373CE
:101A40008A7B837B53408373CA7BC37B5340C373BE
:101A5000704710B50B7814786340037054784B7856
:101A60006340437094788B7863408370D478CB78EC
:101A70006340C37014790B796340037154794B79D7
:101A80006340437194798B7963408371D479CB79C6
:101A90006340C371147A0B7A63400372547A4B7AB1
:101AA000634043728B7A947A63408372D47ACB7AA0
:101AB0006340C372147B0B7B63400373547B4B7B8B
:101AC00063404373947B8B7B63408373CB7BD27B7C
:101AD0005340C37310BD0000A1F11003DBB2102B03
:101AE0002DE9F047044604D83A4820FA03F3DB070F
:101AF00005D4002382F8F030FF20BDE8F087561EA1
:101B0000254615F8013B06F8013F631B0B4413F013
:101B1000FF00F6D101F11C039B005FFA83FCC3F3C5
:101B20000313013BDFF8B09082F8F0308846531879
:101B30004FF0010EB8FBF1FA01FB1A8A1AF0FF0A06
:101B400013F8047C13F8036C13F8025C13F8014CCF
:101B500030D119F806A019F8056019F8045019F8E1
:101B600007404FEADE1707EB47078EEA0A0A07EB42
:101B7000C7074FEA4E0EFFB25FFA8EFE87EA0E0EDF
:101B8000574692F800A087EA0A071F7057787E40F0
:101B90005E70967875409D70D57808F104085FFAFC
:101BA00088F86C40C445DC7002F1040203F10403C0
:101BB000C0D8A2E71829E4D9BAF1100FE1D1DFF8B3
:101BC00018A01AF807701AF806601AF805501AF8E3
:101BD0000440D6E701010100089901082DE9F04F02
:101BE000A3B092F8F0301D911B920193002B00F0EE
:101BF000538101461EA8FFF72CFF1B9BA74CA84D45
:101C0000A84E10330293002303939DF87C000490A8
:101C10009DF886000590205C06909DF87B0007905B
:101C2000205C089004989DF881C0205C099014F80D
:101C30000C000A909DF880000B909DF885009DF89F
:101C400078809DF87DE09DF882A09DF887900C90AB
:101C50009DF87A00029B1C9314F80A2014F80930AE
:101C600014F8081014F80E700D90205C0E909DF87A
:101C70007F000F90205C10900B98205C11900C98C6
:101C8000205C12909DF8840013909DF879001490C8
:101C90009DF87E001590205C16909DF883001790AB
:101CA000205C18901398205C19901498205C1A906E
:101CB0000398013003900298DDF804B010300290D0
:101CC0009DF80C00834536D88DF878108DF87A2071
:101CD00009990E9A8DF87C108DF882201199069A38
:101CE0008DF880108DF87E201999169A8DF8841041
:101CF0008DF886200A99189A8DF87D108DF8872026
:101D00001299109A8DF87B301B9B8DF881108DF8FD
:101D100083201A99089A1D988DF885108DF87F20D8
:101D20001EA903EB0B128DF87970FFF792FE0020CD
:101D300023B0BDE8F08F15F808B082EA03008BEA03
:101D4000000016F80EB080EA0B008DF8780015F848
:101D50000E004B40434016F80A0043408DF879309E
:101D600081EA070315F80A10594016F8093059405E
:101D700016F808308DF87A107A40534015F809208B
:101D800053408DF87B30089A069B5340049AAA5C16
:101D9000534016F80C2053408DF87C30DDE90832B2
:101DA0005A4015F80C305340059AB25C53408DF8F8
:101DB0007D30DDE909325A40059BEB5C5340079AC0
:101DC000B25C53408DF87E30069B0A9A5340049AC9
:101DD000B25C5A40079BEB5C5A408DF87F200E9B0B
:101DE000109A53400B9AAA5C53400C9AB25C534031
:101DF0008DF88030DDE910325A400C9BEB5C53408B
:101E00000D9AB25C53408DF88130DDE911325A40B1
:101E10000D9BEB5C53400F9AB25C53408DF88230BF
:101E2000129A0E9B53400B9AB25C5A400F9BEB5C8C
:101E30001C995A408DF88320169B189A5340139A88
:101E4000AA5C5340149AB25C53408DF88430DDE9AB
:101E500018325A40149BEB5C5340159AB25C5340C5
:101E60008DF88530DDE919325A40159BEB5C534003
:101E7000179AB25C53408DF886301A9A169B5340DD
:101E8000139AB25C5340179AAA5C1EA853408DF86F
:101E90008730FFF79DFDB8E6FF2049E70899010864
:101EA000089801080897010808B538B1044A05499F
:101EB0001060D82200F0A6FA002008BD0220FCE73E
:101EC00064E90020043202080A4B1A6870B5002346
:101ED00002F1180503EB03142E5D864204D1183479
:101EE00022440A60002070BD01330B2BF2D1032085
:101EF000F9E700BF64E900202DE9F041CCB00646C7
:101F0000DDF8488117461C460D4631B3B8F1000F85
:101F100023D006A8FFF726FC204601A9FFF7D4FF2F
:101F20000446B0B9019906A80131FFF72BFC26B190
:101F30001022314606A8FFF72AFC3A46294606A891
:101F4000FFF725FC06A902A8FFF78CFC029BC8F846
:101F5000003020464CB0BDE8F0810224F9E70000D3
:101F600030B595B013A90446FFF7AEFF002830D175
:101F70001B4B0C2101FB00F2D5189A5CA2422AD11E
:101F8000139B1A7C1092DA7B0F929A7B0E925A7BEB
:101F90000D921A7B0C92DA7A0B929A7A0A925A7AFA
:101FA00009921A7A0892DA7907929A7906925A79FE
:101FB00005921A790492DA7803929A7802925B7801
:101FC00001930022AB6800931146064B022002F0F9
:101FD000DDF915B030BD01300B28CBD1F9E700BFDA
:101FE000809B0108089A010810B40B2B019C03D8B0
:101FF000019410BCFFF780BF032010BC704730B5C0
:102000000D4685B01446014668B103AA002000922F
:102010002A460390FFF770FF18B90398001B18BFFA
:10202000012005B030BD0220FBE72DE9F0430D464D
:10203000BFB014469946804620B31BB311F00F0180
:1020400022D1F02201A800F0F1F920466946FFF7FD
:102050003BFF044648B9009801AA10210130FFF760
:102060003BFD2E46AF1BFFB21EB920463FB0BDE878
:10207000F08301AA09EB070108EB0700FFF7AEFDAB
:10208000103EEFE70224F0E70524EEE7F0B5184E26
:102090003468024685B00846002304F1180103EBBA
:1020A00003154F5D97421ED10D2A05F1190513D175
:1020B0000023CDE90033CDE902330C2210216B4619
:1020C000FFF7B3FF0446306810226946284400F049
:1020D00099F9204605B0F0BD01461022601900F0C4
:1020E00091F90024F5E701330B2BD8D10324F0E755
:1020F00064E9002009B1FFF7C9BF022070471FB58E
:102100001446A0B10C2A01D10B2912D10023CDE92C
:102110000033CDE902330A466B461021FFF785FFF5
:1021200018B969462046FFF7B1FF04B010BD022080
:10213000FBE70320F9E7F8B51E46DDE907479DF800
:1021400018505BB354B34FB3212D29D819462A46F2
:10215000204600F057F90122631C691EB018FFF7F2
:1021600064FFF8B9E37ADB093B70EBB963192046E9
:1021700013F8012C13F8021C120642EA014213F86C
:10218000041C0A4313F8031C012342EA0122291FFD
:10219000FFF735FF003818BF0120F8BD0220FCE72B
:1021A0000520FAE70720F8E70420F6E708B501461E
:1021B00030B1044B0822186800F024F9002008BD53
:1021C0000220FCE764E9002008B530B1044B082286
:1021D000196800F017F9002008BD0220FCE700BFD5
:1021E00064E900207FB5124E0023044602A8019343
:1021F0000D46FFF7E9FF33685B6901936CB102AAF2
:10220000082312F8011B41B9013B13F0FF03F8D179
:1022100002A8A04702A8FFF7C9FF35B1019B23B967
:1022200001A8A8473368019A5A61002004B070BD24
:1022300064E9002008B5014638B1054B186808224A
:10224000104400F0DFF8002008BD0220FCE700BFCA
:1022500064E9002008B538B1044B1968082211441C
:1022600000F0D0F8002008BD0220FCE764E900205F
:10227000034B1B6802280CBF19615961002070478D
:1022800064E9002049B1064B1B68D3E90423022806
:1022900008BF13460B60002070470220704700BF44
:1022A00064E9002030B58FB0002405460CA80994DD
:1022B000FFF78AFF9DF8373007939DF83630069375
:1022C0009DF8353005939DF8343004939DF83330F4
:1022D00003939DF8323002939DF8313001939DF8BD
:1022E00030300093224621461E4B022002F04EF869
:1022F0000AA8FFF7AFFF9DF82F3007939DF82E3007
:1023000006939DF82D3005939DF82C3004939DF88D
:102310002B3003939DF82A3002939DF829300193C6
:102320009DF82830009322460F4B2146022002F0F0
:102330002DF809A92846FFF7A5FF9DF8243003933F
:102340009DF8253002939DF8263001939DF82730A3
:1023500000932246054B2146022002F017F80FB0E9
:1023600030BD00BF649A0108A29A0108E09A0108F2
:1023700008B50020FFF7F4FD0120FFF7F1FD09206B
:10238000FFF7EEFD0820FFF7EBFD0020FFF78AFFC7
:10239000002008BD10B504460B20FFF7E1FD0C201E
:1023A000FFF7DEFD0920FFF7DBFD0820FFF7D8FD72
:1023B0000A20FFF7D5FD2046FFF774FF002010BD6F
:1023C000014B1860704700BF2CB000200B4A30B59D
:1023D00014680B4D43F2390305FB04331360091AEB
:1023E0006FF00042B3FBF2F2C2EBC27201319B1AF2
:1023F00093FBF1F201FB1233184430BD2CB00020E6
:102400006D4EC64101380A44914200D1704711F81F
:10241000013B00F8013FF7E710440A44914200D124
:10242000704711F8013B00F8013DF7E704F025BAC9
:1024300030B530B10A4D01444FF0FF33814201D134
:10244000D84330BD10F8012B5340082243F3000459
:10245000013A2C4092B284EA5303002AF6D1EDE708
:102460002083B8ED01207047034B1B6813B15B68F4
:1024700003B11847704700BFF4E90020034B1B6805
:1024800013B1DB6803B11847704700BFF4E90020BF
:10249000012070470120704701F01EB901F008B912
:1024A00010B501F0F3FD0E21044640F61F1001F0B7
:1024B000FFF82046012101F0D3FDBDE8104001F0F6
:1024C000B1BA000070B50C4E01EB40030D46B36588
:1024D0004FF6FF71002304461A46084601F038FB08
:1024E00096F85600002101F0BBFD29462046BDE8C4
:1024F000704001F06FBA00BF98E9002010B50446A3
:1025000001F084FE012818D101F088FE34B1104892
:10251000214602F0B1FA0E4802F074FA0D4C002187
:1025200094F85600A16501F09BFD63786BB16FF0E4
:102530007F40BDE8104001F031BA002340F2622133
:102540001A46084601F004FBE0E7A0688001F0E7C6
:1025500068E9002098E90020002001F09FB9000000
:1025600008B501F09FF80438C0B2032896BF024BAB
:102570000020185C08BD00BF629C010808B501F08E
:102580009AFD033008BD01F029B901F0E9B808B59A
:1025900001F0E0FC08BD000038B50D46144601F01E
:1025A0003DFB284601F072FD0E21054640F61F1046
:1025B00001F07EF828460121074D01F051FD01F0A0
:1025C00031FA4FF47A716143284602F055FA2846F1
:1025D000BDE8384002F016BA80E9002001F01EBBC9
:1025E00008B5084B002193F8560001F039FD00238F
:1025F0004FF4C0711A46084601F0AAFABDE8084037
:1026000001F004BA98E9002010B5044601F0FEFD7F
:10261000012818D101F002FE34B11048214602F021
:102620002BFA0E4802F0EEF90D4C002194F85600FA
:10263000A16501F015FD63786BB16FF07F40BDE8D7
:10264000104001F061B9002340F262211A460846A9
:1026500001F07EFAE0E7A0688001F0E768E9002079
:1026600098E9002008B54FF0040001F0FDF8BDE83E
:1026700008400220F2F77CB908B500231A46194633
:10268000184601F065FABDE8084001F053B90000B2
:102690001D4B73B51D4D186000241D486C70C5E9B5
:1026A0000144AC6501F07EFAAC8101F0E9F9214604
:1026B000204601F031FC21460422012001F0E2FA1B
:1026C000144E154D4FF6FF7123462246084601F081
:1026D0003FFAFFF7C7FF2246104B00944FF0FF313F
:1026E000304602F0E3F80E4B009422464FF0FF31E3
:1026F000284602F0DBF8304602F036F9284602B0F0
:10270000BDE8704002F030B9F4E9002098E90020FB
:102710009536010880E9002068E900206924010855
:102720007D2401080128084805D1084BC17719709C
:102730000E3001F08DBB437D012B03D1034B81751E
:102740001970F5E7704700BF98E9002030B000200D
:102750000D4B10B5044618735873012000F016F89D
:102760005CB134214FF4E86000F0A2FF4421BDE8E1
:10277000104040F2417000F09BBF14214FF4E8601C
:1027800000F096FF2421F2E798E9002038B5114CBB
:102790000546207001F047FD052D04D8DFE805F05F
:1027A000090B03171709032001F056FA002363737E
:1027B00038BD0020F8E7012001F04EFA207B637B52
:1027C0008342F5D06073BDE83840FFF7C1BF0220F7
:1027D000EAE700BF98E900202DE9F0431E4687B0E4
:1027E00000230546CDE901330C46174601F00DFDE7
:1027F000032D5BD8DFE815F07A00C1000C0104005E
:10280000A27C082A69D8A16801A801F0C5FE216848
:10281000002962D042F210729142E37C874D50D879
:102820000322AA7385F83820E96385F844304FF015
:1028300002086368A17DDB002B820423AB74A37CB8
:10284000DB00EB7402294FF000032B75637D02D08F
:10285000227D022A46D103F10F02D2B2012A01D908
:10286000012B3AD1764B774A196803944FF001094E
:1028700003A88DF8149001F0C5FC70BB287685F88C
:1028800017906875FFF768FE4046FFF77FFF6E48B8
:1028900001F072FA6D4801F0DBFA01A800F070FF58
:1028A000208A00F041FFA08900F086FF384601F041
:1028B000EDFB624C84F8560001F0ACFC6660002031
:1028C0000DE04FF00008E963890885F80E8085F86F
:1028D000388085F844302964ABE74FF0FF3007B00B
:1028E000BDE8F083EB7529766A75CBE72368002B8A
:1028F000F3D0A27C082AF0D8504DA16801A801F0BD
:102900004BFE002385F838302268EA63E27C85F8C4
:102910004420A269AB732A646268D2002A8204222E
:10292000AA74A27C2B75D200EA74A27D022A02D07E
:10293000237D022B1CD1627D02F10F03DBB2012B40
:1029400001D9012AC9D13E4B3E4A196803944FF080
:10295000010803A88DF8148001F054FC0028BCD1B4
:10296000287685F817806875FFF7F6FD00208CE75C
:10297000617DE9752A766B75F6E7304D012185F8A2
:102980003810227885F85020637885F85130A37884
:1029900085F85230E3788B4202D0022B03D03BB94A
:1029A00085F8533004E00B3A012A29D885F85310F2
:1029B0004FF0010885F80E80A388AB83A379AB772D
:1029C000E37985F82030237A85F82130FFF7C4FDBC
:1029D0004046FFF7DBFE1C4801F0CEF91B4801F032
:1029E00037FA95F85130062B40F689000AD100F0ED
:1029F00073FE00F0FB0140F6890000F059FE55E738
:102A00000023CDE700F068FE40F00401C9B2F2E710
:102A10002368013BB3F57A7FBFF45FAF0320FFF774
:102A2000B5FE0648022380F83830236883641623F5
:102A300080F84C30383001F09FF937E798E90020F2
:102A4000F4E9002080E90020D0E90020A6E9002078
:102A5000F0B51E4687B00023CDE901331446074682
:102A60000D4601F0D2FB002C724C16BF012300234F
:102A70000026637027B1012F7AD0002007B0F0BD87
:102A8000AB68002B00F0D380EB68002B00F0CF8008
:102A9000AA7F082A00F2CB80296901A801F07CFDF9
:102AA0002868003818BF012000F0C6FF84F838708D
:102AB000AB68E36395F8203084F84430686801F02F
:102AC00047FBA77384F84500EB68DB002382EB7FAC
:102AD000A374AB7FDB00E37495F82130237595F880
:102AE0002230002B3ED12A7D95F82410A2750229B0
:102AF00095F8232001D0022B36D102F10F03DBB26F
:102B0000012B02D9012A40F0928000238DF8143065
:102B1000494B4A4A1968049503A801F073FB002841
:102B200040F0858001232076E3756075FFF714FD82
:102B30000020FFF72BFE424801F01EF9414801F04A
:102B400087F901A800F01CFEA88B00F0EDFD288B92
:102B500000F032FE4FF4FA53AA687343B3FBF2F36A
:102B6000A3608AE7FF22BFE7E27521766375DDE7A0
:102B70002B8E002B5BD095F83230A86A012B0CBF4E
:102B800095F83370FF27003818BF012000F054FF7C
:102B9000F0B200F05DFF012184F8381095F82C2088
:102BA00084F8502095F82D3084F8513095F82E3067
:102BB00084F8523095F82F308B4202D0022B03D08C
:102BC0003BB984F8533004E00B3A012A27D884F843
:102BD00053102B8EA38395F83230A3770126AB8E4A
:102BE0002384A673E777FFF7B7FC3046FFF7CEFDE7
:102BF000134801F0C1F8134801F02AF994F8213084
:102C0000B34240F236700CD100F066FD00F0FB01DB
:102C100040F2367000F04CFD4FF6FF73A0E7002342
:102C2000CFE700F059FD40F00401C9B2F0E74FF0E2
:102C3000FF3023E798E90020F4E9002068E900204C
:102C4000D0E90020A6E900202DE9F04F85B08246AA
:102C50000E9DBDF840809DF844709DF8489001910C
:102C600093461E4601F0D1FABAF1010F524C54D0EE
:102C7000BAF1040F00F09180BAF1000F3AD10B22A3
:102C8000304684F8442084F838A0E56301F060FA07
:102C90004FEAC803B9F1000F238241F604036382AF
:102CA0000CBF0123F223E37587F00107012323768C
:102CB00084F84500C4F840B084F80EA084F814A04D
:102CC0006775FFF749FC5046FFF760FD04F13800D7
:102CD00001F052F804F10E0001F0BAF8374A10681A
:102CE000516802AB03C302A800F04AFD40F2FF1096
:102CF00000F01AFD019801F0C9F90E2184F8560080
:102D000040F61F1000F0D4FC94F8560001F082FA4F
:102D1000169B636005B0BDE8F08F294984F838A0A0
:102D2000EAB2895D84F8502076BB0B3D012D8CBF43
:102D300000250125053A012A04D8B8F10C0F38BF47
:102D40004FF00C081F4B9DF83C201B7884F8535023
:102D5000E37701259DF8543084F8511084F852200F
:102D600084F82130A573A4F81C80A77784F82090FC
:102D7000FFF7F2FB2846FFF709FD134800F0FCFFC0
:102D8000124801F065F8B5E7012E04D1A5F10C0356
:102D90005D425D41CEE70025CCE75046FFF7F6FCEB
:102DA000022384F8383004F138001623A56484F82F
:102DB0004C3000F0E1FF9DE798E9002030890108E0
:102DC000949C010830B00020D0E90020A6E9002042
:102DD0002DE9F04F87B0DFF8B4B29DF864A09DF8FC
:102DE0004C90029314469DF854309DF85020BDF845
:102DF0004880039205468BF801A0BDF8446001931A
:102E00000F4601F002FABAF1000F18BF4FF00008A8
:102E1000DFF87CA2039AB9F1000F08BFFF22012D51
:102E20008AF8002000F0C880052D48D0002D40F021
:102E3000C080284600F000FE0B2238468BF8442064
:102E40008BF83850CBF83C4001F082F9019B8BF8AD
:102E5000450041F60402002BABF812209AF800203E
:102E60008BF816200CBF0122F2228BF81720F600F7
:102E7000012289F001098BF818208BF80E50ABF86D
:102E800010608BF814508BF81590FFF765FB2846FF
:102E9000FFF77CFC0BF1380000F06EFF0BF10E0029
:102EA00000F0D6FF7B490868496804AA03C204A859
:102EB00000F066FC40F2FF1000F036FC71E00120EB
:102EC00000F0BAFD09224FF000098BF84420384683
:102ED0004FF44872CBF840208BF83890CBF83C4048
:102EE00001F036F94FF48052ABF812209AF8002026
:102EF0008BF845008BF8162028460122F6008BF847
:102F000017208BF80E90ABF81060ABF814908BF88C
:102F10001890FFF73BFC0BF1380000F02DFF0BF190
:102F20000E0000F095FF5B498868C96804AA03C2D7
:102F300004A800F025FC40F2FF1000F0F5FB40F67D
:102F4000B80000F0C9FB00F0EF0140F6B80000F057
:102F5000AFFB042140F6B90000F0AAFB40F69B004D
:102F600000F0BAFB00F0E30141F0080140F69B00DD
:102F700000F09EFB40F2D16000F0AEFB40F0180183
:102F8000C9B240F2D16000F093FB40F2AC6000F0B7
:102F9000A3FB00F08F0141F0500140F2AC6000F063
:102FA00087FB4FF4FA5202FB08F2B2FBF4F2CBF8C3
:102FB000082007B0BDE8F08F002000F03DFD364945
:102FC0008BF83850E2B2C95D8BF85020002F4DD1FC
:102FD0000B3C012C8CBF00240124053A012A02D8A5
:102FE0000C2E38BF0C26029B9AF800208BF852302A
:102FF0008BF85340019B8BF81F2001249DF8602023
:103000008BF821208BF851108BF820308BF80E4074
:10301000ABF81C608BF81E90FFF79EFA2046FFF776
:10302000B5FB1E4800F0A8FE1D4800F011FF5FFA36
:1030300088F000F00DFD40F6A30000F04DFB00EA23
:10304000040140F6A30000F033FB9BF82120A242CC
:1030500040F2367013D100F03FFB00F0FB0140F26C
:10306000367000F025FB4FF6FF72A0E7012F04D168
:10307000A4F10C035C425C41AFE70024ADE700F033
:103080002BFB40F00401C9B2E9E700BF98E900203A
:1030900030B0002030890108949C0108D0E900205C
:1030A000A6E90020F0B58BB00D46044617461E4633
:1030B000FFF752FA0020FFF769FB204600F0AEFD53
:1030C00000240123CDE9084303234FF41672294657
:1030D0002046CDE90644CDE90444CDE90244CDE9DA
:1030E00000532346FFF774FE2046FFF78DFAFFF7E3
:1030F00045FAF1F73DFC01F0F3FB0446204601F0F0
:10310000F9FBB04205D30124FFF726FA20460BB0A5
:10311000F0BD00F01FFF8742F0DA0024F4E7000062
:10312000F7B50023664D0C4640F201211A460646CB
:10313000084600F00DFD95F85600012100F090FFC3
:103140002B78012B40F6890013D195F85130062BCE
:103150000FD100F0C1FA00F0FB0140F6890000F049
:10316000A7FA2B78042B6CD8DFE803F0524B527F80
:10317000090000F0B1FA40F00401C9B2EDE7514A8C
:10318000731E1046C6F101074FF0000CF9188C426F
:103190006FDC0022E7001346BA4271D19A0142EA7D
:1031A000C3125B0183F020031343661C0355F6B280
:1031B00002234548AB73AE7600F04AFE0021F120B1
:1031C00000F076FA0021F02000F072FAAB6C642B6C
:1031D00070D17021F32000F06BFA1D21F22000F075
:1031E00067FAE1008C1CF420090A00F061FA04F08F
:1031F000FE01F52000F05CFA32486FF07F42314664
:103200001DE0EC77304800F023FE0022214615E057
:1032100000F0FCFF0128074625D121460DF10702E9
:10322000304600F0F8FF0446A0B99DF80730264864
:10323000AB7500F00DFE9DF807102246304600F0F9
:1032400059FB6968214801F017FC204801F0DAFBBE
:10325000002006E01E4B3A460021022001F096F8BD
:10326000032003B0F0BDAC75CCE70223AB73AC76A2
:10327000C8E713F8011FC943197002F801CB85E7AD
:10328000D1106FEA020C715C0CF0070C013241FAAC
:103290000CF101F001014FEAE20C4B40D14310F870
:1032A0000CE001F0070103FA01F141EA0E0100F818
:1032B0000C1071E7E121F32000F0FAF904218DE709
:1032C00098E90020F8E90020A6E9002080E9002024
:1032D000049C0108F0B5BDF814409DF818709DF8E5
:1032E0001CE09DF8205040B1012814D00122002399
:1032F00098180138B0FBF2F0F0BD87F00107E30049
:1033000003EBC70318330EEB450503EBC5034FF47E
:103310007A714B43ECE7501F012803F1040302D8F4
:103320000C2C38BF0C24D1B9A2F10B0CBCF1010F4D
:103330008CBF4FF0000C4FF0010C2801002F00EB68
:10334000CE000CBF14250025A0EB8200062A4FEA10
:1033500082062844A2F102070DD8354610E0012963
:1033600006D1A2F10C00D0F1000C4CEB000CE4E70C
:103370004FF0000CE1E70830BCF1000FEDD0BD00CC
:103380000028ACBF2E182E1C701E90FBF5F003FB1E
:103390000044094B062A5A5C8CBF0C340E340A2AAE
:1033A00009D8A30001334FF47A71BB404B43034962
:1033B00051F822209CE7FFDE949C0108689C0108DC
:1033C00008B5094B012193F8560000F049FE4FF46F
:1033D000D7602D2100F06CF900F029FBBDE8084012
:1033E000024800F071BA00BF98E90020FFFF0F000B
:1033F00073B59C4CB4F854300025202B8DF8035045
:10340000019500F00A8114D8082B0DD87BB1013B3F
:10341000072B0CD8DFE813F03D0052000B00BC0076
:103420000B000B000B00EC00102B00F0EF8002B043
:1034300070BDB3F5807F00F08B8011D8402B00F079
:10344000FF80802BF3D1284600F028FA864B1B68BA
:10345000002BECD09B69002BE9D028469847E6E783
:10346000B3F5007FE3D1814B01222946022000F011
:103470008DFF00F017F9042878D17D4801F074FA27
:10348000284600F00BFA784B1B68002BCFD05B6806
:1034900010E0774801F068FA002000F0FFF900F032
:1034A000B7FE012801D100F0BCFE6F4B1B68002B5A
:1034B000BDD01B68002BBAD09847B8E76D4801F023
:1034C00053FA657895B9284600F0E8F9294640F6A0
:1034D000021000F0EDF840F6441000F0FDF840F066
:1034E0000201C9B240F6441000F0E2F8FF220DF1EB
:1034F000030161485C4D00F05DFD604800F074FD23
:103500002B68002B93D09E68002E90D094F8243026
:10351000012B08D194F9313094F930209DF8031033
:103520005548B04783E7E06B01A900F025FE019BF9
:103530009DF8031050484FF47A7203F5FA7393FB29
:10354000F2F32A685BB2956894F92920A8476EE7E0
:10355000284600F0A3F9444B1B68002B3FF467AFEB
:103560009B69002B3FF463AF012077E700F09AF8E6
:1035700005287FF45CAF3F4801F0F6F9284600F0DB
:103580008DF9394B1B68002B3FF451AFDB6891E795
:1035900000213B4B0122022000F0F8FEA16D002922
:1035A0003FF445AFC1F3074140F6031000F080F847
:1035B00094F8591040F6041000F07AF894F8581076
:1035C00040F6051000F074F840F6021000F084F8A0
:1035D00040F00101C9B240F6021000F069F8002382
:1035E00040F262211A460846A36500F0B1FA1EE7D0
:1035F000244B01220021022000F0C8FE00F006FE4C
:1036000001287FF414AF00F00DFE10E71E4B0122DD
:103610000021022000F0BAFE09E7164801F0A4F9E3
:10362000607808B900F03AF90F4B1B68002B3FF4A3
:10363000FEAEDB68002B3FF4FAAE9847134BE6E78B
:10364000134B01222946022000F0A0FE607808B941
:1036500000F024F9044B1B68002B3FF4E8AE1B6913
:1036600028E700BF98E90020F4E90020199C010830
:1036700080E9002068E90020F8E90020BCE900208A
:103680002D9C0108369C0108409C0108499C0108BA
:10369000529C0108024BA3F85400FFF7A9BE00BFDB
:1036A00098E90020014B1878704700BF06EB002016
:1036B00013B58DF80710EFF3108472B6012301469D
:1036C0000DF107020348F7F707F884F3108802B0FA
:1036D00010BD00BFD4CE002013B50146EFF3108417
:1036E00072B601230DF107020448F7F72EF884F3B0
:1036F00010889DF8070002B010BD00BFD4CE002096
:1037000010B50446F2F738F801280CD140F6231022
:10371000FFF7E2FF00F0F901214340F62310BDE876
:103720001040FFF7C5BF10BD10B50C4B1B78044609
:103730009BB94FF4D760FFF7CFFFC4F3002100F02F
:10374000FE0001434FF4D760FFF7B2FFE1B240F251
:10375000B960BDE81040FFF7ABBF10BD05EB00201E
:1037600010B51346EFF3108472B60A4601460348BB
:10377000F6F7B2FF84F3108810BD00BFD4CE00204E
:1037800008B5014608224FF4D860FFF7E9FF002092
:1037900008BD000007B5074B1B7840BAADF8040020
:1037A0002BB9022201A940F2BC60FFF7D9FF03B098
:1037B0005DF804FB05EB002007B5074B1B7840BA0A
:1037C000ADF804002BB9022201A940F2BE60FFF758
:1037D000C7FF03B05DF804FB05EB002010B51346EE
:1037E000EFF3108472B60A4601460348F6F7ADFFC0
:1037F00084F3108810BD00BFD4CE002010B513464E
:10380000EFF3108472B60A4601460348F7F791F8C1
:1038100084F3108810BD00BFD4CE00200A460146B4
:103820000020FFF7EBBF000010B51346EFF3108444
:1038300072B60A4601460348F7F7AEF884F31088DB
:1038400010BD00BFD4CE002010B51346EFF3108496
:1038500072B60A4601460348F6F7B2FF84F31088B1
:1038600010BD00BFD4CE002013B504460020F1F7F0
:1038700079FF0220FFF744FF04F0070401220DF155
:10388000070184208DF80740FFF7DEFF024B00227E
:103890001A7002B010BD00BF06EB002007B5012270
:1038A0008DF807000DF107018020FFF7CDFF9DF88F
:1038B0000730002B034B14BF022201221A7003B001
:1038C0005DF804FB06EB002007B5094B8DF80600F8
:1038D00004221A70030C8DF804300322030A01A994
:1038E00083208DF80530FFF7AFFF03B05DF804FBD0
:1038F00006EB002010B51446FFF790FF2046BDE808
:103900001040FFF7E1BF000007B5094B8DF8060036
:1039100005221A70030C8DF804300322030A01A952
:1039200082208DF80530FFF78FFF03B05DF804FBB0
:1039300006EB002073B5002640F6E2000196FFF783
:10394000CBFE00F0FE01054640F6E200FFF7B0FEB8
:1039500040F6E500FFF7C0FE00F07F01044640F6A8
:10396000E500FFF7A5FE6FF07F40FFF7CDFF0422D3
:103970000DEB020140F61900FFF730FF3046FFF76C
:103980008DFF294640F6E200FFF792FE214640F601
:10399000E500FFF78DFE019802B070BD13B50C4B2A
:1039A00004460522972140F6AC001A70FFF780FE0E
:1039B000230C8DF804300322230A01A982208DF8FC
:1039C00005308DF80640FFF73FFF02B010BD00BF85
:1039D00006EB002007B5030C8DF80030030A8DF8C4
:1039E00001300B0C49BA8DF80200ADF80410062224
:1039F000694694208DF80330FFF726FF024B06221C
:103A00001A7003B05DF804FB06EB0020002208B535
:103A10001146C520FFF718FF014B07221A7008BD99
:103A200006EB002000221146D120FFF70DBF002237
:103A30001146D220FFF708BF07B501228DF8070015
:103A40000DF107019F20FFF7FFFE03B05DF804FBB7
:103A500007B501228DF807000DF10701A020FFF73F
:103A6000F3FE9DF807103F2907D901F0F801013155
:103A7000C9B240F20670FFF71BFE03B05DF804FB0D
:103A800007B5F1F779FE431E584258418DF80700FB
:103A900001220DF107019620FFF7D6FE03B05DF875
:103AA00004FB07B500F07F008DF8070001220DF13F
:103AB00007018920FFF7C8FE03B05DF804FB000092
:103AC000154B984207B51BD8144B98421BD8144B82
:103AD00098421BD8134B98421BD8134B98428BBF6C
:103AE0006B2229226F232B238DF8042001A90222A7
:103AF00098208DF80530FFF7A7FE03B05DF804FBB2
:103B0000E122E923F0E7D722DB23EDE7C122C52339
:103B1000EAE775228123E7E700E9A43580F8A932B6
:103B20008044E52D000B6B1B40FC541907B58DF844
:103B3000062004228DF804008DF8051095200DEB69
:103B400002018DF80730FFF77FFE03B05DF804FB3C
:103B500007B552BAADF8042040BA082249BAADF808
:103B60000000ADF802105BBA69461046ADF80630A9
:103B7000FFF76AFE03B05DF804FB07B50B0C0422E7
:103B800000F0070049BA8DF80400ADF80610972040
:103B90000DEB02018DF80530FFF756FE03B05DF81E
:103BA00004FB000010B508B1194B1860F0F7E4FDF4
:103BB0000220FFF7A5FD0024164B20461C70FFF7DE
:103BC0006DFEF1F7D5FD012816D14021FFF7D5FF95
:103BD00040F611102146FFF76BFD4FF07F00FFF715
:103BE00060FF0E2140F61F10FFF762FDF1F7B6FDF2
:103BF000094B01221A7010BD202140F61110FFF769
:103C000057FD202140F61210FFF752FDE9E700BFF3
:103C1000F8EA0020FCEA002006EB002037B50C4D46
:103C20002B7804461BB9FFF74BFF01232B700023B1
:103C3000084A6006E109EDF70FFB042200BA019083
:103C40000DEB02018620FFF7FFFD03B030BD00BF82
:103C5000FCEA00200048E80107B5094B8DF8070091
:103C60000146187018B940F2AC60FFF721FD01223F
:103C70000DF107018A20FFF7E7FD03B05DF804FBB3
:103C800005EB0020012873B50C46164637D10020FD
:103C9000F1F776FDA042B8BF44B20E2805461AD10E
:103CA00001231A4600210420FFF740FF6FF01003A4
:103CB0009C42B8BF1C46182140F6E700FFF7F8FC0D
:103CC000022201A98E208DF804408DF80560FFF7CF
:103CD000BBFD02B070BD01230A28E4B21A464FF0C2
:103CE000000105D11846FFF721FF033464B2DDE778
:103CF0000720C5F10E05FFF719FF2C44F6E740F643
:103D0000D800FFF7E9FC40F01E01C9B240F6D80028
:103D1000FFF7CEFC0120F1F733FDA042B8BF44B25B
:103D2000142805464FF001034FF000020CD1052185
:103D30000320FFF7FBFE023464B26FF008039C42DD
:103D4000B8BF1C463821B7E7112805D1032102204E
:103D5000FFF7ECFE0534EFE70E2804D102210846F8
:103D6000FFF7E4FEE9E7C5F1160507210420254425
:103D7000FFF7DCFE6CB2E0E713B5314A0446516848
:103D800010686B4603C32F4B20781B78834201D009
:103D9000FFF762FF2378032B27D8DFE803F002390F
:103DA000283C6268284BB3FBF2F31A0CA1688DF82B
:103DB00000208DF802301A0A237B8DF80330637BD4
:103DC0008DF801208DF80430204A00234806C909E7
:103DD000EDF742FA030C40BA8DF80530ADF8060055
:103DE000082269468B20FFF72FFD02B010BD226923
:103DF000154BB3FBF2F31A0C8DF800208DF802304E
:103E00001A0A237D8DF801208DF803300422E8E79B
:103E1000A3690093FAE762680B4BB3FBF2F31A0C49
:103E20008DF800208DF802301A0A237B8DF80330BC
:103E3000637B8DF801208DF804300522D1E700BFA7
:103E40004089010805EB00200000093D0048E80119
:103E50001FB52E4A0446D1689068127C01AB03C39B
:103E60001A702B4B20781B78834201D0FFF7F4FEA9
:103E70002378032B26D8DFE803F002383302637A75
:103E8000F12B21D14FF6FF70FFF784FC48F20500BB
:103E9000FFF792FC02236288A188ADF8061052BA9F
:103EA000E188ADF804208DF80B30227AA37A8DF8E2
:103EB0000A20ADF808108DF80C30092201A98C20D9
:103EC000FFF7C2FC04B010BDF22BE4D141F60F5055
:103ED000FFF760FC41F22100FFF76EFC0623DAE7F2
:103EE000237B8DF804300122E8E7E389094A5BBAB5
:103EF000ADF80430237C13708DF80630637C8DF8A8
:103F00000730638AADF808300622D7E740890108F8
:103F100005EB002004EB002007B502228DF8040019
:103F20008DF805108F2001A9FFF78EFC03B05DF816
:103F300004FB000010B51346EFF3108472B60A4676
:103F400001460348F6F774FC84F3108810BD00BFE7
:103F5000D4CE002007B5012201A91520FFF7EAFF02
:103F60009DF804004042401003B05DF804FB0000DF
:103F700037B505460C46022201A91320FFF7DAFFE8
:103F80000A4B1B78012B0DD1094B1B78012B09D152
:103F900040F20270FFF7A0FB9DF8053028702370F7
:103FA00003B030BD9DF80400F6E700BF05EB00202C
:103FB00004EB0020F7B50D46064600240DF107017D
:103FC000284617468DF80740FFF7D2FF2A78BA42F5
:103FD00007D89DF807003146FFF726FC204603B0BE
:103FE000F0BD0120FBE7000013B50322044601A940
:103FF0001420FFF79FFF184B1A7822704AB1012A4C
:1040000017D014220021204600F0D0FA0F2323708D
:104010000DE09DF8043023719DF80530A2605B42ED
:104020005B10A3719DF806305B425B10637102B0B8
:1040300010BD9DF804305B425B1023739DF9053081
:1040400002339B1063739DF806305B425B10A373D1
:10405000024B1B682361EAE705EB002000EB002020
:10406000012908B5034608460ED1012B07D10420CB
:10407000FFF746FB0220BDE80840F1F773BB022BB7
:1040800014BF08460320F6E70120F4E738B50446DC
:10409000F1F76CFB50B102280CBF02250125284620
:1040A00002222146FFF7EEFD284638BD102CB4BF92
:1040B00001250225F3E7012070470000014B012094
:1040C0001B681847F8EA0020014B02201B681847BC
:1040D000F8EA0020014B40201B681847F8EA00204E
:1040E00011B1012904D07047044B1B688020184788
:1040F000024B4FF480701B68F9E700BFF8EA00201C
:10410000024B4FF400701B68184700BFF8EA00200C
:10411000014B20201B681847F8EA0020014B0420BF
:104120001B681847F8EA0020014B08201B68184755
:10413000F8EA0020014B10201B681847F8EA00201D
:10414000024B4FF480401B68184700BFF8EA00207C
:1041500010B568B1074A002352F83340844202EB9D
:10416000C30101D9087910BD0133162BF4D1FEE744
:104170001F20F8E7249D010873B51D4B01930446E9
:1041800040F607000D46FFF7A7FAC0F3C103083356
:104190006B4413F8042C00F00703013302FA03F315
:1041A000144AB2FBF3F2B2FBF4F007281ED8400029
:1041B000042834BF042302234FF4D66002FB03F427
:1041C000FFF78AFA060240F2B160FFF785FA06F4BB
:1041D00070663043030544BF6FEA00506FEA105029
:1041E00063094343DB112B6002B070BD0123E3E799
:1041F00004080A0C0048E8014FF0FF3070474FF008
:10420000FF3070474FF0FF30704770470020704715
:104210000020704770474FF0FF3070474FF0FF307D
:10422000704770477047704770B5EFF3108672B6ED
:10423000144B5C8A1A8A944213D1C4F5806292B2FC
:10424000904206D3844218D901229A7000221C8021
:104250005A825A8A0A800244C2F309025A82002012
:104260000DE006D9C4F58065ADB28542F1D8824231
:10427000E9E7121B92B28242EBD84FF0FF3086F38F
:10428000108870BD08F10020EFF3108172B6034A68
:10429000D38A0133D38281F31088704708F100205C
:1042A000EFF3108172B6034AD38A013BD38281F3C4
:1042B0001088704708F1002010B508481822002126
:1042C00000F074F906484FF48062002100F06EF9A6
:1042D000044B05481B68BDE81040184708F1002052
:1042E00007ED00204090010855440108014B58603B
:1042F000704700BF08F10020014B1872704700BFE3
:1043000008F1002073B5EFF3108572B61C4CE08AFB
:1043100000282FD1FFF7B8FF218A628A914227D067
:10432000A378012B12D1238820805B1A9BB2022133
:10433000A382A17063B9A3702382238A9A428BBFA0
:10434000D21AC3F58063A282A38201E0002BF4D0CD
:10435000268A0C4B1E4485F31088F0F7F9FA0A4BB5
:10436000A18ADB680193304602B0BDE8704018476F
:10437000FFF796FF85F31088002002B070BD00BFE4
:1043800008F1002007ED00204090010808B4F0B5C6
:1043900086B00023ADF800302B4B0B9C1D7A854274
:1043A0004CD3D86881434CD15B681BB112B16946CC
:1043B00002A898470CAB22464FF4007123480193A2
:1043C00000F0B6FBFFF760FFBDF8003018440DF1B8
:1043D000020180B2FFF728FF01302AD00023BDF888
:1043E0000020BDF802601A480DF1080C1F4699B272
:1043F00016FA83F58A42ADB215D817B13244ADF83A
:104400000220BDF80250019B22464FF4007128445F
:1044100000F08EFBFFF744FFFFF774FF06B0BDE826
:10442000F04001B070471CF8011B415501330127D2
:10443000DDE7FFF735FF6FF00200EFE76FF00400F4
:10444000ECE76FF00500E9E708F1002007EB00203A
:1044500007ED002013B5EFF3108472B6204B9A7865
:10446000588A022A1DBF1A8A998A5218002214BF3C
:10447000C2F309029A7090421A8228D0D98A01297F
:1044800025D19978012913D119888A1A022192B26B
:10449000997000219A82198062B99A701A821A8AD8
:1044A00090428BBF801AC2F5806298829A8201E0A6
:1044B0000029F4D0188A0B4A104484F310880A4A61
:1044C000998AD368019302B0BDE81040184784F37D
:1044D0001088F0F741FA02B0BDE81040FFF7E0BEE7
:1044E00008F1002007ED002040900108024A002357
:1044F0001360024A1360704724F1002020F100206D
:1045000010B5EFF3108472B641B1012903D1064A08
:1045100013680343136084F3108810BD024A1368C4
:1045200023EA0003F6E700BF24F1002010B5EFF303
:10453000108472B641B1012903D1064A13680343BE
:10454000136084F3108810BD024A136823EA000345
:10455000F6E700BF20F1002038B5EFF3108572B602
:104560000A4B0B4C1B6833B1236898476368984724
:1045700085F3108838BD074B1B681BB1A3689847AB
:10458000E368F4E7236998476369F0E724F10020C2
:10459000DC8F010820F1002001380A44914200D14B
:1045A000704711F8013B00F8013FF7E702F065B9E9
:1045B00010B5EFF3108472B6064A13680343136014
:1045C000054A52F83130034342F8313084F3108801
:1045D00010BD00BF60F1002028F100207047704737
:1045E000B0F5803F3ABF000410230023B0F1807F74
:1045F0003EBF08330002DBB2B0F1805F38BF00017C
:104600004FEA1070054A38BF0433125C38BFDBB282
:10461000C3F11F03981AC0B2704700BFD49D0108B0
:104620002DE9F84F3F4D404ED5F80080DFF8FCB043
:10463000DFF8FCA0DFF8FC90D6F800E03E4FDBF896
:1046400000303E4C08EA00002860DAF80000D9F893
:1046500000102A6802EA000C1EEA0C0F43D00B403F
:1046600041D121680A40024201D1A368012354F8D4
:104670003320D90004EBC30302EA0C02586810424D
:1046800008BF4FF0FF30214408BF58604868104011
:10469000FFF7A6FF4A683860012303FA00F022EA18
:1046A00000024A60EFF3108172B63A6893403268B4
:1046B00022EA03023260A26822EA0302A2602268B0
:1046C00022EA0303236081F310881D4A3B6852F8F5
:1046D00023309847D6F800E0DBF80030DAF8000025
:1046E000D9F80010B5E74FF0FF333B60FFF776FFD6
:1046F000EFF3108472B63368DBF80020DAF80010AC
:104700000B4029680B4205D1D9F80030134201D182
:10471000F0F7ACF884F31088FFF761FFC5F800806C
:10472000BDE8F88F34B0002060F100205CF100207B
:1047300038B0002058F1002054F1002028F100206A
:1047400038F1002010B51146EFF3108472B6FFF770
:1047500047FF034B43F8201084F3108810BD00BFBF
:1047600038F1002082B082B00DF1080C0CE906008F
:10477000BDF8042003930B44BDF810100A4491B215
:1047800012B2B2F57A7FA2BFA1F57A72013312B2EA
:104790000360828002B002B0704782B082B00DF137
:1047A000080C0CE90600BDF804200393CB1ABDF8F1
:1047B0001010521A91B212B2002ABEBF01F57A72DD
:1047C00003F1FF3312B20360828002B002B070477F
:1047D00030B585B0114D6B4683E80300002302938A
:1047E000ADF80C3003A82B699847009BBDF8044036
:1047F0000290181ABDF80C30E41AA3B224B2002CAF
:10480000BEBF03F57A731CB200F1FF302B689847E6
:10481000AB682046984705B030BD00BF0090010846
:1048200073B5114E002305460093ADF8043001A87E
:1048300033699847F368009098477368044698472F
:10484000009B1844BDF8043023449AB21BB2B3F560
:104850007A7FA2BF0130A2F57A731BB22860284686
:10486000AB8002B070BD00BF0090010837B50023D7
:104870000093ADF80430074B04461B6901A8984724
:104880006D46009095E8030084E80300204603B0DD
:1048900030BD00BF00900108024B00221A60024B9D
:1048A0001B68184764F1002014900108F8B504460D
:1048B000174608461E467CB173B1084B00255B6A5B
:1048C00025609847069B60602581A572E66023619C
:1048D000E77265612846F8BD0120FCE714900108E5
:1048E00010B5034CE3699847A36ABDE81040184728
:1048F0001490010870B5064DEB69064698476B6A3F
:10490000044630469847AB6A201ABDE87040184705
:1049100014900108054B1B680BB918467047834279
:1049200001D05B69F8E70120704700BF64F1002007
:104930002DE9F3410B4E336A044698470123B769CA
:104940002372D4F800800546B8472844804502D237
:10495000B84728442060B3682068019302B0BDE8DE
:10496000F04118471490010870B520B3EFF310869A
:1049700072B6124D2B680122827253B1002242722C
:1049800098425C690ED102723CB120462C60FFF760
:10499000CFFF86F31088002070BD094BDB68984775
:1049A0002C60F6E71A465B69002BF2D09842F9D1E9
:1049B00043695361EDE70120EEE700BF64F1002099
:1049C00014900108084B10B51A685369516911B960
:1049D0005061416110BD046819688C4202D91A46C1
:1049E0005B69F3E71946F3E764F10020044A1368B2
:1049F0000BB10021197243611060FFF799BF00BF2E
:104A000064F100202DE9F041044600282DD0FFF785
:104A100081FF50BB657A45BBEFF3108872B6144E28
:104A20006768336A984787422CBF27602060114F20
:104A3000A5724FF4807323813B684BB93369984763
:104A40002046FFF7D3FF88F310882846BDE8F081A1
:104A5000B3699847236818443B6820601B689842F4
:104A60002046EED3FFF7AEFFEDE70125EDE700BFEF
:104A70001490010864F1002010B5044608467CB18A
:104A8000084B5B6A984760602046FFF743FF40B1E0
:104A90002046FFF769FF2046BDE81040FFF7B2BF90
:104AA000012010BD149001082DE9F041EFF31087AB
:104AB00072B61D4E1D4D7369984733690446984779
:104AC0002B684BB94FF000082B688BB9286828BBBE
:104AD00087F31088BDE8F081011B241A1A688A4206
:104AE0008CBF121900221A605B69002BF6D1E9E72E
:104AF0001C681CB1B36998478442E7D22C6863698B
:104B00002B60A4F80880D4E9033098476389B3F593
:104B1000807FD9D12046FFF775FFD5E7037A002BB8
:104B2000D6D1FFF705FFD3E71490010864F1002008
:104B30002DE9F04F002997B081461E4640F31181C0
:104B400004464F1E1378A4EB090023B900232370F9
:104B500017B0BDE8F08FB842F8DA252B05D004F87D
:104B6000013B904608F10102ECE792F801E0AEF15A
:104B7000300102F10108AEF130034A424A41092BEB
:104B80002BD8414600250A20884611F8013BA3F1A5
:104B9000300CBCF1090F1BD998F80030692B00F0DC
:104BA0009E801DD8632B29D0642B00F09880582B51
:104BB0005AD0252B1AD198F80030002B00F09380A2
:104BC00004F8013BA4EB0903BB4280F28A80C9E7E9
:104BD00000FB0533A3F13005D6E74FF0FF35DBE7E7
:104BE000752B7ED0782B41D0732B1CD0252304F855
:104BF000013BA4EB0903BB4273DADCE7002D05F1AE
:104C0000FF3AD8BF4FF0000A52462046202101F05B
:104C100034FEA244002D56F8043B8AF80030D8BF79
:104C200001252C449EE7504B56F804BBBBF1000F06
:104C300008BF9B465846EBF7F3FA2A1A8542B8BFDD
:104C40000022824620212046019201F016FE019AA0
:104C500000232244534502DB02EB0A0482E71BF8DF
:104C60000310D1540133F5E742F040021021DFF880
:104C7000FCB0DFF8FCA056F804CB12F0400F18BFD0
:104C8000DA46BEF1300FCDF808A0A4EB09030CBF43
:104C90004FF0300A4FF0200A9207A7EB030360465B
:104CA000CDF80CA022D5002820DA4042013D4FF07B
:104CB0002D0C05AA019200228246B0FBF1F001FB07
:104CC00010AB029810F80BB0019800F801BB5145E9
:104CD000019002F10102BAFBF1F0EDD910E042F0CF
:104CE00002020A21C3E708F1FF386BE7BCF1000FAD
:104CF00002D04FF0000CDCE730228DF814200122A6
:104D0000BEF1300FA5EB020504D02020002D05F1E7
:104D1000FF350ADCBCF1000F05D02D21013B04F862
:104D2000011B3FF41FAF25440AE0013B04F8010BCF
:104D3000ECD117E7039904F8011B013B3FF412AFD4
:104D4000291B0029F6DC05A9114423442244A24270
:104D50003FF408AF11F8010D04F8010B9C42F6D1A5
:104D600000E70020F4E600BFE49D0108109E010862
:104D7000EB9D010810B4B1F5807F254C8270C370A3
:104D80000180446024D010D9B1F5806F2BD0B1F5EB
:104D9000805F19D11F4A4FF001114FF06653C0E9EF
:104DA00002210361002010BC7047102925D0402942
:104DB0000AD1194A4FF04011C0E902214FF0725355
:104DC000036110BC002070474FF0FF3010BC7047EB
:104DD000124A4FF01011C0E902214FF06E530361E7
:104DE00010BC002070470E4A4FF004114FF06A5378
:104DF000C0E9022103610020D5E70A4A4FF00121F2
:104E00004FF07653C0E9022103610020CBE700BFD9
:104E10003CAE0108389E0108B69E0108569E010866
:104E20003E9E010836A001082DE9F04FA1B08C0884
:104E300005461391E1006E1808461291C4EB4471C7
:104E40000095C9000546301847189C461F937B19EA
:104E50005918109104301690181D109B1A920433A3
:104E600015933B1D111D09930CEB4C02331D654638
:104E70001893D3001E932B011D93EB00009D1B96EE
:104E8000CDE9011126011C932B1D002508931494D4
:104E900033460A9719911790119403912E4616994B
:104EA000009A51F836A01B98089F189952F836407E
:104EB00050F836B0D25857F836900A9851F83670F4
:104EC0000999C55851F803800F93114620460B925B
:104ED000EBF798FE294604905846EBF793FE5146AF
:104EE00005904846EBF78EFE414607903846EBF7B3
:104EF00089FE0B9A069011462046EBF781FE294663
:104F000004465846EBF77CFE514605464846EBF70B
:104F100077FE414681463846EBF772FE0599074613
:104F20000498EBF76FFE039B53F804BCD3F800A082
:104F3000009BCDF82CA043F83600DDF81CA00699A4
:104F40005046EBF75FFE089A394642F83600204695
:104F5000EBF758FE294607904846EBF751FE0599B6
:104F600080460498EBF74CFE069904905046EBF708
:104F700047FE394682462046EBF742FE49460590F9
:104F80002846EBF73FFE029951F8042C0D68019971
:104F90000C9251F8047CD1F8009004461146079811
:104FA000EBF738FF0C9A069011464046EBF732FFBC
:104FB00004990C905846EBF72DFF51460E90584639
:104FC000EBF728FF394683460598EBF723FF394670
:104FD0000D902046EBF71EFF5146DDF82CA007464A
:104FE0005046EBF717FF0E9A1146EBF70BFE0A9AA5
:104FF000049942F836005046EBF70CFF014658463C
:10500000EBF7FEFD099A294642F836004046EBF7D9
:1050100001FF0699EBF7F6FD009B1A460F9B0493E0
:10502000D05029460798EBF7F5FE01460C98EBF7B0
:10503000E7FD179A494642F836002046EBF7EAFEAC
:105040000D99EBF7DFFD109A049B4946D050059867
:10505000EBF7E0FE01463846EBF7D2FD039B1D9AC5
:105060000299134403931C9BCB18029301991E9B36
:10507000CB180193159B1A46049BD050149A013605
:10508000B24203F108037FF40AAF1F9BBDF8502022
:105090001B929B009BB2042A179340F221811C9221
:1050A000119B9B08DA001893009B159213449A18E1
:1050B000043300210993131D029214910193169158
:1050C00016991A98149D0A0101EB410384580D9416
:1050D000199CA2580E92024650F8330054F833300F
:1050E000109352F831300B9354F831300C93179BD6
:1050F000159A0F90CB181693AB4613460099029D54
:10510000CE580396089E55F83B2051F83B4009992C
:1051100056F83B90019E51F83B7056F80380ED58CD
:105120000A93114620460792EBF76AFD2946049040
:10513000039856F83BA0EBF763FD514605904846AF
:10514000EBF75EFD414606903846EBF759FD079AAE
:10515000064611462046EBF755FD294604460398BE
:10516000EBF750FD514605464846EBF74BFD4146EF
:1051700081463846EBF746FD314680460498EBF70A
:1051800041FD059903900698EBF73AFD29460790F3
:105190002046EBF735FD414682464846EBF730FDA9
:1051A000314607460498EBF72BFD069904900598C5
:1051B000EBF728FD294606462046EBF723FD009B2A
:1051C000414643F83B004846EBF71CFD089A0B9C10
:1051D00042F83B0003992046EBF71CFE07998146F5
:1051E0002046EBF717FE0D9C804651462046EBF714
:1051F00011FE394606902046EBF70CFE0F9C0499F1
:1052000005902046EBF706FE314605462046EBF7B3
:1052100001FE39460E9F04463846EBF7FBFD069A21
:105220001146EBF7EFFC009B1A460A9B0693D05001
:1052300051463846EBF7EEFD01460598EBF7E0FCEA
:10524000099B079943F83B00DDF830A05046EBF787
:10525000E1FD4946EBF7D6FC029F039947F83B0076
:105260005046EBF7D7FD01464046EBF7C9FC314607
:10527000DDF84080019E46F83B004046EBF7CAFD52
:105280002946EBF7BFFC069B0499F8504046039370
:10529000EBF7C0FD01462046EBF7B2FC119B129ADA
:1052A0009B44039BF0501344139A5A453FF626AF94
:1052B000159A149B08321592189A01339A42149346
:1052C0007FF4FEAE179B1C9A9B0092089BB217932B
:1052D000042A189B1C92119302D9DB001293DFE67B
:1052E000009E203656F8205C56F8107C56F8083C94
:1052F00056F8142C0193394628460092EBF782FCAD
:10530000394681462846EBF77BFC56F81C4C56F88C
:105310000C8C56F818BC56F804AC0546414620469D
:10532000EBF770FC414607462046EBF769FC019914
:1053300004465846EBF766FC514602900098EBF79E
:1053400061FC019980465846EBF75AFC514683466A
:105350000098EBF755FC029982464846EBF752FC61
:10536000414646F8200C3846EBF74CFC029946F8CB
:105370001C0C4846EBF744FC414646F8180C3846EE
:10538000EBF73EFC514646F8140C2846EBF73AFC86
:10539000594646F8100C2046EBF732FC514646F8C9
:1053A0000C0C2846EBF72CFC594646F8080C204616
:1053B000EBF728FC1B9B46F8040C013B06F120068A
:1053C0001B938FD121B0BDE8F08F00BF2DE9F04FC6
:1053D000A1B08C081391C4EB447100EB0415C90013
:1053E000E600009068188719394496461A928A197F
:1053F0000F9204319C46724616910F991B95043208
:105400000CEB4C0304300431199215900392CDE952
:10541000012200980A91DA006346391D1E921A0192
:10542000DB0014911C93291D031D0025129608937F
:10543000109433461897CDF87CC0179111941D92A3
:105440002E460099089F51F803B051F8364017993D
:105450001B9A51F836A0159952F8362057F8369015
:1054600051F836701499189D51F80380ED580E9339
:10547000114620460992EBF7C5FB29460490584691
:10548000EBF7C0FB514605904846EBF7BBFB4146A6
:1054900006903846EBF7B6FB099A0790114620466E
:1054A000EBF7AEFB294604465846EBF7A9FB5146FD
:1054B00083464846EBF7A4FB414605463846EBF7E2
:1054C0009FFBDDF810A0059907465046EBF79AFBC5
:1054D000039BD3F800C053F8049C009BCDF810C088
:1054E00043F8360007990698EBF78CFB089A394683
:1054F00042F836002046EBF783FB294609905846D0
:10550000EBF780FB059980465046EBF779FB07994E
:1055100082460698EBF774FB394605902046EBF778
:1055200071FB594606902846EBF76AFB029D0199EC
:1055300055F804BCD1F800E051F8047CCDF81CE02B
:105540000446594609982D68EBF764FC59460B90C0
:105550004046EBF75FFC51460C904846EBF75AFC8F
:10556000059983464846EBF755FC39460D90069859
:10557000EBF750FC394681462046EBF74BFC05998A
:1055800007460498EBF746FC01465846EBF738FB14
:10559000009B51469A460E9B05934AF803000498D7
:1055A000EBF738FC0D9A1146EBF72CFB169B2946BE
:1055B00043F836004046EBF72DFC01460B98EBF71D
:1055C0001FFB29460F9D45F836000998EBF722FC92
:1055D0000C99EBF717FB0A9BDDF81C8043F83600AB
:1055E00041462046EBF716FC01464846EBF708FB20
:1055F000059B0493E85041460698EBF70BFC3946AF
:10560000EBF700FB039B1D9C029D019A1E991C1940
:1056100003941C9C0A442C19019202940A9B1A467A
:10562000049BD050109A0136B24203F108037FF474
:1056300008AF1F9BBDF840201B929B009BB2042A21
:10564000179340F221811C92119B9B08DA0018935A
:10565000009B159213449A18043300210993131DDB
:10566000029214910193169116991A98149D0A01A9
:1056700001EB410384580D94199CA2580E920246E6
:1056800050F8330054F83330109352F831300B9304
:1056900054F831300C93179B159A0F90CB18169332
:1056A000AB4613460099029DCE580396089E55F8C6
:1056B0003B2051F83B40099956F83B90019E51F828
:1056C0003B7056F80380ED580A9311462046079226
:1056D000EBF796FA29460490039856F83BA0EBF7AF
:1056E0008FFA514605904846EBF78AFA41460690F4
:1056F0003846EBF785FA079A064611462046EBF73F
:1057000081FA294604460398EBF77CFA5146054690
:105710004846EBF777FA414681463846EBF772FA8E
:10572000314680460498EBF76BFA0699039005988A
:10573000EBF768FA294607902046EBF761FA4146F5
:1057400082464846EBF75CFA314607460498EBF789
:1057500059FA059904900698EBF752FA294606463D
:105760002046EBF74FFA009B414643F83B00484682
:10577000EBF748FA089A0B9C42F83B000399204645
:10578000EBF748FB079981462046EBF743FB0D9C5E
:10579000804651462046EBF73DFB394606902046B1
:1057A000EBF738FB0F9C049905902046EBF732FB92
:1057B000314605462046EBF72DFB39460E9F044641
:1057C0003846EBF727FB069A01461046EBF718FA26
:1057D000009B1A460A9B0693D05051463846EBF779
:1057E00019FB0599EBF70EFA099B079943F83B0063
:1057F000DDF830A05046EBF70DFB01464846EBF7CD
:10580000FFF9029F039947F83B005046EBF702FB74
:105810004146EBF7F7F93146DDF84080019E46F846
:105820003B004046EBF7F6FA01462846EBF7E8F96D
:10583000069B0499F85040460393EBF7EBFA214698
:10584000EBF7E0F9119B129A9B44039BF050134431
:10585000139A5A453FF626AF159A149B08321592B3
:10586000189A01339A4214937FF4FEAE179B1C9A48
:105870009B0092089BB21793042A189B1C921193C9
:1058800002D9DB001293DFE6009E2A9C2036B14647
:1058900059F8102C59F8205C59F8143C0093114623
:1058A00028460292EBF7AEF9029A0190114628467B
:1058B000EBF7A6F959F81C7C59F80C8C029041467C
:1058C0003846EBF79FF9414605463846EBF798F91D
:1058D00059F818BC59F8086C039031465846EBF754
:1058E00091F959F804AC804651460098EBF78AF9D3
:1058F000314607465846EBF783F9514683460098F0
:10590000EBF77EF9DDF804A0064641465046EBF77A
:1059100079F92146EBF77EFA394649F8200C2846FA
:10592000EBF770F92146EBF775FA414649F81C0C84
:105930005046EBF765F92146EBF76CFA394649F822
:10594000180C2846EBF75CF92146EBF763FA029F47
:1059500049F8140C31463846EBF752F92146EBF77B
:1059600059FA49F8100C039D59462846EBF74AF9B5
:105970002146EBF74FFA314649F80C0C3846EBF765
:1059800041F92146EBF746FA594649F8080C2846F2
:10599000EBF736F92146EBF73DFA1B9B49F8040C6F
:1059A000013B09F120091B937FF472AF21B0BDE8E0
:1059B000F08F00BF30B5044680786268A389012863
:1059C0000D4683B0218807D02846FFF72DFAE378EB
:1059D000012B09D003B030BD206900902846FFF7A5
:1059E000F5FCE378012BF5D1A368E28921882846EC
:1059F00003B0BDE8304000F001B800BF2DE9F04F22
:105A000085B049085200002401928A1E029201F1D9
:105A1000010A25462246039103995618013450F88D
:105A2000362050F8347040F83420F200E40040F89A
:105A300036700434043206598758075186500235AF
:105A40001A880299019CADB205EB0A0902EB0A081B
:105A50004FEAC50E4FEAC90CD7004FEAC8068D427F
:105A600023440EF1040E0CF1040C07F1040706F1B7
:105A700004062C4620D8AA42CED950F835B050F8AA
:105A8000321040F8351040F832B0C15950F80EB01D
:105A900040F80E1040F807B050F8397050F838E070
:105AA00040F839E040F8387050F80C7050F806E0D3
:105AB00040F80CE08751AFE705B0BDE8F08F00BFBC
:105AC0002DE9F04F83B05FEA920B019207468846BA
:105AD0007BD000F1200401F110055E4654F8201C33
:105AE00054F81CAC0846EBF795F9514681465046F0
:105AF000EBF790F901464846EBF784F80021814620
:105B0000EBF73AFB002800F08B80484602F0D2FD0C
:105B100045F8100C54F8181C54F814AC0846EBF770
:105B200079F9514681465046EBF774F901464846EB
:105B3000EBF768F800218146EBF71EFB00287BD0CD
:105B4000484602F0B7FD45F80C0C54F8101C54F808
:105B50000CAC0846EBF75EF9514681465046EBF730
:105B600059F901464846EBF74DF800218146EBF71D
:105B700003FB00285CD0484602F09CFD45F8080C69
:105B800054F8081C54F804AC0846EBF743F95146A6
:105B900081465046EBF73EF901464846EBF732F8AE
:105BA00000218146EBF7E8FA00283DD0484602F094
:105BB00081FD45F8040C013E04F1200405F11005B7
:105BC0008CD107EB4B1708EB0B18019B13F0030A62
:105BD00023D00026083708EB8A0A57F8081C57F824
:105BE000045C0846EBF716F9294604462846EBF70D
:105BF00011F901462046EBF705F80021044608F1AB
:105C00000408EBF7B9FAD8B1204602F053FD48F882
:105C1000040CD04507F10807DFD103B0BDE8F08FD1
:105C2000002345F8103C75E7002345F8043CC2E723
:105C3000002345F8083CA3E7002345F80C3C84E723
:105C400048F8046CE5E700BFF8B52549EBF7E2F842
:105C50004FF07A51EAF7D6FF0446EBF7B7FA002186
:105C600005462046EBF774FA00B1013D2846EBF7F4
:105C70007DF801462046EAF7C3FF4FF08841EBF775
:105C8000C9F80546EBF7C8FA84B2B4F5007F1DD217
:105C90002046EBF767F801462846EAF7B1FF671C94
:105CA0000546104E29464FF07E50EAF7A9FF56F8F8
:105CB0002410EBF7AFF856F8271004462846EBF708
:105CC000A9F801462046EAF79DFFF8BD28464FF0A7
:105CD0008841EAF795FF012705460024E1E700BF68
:105CE00083F9223E38A6010838B5104B1D682B6B8E
:105CF0000446B3B9182001F0F9FC0246286320B924
:105D00000B4B0C48462100F039FE0B490B4BC0E908
:105D100000130B4B83600B23838100210120C2E918
:105D200004012B6B00221C615A6138BD48B0002071
:105D30003C2E0208532E02080E33CDAB34126DE612
:105D4000ECDE0500164B10B51C68236BB3B91820A8
:105D500001F0CCFC0246206320B9124B12485221BC
:105D600000F00CFE1149124BC0E90013114B836087
:105D70000B23838100210120C2E90401216B0E481D
:105D80000B694C690D4A584302FB0400A3FB023225
:105D9000013340EB0200C1E9043020F0004010BDA7
:105DA00048B000203C2E0208532E02080E33CDAB23
:105DB00034126DE6ECDE05002DF451582D7F954C24
:105DC0002DE9F04788B0002B1D461446BCBF03F1F7
:105DD00000431446129A109EDDF84CA0B6BF1D4633
:105DE00000232D231370149B23F02008B8F1460FD5
:105DF00005D0B8F1450F00D10136022300E003239E
:105E000007AA049206AACDE902A2CDE900362246ED
:105E10002B4600F059FEB8F1470F074619D1119BE8
:105E2000DB070ED500EB0609002200232046294699
:105E3000EAF722FE08B1CDF81C903022079B4B45B3
:105E40001ED3079B159ADB1B3846136008B0BDE8CC
:105E5000F087B8F1460F00EB0609E5D10378302B47
:105E60000AD10022002320462946EAF705FE18B988
:105E7000C6F10106CAF80060DAF800309944D3E7A9
:105E8000591C07911A70D9E7F7B50029BABF4942E2
:105E90002D232B2309290270437029DD0DF10703FF
:105EA0001D460A271A46B1FBF7F607FB16143034D5
:105EB00002F8014C0C46632C03F1FF333146F1DC50
:105EC0003031941E03F8011C411C2346AB420AD317
:105ED0000DF109039B1AAC4288BF0023023303442F
:105EE000181A03B0F0BD13F8016B01F8016FEDE76C
:105EF000302330318370C170031DF1E72DE9F04F7D
:105F000091B00C46DDF8688016461F46054600F045
:105F1000BDFC036808931846EAF782F900230E9344
:105F2000D8F800300990073323F0070303F1080283
:105F300094F818A0D4F800B0C8F80020D3E900897C
:105F400029F000430B93CDF82880C4E91289DDE9DC
:105F50000A019D4B4FF0FF32EAF7C0FD70BBDDE94F
:105F60000A01994B4FF0FF32EAF79AFD30BB00224D
:105F7000002340464946EAF789FD10B12D2384F8F5
:105F80004330924A924BBAF1470F94BF90469846DD
:105F9000032323612BF0040323604FF000090097D3
:105FA00033460FAA2146284600F0D4F9013040F0CC
:105FB0008F804FF0FF3011B0BDE8F08F42464B4666
:105FC00040464946EAF78AFD40B14B46002BBCBF2C
:105FD0002D2384F843307F4A7F4BD4E763685A1CF3
:105FE0000AF0DF013FD1062363604BF48063002297
:105FF000236006920EAACDE904A20DAA03920DF128
:106000003302CDE901326368009342464B4628468D
:106010000A91FFF7D5FE0A99472980460D9928D1A4
:10602000C81C02DB6368994240DDAAF1020A5FFAEC
:106030008AFA0139524604F150000D91FFF724FF0E
:106040000E9A1318012A8146236102DC2268D207C6
:1060500001D5013323619DF83330002B9FD02D23D0
:1060600084F843309BE74729BFD1002BBDD10123E2
:10607000BAE7BAF1650FDCD9BAF1660F18D1002979
:1060800063680BDD216113B92268D00702D50133A3
:106090000B442361A1654FF00009DCE713B92268C6
:1060A000D20701D50233F4E70123F2E74FF0670A84
:1060B0000E9B994205DB23682161D807EAD54B1C6A
:1060C000E7E70029D4BFC1F1020201221344E0E74F
:1060D00023685A0507D42369424631462846B84703
:1060E00001302BD165E7BAF1650F40F2DD80D4E9CC
:1060F000120100220023EAF7BFFC002833D0374A00
:10610000012331462846B84701303FF452AFDDE95C
:106110000D38434502DB2368D8070FD5DDE9082396
:1061200031462846B84701303FF443AF4FF00009ED
:1061300008F1FF3804F11A0AC84509DC23689B07F7
:1061400000F10381E0680F9B9842B8BF184632E720
:106150000123524631462846B84701303FF429AF63
:1061600009F10109E8E70D9B002B39DC1B4A0123EB
:1061700031462846B84701303FF41BAFDDE90D3901
:1061800059EA030302D12368D907D7D5DDE90823EB
:1061900031462846B84701303FF40BAF4FF0000AB4
:1061A00004F11A0B0D9B5B42534501DC4B4693E710
:1061B00001235A4631462846B84701303FF4F9AE2C
:1061C0000AF1010AEEE700BFFFFFEF7FAB2E0208E6
:1061D000AF2E0208B32E0208B72E0208BB2E02080B
:1061E000A36DDDF838A05345A8BF5346002B994650
:1061F00036DC4FF0000B29EAE97904F11A02A36DAD
:106200000A93A3EB09035B4531DC0D9B9A453ADC0D
:106210002368DA0737D40D9BAAEB03090A9BAAEB84
:1062200003039945A8BF9946B9F1000F33DC4FF03D
:10623000000829EAE97904F11A0B0D9BAAEB030384
:10624000A3EB090343457FF779AF01235A46314653
:106250002846B84701303FF4ACAE08F10108ECE73E
:10626000424631462846B8470130C2D1A1E6012353
:10627000314628460A92B84701303FF49AAE0A9A4E
:106280000BF1010BBBE7DDE9082331462846B8478F
:106290000130C0D18DE60A9A4B4642443146284629
:1062A000B8470130C3D184E6DDF838A0BAF1010F58
:1062B00001DCDB0736D50123424631462846B84784
:1062C00001303FF476AEDDE9082331462846B84771
:1062D00001303FF46EAED4E91201002200230AF12E
:1062E000FF3AEAF7C9FBC0B9534608F1010231464B
:1062F0002846B84701300CD15BE601235A463146A7
:106300002846B84701303FF454AE08F10108D045A3
:10631000F3DB4B4604F15002DFE64FF0000804F1D6
:106320001A0BF4E701234246E1E701234A463146CE
:106330002846B84701303FF43CAE08F10108E36855
:106340000F995B1A4345F0DCFCE64FF0000804F1BE
:106350001909F4E72DE9F047164698468A680B6953
:10636000DDF820909342B8BF1346336091F8432084
:1063700007460C460AB1013333602368990642BFD1
:10638000336802333360256815F0060506D104F141
:10639000190AE36832689B1AAB4226DC94F8433052
:1063A0002268003B18BF012392062BD404F143025C
:1063B00041463846C84701301ED02368226903F0A1
:1063C0000603042B02BFE5683368ED1AA3680CBF0F
:1063D00025EAE57500259342C4BF9B1AED180026F7
:1063E0001A34B5421AD1002008E001235246414632
:1063F0003846C847013003D14FF0FF30BDE8F08781
:106400000135C6E7E1185A1C302081F843002244C8
:1064100094F8451082F843100233C7E7012322465F
:1064200041463846C8470130E6D00136D9E700007A
:106430002DE9FF470F7E0C9E782F914680460C4633
:106440009A4601F1430207D8622F0AD8002F00F0C4
:10645000D280582F00F0B98004F1420684F84270CF
:106460003AE0A7F16303152BF6D801A151F823F008
:10647000C9640108DD640108596401085964010810
:106480005964010859640108DD6401085964010870
:10649000596401085964010859640108DD6501085F
:1064A00007650108976501085964010859640108E6
:1064B000FF6501085964010807650108596401086E
:1064C000596401089F65010833681A1D1B68326012
:1064D00004F1420684F8423001239DE033682068CD
:1064E000191D3160060601D51D6803E04506FBD580
:1064F000B3F90050002D03DA2D236D4284F84330A8
:1065000059480A2311E021683368080653F8045BF0
:1065100002D4490648BFADB26F2F5348336014BF51
:106520000A230823002184F843106668A660002E21
:10653000A2BF216821F0040121600DB9002E4BD0CB
:106540001646B5FBF3F103FB1157C75D06F8017D55
:106550002F46BB420D46F4D9082B0BD12368DF0729
:1065600008D5236961689942DEBF302306F8013CF3
:1065700006F1FF36921B2261CDF800A04B4603AA1C
:1065800021464046FFF7E6FE01304AD14FF0FF308A
:1065900004B0BDE8F087236843F02003236033484C
:1065A000782784F84570236831681F0651F8045B2A
:1065B00002D45F0648BFADB23160D90744BF43F093
:1065C000200323601DB11023ACE72748E9E72368C7
:1065D00023F020032360F6E71646BDE733682568FD
:1065E0006169181D30602E061B6801D5196002E034
:1065F0006806FBD51980002323611646BCE7336883
:106600001A1D32601E68626800213046E9F7B8FD45
:1066100008B1801B606063682361002384F8433005
:10662000AAE72369324649464046D0470130ADD0FB
:1066300023689B0713D4E068039B9842B8BF1846B1
:10664000A6E70123324649464046D04701309DD057
:106650000135E36803995B1AAB42F2DCEBE70025F6
:1066600004F11906F5E700BFBD2E0208CE2E020880
:10667000002310B50446C0E90033C0E90433836049
:1066800081814366C2818361194608225C3000F033
:10669000F4F80D4B63620D4BA3620D4BE3620D4B9F
:1066A00023630D4B24629C4206D003F1680294429E
:1066B00002D0D0339C4205D104F15800BDE810400F
:1066C00000F058B910BD00BFF56701081768010850
:1066D0004F6801087368010868F10020024A034905
:1066E000034800F069B800BF3CB0002059800108A1
:1066F0004CB0002041680C4B994210B5044601D0C3
:1067000001F0AAFCA168094B994202D0204601F091
:10671000A3FCE168064B994204D02046BDE8104036
:1067200001F09ABC10BD00BF68F10020D0F100203C
:1067300038F2002010B50B4B0B4C0C4A1A60204667
:1067400000220421FFF794FF04F1680001220921CF
:10675000FFF78EFF04F1D0000222BDE810401221A5
:10676000FFF786BFA0F2002068F10020DD66010877
:10677000014800F000B900BFA9F20020014800F074
:10678000FBB800BFA9F2002010B50446FFF7F0FFE8
:10679000236A1BB1BDE81040FFF7F0BF044B236232
:1067A000044B1B68002BF5D1FFF7C4FFF2E700BFD5
:1067B000F5660108A0F200202DE9F8430746884657
:1067C00014460026D4E90195B9F1010905D52468DC
:1067D000002CF7D13046BDE8F883AB89012B07D9EF
:1067E000B5F90E30013303D029463846C047064379
:1067F0006835E9E710B50C46B1F90E1000F06CF8F9
:106800000028ABBF636DA3891B1823F48053ACBF72
:106810006365A38110BD2DE9F0411F468B89DB051F
:1068200005460C46164605D5B1F90E100223002286
:1068300000F040F8A389B4F90E1023F48053A3812B
:1068400032463B462846BDE8F04100F057B810B547
:106850000C46B1F90E1000F02DF8431CA38915BFAA
:10686000606523F4805343F48053A38118BFA38150
:1068700010BDB1F90E1000F00DB80244034693426A
:1068800000D1704703F8011BF9E70000004870478A
:1068900088B1002038B5064D0023044608462B6019
:1068A000EEF7C8F8431C02D12B6803B1236038BD52
:1068B000A4F2002038B5074D0446084611460022D0
:1068C0002A601A46EEF7C0F8431C02D12B6803B1C8
:1068D000236038BDA4F2002038B5074D04460846B1
:1068E000114600222A601A46EEF788F8431C02D1AE
:1068F0002B6803B1236038BDA4F2002038B5074DE2
:1069000004460846114600222A601A46EEF784F82B
:10691000431C02D12B6803B1236038BDA4F20020D0
:10692000014B1868704700BF48B0002070B50D4D8E
:106930000D4C641BA4100026A64209D10B4D0C4C33
:1069400001F0C2FF641BA4100026A64205D170BD51
:1069500055F8043B98470136EEE755F8043B984755
:106960000136F2E7E4320208E4320208E4320208B7
:10697000E832020870477047704700001FB51446A0
:106980001A46094B1B680546D86854B9074B1C4684
:10699000CDE9013400912B46054901F085FB01F05A
:1069A000B3FB044BF4E700BF48B000206D8E010834
:1069B000EC2E0208DF2E02082DE9F74F03690C695F
:1069C000A34207467EDB013C01F11408A30000F15D
:1069D0001405009305EB8403019358F8243055F80F
:1069E000242001339A4208EB8409B2FBF3F62ED33C
:1069F0004FF0000AC446AE46D3465CF8043B98B25A
:106A000006FB00A0020C1B0C06FB0323DEF8002093
:106A100080B292B2121A5A44DEF800004FEA134ACA
:106A20009BB2C3EB224303EB104392B242EA034210
:106A3000E1454EF8042B4FEA234BDED2009BEB5886
:106A40002BB9019B043B9D421A462FD33C6138462B
:106A500001F07CF9002825DB2946002058F8042B9A
:106A6000D1F800C01FFA82FE1FFA8CF3A3EB0E03CD
:106A70000344120CC2EB234202EB1C429BB243EADA
:106A80000243C14541F8043B4FEA2240E6D255F8A3
:106A9000242005EB840322B9043B9D421A460BD304
:106AA0003C610136304603B0BDE8F08F1268043B0C
:106AB000002ACBD1013CC6E71268043B002AEFD183
:106AC000013CEAE70020EEE72DE9F04FC76997B0F7
:106AD00014461D46CDE90245239E83467FB910200A
:106AE00000F004FE0246CBF81C0020B9A84BEF21B1
:106AF000A848FFF743FFC0E901770760C760DBF8EC
:106B00001C30196859B15A684A60012393408B6060
:106B1000584600F0E1FEDBF81C3000221A602B1E04
:106B2000B9BF23F00043039300233360DDF80C80EA
:106B3000994BBCBF0122326033EA080312D1229A7A
:106B400042F20F731360C8F31303234300F051851F
:106B5000249BDFF848A2002B00F053850AF10303C1
:106B600000F04DBDDDE90223CDE90C23DDE90C0188
:106B700000220023E9F780FF074658B1229A01233B
:106B80001360249B13B1249A854B1360DFF814A281
:106B900000F037BD14AB019315AB00935846DDE907
:106BA0000C2301F081F9C8F30A568146002E76D0F5
:106BB0000D9B1297C3F31303DDE90C0143F07F53E0
:106BC00043F44013A6F2FF3619460022764BE9F74C
:106BD00033FB69A3D3E90023E9F7E6FC68A3D3E913
:106BE0000023E9F72BFB044630460D46E9F772FC1B
:106BF00065A3D3E90023E9F7D7FC02460B462046FC
:106C00002946E9F71BFB04460D46E9F77DFF002204
:106C10000746002320462946E9F738FF40B13846A9
:106C2000E9F758FC22462B46E9F726FF00B9013F59
:106C3000162F52D85D4B03EBC703D3E90023DDE9E0
:106C40000C01E9F723FF002849D0013F00230F93EF
:106C5000149B9B1B5A1E44BFC3F1010800230992D9
:106C600054BF4FF000080993002F3ADB099B0E97A1
:106C70003B44099300230A93209B092B65D8052BDD
:106C8000C4BF043B2093209BA3F10203CCBF00248C
:106C90000124032B64D8DFE803F02B383656DDE9F6
:106CA00014631E4406F23243202BC1BFC3F14003DC
:106CB00008FA03F806F2124324FA03F3D6BFC3F12D
:106CC000200348EA030004FA03F0E9F7F3FB01228A
:106CD000A1F1F873013E129276E70123B7E70F9016
:106CE000B6E77B420A930023A8EB07080E93C3E79D
:106CF00000230B93219B002B35DC0123CDE90733C7
:106D00001A4621920BE00123F3E700230B93219B0A
:106D1000FB1808930133012B0793B8BF0123DBF85D
:106D20001C000021042202F114059D421FD941607C
:106D3000584600F091FD824600283BD11C4B02468C
:106D400040F2AF11D4E60123E0E7012400232093B1
:106D50000B944FF0FF33CDE9073300221223D0E725
:106D600001230B93F5E7219BCDE90733D7E70131E9
:106D70005200D8E7AFF3008061436F63A787D23F2B
:106D8000B3C8608B288AC63FFB799F501344D33F1A
:106D90003C2E0208282F02080000F07F242F020852
:106DA000BC2E0208BB2E02080000F83F203002086B
:106DB000802F0208DBF81C301860079B0E2B00F2B6
:106DC000A480002C00F0A180002F33DD864B07F05B
:106DD0000F0203EBC203D3E90034F805CDE9043414
:106DE0004FEA271416D5814BDDE90C01D3E90823BE
:106DF000E9F704FDCDE9020104F00F0403267B4D01
:106E000054B9DDE90423DDE90201E9F7F7FCCDE936
:106E1000020128E00226F2E7E10708D5DDE90401D6
:106E2000D5E90023E9F7C0FBCDE904010136641080
:106E30000835E5E700F0D2807C426B4B6B4D04F0E7
:106E40000F0203EBC203D3E90023DDE90C01E9F7EC
:106E5000ABFBCDE90201241100230226002C40F0F7
:106E6000B280002BD3D10F9BDDE90245002B00F04F
:106E7000B7805F4B002220462946E9F707FE00282D
:106E800000F0AE80079B002B00F0AA80089B002B2F
:106E900037DD7B1E04932046564B00222946E9F736
:106EA00083FBCDE90201089C01363046E9F712FB6D
:106EB000DDE90223E9F778FB4F4B0022E9F7BEF941
:106EC0000546A1F15076002C40F09A80DDE90201E0
:106ED0004A4B0022E9F7B0F902460B46CDE90223FE
:106EE0002A463346E9F7F0FD002840F08E82DDE9BE
:106EF00002012A4606F10043E9F7C8FD002840F0E8
:106F00002781DDE90C34CDE90234159B002BC0F25A
:106F100063810E2F00F36081334B03EBC703D3E98A
:106F20000034CDE90434219B002B03DA079B002BAE
:106F300040F30081DDE902455646DDE904232046A1
:106F40002946E9F75BFCE9F7DFFD8046E9F7C2FA7D
:106F5000DDE90423E9F728FB02460B4620462946D3
:106F600008F13004E9F768F906F8014B079DA6EB34
:106F70000A04A54202460B4640F01681E9F75EF985
:106F8000DDE9042304460D46E9F79EFD002840F0A4
:106F9000F880DDE9042320462946E9F76DFD18B1A4
:106FA00018F0010F40F0ED804946584600F094FC7F
:106FB00000233370229B01371F60249B002B00F0BD
:106FC00020831E601DE3E20705D5D5E90023E9F71C
:106FD000EBFA01360123641008353FE7022642E749
:106FE000079C049761E700BF20300208F82F0208D1
:106FF0000000F03F0000244000001C40000014404E
:10700000704B0B9903EBC40353E90223544400294A
:1070100045D06D490020E9F7F1FB33462A46E9F7F0
:107020000BF9CDE910015646DDE90201E9F76CFDE7
:107030000546E9F74FFA02460B46DDE90201E9F79A
:10704000FBF8303502460B46CDE9022306F8015B1A
:10705000DDE91023E9F71AFD002863D1DDE90223F9
:107060005A490020E9F7E8F8DDE91023E9F70EFDB9
:10707000002840F08780A6423FF443AFDDE91001CD
:10708000534B0022E9F790FA514BCDE91001002251
:10709000DDE90201E9F788FACDE90201C4E73146EA
:1070A0002846E9F781FACDE9100113945646DDE947
:1070B0000201E9F729FD0546E9F70CFA02460B46FD
:1070C000DDE90201E9F7B8F8303506F8015B024660
:1070D0000B46A642CDE902234FF0000224D13A4BE1
:1070E000DDE91001E9F7AAF802460B46DDE90201E5
:1070F000E9F7EAFC002845D1DDE9102332490020F8
:10710000E9F79AF802460B46DDE90201E9F7BEFC11
:1071100000283FF4F6AE139E731E139316F8013C3D
:10712000302BF8D0049F3FE7294BE9F73DFACDE932
:107130000201BCE70CD1274B0022DDE90401E9F78D
:1071400033FADDE90223E9F7B5FC002800F05B81A2
:1071500000242546219BDB43049356460027214605
:10716000584600F0B9FB002DDCD02FB1AF4203D060
:107170003946584600F0B0FB2946584600F0ACFBB3
:10718000D0E7049733461E4613F8012D392A07D15C
:107190009A45F8D1049A0132049230228AF80020EC
:1071A0001A7801321A70BDE7094B0022E9F7FCF9A1
:1071B0000022002304460D46E9F75EFC00283FF458
:1071C000BCAEF1E6203002080000E03F0000F03FD6
:1071D00000002440000014400B9A002A00F0DB80DD
:1071E000209A012A00F3BF80129A002A00F0B7808B
:1071F00003F233430A9C4646099A01211A44584631
:107200009844099200F01CFC05465EB1099B002BD6
:1072100008DDB342099AA8BF3346A8EB0308F61A63
:10722000D31A09930A9BF3B10B9B002B00F0B78094
:107230008CB129462246584600F0C2FC4A46014617
:107240000546584600F012FC49460490584600F0A6
:1072500043FB049B99460A9B1A1B04D04946584697
:1072600000F0AEFC81460121584600F0E9FB0E9B80
:107270000446002B00F0C9811A460146584600F02A
:107280009FFC209B012B044600F38F80029B002B68
:1072900040F08780039BC3F31303002B40F08380EF
:1072A000039B23F000431B0D1B052BB1099B0133EE
:1072B000099308F1010801230A930E9B002B00F0AB
:1072C000AA81236904EB8303186900F06DFBC0F108
:1072D0002000099B184410F01F0071D0C0F120035A
:1072E000042B65DD099BC0F11C0003448044064467
:1072F0000993B8F1000F05DD49464246584600F0B3
:10730000B9FC8146099B002B05DD21461A465846EB
:1073100000F0B0FC04460F9B002B53D0214648469A
:1073200000F014FD00284DDA7B1E0493494600232B
:107330000A22584600F0F2FA0B9B8146002B00F01F
:107340006C81002329460A22584600F0E7FA089B80
:10735000002B054661DC209B022B3BDC5DE0149B8F
:10736000C3F1360346E7079B5C1E0A9BA342BFBFDF
:107370000A9B0E9A0A94E31AB4BFD2181C1B079BEF
:10738000BCBF0E920024002BB5BFA8EB0306079BE1
:107390000023464630E70A9C0B9D464635E70A9A8D
:1073A0005CE7002388E7029B86E700230A9388E7CF
:1073B0009FD0099A1C331A4498441E44099298E7B6
:1073C0000346F6E7079B0497002B20DC0893209BDD
:1073D000022B1EDD089B002B7FF4BCAE214605224C
:1073E000584600F09BFA01460446484600F0AEFCC1
:1073F00000287FF7AFAE5646312306F8013B049BC9
:1074000001330493AAE6079C04972546F3E7079BFC
:1074100008930B9B002B00F00481002E05DD29460C
:107420003246584600F026FC05460A9B002B5AD0EF
:107430006968584600F010FA064628B9844B02469F
:1074400040F2EF21FFF754BB2A690232920005F1A6
:107450000C010C3000F04AFE01223146584600F083
:1074600009FC0AF101030793089B53440B93029B09
:1074700003F001032F460A930546079B2146013B73
:1074800048460293FFF798FA3946089000F1300811
:10749000484600F05BFC2A4609902146584600F019
:1074A00071FCC268064602BB0146484600F04EFC2D
:1074B0000246314658460C9200F00EFA209B0C9A78
:1074C000079E43EA02010A9B194310D1B8F1390F14
:1074D00029D0099B002B02DD089B03F13108029B98
:1074E00083F800803BE62846BBE70122E1E7099BE1
:1074F000002B04DB20990B430A990B4320D1002A6F
:10750000EDDD49460122584600F0B4FB2146814694
:1075100000F01CFC002803DCE1D118F0010FDED0E4
:10752000B8F1390FD8D1029A3923137033461E4669
:10753000013B16F8012C392A52D001321A700EE69E
:10754000002A07DDB8F1390FEDD0029A08F10103E6
:10755000137004E6079B079A03F8018C0B9B934278
:1075600028D0494600230A22584600F0D7F9AF42F6
:1075700081464FF000034FF00A023946584607D1C2
:1075800000F0CCF907460546079B0133079374E7E3
:1075900000F0C4F92946074600230A22584600F0A5
:1075A000BDF90546F0E7089B002BCCBF1E4601261F
:1075B0005644002749460122584600F05BFB21460D
:1075C000814600F0C3FB0028B0DC02D118F0010FA7
:1075D000ACD133461E4613F8012D302AFAD0BEE551
:1075E0009A45A4D1049B0133049331238AF80030D7
:1075F000B5E5249BDFF85CA01BB10AF10803249ACF
:107600001360504617B0BDE8F08F209B012B7FF729
:107610003DAE0E9B0A9301205BE6089B002B7FF793
:10762000D6AE564621464846FFF7C6F900F1300867
:1076300006F8018B089BA6EB0A029342B3DD49468C
:1076400000230A22584600F069F98146EAE700BFA4
:10765000802F02081B2F020838B50546002941D0AB
:1076600051F8043C0C1F002BB8BFE41800F0E8F8F8
:107670001D4A136833B9636014602846BDE838407A
:1076800000F0E4B8A34208D9206821188B4201BF5A
:1076900019685B6809182160EDE71A465B680BB151
:1076A000A342FAD911685018A0420BD120680144B6
:1076B000501883421160E0D118685B685360084439
:1076C0001060DAE702D90C232B60D6E72068211876
:1076D0008B4204BF19685B68636004BF09182160AE
:1076E0005460CAE738BD00BFB0F20020024B01462B
:1076F000186800F025B800BF48B0002070B50F4EE4
:107700000C463168054611B900F0E0FC30602146B6
:10771000284600F0DBFC431C03D14FF0FF34204629
:1077200070BDC41C24F00304A042F8D0211A2846DE
:1077300000F0CCFC0130F2D1EFE700BFACF200204A
:107740002DE9F843CD1C25F0030508350C2D38BF75
:107750000C25002D064601DBA94204D90C23336019
:107760000020BDE8F883DFF8D48000F069F8D8F88D
:1077700000301C4644BB29463046FFF7BFFF431C80
:10778000044658D1D8F800402746002F43D1002C9A
:107790004BD023683946304604EB030900F096FCD1
:1077A000814542D121686D1A29463046FFF7A6FF70
:1077B00001303AD023682B442360D8F800305A684F
:1077C00062BBC8F800700FE02268521B20D40B2A5D
:1077D00017D96119A342256018BF5960636808BFB3
:1077E000C8F8001062514B60304600F02FF804F1E9
:1077F0000B00231D20F00700C21A1CBF1B1AA35048
:10780000AFE76268A3420CBFC8F800205A60EBE7FC
:1078100023466468AEE73C467F68B6E71A465B6875
:10782000A342FBD100235360DEE70C2333603046D4
:1078300000F00CF894E70560D6E700BFB0F2002036
:107840000148FFF798B800BFA8F200200148FFF7F1
:1078500093B800BFA8F2002070B5C66904460D4673
:1078600076B91020FFF742FF0246E06120B9184BBD
:1078700018486B21FFF782F8C0E901660660C66010
:10788000E669F36883B1E369DB6853F82500B8B9AA
:10789000012101FA05F6721D9200204600F03BFC22
:1078A00060B1C0E901560EE021220421204600F01B
:1078B00032FCE369F060DB68002BE4D1002070BD8E
:1078C000026843F825200023C0E90333F7E700BF2F
:1078D0003C2E0208912F020870B5C66905460C4679
:1078E00076B91020FFF702FF0246E86120B9094B84
:1078F00009488F21FFF742F8C0E901660660C660BB
:107900003CB1EB696268DB6853F82210216043F8F0
:10791000224070BD3C2E0208912F02082DE9F04153
:107920000D6907460C461E4601F1140C0020DCF8D8
:10793000003099B202FB01611E0C0B0C02FB0633F6
:1079400089B2013001EB034185424CF8041B4FEA38
:107950001346ECDC0EB3A368AB4219DC6168384611
:107960000131FFF779FF804628B902460C4B0D48DC
:10797000BA21FFF703F82269023204F10C019200E8
:107980000C3000F0B3FB21463846FFF7A5FF444614
:1079900004EB850301355E6125612046BDE8F08179
:1079A000802F0208912F0208B0F5803F034636BFB2
:1079B000030400201020B3F1807F3CBF1B0208307D
:1079C000B3F1805F3CBF1B010430B3F1804F3CBF7B
:1079D0009B000230002B05DB13F0804F00F101000B
:1079E00008BF202070470368024613F007000BD041
:1079F000D90721D4980749BF5B089B080120136071
:107A00005CBF13600220704799B209B91B0C1020AB
:107A1000D9B209B908301B0A190704BF1B09043081
:107A2000990704BF9B080230D90703D45B0800F113
:107A3000010003D01360704700207047202070477A
:107A400010B50C460121FFF707FF024628B9054B88
:107A5000054840F24511FEF791FF0123446103619F
:107A600010BD00BF802F0208912F02082DE9F04FB2
:107A700014460A6923699A42A8BF23460F46A4BF49
:107A80000C461F46D4F810A0D7F81090A368616880
:107A90000AEB0906B34285B0B8BF0131FFF7DCFE3F
:107AA00030B90246444B45484FF4B171FEF766FFCA
:107AB00000F1140505EB86082B460022434521D32F
:107AC00007F1140104F1140202EB8A0201EB8903AD
:107AD0000293131B153B23F00303043304F1150732
:107AE000BA4238BF04230193029B03918B420CD806
:107AF000002E03DD58F8043D002B5AD0066105B076
:107B0000BDE8F08F43F8042BD8E7B1F800A0BAF134
:107B1000000F23D004F1140EA9464FF0000C5EF8BC
:107B2000047BD9F800301FFA87FB9BB20AFB0B33AA
:107B30006344D9F800C03F0C4FEA1C4C0AFB07C74E
:107B400007EB13479BB243EA0743724549F8043BEE
:107B50004FEA174CE3D8019B45F803C0039BB3F8E9
:107B600002900431B9F1000F21D02B6804F1140CFC
:107B7000AE464FF0000ABCF800B0BEF8027009FB38
:107B80000B7757449BB243EA07434EF8043B5CF83B
:107B9000043B4FEA134ABEF8003009FB0A3303EBFB
:107BA000174362454FEA134AE5D8019FEB5104356C
:107BB0009AE7013E9CE700BF802F0208912F020840
:107BC0002DE9F843154612F0030207460E4607D08A
:107BD000254C013A002354F82220FFF79FFE064669
:107BE000AD103DD0FC697CB91020FFF77FFD024647
:107BF000F86128B91D4B1E4840F2B311FEF7BEFED6
:107C0000C0E901440460C460D7F81C80D8F808407B
:107C10004CB940F271213846FFF712FF0023C8F833
:107C20000800044603604FF00009EB070AD531460F
:107C300022463846FFF71AFF314680463846FFF79E
:107C40004BFE46466D100BD0206838B922462146BF
:107C50003846FFF70BFF2060C0F800900446E4E7C9
:107C60003046BDE8F88300BFEC2F02083C2E020826
:107C7000912F02082DE9F0470C464968236903EB70
:107C80006218A368074691464FEA621A08F1010696
:107C9000B3420BDB3846FFF7DFFD054648B9024625
:107CA000284B29484FF4EF71FEF768FE01315B0065
:107CB000EEE7002300F1140100F1100218465345CD
:107CC00033DB20692AEAEA7A04F1140319F01F0968
:107CD00001EB8A0103EB800C2BD0C9F1200E8A4600
:107CE0000022186800FA09F010434AF8040B53F810
:107CF000042B9C4522FA0EF2F3D8ACEB0403153B9F
:107D000023F00303043304F11500844538BF042332
:107D1000CA500AB108F10206013E38462E612146DA
:107D2000FFF7DAFD2846BDE8F08742F8040F01337B
:107D3000C5E7043953F8042B41F8042F9C45F9D8C2
:107D4000EAE700BF802F0208912F02080A69034664
:107D50000069801A30B50ED11433143103EB82045C
:107D600001EB820154F8045D51F8042D954203D0D3
:107D700005D24FF0FF3030BDA342F3D3FBE7012023
:107D8000F9E700002DE9F74F8946064611464846B7
:107D90001446FFF7DBFF051E12D129463046FFF7D8
:107DA0005BFD024628B93E4B40F237213D48FEF7C5
:107DB000E5FD0123C0E90435104603B0BDE8F08FAE
:107DC000BCBF4B46A1463046D9F80410BABF1C468A
:107DD00001250025FFF740FD024618B9304B40F25F
:107DE0004521E3E7D9F810702669C56009F1100351
:107DF00009F1140504F1140E00F1140B05EB8708CA
:107E00000EEB86060193D9464FF0000C019B5EF8FD
:107E1000040B53F804AF019381B21FFA8AF35B1A83
:107E2000000C6344C0EB1A4000EB23409BB243EAD2
:107E30000043764549F8043B4FEA204CE6D8331B13
:107E4000153B23F0030315340433A64238BF042343
:107E50001D445B441E462C4644450ED308F10301E5
:107E6000491B21F00301033DA84538BF00210B4405
:107E700053F8041D91B117619EE754F8041BE646C0
:107E8000080C1CFA81FC714400EB2C4089B241EAD9
:107E9000004146F8041B4FEA204CDDE7013FE7E7CD
:107EA000802F0208912F02082DE973430121089EBB
:107EB00090469946FFF7D0FC044630B90246244B61
:107EC000244840F20F31FEF759FDC9F30A55C9F3B2
:107ED00013030DB143F480130193B8F1000324D0D0
:107EE00068460093FFF77FFDDDE90012D8B1C0F1CD
:107EF000200302FA03F30B43C24063610192019B2A
:107F0000A361002B0CBF012202222261ADB1A5F2B8
:107F1000334505443560C0F13500099B18602046A3
:107F200002B0BDE870836161E9E701A8FFF75BFD7E
:107F3000019B636120300122E7E704EB8203A0F29A
:107F4000324030601869FFF72FFDC0EB4210E4E7C4
:107F5000802F0208912F0208B1F90C20F8B51607FE
:107F600005460C4654D44B68002B02DC0B6C002BEE
:107F700048DDE66A002E45D0002312F480522F68B7
:107F8000216A2B6030D0626DA389590705D56368DB
:107F9000D21A636B0BB1236CD21A0023E66A216AF2
:107FA0002846B047431CA38906D129681D292BD830
:107FB000284A0A41D60727D400226260D9042269E0
:107FC000226004D5421C01D12B6803B96065616B46
:107FD0002F60B9B104F14403994202D02846FFF75B
:107FE0003BFB002363630DE001232846B0470246B4
:107FF000501CC9D12B68002BC6D01D2B01D0162BCD
:108000001DD12F60002021E043F040031BB21AE095
:108010000F69002FF6D093070E6808BF4B690F60F9
:1080200018BF0023F61B8B60002EEBDD216AD4F80D
:1080300028C033463A462846E047002807DCB4F912
:108040000C3043F04003A3814FF0FF30F8BD0744EC
:10805000361AE9E7FEFFBFDF38B50B6905460C4667
:1080600013B90025284638BD18B1036A0BB9FEF7CD
:108070008BFBB4F90C30002BF3D0626ED00704D424
:10808000990502D4A06DFEF776FC28462146FFF73D
:1080900063FF636EDA070546E4D4A3899B05E1D448
:1080A000A06DFEF769FCDDE70EB403B5014603AB36
:1080B000054853F8042B0068019300F087F802B0DC
:1080C0005DF804EB03B0704748B0002038B5064DAA
:1080D0000023044608462B60ECF7B8FC431C02D191
:1080E0002B6803B1236038BDA4F200200A449142FA
:1080F00000F1FF3300D1704710B511F8014B03F8C0
:10810000014F9142F9D110BD08B5062000F032FAB6
:108110000120ECF76DFC70B5A1FB02543CB9294677
:10812000FFF70EFB064628B90026304670BD0C222C
:108130000260F9E72A462146FEF79FFBF5E782B089
:1081400001B901A942B14BB113780B601278101E2E
:1081500018BF012002B070471046FBE76FF0010026
:10816000F8E70346084641B1FF2A04D98A221A607B
:108170004FF0FF3070470A70012070479368013B51
:10818000002B10B4936007DA9469A34201DB0A293B
:1081900002D110BC00F032B91368581C106019707D
:1081A000084610BC7047F8B506460F461446D51869
:1081B000AC4201D1002007E014F8011B3A463046DA
:1081C000FFF7DCFF431CF3D1F8BD00002DE9F04FB1
:1081D0000D469DB014469846064618B1036A0BB981
:1081E000FEF7D2FA6B6ED90705D4AB899A0502D493
:1081F000A86DFEF7C0FBAB891B0701D52B699BB9A6
:108200002946304600F038F970B16B6EDC0704D5B2
:108210004FF0FF301DB0BDE8F08FAB899805F7D463
:10822000A86DFEF7A9FBF3E70023099320238DF83F
:108230002930CDF80C803023DFF8AC818DF82A305E
:108240004FF0010923469A4613F8012B0AB1252A5B
:10825000F9D1BAEB040B0BD05B46224629463046D7
:10826000FFF7A1FF013000F0A780099A5A44099254
:108270009AF80030002B00F09F8000234FF0FF326F
:10828000CDE905230AF1010A049307938DF85330D1
:108290001A935446052214F8011B5348E7F770FF60
:1082A000049AD8B9D10644BF20238DF85330130760
:1082B00044BF2B238DF853309AF800302A2B15D069
:1082C000079A544600204FF00A0C214611F8013B52
:1082D000303B092B4BD9B0B1079214E0A0EB080357
:1082E00009FA03F313430493A246D2E7039B191D33
:1082F0001B680391002BBBBF5B4242F00202079355
:108300000793B8BF049223782E2B0AD163782A2BC7
:1083100032D1039B1A1D1B68039243EAE3730234B4
:108320000593DFF8C8A0217803225046E7F728FF1D
:1083300038B1049BA0EB0A00402282401343013471
:10834000049314F8011B2A488DF828100622E7F739
:1083500017FF00283FD0274B1BBB039B073323F09D
:10836000070308330393099B3B4409936AE70CFB1B
:1083700002320C460120A8E7002301340593194678
:108380004FF00A0C204610F8012B303A092A03D985
:10839000002BC6D00591C4E70CFB01210446012344
:1083A000F0E703AB00932A46134B04A93046FDF7D0
:1083B000A5FD0746781CD6D16B6ED90705D4AB89CD
:1083C0009A0502D4A86DFEF7D7FAAB895B063FF594
:1083D0001FAF09981EE703AB00932A46064B04A97A
:1083E0003046FEF725F8E4E7F1310208F7310208DC
:1083F000FB310208FD5E0108A7810108F8B50E46B1
:108400001446054618B1036A0BB9FEF7BDF9A36916
:10841000A360A3891A0701D5236943B921462846D9
:1084200000F02AF818B14FF0FF373846F8BD23683E
:108430002269981A6369F6B28342374605DC214601
:108440002846FFF709FE0028EDD1A368013BA36091
:1084500023685A1C22601E706269431C9A4204D031
:10846000A389DB07E1D50A2EDFD121462846FFF795
:10847000F3FD0028D9D0D6E738B5294B0546186852
:108480000C4618B1036A0BB9FEF77EF9B4F90C304B
:10849000190722D4DA0607D409222A6043F04003E0
:1084A000A3814FF0FF3033E0580712D5616B41B123
:1084B00004F14403994202D02846FFF7CDF8002387
:1084C0006363A38923F02403A381002363602369EA
:1084D0002360A38943F00803A38123694BB9A389CF
:1084E00003F42073B3F5007F03D02146284600F043
:1084F00083F8B4F90C3013F001020AD00022A26014
:1085000062695242A261226942B913F08000C5D16A
:1085100038BD990758BF6269A260F4E70020F7E709
:1085200048B000201F2938B505460C4604D916234B
:1085300003604FF0FF3038BDC26B12B152F82130EA
:108540004BB9284600F030F8224601462846BDE8DF
:10855000384000F017B8012B0AD0591C03D116235C
:1085600003600120E7E7002142F8241020469847E5
:108570000020E0E7024B01461868FFF7D3BF00BFB9
:1085800048B0002038B5074D002304460846114680
:108590002B60ECF725FA431C02D12B6803B1236052
:1085A00038BD00BFA4F20020ECF718BA70B50C4635
:1085B000B1F90E10002996B015461E460DDAA389B2
:1085C00013F0800F4FF0000114BF40234FF480637D
:1085D000002031602B6016B070BD6A4600F048F88C
:1085E0000028ECDB019901F47041A1F500535942D8
:1085F00059414FF48063EBE78B89F7B59D07064639
:108600000C4607D504F1470323602361012363610E
:1086100003B0F0BD01AB6A46FFF7C8FF009F0546F7
:1086200039463046FFF78CF848B9B4F90C309A0552
:10863000EED423F0030343F00203A381E2E7A3890E
:10864000206043F08003A381019BC4E904075BB170
:10865000B4F90E10304600F01DF828B1A38923F0BC
:10866000030343F00103A381A3891D43A581CFE741
:1086700038B5074D00230446084611462B60ECF739
:10868000DCF9431C02D12B6803B1236038BD00BF65
:10869000A4F2002038B5064D0023044608462B609E
:1086A000ECF7D0F9431C02D12B6803B1236038BD2D
:1086B000A4F2002038B5054600F016F82946044615
:1086C0002846E8F76DFD68B900212846E8F740FD27
:1086D00040B1FEF725F92123002103600846E8F7A1
:1086E0004DFC0446204638BD20F00042B2F1FF4F59
:1086F0002DE9F041034604460AD30146E8F78AFB18
:1087000001462046E8F77EFA04462046BDE8F0819F
:10871000002AFAD0002806DA0146E8F771FA014685
:10872000E8F72CFCF0E710F0FF424FEAE0513DD0B3
:10873000C3F3160343F40003CA07A1F17F0558BF32
:108740005B0000246D105B00192026464FF08071FD
:1087500072189A42DDBF561864189A1A1A460138E0
:108760004FEA42034FEA5101F2D1BAB1144E154F0C
:1087700030683968D6F80080E8F742FA014640468A
:10878000E8F7F0FC50B1306839683668E8F73AFA33
:1087900001463046E8F7DCFC68B10234641004F1AD
:1087A0007C5404EBC554B0E75B0001321802FBD5E2
:1087B000013A891ABCE7013424F00104EEE700BF56
:1087C00008B2002004B200202DE9F041C1F30A579D
:1087D000A7F2FF36132E02460B460C46054680468E
:1087E00035DC002E17DA34A3D3E90023E7F726FDA2
:1087F00000220023E8F768F950B1002C57DA24F082
:1088000000442C430025AC422D4C08BF4FF00044DF
:1088100023462A4624E02B4F374101EA070C5CEA45
:10882000000C1DD024A3D3E90023E7F707FD0022A5
:108830000023E8F749F90028EAD0002CBEBF4FF426
:1088400080133341E41824EA07040025E0E7332EBF
:108850000ADDB6F5806F03D1E7F7F0FC02460B4660
:1088600010461946BDE8F081A7F213474FF0FF3CD0
:108870002CFA07F70742F3D00FA3D3E90023E7F759
:10888000DDFC00220023E8F71FF90028C0D0002CEF
:108890000ADA142E01D1013406E0C6F134060123B0
:1088A000B3401D444545F6D325EA0705B0E700254A
:1088B0002C46ADE7AFF300809C7500883CE4377E22
:1088C0000000F0BFFFFF0F00F8B500BFF8BC08BC08
:1088D0009E467047F8B500BFF8BC08BC9E4670477E
:1088E0000000000001000000020000000000000085
:1088F0008813000010270000204E00003075000093
:10890000409C000050C3000060EA0000C0D4010099
:1089100080A903000053070000EA063700000000AA
:108920005000000040F70937000000005000000030
:10893000C194C10000000000B22700000000000048
:108940000000000000000000000000000000000027
:1089500000232323232323205072696D757320493C
:108960006E6974205374617274202323232323239C
:108970000D00232323232323205072696D75732058
:10898000496E697420456E64202323232323230D1D
:1089900000000000000000000000000001000000D6
:1089A00001000000020000000000000000000000C4
:1089B0000100000001000000020000000D0A232356
:1089C0002323232320506F776572203A20256420CB
:1089D0006D56202323232323230D0A00547275652B
:1089E0000046616C736500526576657273655F461B
:1089F0006C6F77203A202573200D0A004C65616B5F
:108A0000616765203A202573200D0A004C6F775F5F
:108A100042617474657279203A202573200D0A0032
:108A2000436F756E7465725F4F766572466C6F77D3
:108A3000203A202573200D0A00414250004F544136
:108A400041000D0A232323232323204C6F5261204E
:108A500041637469766174696F6E20547970652022
:108A60003A202573202323232323230D0A000D0AF4
:108A7000232323232323202055706C696E6B436FBF
:108A8000756E746572204C6F6164203A20257520E4
:108A90002323232323230D0A000D0A232323232327
:108AA00023204E6578742053656E642054696D658B
:108AB000203A20202564206D696E757465207C2025
:108AC0002564207365636F6E64202323232323238F
:108AD0000D0A0A000D0A2323232323232054696D42
:108AE0006572204572726F72202323232323230D86
:108AF0000A000D0A232323232323204C6F526120D5
:108B000055706C696E6B436F756E746572203A2098
:108B10002575202323232323230D0A000D0A232355
:108B200023232323205478496E6465783A202564F2
:108B300020202323232323230D0A000D0A2323238C
:108B400023232320525353493A20256420202323F2
:108B5000232323230D0A000D0A2323232323232069
:108B60004C525F5374617475733A2025732020232F
:108B700023232323230D0A000D0A23232323232346
:108B8000204F505F5374617475733A202573202011
:108B90002323232323230D0A000D0A232323232326
:108BA00023204A4F494E204661696C203A202564B3
:108BB00020202323232323230D0A000D0A2323230C
:108BC0002323232041434B204661696C203A202512
:108BD0006420202323232323230D0A000D0A2323AB
:108BE00023232323204142502041434B20466169E7
:108BF0006C203A20536C65657020202323232323A7
:108C0000230D0A000D0A232323232323204F54413D
:108C1000412041434B204661696C203A2052454235
:108C20004F4F5420202323232323230D0A000D0A12
:108C30002323232323232041434B20436F6E666964
:108C4000726D203A20506173732020232323232345
:108C5000230D0A000D0A23232323232320466972B0
:108C60007374204A6F696E20202323232323230D4E
:108C70000A000D0A232323232323204E46435F208B
:108C8000577269746520434E542053415645202342
:108C900023232323230D0A000D0A23232323232325
:108CA000204E46435F205772697465204441544109
:108CB000202323232323230D0A000D0A2323232308
:108CC0002323204E46435F20496E666F2053415652
:108CD000452044415441202323232323230D0A000C
:108CE0000D0A232323232323204C6F67696E203A28
:108CF0002050617373202323232323230D0A000DA7
:108D00000A232323232323204E464320556E6C6FD2
:108D1000636B205A6F6E6520322023232323232385
:108D20000D0A000D0A232323232323204E4643202C
:108D30004C6F636B205A6F6E6520322023232323F0
:108D400023230D0A000D0A232323232323204E4629
:108D50004320466163746F72792052657365742095
:108D600044415441202323232323230D0A000D0AC9
:108D7000232323232323204E46435F20526561642F
:108D80002044415441202323232323230D0A000D93
:108D90000A232323232323204C4F52412053454EA3
:108DA000442044415441202323232323230D0A003C
:108DB0000D0A23232323232320534554204D4355B9
:108DC00020496E6974202323232323230D0A0000E6
:108DD0000100000001000000000000000000000091
:108DE0000D0A232323232323204D4355205265625C
:108DF0006F6F74202323232323230D0A000D0A23DE
:108E00002323232323204B657920436F6E666967F4
:108E10002042792054657374204D6F64652053742B
:108E2000617274202323232323230D0A0A000D23B8
:108E30002323232323204B657920436F6E666967C4
:108E40002042792054657374204D6F646520456E0F
:108E500064202323232323230D0A0A001A2B3C4DCD
:108E60005E6F718200010101010101010100A1A2F7
:108E7000A3A4A5A6A7A8A9B1B2B3B4B5B6B7000D6F
:108E80000A232323232323204B657920436F6E6617
:108E90006967204279205072696D7573205374613F
:108EA0007274202323232323230D0A0A000D232376
:108EB00023232323204B657920436F6E6669672047
:108EC0004279205072696D757320456E64202323AA
:108ED000232323230D0A0A002B7E151628AED2A6C3
:108EE000ABF7158809CF4F3C000D0A23232323231A
:108EF00023204E65772050617373776F7264203A38
:108F0000202564202323232323230D0A0023232346
:108F100023232320414343454C45524F5F47595239
:108F20004F20536C656570202323232323230D0AD0
:108F30000023232323232320414343454C45524F01
:108F40005F4759524F5F4572726F72203A20256415
:108F5000202323232323230D0A0023232323232336
:108F600020414343454C45524F5F4759524F5F4361
:108F7000616C63756C6174696F6E202323232323F6
:108F8000230D0A0023232323232320414343454C5D
:108F900045524F5F4759524F5F57616B652055707F
:108FA00020436E74203A2025642023232323232387
:108FB0000D0A0023232323232320414343454C450B
:108FC000524F5F4759524F5F57616B652055702074
:108FD0002323232323230D0A00000000D746000883
:108FE000C5460008A9460008C9460008A54600086D
:108FF000E9460008256473253033643A0000000018
:10900000214C0008C14C0008314C0008CD4C000830
:10901000914C0008D94C000800000000414C0008A9
:10902000F94B0008C54B00087D4B0008D54B0008E4
:10903000E94B0008894B00088D4B0008A14B000844
:10904000554F00087D4F0008014F0008ED4E000805
:1090500053776974636820746F20436C6173732065
:10906000256320646F6E650D0A00414243004E4146
:10907000434B000D0A232323232323203D3D3D3D65
:109080003D3D3D3D3D3D204D4350532D436F6E666C
:1090900069726D203D3D3D3D3D3D3D3D3D3D3D3D8C
:1090A0003D0D0A0023232323232320552F4C204644
:1090B00052414D453A25303464207C20504F525463
:1090C0003A2564207C2044523A2564207C20505765
:1090D000523A256400207C204D5347205459504576
:1090E0003A00434F4E4649524D4544205B25735D3F
:1090F0000D0A00554E434F4E4649524D45440D0A08
:10910000000D0A232323232323203D204A4F494EC9
:109110004544203D2000414250203D3D3D3D3D3DE8
:109120003D3D3D3D3D3D3D3D3D3D3D3D3D3D3D3D6F
:109130000D0A004F544141203D3D3D3D3D3D3D3DEB
:109140003D3D3D3D3D3D3D3D3D3D3D3D3D0D0A00EF
:109150000D0A232323232323204A4F494E2046412F
:10916000494C45440D0A0023232323232320552F54
:109170004C204652414D453A4A4F494E207C2044AE
:10918000523A2564207C205057523A25640D0A003B
:109190004C6D48616E646C65722053746F70206F03
:1091A0006E20676F696E67202E2E2E0D0A004C6DA3
:1091B00048616E646C65722053746F707065640DE5
:1091C0000A004C6D48616E646C6572207377697437
:1091D000636820746F204F544141206D6F64650DAA
:1091E0000A004C6D48616E646C6572207377697417
:1091F000636820746F20414250206D6F64650D0AD2
:10920000000D0A23232323232320424541434F4EAD
:10921000204C4F53540D0A000D0A232323232323EC
:1092200020424541434F4E2052454345495645440F
:10923000207C2044523A2564207C20525353493AE2
:109240002564207C20534E523A2564207C204651D0
:109250003A2564207C2054494D453A2564207C20E1
:10926000444553433A2564207C20494E464F3A30CA
:109270003258253032582530325820253032582582
:10928000303258253032580D0A000D0A232323238B
:10929000232320424541434F4E204E4F54205245F8
:1092A0004345495645440D0A004E564D204441540D
:1092B000412053544F5245440D0A004E564D204410
:1092C00041544120524553544F5245440D0A0052D7
:1092D00058202D20506F7274203A202564207C2065
:1092E00042756666203A2025640D0A004C454420EC
:1092F0004F46460D0A004C4544204F4E0D0A0023B0
:10930000232323232320442F4C204652414D453A0A
:1093100025303464207C20504F52543A2564207C00
:109320002044523A2564207C20534C4F543A2573F4
:10933000207C20525353493A2564207C20534E52BE
:109340003A25640D0A004E564D20444154412055A3
:109350005020544F20444154450D0A004E564D2094
:10936000444154412053544F5245204641494C45B5
:10937000440D0A0053454E4420524551554553541F
:109380000D0A004E65787420547820696E20203ACA
:10939000207E2564207365636F6E642873290D0A2F
:1093A000004150504C49434154494F4E5F5645523D
:1093B00053494F4E3A205625582E25582E25580DE4
:1093C0000A004D575F4C4F524157414E5F56455230
:1093D00053494F4E3A20205625582E25582E2558B1
:1093E0000D0A004D575F524144494F5F5645525355
:1093F000494F4E3A202020205625582E25582E25FC
:10940000580D0A004C325F535045435F5645525346
:10941000494F4E3A20202020205625582E25582EE0
:1094200025580D0A0052505F535045435F56455230
:1094300053494F4E3A20202020205625582D25589C
:109440002E25582E25580D0A0031003200435F4D5D
:109450004300505F4D430000A0860100400D030013
:10946000801A060000350C0040420F0080841E0068
:1094700000093D0000127A000024F40000366E015D
:109480000048E801006CDC02000000000000000061
:1094900000000000000000000000000000000000CC
:1094A00000000000000000000100000002000000B9
:1094B00003000000040000000100000003000000A1
:1094C000050000000100000001000000060000008F
:1094D0000A0000002000000002000000040000005C
:1094E00008000000100000004000000080000000A4
:1094F000000100000002000001000200040006005C
:1095000008000A000C00100020004000800000014C
:109510000804020408010101010101030701000020
:109520006572726F723A20526567696F6E20697357
:10953000206E6F7420646566696E656420696E20B4
:10954000746865204D573A20736574206C6F7261A2
:1095500077616E5F636F6E662E68206163636F7202
:1095600064696E676C790D0A004D4143207278542E
:10957000696D654F75740D0A004D41432074785430
:10958000696D654F75740D0A004D41432072784432
:109590006F6E650D0A004D4143207478446F6E650F
:1095A0000D0A00080A0C0D0E10121415181A1B1DB6
:1095B0001E21240305020501060202050000060023
:1095C0000001050404020202020202020202020277
:1095D0000202020203020202020202030403020266
:1095E0000202020405040302020202050605040346
:1095F0000202020607060504030202070707060522
:10960000040302070700000000000001020100003F
:109610000000000203020100000000030403020135
:109620000000000405040302010000050605040310
:1096300002010006070605040302010707070605E5
:10964000040302070700000B357DF2F2F233337397
:1096500073DEDEDEDE33337373F2F2F2F20000000B
:1096600048E8010048E8010048E8010048E8010036
:1096700048E8010048E8010090D003000000000025
:109680000C0B0A090807073252585F2573206F6ECA
:10969000206672657120256420487A206174204418
:1096A000522025640D0A005258206F6E20667265A4
:1096B0007120256420487A2061742044522025645A
:1096C0000D0A005458206F6E206672657120256463
:1096D00020487A2061742044522025640D0A004DF0
:1096E000756C74695F43004D756C74695F50000060
:1096F000499401084B9401086C900108DF96010819
:109700003B8A0108E7960108A584998D0DBDB154E7
:109710005003A97D1962E69A459D408715EBC90B58
:10972000EC67FDEABFF7965BC21CAE6A5A41024F76
:109730005CF434089373533F0C52655E28A10FB557
:1097400009369B3D2669CD9F1B9E742E2DB2EEFBE4
:10975000F64D61CE7B3E7197F568002C601FC8ED19
:10976000BE46D94BDED4E84A6B2AE516C5D75594D8
:10977000CF100681F044BAE3F3FEC08AADBC4804C2
:10978000DFC17563301A0E6D4C14352FE1A2CC3950
:1097900057F28247ACE72B95A098D17F667EAB83CA
:1097A000CA29D33C79E21D763B564E1EDB0A6CE497
:1097B0005D6EEFA6A8A4378B324359B78C64D2E014
:1097C000B4FA0725AF8EE918D5886F7224F1C75116
:1097D000237C9C21DDDC86859042C4AAD805011239
:1097E000A35FF9D0915827B93813B333BB7089A759
:1097F000B622922049FF787A8FF88017DA31C6B8FE
:10980000C3B07711CBFCD63AC6F8EEF6FFD6DE91A0
:109810006002CE56E7B54DEC8F1F89FAEFB28EFB92
:1098200041B35F452353E49B75E13D4C6C7EF5836A
:109830006851D1F9E2AB622A0895469D30370A2F6C
:109840000E241BDFCD4E7FEA121D583436DCB45B8C
:10985000A476B77D52DD5E13A6B900C140E379B6A8
:10986000D48D67729498B085BBC54FED869A66110A
:109870008AE904FEA078254BA25D80053F2170F1A6
:109880006377AF4220E5FDBF811826C3BE35882E21
:109890009355FC7AC8BA32E6C0199EA344543B0BD8
:1098A0008CC76B28A7BC16ADDB647414920C48B847
:1098B0009FBD43C43931D3F2D58B6EDA01B19C49D7
:1098C000D8ACF3CFCAF447106FF04A5C385773979F
:1098D000CBA1E83E96610D0FE07C71CC9006F71CA1
:1098E000C26AAE6917993A27D9EB2B22D2A907335E
:1098F0002D3C15C987AA50A50359091A65D784D0EC
:1099000082295A1E7BA86D2C637C777BF26B6FC516
:109910003001672BFED7AB76CA82C97DFA5947F072
:10992000ADD4A2AF9CA472C0B7FD9326363FF7CC4E
:1099300034A5E5F171D8311504C723C31896059AEB
:10994000071280E2EB27B27509832C1A1B6E5AA00E
:10995000523BD6B329E32F8453D100ED20FCB15BF9
:109960006ACBBE394A4C58CFD0EFAAFB434D338562
:1099700045F9027F503C9FA851A3408F929D38F536
:10998000BCB6DA2110FFF3D2CD0C13EC5F9744176D
:10999000C4A77E3D645D197360814FDC222A9088E4
:1099A00046EEB814DE5E0BDBE0323A0A4906245C70
:1099B000C2D3AC629195E479E7C8376D8DD54EA9D5
:1099C0006C56F4EA657AAE08BA78252E1CA6B4C6A1
:1099D000E8DD741F4BBD8B8A703EB5664803F60EFA
:1099E000613557B986C11D9EE1F8981169D98E94E9
:1099F0009B1E87E9CE5528DF8CA1890DBFE6426802
:109A000041992D0FB054BB16232323232323202554
:109A10007320253032583A253032583A25303258A2
:109A20003A253032583A253032583A253032583AB1
:109A3000253032583A253032583A253032583A25B6
:109A40003032583A253032583A253032583A25309B
:109A500032583A253032583A253032583A25303289
:109A6000580D0A00232323232323204465764555DC
:109A7000493A202020202020253032583A25303203
:109A8000583A253032583A253032583A2530325833
:109A90003A253032583A253032583A253032580D6E
:109AA0000A00232323232323204170704555493A7C
:109AB000202020202020253032583A253032583AB4
:109AC000253032583A253032583A253032583A2526
:109AD0003032583A253032583A253032580D0A0083
:109AE00023232323232320446576416464723A2090
:109AF00020202020253032583A253032583A25305F
:109B000032583A253032580D0A004170704B657951
:109B10003A2020202020004E776B4B65793A202098
:109B2000202020004E776B534B65793A202020206F
:109B300000417070534B65793A2020202000444248
:109B4000496E744B65793A202020004D43526F6F67
:109B5000744B65793A2020004D434B454B65793A6B
:109B600020202020004D43417070534B65795F30B9
:109B70003A004D434E776B534B65795F303A0000A6
:109B8000000000004150505F0A9B010801000000E6
:109B90004E574B5F179B0108080000004E574B5370
:109BA000249B01080900000041505053319B0108DB
:109BB0000A0000004442495F3E9B01080B00000080
:109BC0004D4352544B9B01080C0000004D434B4544
:109BD000589B01080D0000004D434B30659B010868
:109BE0000E0000004D415330659B01080F0000003E
:109BF0004D4E5330729B0108100000005A45524FE1
:109C00006D8E0108526164696F53656E64204F76F2
:109C1000657273697A650D0A004952515F52585F47
:109C200054585F54494D454F55540D0A0050524504
:109C3000204F4B0D0A0053594E43204F4B0D0A0045
:109C4000484452204F4B0D0A00484452204B4F0DC0
:109C50000A004952515F4352435F4552524F520DE1
:109C60000A00020100030000841E0000093D0000FC
:109C7000127A000024F4000048E8010090D00300AC
:109C800020A1070000000000B12800006151000081
:109C9000C3A2000004050600912601086125010801
:109CA0008D270108DD250108A53001087926010866
:109CB000D12D0108492C010865240108D53201087D
:109CC00021310108652601085925010809260108E6
:109CD000E1250108992501088F2501089D24010827
:109CE000992401088B2501088725010825270108EB
:109CF000512701087D250108F1330108FD240108E1
:109D0000C5240108C1330108A1240108512A010812
:109D1000D9270108F9410108FF41010891240108F0
:109D200095240108C01200001F000000A8160000C2
:109D300017000000841C00000F000000E425000054
:109D40001E000000B42D00001600000008390000BD
:109D50000E0000002C4C00001D000000685B00009D
:109D600015000000747200000D00000058980000FB
:109D70001C00000034B7000014000000E8E40000FC
:109D80000C000000783101001B000000686E01002B
:109D90001300000034CA01000B000000286202001A
:109DA0001A00000040DB0200120000003C93030098
:109DB0000A000000C0C204001900000060B30500E2
:109DC00011000000382007000900000020A1070052
:109DD0000000000004030202010101010000000074
:109DE000000000003C4E554C4C3E003031323334C4
:109DF00035363738396162636465666768696A6BEE
:109E00006C6D6E6F707172737475767778797A0095
:109E100030313233343536373839414243444546A0
:109E20004748494A4B4C4D4E4F505152535455564A
:109E30005758595A000000000004000200060001B3
:109E40000005000300078000800480028006800176
:109E50008005800380074000400440024006400126
:109E6000400540034007C000C004C002C006C00156
:109E7000C005C003C00720002004200220062001E6
:109E8000200520032007A000A004A002A006A00136
:109E9000A005A003A00760006004600260066001E6
:109EA000600560036007E000E004E002E006E00116
:109EB000E005E003E0071000100410021006100196
:109EC0001005100310079000900490029006900176
:109ED0009005900390075000500450025006500126
:109EE000500550035007D000D004D002D006D00156
:109EF000D005D003D00730003004300230063001E6
:109F0000300530033007B000B004B002B006B00135
:109F1000B005B003B00770007004700270067001E5
:109F2000700570037007F000F004F002F006F00115
:109F3000F005F003F007080008040802080608010D
:109F40000805080308078800880488028806880135
:109F500088058803880748004804480248064801E5
:109F6000480548034807C800C804C802C806C80115
:109F7000C805C803C80728002804280228062801A5
:109F8000280528032807A800A804A802A806A801F5
:109F9000A805A803A80768006804680268066801A5
:109FA000680568036807E800E804E802E806E801D5
:109FB000E805E803E8071800180418021806180155
:109FC0001805180318079800980498029806980135
:109FD00098059803980758005804580258065801E5
:109FE000580558035807D800D804D802D806D80115
:109FF000D805D803D80738003804380238063801A5
:10A00000380538033807B800B804B802B806B801F4
:10A01000B805B803B80778007804780278067801A4
:10A02000780578037807F800F804F802F806F801D4
:10A03000F805F803F8070400040404020406040108
:10A040000405040304078400840484028406840154
:10A050008405840384074400440444024406440104
:10A06000440544034407C400C404C402C406C40134
:10A07000C405C403C40724002404240224062401C4
:10A08000240524032407A400A404A402A406A40114
:10A09000A405A403A40764006404640264066401C4
:10A0A000640564036407E400E404E402E406E401F4
:10A0B000E405E403E4071400140414021406140174
:10A0C0001405140314079400940494029406940154
:10A0D0009405940394075400540454025406540104
:10A0E000540554035407D400D404D402D406D40134
:10A0F000D405D403D40734003404340234063401C4
:10A10000340534033407B400B404B402B406B40113
:10A11000B405B403B40774007404740274067401C3
:10A12000740574037407F400F404F402F406F401F3
:10A13000F405F403F4070C000C040C020C060C01EB
:10A140000C050C030C078C008C048C028C068C0113
:10A150008C058C038C074C004C044C024C064C01C3
:10A160004C054C034C07CC00CC04CC02CC06CC01F3
:10A17000CC05CC03CC072C002C042C022C062C0183
:10A180002C052C032C07AC00AC04AC02AC06AC01D3
:10A19000AC05AC03AC076C006C046C026C066C0183
:10A1A0006C056C036C07EC00EC04EC02EC06EC01B3
:10A1B000EC05EC03EC071C001C041C021C061C0133
:10A1C0001C051C031C079C009C049C029C069C0113
:10A1D0009C059C039C075C005C045C025C065C01C3
:10A1E0005C055C035C07DC00DC04DC02DC06DC01F3
:10A1F000DC05DC03DC073C003C043C023C063C0183
:10A200003C053C033C07BC00BC04BC02BC06BC01D2
:10A21000BC05BC03BC077C007C047C027C067C0182
:10A220007C057C037C07FC00FC04FC02FC06FC01B2
:10A23000FC05FC03FC070200020402020206020104
:10A240000205020302078200820482028206820162
:10A250008205820382074200420442024206420112
:10A26000420542034207C200C204C202C206C20142
:10A27000C205C203C20722002204220222062201D2
:10A28000220522032207A200A204A202A206A20122
:10A29000A205A203A20762006204620262066201D2
:10A2A000620562036207E200E204E202E206E20102
:10A2B000E205E203E2071200120412021206120182
:10A2C0001205120312079200920492029206920162
:10A2D0009205920392075200520452025206520112
:10A2E000520552035207D200D204D202D206D20142
:10A2F000D205D203D20732003204320232063201D2
:10A30000320532033207B200B204B202B206B20121
:10A31000B205B203B20772007204720272067201D1
:10A32000720572037207F200F204F202F206F20101
:10A33000F205F203F2070A000A040A020A060A01F9
:10A340000A050A030A078A008A048A028A068A0121
:10A350008A058A038A074A004A044A024A064A01D1
:10A360004A054A034A07CA00CA04CA02CA06CA0101
:10A37000CA05CA03CA072A002A042A022A062A0191
:10A380002A052A032A07AA00AA04AA02AA06AA01E1
:10A39000AA05AA03AA076A006A046A026A066A0191
:10A3A0006A056A036A07EA00EA04EA02EA06EA01C1
:10A3B000EA05EA03EA071A001A041A021A061A0141
:10A3C0001A051A031A079A009A049A029A069A0121
:10A3D0009A059A039A075A005A045A025A065A01D1
:10A3E0005A055A035A07DA00DA04DA02DA06DA0101
:10A3F000DA05DA03DA073A003A043A023A063A0191
:10A400003A053A033A07BA00BA04BA02BA06BA01E0
:10A41000BA05BA03BA077A007A047A027A067A0190
:10A420007A057A037A07FA00FA04FA02FA06FA01C0
:10A43000FA05FA03FA0706000604060206060601F4
:10A440000605060306078600860486028606860140
:10A4500086058603860746004604460246064601F0
:10A46000460546034607C600C604C602C606C60120
:10A47000C605C603C60726002604260226062601B0
:10A48000260526032607A600A604A602A606A60100
:10A49000A605A603A60766006604660266066601B0
:10A4A000660566036607E600E604E602E606E601E0
:10A4B000E605E603E6071600160416021606160160
:10A4C0001605160316079600960496029606960140
:10A4D00096059603960756005604560256065601F0
:10A4E000560556035607D600D604D602D606D60120
:10A4F000D605D603D60736003604360236063601B0
:10A50000360536033607B600B604B602B606B601FF
:10A51000B605B603B60776007604760276067601AF
:10A52000760576037607F600F604F602F606F601DF
:10A53000F605F603F6070E000E040E020E060E01D7
:10A540000E050E030E078E008E048E028E068E01FF
:10A550008E058E038E074E004E044E024E064E01AF
:10A560004E054E034E07CE00CE04CE02CE06CE01DF
:10A57000CE05CE03CE072E002E042E022E062E016F
:10A580002E052E032E07AE00AE04AE02AE06AE01BF
:10A59000AE05AE03AE076E006E046E026E066E016F
:10A5A0006E056E036E07EE00EE04EE02EE06EE019F
:10A5B000EE05EE03EE071E001E041E021E061E011F
:10A5C0001E051E031E079E009E049E029E069E01FF
:10A5D0009E059E039E075E005E045E025E065E01AF
:10A5E0005E055E035E07DE00DE04DE02DE06DE01DF
:10A5F000DE05DE03DE073E003E043E023E063E016F
:10A600003E053E033E07BE00BE04BE02BE06BE01BE
:10A61000BE05BE03BE077E007E047E027E067E016E
:10A620007E057E037E07FE00FE04FE02FE06FE019E
:10A63000FE05FE03FE07010000000000920E493CEB
:10A64000B10AC93C2BC3163D2EFB483D752B7B3D03
:10A6500004A9963D80B6AF3D36BDC83D2FBCE13D57
:10A6600073B2FA3D87CF093E8340163EB5AB223E1A
:10A67000A2102F3ECF6E3B3EC2C5473E0115543E51
:10A68000135C603E7F9A6C3ECCCF783EC07D823EAC
:10A69000938E883E229A8E3E32A0943E86A09A3EA9
:10A6A000E59AA03E128FA63ED47CAC3EEF63B23E4C
:10A6B0002A44B83E491DBE3E15EFC33E53B9C93EBC
:10A6C000CA7BCF3E4136D53E80E8DA3E4F92E03E2F
:10A6D0007533E63EBBCBEB3EEA5AF13ECBE0F63EAD
:10A6E000275DFC3EE4E7003F3D9C033F824B063F75
:10A6F0009BF5083F6B9A0B3FDA390E3FCDD3103FE5
:10A700002A68133FD9F6153FC07F183FC6021B3F8A
:10A71000D17F1D3FCBF61F3F9967223F25D2243FB3
:10A720005636273F1594293F4AEB2B3FDE3B2E3F01
:10A73000BB85303FC9C8323FF304353F233A373F2A
:10A740004268393F3B8F3B3FF9AE3D3F67C73F3FD4
:10A7500070D8413F01E2433F03E4453F65DE473F98
:10A7600012D1493FF8BB4B3F029F4D3F207A4F3FEC
:10A770003D4D513F4918533F31DB543FE595563F1E
:10A780005348583F6AF2593F1A945B3F532D5D3F3F
:10A7900005BE5E3F2146603F97C5613F5A3C633F1F
:10A7A00059AA643F880F663FD86B673F3CBF683F3C
:10A7B000A7096A3F0C4B6B3F5E836C3F93B26D3FC2
:10A7C0009ED86E3F73F56F3F0809713F5213723F79
:10A7D0004714733FDD0B743F0BFA743FC6DE753FC1
:10A7E00007BA763FC58B773FF853783F9812793F89
:10A7F0009DC7793F02737A3FBE147B3FCDAC7B3F50
:10A80000283B7C3FC9BF7C3FAC3A7D3FCCAB7D3F12
:10A8100023137E3FB0707E3F6DC47E3F580E7F3F56
:10A820006D4E7F3FAB847F3F0FB17F3F97D37F3F1C
:10A8300043EC7F3F11FB7F3F0000803F11FB7F3FD8
:10A8400043EC7F3F97D37F3F0FB17F3FAB847F3F88
:10A850006D4E7F3F580E7F3F6DC47E3FB0707E3F90
:10A8600023137E3FCCAB7D3FAC3A7D3FC9BF7C3FDD
:10A87000283B7C3FCDAC7B3FBE147B3F02737A3FCD
:10A880009DC7793F9812793FF853783FC58B773F42
:10A8900007BA763FC6DE753F0BFA743FDD0B743F97
:10A8A0004714733F5213723F0809713F73F56F3FAE
:10A8B0009ED86E3F93B26D3F5E836C3F0C4B6B3FF7
:10A8C000A7096A3F3CBF683FD86B673F880F663F68
:10A8D00059AA643F5A3C633F97C5613F2146603F98
:10A8E00005BE5E3F532D5D3F1A945B3F6AF2593FB0
:10A8F0005348583FE595563F31DB543F4918533F85
:10A900003D4D513F207A4F3F029F4D3FF8BB4B3F9B
:10A9100012D1493F65DE473F03E4453F01E2433F33
:10A9200070D8413F67C73F3FF9AE3D3F3B8F3B3F4C
:10A930004268393F233A373FF304353FC9C8323FB5
:10A94000BB85303FDE3B2E3F4AEB2B3F1594293F22
:10A950005636273F25D2243F9967223FCBF61F3F2B
:10A96000D17F1D3FC6021B3FC07F183FD9F6153F60
:10A970002A68133FCDD3103FDA390E3F6B9A0B3F55
:10A980009BF5083F824B063F3D9C033FE4E7003FB9
:10A99000275DFC3ECBE0F63EEA5AF13EBBCBEB3EF8
:10A9A0007533E63E4F92E03E80E8DA3E4136D53ED2
:10A9B000CA7BCF3E53B9C93E15EFC33E491DBE3ECB
:10A9C0002A44B83EEF63B23ED47CAC3E128FA63E22
:10A9D000E59AA03E86A09A3E32A0943E229A8E3EF0
:10A9E000938E883EC07D823ECCCF783E7F9A6C3E6F
:10A9F000135C603E0115543EC2C5473ECF6E3B3EE0
:10AA0000A2102F3EB5AB223E8340163E87CF093EB3
:10AA100073B2FA3D2FBCE13D36BDC83D80B6AF3DB7
:10AA200004A9963D752B7B3D2EFB483D2BC3163D5F
:10AA3000B10AC93C920E493C00000000920E49BC8C
:10AA4000B10AC9BC2BC316BD2EFB48BD752B7BBDFF
:10AA500004A996BD80B6AFBD36BDC8BD2FBCE1BD53
:10AA600073B2FABD87CF09BE834016BEB5AB22BE16
:10AA7000A2102FBECF6E3BBEC2C547BE011554BE4D
:10AA8000135C60BE7F9A6CBECCCF78BEC07D82BEA8
:10AA9000938E88BE229A8EBE32A094BE86A09ABEA5
:10AAA000E59AA0BE128FA6BED47CACBEEF63B2BE48
:10AAB0002A44B8BE491DBEBE15EFC3BE53B9C9BEB8
:10AAC000CA7BCFBE4136D5BE80E8DABE4F92E0BE2B
:10AAD0007533E6BEBBCBEBBEEA5AF1BECBE0F6BEA9
:10AAE000275DFCBEE4E700BF3D9C03BF824B06BF71
:10AAF0009BF508BF6B9A0BBFDA390EBFCDD310BFE1
:10AB00002A6813BFD9F615BFC07F18BFC6021BBF86
:10AB1000D17F1DBFCBF61FBF996722BF25D224BFAF
:10AB2000563627BF159429BF4AEB2BBFDE3B2EBFFD
:10AB3000BB8530BFC9C832BFF30435BF233A37BF26
:10AB4000426839BF3B8F3BBFF9AE3DBF67C73FBFD0
:10AB500070D841BF01E243BF03E445BF65DE47BF94
:10AB600012D149BFF8BB4BBF029F4DBF207A4FBFE8
:10AB70003D4D51BF491853BF31DB54BFE59556BF1A
:10AB8000534858BF6AF259BF1A945BBF532D5DBF3B
:10AB900005BE5EBF214660BF97C561BF5A3C63BF1B
:10ABA00059AA64BF880F66BFD86B67BF3CBF68BF38
:10ABB000A7096ABF0C4B6BBF5E836CBF93B26DBFBE
:10ABC0009ED86EBF73F56FBF080971BF521372BF75
:10ABD000471473BFDD0B74BF0BFA74BFC6DE75BFBD
:10ABE00007BA76BFC58B77BFF85378BF981279BF85
:10ABF0009DC779BF02737ABFBE147BBFCDAC7BBF4C
:10AC0000283B7CBFC9BF7CBFAC3A7DBFCCAB7DBF0E
:10AC100023137EBFB0707EBF6DC47EBF580E7FBF52
:10AC20006D4E7FBFAB847FBF0FB17FBF97D37FBF18
:10AC300043EC7FBF11FB7FBF000080BF11FB7FBFD4
:10AC400043EC7FBF97D37FBF0FB17FBFAB847FBF84
:10AC50006D4E7FBF580E7FBF6DC47EBFB0707EBF8C
:10AC600023137EBFCCAB7DBFAC3A7DBFC9BF7CBFD9
:10AC7000283B7CBFCDAC7BBFBE147BBF02737ABFC9
:10AC80009DC779BF981279BFF85378BFC58B77BF3E
:10AC900007BA76BFC6DE75BF0BFA74BFDD0B74BF93
:10ACA000471473BF521372BF080971BF73F56FBFAA
:10ACB0009ED86EBF93B26DBF5E836CBF0C4B6BBFF3
:10ACC000A7096ABF3CBF68BFD86B67BF880F66BF64
:10ACD00059AA64BF5A3C63BF97C561BF214660BF94
:10ACE00005BE5EBF532D5DBF1A945BBF6AF259BFAC
:10ACF000534858BFE59556BF31DB54BF491853BF81
:10AD00003D4D51BF207A4FBF029F4DBFF8BB4BBF97
:10AD100012D149BF65DE47BF03E445BF01E243BF2F
:10AD200070D841BF67C73FBFF9AE3DBF3B8F3BBF48
:10AD3000426839BF233A37BFF30435BFC9C832BFB1
:10AD4000BB8530BFDE3B2EBF4AEB2BBF159429BF1E
:10AD5000563627BF25D224BF996722BFCBF61FBF27
:10AD6000D17F1DBFC6021BBFC07F18BFD9F615BF5C
:10AD70002A6813BFCDD310BFDA390EBF6B9A0BBF51
:10AD80009BF508BF824B06BF3D9C03BFE4E700BFB5
:10AD9000275DFCBECBE0F6BEEA5AF1BEBBCBEBBEF4
:10ADA0007533E6BE4F92E0BE80E8DABE4136D5BECE
:10ADB000CA7BCFBE53B9C9BE15EFC3BE491DBEBEC7
:10ADC0002A44B8BEEF63B2BED47CACBE128FA6BE1E
:10ADD000E59AA0BE86A09ABE32A094BE229A8EBEEC
:10ADE000938E88BEC07D82BECCCF78BE7F9A6CBE6B
:10ADF000135C60BE011554BEC2C547BECF6E3BBEDC
:10AE0000A2102FBEB5AB22BE834016BE87CF09BEAF
:10AE100073B2FABD2FBCE1BD36BDC8BD80B6AFBDB3
:10AE200004A996BD752B7BBD2EFB48BD2BC316BD5B
:10AE3000B10AC9BC920E49BC000000800000803FEE
:10AE400000000000ECFF7F3FD40FC93AB1FF7F3F05
:10AE5000C70F493B4EFF7F3FC1CB963BC4FE7F3FB0
:10AE6000890FC93B13FE7F3F3053FB3B39FD7F3FCA
:10AE700059CB163C39FC7F3F02ED2F3C11FB7F3F45
:10AE8000900E493CC1F97F3F0030623C4AF87F3F59
:10AE90004B517B3CACF67F3F38398A3CE6F47F3F30
:10AEA000B6C9963CF8F27F3F1C5AA33CE3F07F3FC3
:10AEB00069EAAF3CA7EE7F3F9B7ABC3C43EC7F3F07
:10AEC000B00AC93CB8E97F3FA69AD53C05E77F3F69
:10AED0007B2AE23C2BE47F3F2DBAEE3C29E17F3F09
:10AEE000B949FB3C00DE7F3F90EC033DAFDA7F3F8A
:10AEF0002F340A3D37D77F3FB87B103D98D37F3F33
:10AF00002CC3163DD1CF7F3F880A1D3DE2CB7F3F4A
:10AF1000CC51233DCCC77F3FF698293D8FC37F3F5F
:10AF200007E02F3D2ABF7F3FFC26363D9EBA7F3F7C
:10AF3000D56D3C3DEAB57F3F91B4423D0FB17F3FB7
:10AF40002FFB483D0DAC7F3FAF414F3DE3A67F3F18
:10AF50000E88553D91A17F3F4CCE5B3D189C7F3FB5
:10AF60006814623D78967F3F625A683DB1907F3F9A
:10AF700038A06E3DC28A7F3FE9E5743DAB847F3FD8
:10AF8000742B7B3D6D7E7F3F6CB8803D08787F3FA2
:10AF90000ADB833D7B717F3F94FD863DC76A7F3F1F
:10AFA0000A208A3DEC637F3F6A428D3DE95C7F3F2A
:10AFB000B464903DBF557F3FE786933D6D4E7F3F24
:10AFC00005A9963DF4467F3F0ACB993D543F7F3F0C
:10AFD000F9EC9C3D8D377F3FCF0EA03D9D2F7F3FED
:10AFE0008C30A33D87277F3F3052A63D491F7F3FCE
:10AFF000BA73A93DE4167F3F2B95AC3D580E7F3FB9
:10B0000080B6AF3DA4057F3FBBD7B23DC9FC7E3FB4
:10B01000DAF8B53DC7F37E3FDD19B93D9DEA7E3FC5
:10B02000C33ABC3D4CE17E3F8D5BBF3DD4D77E3FF4
:10B03000397CC23D34CE7E3FC69CC53D6DC47E3F4B
:10B0400036BDC83D7FBA7E3F86DDCB3D69B07E3FD1
:10B05000B7FDCE3D2DA67E3FC81DD23DC99B7E3F8C
:10B06000B93DD53D3D917E3F895DD83D8B867E3F84
:10B07000377DDB3DB17B7E3FC49CDE3DB0707E3FC3
:10B080002EBCE13D88657E3F76DBE43D385A7E3F4D
:10B090009AFAE73DC14E7E3F9A19EB3D23437E3F2E
:10B0A0007638EE3D5E377E3F2E57F13D722B7E3F68
:10B0B000C075F43D5E1F7E3F2C94F73D24137E3F08
:10B0C00073B2FA3DC2067E3F92D0FD3D38FA7D3F15
:10B0D0004577003E88ED7D3F2E06023EB1E07D3F84
:10B0E0000295033EB2D37D3FC223053E8CC67D3F11
:10B0F0006EB2063E40B97D3F0541083ECCAB7D3F78
:10B1000086CF093E309E7D3FF35D0B3E6E907D3FC6
:10B110004AEC0C3E85827D3F8B7A0E3E74747D3FF7
:10B12000B708103E3D667D3FCC96113EDE577D3F11
:10B13000CA24133E59497D3FB2B2143EAC3A7D3F1A
:10B140008340163ED82B7D3F3DCE173EDD1C7D3F14
:10B15000E05B193EBC0D7D3F6BE91A3E73FE7C3F00
:10B16000DE761C3E03EF7C3F38041E3E6CDF7C3FE6
:10B170007B911F3EAECF7C3FA51E213EC9BF7C3FC9
:10B18000B6AB223EBDAF7C3FAD38243E8A9F7C3FAC
:10B190008CC5253E318F7C3F5152273EB07E7C3F8F
:10B1A000FCDE283E086E7C3F8D6B2A3E3A5D7C3F7C
:10B1B00004F82B3E444C7C3F61842D3E283B7C3F71
:10B1C000A2102F3EE5297C3FC99C303E7A187C3F77
:10B1D000D428323EE9067C3FC4B4333E31F57B3F90
:10B1E0009840353E53E37B3F50CC363E4DD17B3FBC
:10B1F000EC57383E20BF7B3F6CE3393ECDAC7B3F04
:10B20000CF6E3B3E539A7B3F15FA3C3EB2877B3F65
:10B210003E853E3EEA747B3F4910403EFC617B3FE9
:10B22000379B413EE74E7B3F0726433EAB3B7B3F90
:10B23000B9B0443E48287B3F4D3B463EBE147B3F61
:10B24000C2C5473E0E017B3F1850493E37ED7A3F5D
:10B250004FDA4A3E3AD97A3F67644C3E16C57A3F88
:10B2600060EE4D3ECBB07A3F38784F3E599C7A3FE6
:10B27000F101513EC1877A3F898B523E02737A3F7A
:10B280000115543E1C5E7A3F589E553E10497A3F48
:10B290008F27573EDD337A3FA4B0583E841E7A3F55
:10B2A00097395A3E04097A3F6AC25B3E5EF3793FA2
:10B2B0001A4B5D3E91DD793FA8D35E3E9DC7793F35
:10B2C000135C603E83B1793F5CE4613E439B793F10
:10B2D000836C633EDC84793F86F4643E4E6E793F36
:10B2E000667C663E9A57793F2204683EC040793FAB
:10B2F000BA8B693EBF29793F2F136B3E9812793F75
:10B300007F9A6C3E4AFB783FAB216E3ED6E3783F96
:10B31000B2A86F3E3BCC783F942F713E7BB4783F10
:10B3200051B6723E939C783FE83C743E8684783FE9
:10B330005AC3753E526C783FA649773EF853783F22
:10B34000CCCF783E773B783FCB557A3ED122783FC1
:10B35000A4DB7B3E040A783F56617D3E10F1773FC7
:10B36000E1E67E3EF7D7773F2236803EB7BE773F95
:10B37000C0F8803E51A5773F4ABB813EC58B773FE1
:10B38000C07D823E1372773F2240833E3A58773F1A
:10B390007002843E3C3E773FAAC4843E1724773F28
:10B3A000CE86853ECC09773FDF48863E5BEF763F11
:10B3B000DA0A873EC4D4763FC1CC873E07BA763FCF
:10B3C000938E883E249F763F5050893E1B84763F63
:10B3D000F8118A3EEC68763F8AD38A3E974D763FD5
:10B3E00007958B3E1B32763F6E568C3E7A16763F23
:10B3F000C0178D3EB3FA753FFCD88D3EC6DE753F53
:10B40000229A8E3EB3C2753F325B8F3E7BA6753F5C
:10B410002C1C903E1C8A753F10DD903E976D753F49
:10B42000DD9D913EED50753F945E923E1D34753F1B
:10B43000351F933E2717753FBFDF933E0BFA743FCE
:10B4400031A0943EC9DC743F8D60953E62BF743F6D
:10B45000D220963ED5A1743F00E1963E2284743FEF
:10B4600017A1973E4966743F1661983E4B48743F5A
:10B47000FE20993E272A743FCEE0993EDD0B743FB3
:10B4800086A09A3E6EED733F27609B3ED9CE733FF8
:10B49000AF1F9C3E1FB0733F20DF9C3E3F91733F28
:10B4A000789E9D3E3972733FB85D9E3E0E53733F4A
:10B4B000DF1C9F3EBE33733FEEDB9F3E4714733F5E
:10B4C000E59AA03EACF4723FC259A13EEBD4723F64
:10B4D0008718A23E04B5723F33D7A23EF894723F5C
:10B4E000C595A33EC774723F3F54A43E7054723F4B
:10B4F0009F12A53EF433723FE5D0A53E5213723F32
:10B50000128FA63E8CF2713F254DA73E9FD1713F11
:10B510001F0BA83E8EB0713FFEC8A83E578F713FEB
:10B52000C486A93EFB6D713F6F44AA3E7A4C713FC1
:10B530000102AB3ED42A713F77BFAB3E0809713F91
:10B54000D47CAC3E17E7703F153AAD3E02C5703F64
:10B550003CF7AD3EC6A2703F49B4AE3E6680703F38
:10B560003A71AF3EE15D703F102EB03E373B703F09
:10B57000CBEAB03E6718703F6BA7B13E73F56F3FE3
:10B58000EF63B23E5AD26F3F5820B33E1BAF6F3FBE
:10B59000A5DCB33EB88B6F3FD698B43E30686F3FA2
:10B5A000EC54B53E83446F3FE610B63EB0206F3F8B
:10B5B000C3CCB63EBAFC6E3F8488B73E9ED86E3F81
:10B5C0002A44B83E5DB46E3FB2FFB83EF88F6E3F7E
:10B5D0001EBBB93E6D6B6E3F6E76BA3EBE466E3F89
:10B5E000A031BB3EEB216E3FB6ECBB3EF2FC6D3FA3
:10B5F000AFA7BC3ED5D76D3F8B62BD3E93B26D3FCA
:10B600004A1DBE3E2D8D6D3FEBD7BE3EA1676D3FFF
:10B610006F92BF3EF2416D3FD54CC03E1D1C6D3F49
:10B620001E07C13E24F66C3F48C1C13E07D06C3FA7
:10B63000557BC23EC5A96C3F4435C33E5E836C3F1B
:10B6400015EFC33ED45C6C3FC8A8C43E24366C3FA3
:10B650005C62C53E500F6C3FD21BC63E58E86B3F44
:10B6600029D5C63E3BC16B3F628EC73EFB996B3FFF
:10B670007C47C83E95726B3F7700C93E0C4B6B3FD1
:10B6800053B9C93E5E236B3F1072CA3E8CFB6A3FC2
:10B69000AE2ACB3E95D36A3F2CE3CB3E7BAB6A3FD1
:10B6A0008B9BCC3E3C836A3FCA53CD3ED95A6A3FFE
:10B6B000EA0BCE3E52326A3FEAC3CE3EA7096A3F4A
:10B6C000CA7BCF3ED7E0693F8A33D03EE4B7693FBB
:10B6D0002AEBD03ECC8E693FAAA2D13E9165693F4C
:10B6E000095AD23E323C693F4811D33EAE12693FFF
:10B6F00067C8D33E07E9683F647FD43E3CBF683FDC
:10B700004136D53E4C95683FFDECD53E396B683FE0
:10B7100099A3D63E0341683F135AD73EA816683F07
:10B720006B10D83E2AEC673FA3C6D83E87C1673F5F
:10B73000B97CD93EC196673FAD32DA3ED86B673FE0
:10B7400080E8DA3ECA40673F319EDB3E9915673F8D
:10B75000C153DC3E45EA663F2E09DD3ECCBE663F66
:10B7600079BEDD3E3093663FA273DE3E7167663F71
:10B77000A928DF3E8E3B663F8DDDDF3E880F663FAA
:10B780004F92E03E5EE3653FEE46E13E10B7653F17
:10B790006AFBE13EA08A653FC4AFE23E0B5E653FB7
:10B7A000FA63E33E5431653F0E18E43E7904653F89
:10B7B000FECBE43E7BD7643FCB7FE53E59AA643F96
:10B7C0007533E63E147D643FFBE6E63EAC4F643FD6
:10B7D0005D9AE73E2122643F9C4DE83E73F4633F4F
:10B7E000B700E93EA1C6633FAEB3E93EAC98633F04
:10B7F0008166EA3E956A633F3019EB3E5A3C633FEF
:10B80000BBCBEB3EFC0D633F217EEC3E7BDF623F1A
:10B810006330ED3ED7B0623F80E2ED3E1082623F82
:10B820007994EE3E2653623F4C46EF3E1A24623F27
:10B83000FBF7EF3EEAF4613F85A9F03E98C5613F12
:10B84000EA5AF13E2296613F290CF23E8A66613F38
:10B8500043BDF23ED036613F386EF33EF206613FA3
:10B86000071FF43EF2D6603FB1CFF43ECFA6603F53
:10B870003580F53E8976603F9330F63E2146603F45
:10B88000CBE0F63E9615603FDC90F73EE9E45F3F83
:10B89000C840F83E19B45F3F8EF0F83E27835F3F03
:10B8A0002DA0F93E12525F3FA54FFA3EDB205F3FCD
:10B8B000F7FEFA3E81EF5E3F22AEFB3E05BE5E3FE5
:10B8C000275DFC3E678C5E3F040CFD3EA65A5E3F42
:10B8D000BBBAFD3EC3285E3F4A69FE3EBEF65D3FF1
:10B8E000B217FF3E97C45D3FF3C5FF3E4D925D3FEB
:10B8F000063A003FE15F5D3FFF90003F532D5D3F03
:10B90000E4E7003FA3FA5C3FB53E013FD1C75C3F8F
:10B910007395013FDD945C3F1CEC013FC7615C3FC8
:10B92000B142023F8E2E5C3F3299023F34FB5B3FB7
:10B930009FEF023FB8C75B3FF845033F1A945B3F58
:10B940003D9C033F5A605B3F6DF2033F792C5B3FA8
:10B950008948043F75F85A3F919E043F50C45A3FAE
:10B9600084F4043F09905A3F624A053FA05B5A3F66
:10B970002CA0053F16275A3FE2F5053F6AF2593FD2
:10B98000824B063F9CBD593F0EA1063FAD88593FF3
:10B9900086F6063F9C53593FE84B073F6A1E593FC6
:10B9A00036A1073F17E9583F6FF6073FA1B3583F4D
:10B9B000924B083F0B7E583FA1A0083F5348583F89
:10B9C0009BF5083F7912583F7F4A093F7FDC573F7C
:10B9D0004E9F093F63A6573F09F4093F2670573F22
:10B9E000AD480A3FC739573F3D9D0A3F4803573F7F
:10B9F000B7F10A3FA7CC563F1C460B3FE595563F93
:10BA00006B9A0B3F025F563FA5EE0B3FFE27563F5A
:10BA1000C9420C3FD9F0553FD7960C3F93B9553FDB
:10BA2000D0EA0C3F2C82553FB33E0D3FA44A553F10
:10BA300081920D3FFB12553F38E60D3F31DB543FFD
:10BA4000DA390E3F47A3543F658D0E3F3B6B543FA1
:10BA5000DBE00E3F0F33543F3B340F3FC3FA533FFD
:10BA600084870F3F55C2533FB8DA0F3FC789533F12
:10BA7000D52D103F1851533FDC80103F4918533FDC
:10BA8000CDD3103F59DF523FA726113F49A6523F61
:10BA90006B79113F186D523F19CC113FC633523F9D
:10BAA000B01E123F54FA513F3071123FC2C0513F95
:10BAB0009AC3123F1087513FEE15133F3D4D513F42
:10BAC0002A68133F4A13513F50BA133F37D9503FAA
:10BAD0005F0C143F039F503F585E143FAF64503FCC
:10BAE00039B0143F3B2A503F0402153FA8EF4F3FA7
:10BAF000B753153FF4B44F3F54A5153F1F7A4F3F3E
:10BB0000D9F6153F2B3F4F3F4748163F17044F3F8D
:10BB10009F99163FE4C84E3FDFEA163F908D4E3F97
:10BB2000073C173F1C524E3F188D173F89164E3F5A
:10BB300012DE173FD5DA4D3FF52E183F029F4D3FDD
:10BB4000C07F183F10634D3F73D0183FFD264D3F17
:10BB50000F21193FCBEA4C3F9471193F79AE4C3F0E
:10BB600000C2193F08724C3F55121A3F78354C3FBE
:10BB700093621A3FC7F84B3FB8B21A3FF8BB4B3F2E
:10BB8000C6021B3F097F4B3FBB521B3FFA414B3F55
:10BB900099A21B3FCC044B3F5FF21B3F7FC74A3F3C
:10BBA0000C421C3F138A4A3FA2911C3F874C4A3FDC
:10BBB0001FE11C3FDC0E4A3F84301D3F12D1493F3C
:10BBC000D17F1D3F2993493F06CF1D3F2155493F56
:10BBD000221E1E3FFA16493F266D1E3FB3D8483F2E
:10BBE00012BC1E3F4E9A483FE50A1F3FCA5B483FC2
:10BBF0009F591F3F271D483F41A81F3F65DE473F14
:10BC0000CBF61F3F849F473F3B45203F8560473F22
:10BC10009393203F6721473FD2E1203F2AE2463FEE
:10BC2000F92F213FCEA2463F067E213F5463463F77
:10BC3000FBCB213FBB23463FD719223F03E4453FBF
:10BC40009967223F2DA4453F43B5223F3964453FC4
:10BC5000D302233F2624453F4B50233FF5E3443F87
:10BC6000A99D233FA5A3443FEEEA233F3763443F0A
:10BC70001A38243FAB22443F2C85243F00E2433F47
:10BC800025D2243F38A1433F041F253F5160433F45
:10BC9000CB6B253F4C1F433F77B8253F29DE423F02
:10BCA0000A05263FE89C423F8451263F895B423F7C
:10BCB000E39D263F0B1A423F2AEA263F70D8413FB8
:10BCC0005636273FB796413F6882273FE154413FB0
:10BCD00061CE273FEC12413F401A283FDAD0403F67
:10BCE0000566283FA98E403FB0B1283F5C4C403FDD
:10BCF00041FD283FF009403FB848293F67C73F3F13
:10BD00001594293FC0843F3F57DF293FFC413F3F07
:10BD1000802A2A3F1BFF3E3F8E752A3F1BBC3E3FB9
:10BD200082C02A3FFF783E3F5B0B2B3FC5353E3F2D
:10BD30001B562B3F6EF23D3FBFA02B3FF9AE3D3F60
:10BD40004AEB2B3F676B3D3FB9352C3FB8273D3F52
:10BD50000F802C3FECE33C3F49CA2C3F03A03C3F03
:10BD600069142D3FFC5B3C3F6F5E2D3FD9173C3F74
:10BD700059A82D3F98D33B3F29F22D3F3B8F3B3FA6
:10BD8000DE3B2E3FC14A3B3F78852E3F29063B3F95
:10BD9000F7CE2E3F75C13A3F5B182F3FA47C3A3F48
:10BDA000A5612F3FB7373A3FD3AA2F3FACF2393FB7
:10BDB000E6F32F3F85AD393FDE3C303F4268393FE7
:10BDC000BB85303FE122393F7CCE303F65DD383FD7
:10BDD0002217313FCB97383FAD5F313F1652383F86
:10BDE0001DA8313F430C383F71F0313F55C6373FF6
:10BDF000AA38323F4A80373FC780323F233A373F25
:10BE0000C9C8323FDFF3363FAF10333F7FAD363F17
:10BE10007A58333F0467363F29A0333F6C20363FC2
:10BE2000BCE7333FB8D9353F342F343FE792353F35
:10BE30008F76343FFB4B353FCFBD343FF304353F66
:10BE4000F304353FCFBD343FFB4B353F8F76343F56
:10BE5000E792353F342F343FB8D9353FBCE7333F05
:10BE60006C20363F29A0333F0467363F7A58333F72
:10BE70007FAD363FAF10333FDFF3363FC9C8323FA7
:10BE8000233A373FC780323F4A80373FAA38323F94
:10BE900055C6373F71F0313F430C383F1DA8313F45
:10BEA0001652383FAD5F313FCB97383F2217313FB5
:10BEB00065DD383F7CCE303FE122393FBB85303FE6
:10BEC0004268393FDE3C303F85AD393FE6F32F3FD6
:10BED000ACF2393FD3AA2F3FB7373A3FA5612F3F86
:10BEE000A47C3A3F5B182F3F75C13A3FF7CE2E3FF7
:10BEF00029063B3F78852E3FC14A3B3FDE3B2E3F24
:10BF00003B8F3B3F29F22D3F98D33B3F59A82D3F14
:10BF1000D9173C3F6F5E2D3FFC5B3C3F69142D3FC2
:10BF200003A03C3F49CA2C3FECE33C3F0F802C3F31
:10BF3000B8273D3FB9352C3F676B3D3F4AEB2B3F60
:10BF4000F9AE3D3FBFA02B3F6EF23D3F1B562B3F4E
:10BF5000C5353E3F5B0B2B3FFF783E3F82C02A3FFB
:10BF60001BBC3E3F8E752A3F1BFF3E3F802A2A3F67
:10BF7000FC413F3F57DF293FC0843F3F1594293F95
:10BF800067C73F3FB848293FF009403F41FD283F80
:10BF90005C4C403FB0B1283FA98E403F0566283F2A
:10BFA000DAD0403F401A283FEC12413F61CE273F94
:10BFB000E154413F6882273FB796413F5636273FBD
:10BFC00070D8413F2AEA263F0B1A423FE39D263FA5
:10BFD000895B423F8451263FE89C423F0A05263F49
:10BFE00029DE423F77B8253F4C1F433FCB6B253FAF
:10BFF0005160433F041F253F38A1433F25D2243FD2
:10C0000000E2433F2C85243FAB22443F1A38243FB3
:10C010003763443FEEEA233FA5A3443FA99D233F56
:10C02000F5E3443F4B50233F2624453FD302233FB3
:10C030003964453F43B5223F2DA4453F9967223FD0
:10C0400003E4453FD719223FBB23463FFBCB213FAB
:10C050005463463F067E213FCEA2463FF92F213F43
:10C060002AE2463FD2E1203F6721473F9393203F9A
:10C070008560473F3B45203F849F473FCBF61F3FAE
:10C0800065DE473F41A81F3F271D483F9F591F3F7F
:10C09000CA5B483FE50A1F3F4E9A483F12BC1E3F0D
:10C0A000B3D8483F266D1E3FFA16493F221E1E3F59
:10C0B0002155493F06CF1D3F2993493FD17F1D3F61
:10C0C00012D1493F84301D3FDC0E4A3F1FE11C3F27
:10C0D000874C4A3FA2911C3F138A4A3F0C421C3FA7
:10C0E0007FC74A3F5FF21B3FCC044B3F99A21B3FE7
:10C0F000FA414B3FBB521B3F097F4B3FC6021B3FE0
:10C10000F8BB4B3FB8B21A3FC7F84B3F93621A3F98
:10C1100078354C3F55121A3F08724C3F00C2193F08
:10C1200079AE4C3F9471193FCBEA4C3F0F21193F38
:10C13000FD264D3F73D0183F10634D3FC07F183F21
:10C14000029F4D3FF52E183FD5DA4D3F12DE173FC7
:10C1500089164E3F188D173F1C524E3F073C173F24
:10C16000908D4E3FDFEA163FE4C84E3F9F99163F41
:10C1700017044F3F4748163F2B3F4F3FD9F6153F17
:10C180001F7A4F3F54A5153FF4B44F3FB753153FA7
:10C19000A8EF4F3F0402153F3B2A503F39B0143FF0
:10C1A000AF64503F585E143F039F503F5F0C143FF5
:10C1B00037D9503F50BA133F4A13513F2A68133FB3
:10C1C0003D4D513FEE15133F1087513F9AC3123F2B
:10C1D000C2C0513F3071123F54FA513FB01E123F5E
:10C1E000C633523F19CC113F186D523F6B79113F46
:10C1F00049A6523FA726113F59DF523FCDD3103FEA
:10C200004918533FDC80103F1851533FD52D103F44
:10C21000C789533FB8DA0F3F55C2533F84870F3F5A
:10C22000C3FA533F3B340F3F0F33543FDBE00E3F25
:10C230003B6B543F658D0E3F47A3543FDA390E3FA9
:10C2400031DB543F38E60D3FFB12553F81920D3FE5
:10C25000A44A553FB33E0D3F2C82553FD0EA0C3FD8
:10C2600093B9553FD7960C3FD9F0553FC9420C3F83
:10C27000FE27563FA5EE0B3F025F563F6B9A0B3FE2
:10C28000E595563F1C460B3FA7CC563FB7F10A3FFA
:10C290004803573F3D9D0A3FC739573FAD480A3FC6
:10C2A0002670573F09F4093F63A6573F4E9F093F49
:10C2B0007FDC573F7F4A093F7912583F9BF5083F83
:10C2C0005348583FA1A0083F0B7E583F924B083F70
:10C2D000A1B3583F6FF6073F17E9583F36A1073F14
:10C2E0006A1E593FE84B073F9C53593F86F6063F6D
:10C2F000AD88593F0EA1063F9CBD593F824B063F7A
:10C300006AF2593FE2F5053F16275A3F2CA0053F38
:10C31000A05B5A3F624A053F09905A3F84F4043FAC
:10C3200050C45A3F919E043F75F85A3F8948043FD4
:10C33000792C5B3F6DF2033F5A605B3F3D9C033FAE
:10C340001A945B3FF845033FB8C75B3F9FEF023F3E
:10C3500034FB5B3F3299023F8E2E5C3FB142023F7D
:10C36000C7615C3F1CEC013FDD945C3F7395013F6E
:10C37000D1C75C3FB53E013FA3FA5C3FE4E7003F15
:10C38000532D5D3FFF90003FE15F5D3F063A003F68
:10C390004D925D3FF3C5FF3E97C45D3FB217FF3E30
:10C3A000BEF65D3F4A69FE3EC3285E3FBBBAFD3E16
:10C3B000A65A5E3F040CFD3E678C5E3F275DFC3E47
:10C3C00005BE5E3F22AEFB3E81EF5E3FF7FEFA3ECA
:10C3D000DB205F3FA54FFA3E12525F3F2DA0F93E92
:10C3E00027835F3F8EF0F83E19B45F3FC840F83EA8
:10C3F000E9E45F3FDC90F73E9615603FCBE0F63E08
:10C400002146603F9330F63E8976603F3580F53EA9
:10C41000CFA6603FB1CFF43EF2D6603F071FF43E97
:10C42000F206613F386EF33ED036613F43BDF23EC7
:10C430008A66613F290CF23E2296613FEA5AF13E3C
:10C4400098C5613F85A9F03EEAF4613FFBF7EF3EF6
:10C450001A24623F4C46EF3E2653623F7994EE3EEB
:10C460001082623F80E2ED3ED7B0623F6330ED3E26
:10C470007BDF623F217EEC3EFC0D633FBBCBEB3E9E
:10C480005A3C633F3019EB3E956A633F8166EA3E52
:10C49000AC98633FAEB3E93EA1C6633FB700E93E47
:10C4A00073F4633F9C4DE83E2122643F5D9AE73E72
:10C4B000AC4F643FFBE6E63E147D643F7533E63ED9
:10C4C00059AA643FCB7FE53E7BD7643FFECBE43E79
:10C4D0007904653F0E18E43E5431653FFA63E33E4C
:10C4E0000B5E653FC4AFE23EA08A653F6AFBE13E5A
:10C4F00010B7653FEE46E13E5EE3653F4F92E03E9A
:10C50000880F663F8DDDDF3E8E3B663FA928DF3E0C
:10C510007167663FA273DE3E3093663F79BEDD3EB3
:10C52000CCBE663F2E09DD3E45EA663FC153DC3E88
:10C530009915673F319EDB3ECA40673F80E8DA3E8F
:10C54000D86B673FAD32DA3EC196673FB97CD93EC2
:10C5500087C1673FA3C6D83E2AEC673F6B10D83E21
:10C56000A816683F135AD73E0341683F99A3D63EA9
:10C57000396B683FFDECD53E4C95683F4136D53E62
:10C580003CBF683F647FD43E07E9683F67C8D33E3D
:10C59000AE12693F4811D33E323C693F095AD23E40
:10C5A0009165693FAAA2D13ECC8E693F2AEBD03E6D
:10C5B000E4B7693F8A33D03ED7E0693FCA7BCF3EBC
:10C5C000A7096A3FEAC3CE3E52326A3FEA0BCE3E2B
:10C5D000D95A6A3FCA53CD3E3C836A3F8B9BCC3EBF
:10C5E0007BAB6A3F2CE3CB3E95D36A3FAE2ACB3E72
:10C5F0008CFB6A3F1072CA3E5E236B3F53B9C93E43
:10C600000C4B6B3F7700C93E95726B3F7C47C83E31
:10C61000FB996B3F628EC73E3BC16B3F29D5C63E3F
:10C6200058E86B3FD21BC63E500F6C3F5C62C53E64
:10C6300024366C3FC8A8C43ED45C6C3F15EFC33EA3
:10C640005E836C3F4435C33EC5A96C3F557BC23EFB
:10C6500007D06C3F48C1C13E24F66C3F1E07C13E67
:10C660001D1C6D3FD54CC03EF2416D3F6F92BF3EE9
:10C67000A1676D3FEBD7BE3E2D8D6D3F4A1DBE3E7F
:10C6800093B26D3F8B62BD3ED5D76D3FAFA7BC3E29
:10C69000F2FC6D3FB6ECBB3EEB216E3FA031BB3EE2
:10C6A000BE466E3F6E76BA3E6D6B6E3F1EBBB93EA8
:10C6B000F88F6E3FB2FFB83E5DB46E3F2A44B83E7D
:10C6C0009ED86E3F8488B73EBAFC6E3FC3CCB63E60
:10C6D000B0206F3FE610B63E83446F3FEC54B53E4A
:10C6E00030686F3FD698B43EB88B6F3FA5DCB33E41
:10C6F0001BAF6F3F5820B33E5AD26F3FEF63B23E3D
:10C7000073F56F3F6BA7B13E6718703FCBEAB03E41
:10C71000373B703F102EB03EE15D703F3A71AF3E47
:10C720006680703F49B4AE3EC6A2703F3CF7AD3E56
:10C7300002C5703F153AAD3E17E7703FD47CAC3E62
:10C740000809713F77BFAB3ED42A713F0102AB3E6F
:10C750007A4C713F6F44AA3EFB6D713FC486A93E7F
:10C76000578F713FFEC8A83E8EB0713F1F0BA83E89
:10C770009FD1713F254DA73E8CF2713F128FA63E8F
:10C780005213723FE5D0A53EF433723F9F12A53E8F
:10C790007054723F3F54A43EC774723FC595A33E88
:10C7A000F894723F33D7A23E04B5723F8718A23E79
:10C7B000EBD4723FC259A13EACF4723FE59AA03E61
:10C7C0004714733FEEDB9F3EBE33733FDF1C9F3E3B
:10C7D0000E53733FB85D9E3E3972733F789E9D3E07
:10C7E0003F91733F20DF9C3E1FB0733FAF1F9C3EC5
:10C7F000D9CE733F27609B3E6EED733F86A09A3E75
:10C80000DD0B743FCEE0993E272A743FFE20993E0F
:10C810004B48743F1661983E4966743F17A1973E96
:10C820002284743F00E1963ED5A1743FD220963E0B
:10C8300062BF743F8D60953EC9DC743F31A0943E69
:10C840000BFA743FBFDF933E2717753F351F933EAA
:10C850001D34753F945E923EED50753FDD9D913ED7
:10C86000976D753F10DD903E1C8A753F2C1C903EE5
:10C870007BA6753F325B8F3EB3C2753F229A8E3ED8
:10C88000C6DE753FFCD88D3EB3FA753FC0178D3EAE
:10C890007A16763F6E568C3E1B32763F07958B3E5E
:10C8A000974D763F8AD38A3EEC68763FF8118A3EF0
:10C8B0001B84763F5050893E249F763F938E883E5E
:10C8C00007BA763FC1CC873EC4D4763FDA0A873EAA
:10C8D0005BEF763FDF48863ECC09773FCE86853ECC
:10C8E0001724773FAAC4843E3C3E773F7002843EC3
:10C8F0003A58773F2240833E1372773FC07D823E95
:10C90000C58B773F4ABB813E51A5773FC0F8803E3B
:10C91000B7BE773F2236803EF7D7773FE1E67E3ECF
:10C9200010F1773F56617D3E040A783FA4DB7B3EE1
:10C93000D122783FCB557A3E773B783FCCCF783EBB
:10C94000F853783FA649773E526C783F5AC3753EFC
:10C950008684783FE83C743E939C783F51B6723EA3
:10C960007BB4783F942F713E3BCC783FB2A86F3EAA
:10C97000D6E3783FAB216E3E4AFB783F7F9A6C3E10
:10C980009812793F2F136B3EBF29793FBA8B693ECE
:10C99000C040793F2204683E9A57793F667C663EE4
:10C9A0004E6E793F86F4643EDC84793F836C633E4F
:10C9B000439B793F5CE4613E83B1793F135C603E09
:10C9C0009DC7793FA8D35E3E91DD793F1A4B5D3E0E
:10C9D0005EF3793F6AC25B3E04097A3F97395A3E5B
:10C9E000841E7A3FA4B0583EDD337A3F8F27573EEE
:10C9F00010497A3F589E553E1C5E7A3F0115543EC1
:10CA000002737A3F898B523EC1877A3FF101513ED2
:10CA1000599C7A3F38784F3ECBB07A3F60EE4D3E1E
:10CA200016C57A3F67644C3E3AD97A3F4FDA4A3EA0
:10CA300037ED7A3F1850493E0E017B3FC2C5473E55
:10CA4000BE147B3F4D3B463E48287B3FB9B0443E39
:10CA5000AB3B7B3F0726433EE74E7B3F379B413E48
:10CA6000FC617B3F4910403EEA747B3F3E853E3E81
:10CA7000B2877B3F15FA3C3E539A7B3FCF6E3B3EDD
:10CA8000CDAC7B3F6CE3393E20BF7B3FEC57383E5B
:10CA90004DD17B3F50CC363E53E37B3F9840353EF3
:10CAA00031F57B3FC4B4333EE9067C3FD428323EA7
:10CAB0007A187C3FC99C303EE5297C3FA2102F3E6E
:10CAC000283B7C3F61842D3E444C7C3F04F82B3E48
:10CAD0003A5D7C3F8D6B2A3E086E7C3FFCDE283E33
:10CAE000B07E7C3F5152273E318F7C3F8CC5253E26
:10CAF0008A9F7C3FAD38243EBDAF7C3FB6AB223E23
:10CB0000C9BF7C3FA51E213EAECF7C3F7B911F3E1F
:10CB10006CDF7C3F38041E3E03EF7C3FDE761C3E1C
:10CB200073FE7C3F6BE91A3EBC0D7D3FE05B193E16
:10CB3000DD1C7D3F3DCE173ED82B7D3F8340163E0A
:10CB4000AC3A7D3FB2B2143E59497D3FCA24133EF0
:10CB5000DE577D3FCC96113E3D667D3FB708103EC7
:10CB600074747D3F8B7A0E3E85827D3F4AEC0C3E8D
:10CB70006E907D3FF35D0B3E309E7D3F86CF093E3C
:10CB8000CCAB7D3F0541083E40B97D3F6EB2063ECD
:10CB90008CC67D3FC223053EB2D37D3F0295033E46
:10CBA000B1E07D3F2E06023E88ED7D3F4577003E99
:10CBB00038FA7D3F92D0FD3DC2067E3F73B2FA3D0A
:10CBC00024137E3F2C94F73D5E1F7E3FC075F43DDD
:10CBD000722B7E3F2E57F13D5E377E3F7638EE3D1D
:10CBE00023437E3F9A19EB3DC14E7E3F9AFAE73DC3
:10CBF000385A7E3F76DBE43D88657E3F2EBCE13DC2
:10CC0000B0707E3FC49CDE3DB17B7E3F377DDB3D17
:10CC10008B867E3F895DD83D3D917E3FB93DD53DB8
:10CC2000C99B7E3FC81DD23D2DA67E3FB7FDCE3DA0
:10CC300069B07E3F86DDCB3D7FBA7E3F36BDC83DC5
:10CC40006DC47E3FC69CC53D34CE7E3F397CC23D1F
:10CC5000D4D77E3F8D5BBF3D4CE17E3FC33ABC3DA8
:10CC60009DEA7E3FDD19B93DC7F37E3FDAF8B53D59
:10CC7000C9FC7E3FBBD7B23DA4057F3F80B6AF3D28
:10CC8000580E7F3F2B95AC3DE4167F3FBA73A93D0C
:10CC9000491F7F3F3052A63D87277F3F8C30A33D01
:10CCA0009D2F7F3FCF0EA03D8D377F3FF9EC9C3D00
:10CCB000543F7F3F0ACB993DF4467F3F05A9963DFF
:10CCC0006D4E7F3FE786933DBF557F3FB464903DF7
:10CCD000E95C7F3F6A428D3DEC637F3F0A208A3DDD
:10CCE000C76A7F3F94FD863D7B717F3F0ADB833DB2
:10CCF00008787F3F6CB8803D6D7E7F3F742B7B3D15
:10CD0000AB847F3FE9E5743DC28A7F3F38A06E3D2A
:10CD1000B1907F3F625A683D78967F3F6814623DCC
:10CD2000189C7F3F4CCE5B3D91A17F3F0E88553DC7
:10CD3000E3A67F3FAF414F3D0DAC7F3F2FFB483D0A
:10CD40000FB17F3F91B4423DEAB57F3FD56D3C3D89
:10CD50009EBA7F3FFC26363D2ABF7F3F07E02F3D2E
:10CD60008FC37F3FF698293DCCC77F3FCC51233DF1
:10CD7000E2CB7F3F880A1D3DD1CF7F3F2CC3163DBC
:10CD800098D37F3FB87B103D37D77F3F2F340A3D84
:10CD9000AFDA7F3F90EC033D00DE7F3FB949FB3CBB
:10CDA00029E17F3F2DBAEE3C2BE47F3F7B2AE23C1A
:10CDB00005E77F3FA69AD53CB8E97F3FB00AC93C5A
:10CDC00043EC7F3F9B7ABC3CA7EE7F3F69EAAF3CD8
:10CDD000E3F07F3F1C5AA33CF8F27F3FB6C9963C74
:10CDE000E6F47F3F38398A3CACF67F3F4B517B3CC1
:10CDF0004AF87F3F0030623CC1F97F3F900E493CCA
:10CE000011FB7F3F02ED2F3C39FC7F3F59CB163C95
:10CE100039FD7F3F3053FB3B13FE7F3F890FC93BFA
:10CE2000C4FE7F3FC1CB963B4EFF7F3FC70F493BC0
:10CE3000B1FF7F3FD40FC93AECFF7F3F00000000F5
:10CE40000000803FD40FC9BAECFF7F3FC70F49BB3A
:10CE5000B1FF7F3FC1CB96BB4EFF7F3F890FC9BB60
:10CE6000C4FE7F3F3053FBBB13FE7F3F59CB16BC44
:10CE700039FD7F3F02ED2FBC39FC7F3F900E49BC4E
:10CE800011FB7F3F003062BCC1F97F3F4B517BBC3F
:10CE90004AF87F3F38398ABCACF67F3FB6C996BCAA
:10CEA000E6F47F3F1C5AA3BCF8F27F3F69EAAFBCAF
:10CEB000E3F07F3F9B7ABCBCA7EE7F3FB00AC9BCC2
:10CEC00043EC7F3FA69AD5BCB8E97F3F7B2AE2BC02
:10CED00005E77F3F2DBAEEBC2BE47F3FB949FBBC91
:10CEE00029E17F3F90EC03BD00DE7F3F2F340ABD78
:10CEF000AFDA7F3FB87B10BD37D77F3F2CC316BD5D
:10CF000098D37F3F880A1DBDD1CF7F3FCC5123BD31
:10CF1000E2CB7F3FF69829BDCCC77F3F07E02FBD0E
:10CF20008FC37F3FFC2636BD2ABF7F3FD56D3CBDFA
:10CF30009EBA7F3F91B442BDEAB57F3F2FFB48BD0B
:10CF40000FB17F3FAF414FBD0DAC7F3F0E8855BD48
:10CF5000E3A67F3F4CCE5BBD91A17F3F681462BDCD
:10CF6000189C7F3F625A68BD78967F3F38A06EBD9F
:10CF7000B1907F3FE9E574BDC28A7F3F742B7BBDD2
:10CF8000AB847F3F6CB880BD6D7E7F3F0ADB83BD85
:10CF900008787F3F94FD86BD7B717F3F0A208ABD64
:10CFA000C76A7F3F6A428DBDEC637F3FB46490BD2A
:10CFB000E95C7F3FE78693BDBF557F3F05A996BDDE
:10CFC0006D4E7F3F0ACB99BDF4467F3FF9EC9CBD87
:10CFD000543F7F3FCF0EA0BD8D377F3F8C30A3BD28
:10CFE0009D2F7F3F3052A6BD87277F3FBA73A9BDD3
:10CFF000491F7F3F2B95ACBDE4167F3F80B6AFBD88
:10D00000580E7F3FBBD7B2BDA4057F3FDAF8B5BD50
:10D01000C9FC7E3FDD19B9BDC7F37E3FC33ABCBD35
:10D020009DEA7E3F8D5BBFBD4CE17E3F397CC2BD3A
:10D03000D4D77E3FC69CC5BD34CE7E3F36BDC8BD6D
:10D040006DC47E3F86DDCBBD7FBA7E3FB7FDCEBDD2
:10D0500069B07E3FC81DD2BD2DA67E3FB93DD5BD6E
:10D06000C99B7E3F895DD8BD3D917E3F377DDBBD4D
:10D070008B867E3FC49CDEBDB17B7E3F2EBCE1BD76
:10D08000B0707E3F76DBE4BD88657E3F9AFAE7BDEF
:10D09000385A7E3F9A19EBBDC14E7E3F7638EEBDC1
:10D0A00023437E3F2E57F1BD5E377E3FC075F4BDF2
:10D0B000722B7E3F2C94F7BD5E1F7E3F73B2FABD8C
:10D0C00024137E3F92D0FDBDC2067E3F457700BE51
:10D0D00038FA7D3F2E0602BE88ED7D3F029503BEE5
:10D0E000B1E07D3FC22305BEB2D37D3F6EB206BE26
:10D0F0008CC67D3F054108BE40B97D3F86CF09BE45
:10D10000CCAB7D3FF35D0BBE309E7D3F4AEC0CBE49
:10D110006E907D3F8B7A0EBE85827D3FB70810BE34
:10D1200074747D3FCC9611BE3D667D3FCA2413BE0C
:10D13000DE577D3FB2B214BE59497D3F834016BED3
:10D14000AC3A7D3F3DCE17BED82B7D3FE05B19BE8C
:10D15000DD1C7D3F6BE91ABEBC0D7D3FDE761CBE3B
:10D1600073FE7C3F38041EBE03EF7C3F7B911FBEE5
:10D170006CDF7C3FA51E21BEAECF7C3FB6AB22BE8E
:10D18000C9BF7C3FAD3824BEBDAF7C3F8CC525BE3A
:10D190008A9F7C3F515227BE318F7C3FFCDE28BEE8
:10D1A000B07E7C3F8D6B2ABE086E7C3F04F82BBEA0
:10D1B0003A5D7C3F61842DBE444C7C3FA2102FBE63
:10D1C000283B7C3FC99C30BEE5297C3FD42832BE39
:10D1D0007A187C3FC4B433BEE9067C3F984035BE24
:10D1E00031F57B3F50CC36BE53E37B3FEC5738BE26
:10D1F0004DD17B3F6CE339BE20BF7B3FCF6E3BBE42
:10D20000CDAC7B3F15FA3CBE539A7B3F3E853EBE7C
:10D21000B2877B3F491040BEEA747B3F379B41BEDB
:10D22000FC617B3F072643BEE74E7B3FB9B044BE5F
:10D23000AB3B7B3F4D3B46BE48287B3FC2C547BE0C
:10D24000BE147B3F185049BE0E017B3F4FDA4ABEE9
:10D2500037ED7A3F67644CBE3AD97A3F60EE4DBEF7
:10D2600016C57A3F38784FBECBB07A3FF10151BE38
:10D27000599C7A3F898B52BEC1877A3F011554BEB3
:10D2800002737A3F589E55BE1C5E7A3F8F2757BE69
:10D2900010497A3FA4B058BEDD337A3F97395ABE61
:10D2A000841E7A3F6AC25BBE04097A3F1A4B5DBE98
:10D2B0005EF3793FA8D35EBE91DD793F135C60BE1B
:10D2C0009DC7793F5CE461BE83B1793F836C63BEE7
:10D2D000439B793F86F464BEDC84793F667C66BEFE
:10D2E0004E6E793F220468BE9A57793FBA8B69BE69
:10D2F000C040793F2F136BBEBF29793F7F9A6CBE28
:10D300009812793FAB216EBE4AFB783FB2A86FBE40
:10D31000D6E3783F942F71BE3BCC783F51B672BEB6
:10D320007BB4783FE83C74BE939C783F5AC375BE8B
:10D330008684783FA64977BE526C783FCCCF78BEC2
:10D34000F853783FCB557ABE773B783FA4DB7BBE62
:10D35000D122783F56617DBE040A783FE1E67EBE69
:10D3600010F1773F223680BEF7D7773FC0F880BEF6
:10D37000B7BE773F4ABB81BE51A5773FC07D82BE15
:10D38000C58B773F224083BE1372773F700284BE05
:10D390003A58773FAAC484BE3C3E773FCE8685BECE
:10D3A0001724773FDF4886BECC09773FDA0A87BE6D
:10D3B0005BEF763FC1CC87BEC4D4763F938E88BEE8
:10D3C00007BA763F505089BE249F763FF8118ABE37
:10D3D0001B84763F8AD38ABEEC68763F07958BBE66
:10D3E000974D763F6E568CBE1B32763FC0178DBE72
:10D3F0007A16763FFCD88DBEB3FA753F229A8EBE60
:10D40000C6DE753F325B8FBEB3C2753F2C1C90BE2B
:10D410007BA6753F10DD90BE1C8A753FDD9D91BED9
:10D42000976D753F945E92BEED50753F351F93BE6C
:10D430001D34753FBFDF93BE2717753F31A094BEE3
:10D440000BFA743F8D6095BEC9DC743FD22096BE46
:10D4500062BF743F00E196BED5A1743F17A197BE8D
:10D460002284743F166198BE4966743FFE2099BEBF
:10D470004B48743FCEE099BE272A743F86A09ABEDF
:10D48000DD0B743F27609BBE6EED733FAF1F9CBEEC
:10D49000D9CE733F20DF9CBE1FB0733F789E9DBEE8
:10D4A0003F91733FB85D9EBE3972733FDF1C9FBED4
:10D4B0000E53733FEEDB9FBEBE33733FE59AA0BEB3
:10D4C0004714733FC259A1BEACF4723F8718A2BE85
:10D4D000EBD4723F33D7A2BE04B5723FC595A3BE4D
:10D4E000F894723F3F54A4BEC774723F9F12A5BE0A
:10D4F0007054723FE5D0A5BEF433723F128FA6BEC2
:10D500005213723F254DA7BE8CF2713F1F0BA8BE70
:10D510009FD1713FFEC8A8BE8EB0713FC486A9BE20
:10D52000578F713F6F44AABEFB6D713F0102ABBEC6
:10D530007A4C713F77BFABBED42A713FD47CACBE6E
:10D540000809713F153AADBE17E7703F3CF7ADBE15
:10D5500002C5703F49B4AEBEC6A2703F3A71AFBEBD
:10D560006680703F102EB0BEE15D703FCBEAB0BE6A
:10D57000373B703F6BA7B1BE6718703FEF63B2BE19
:10D5800073F56F3F5820B3BE5AD26F3FA5DCB3BED0
:10D590001BAF6F3FD698B4BEB88B6F3FEC54B5BE8F
:10D5A00030686F3FE610B6BE83446F3FC3CCB6BE53
:10D5B000B0206F3F8488B7BEBAFC6E3F2A44B8BE25
:10D5C0009ED86E3FB2FFB8BE5DB46E3F1EBBB9BE03
:10D5D000F88F6E3F6E76BABE6D6B6E3FA031BBBEEC
:10D5E000BE466E3FB6ECBBBEEB216E3FAFA7BCBEE6
:10D5F000F2FC6D3F8B62BDBED5D76D3F4A1DBEBEEE
:10D6000093B26D3FEBD7BEBE2D8D6D3F6F92BFBE07
:10D61000A1676D3FD54CC0BEF2416D3F1E07C1BE34
:10D620001D1C6D3F48C1C1BE24F66C3F557BC2BE78
:10D6300007D06C3F4435C3BEC5A96C3F15EFC3BED0
:10D640005E836C3FC8A8C4BED45C6C3F5C62C5BE40
:10D6500024366C3FD21BC6BE500F6C3F29D5C6BEC8
:10D6600058E86B3F628EC7BE3BC16B3F7C47C8BE6C
:10D67000FB996B3F7700C9BE95726B3F53B9C9BE2A
:10D680000C4B6B3F1072CABE5E236B3FAE2ACBBE03
:10D690008CFB6A3F2CE3CBBE95D36A3F8B9BCCBE01
:10D6A0007BAB6A3FCA53CDBE3C836A3FEA0BCEBE1A
:10D6B000D95A6A3FEAC3CEBE52326A3FCA7BCFBE56
:10D6C000A7096A3F8A33D0BED7E0693F2AEBD0BEB4
:10D6D000E4B7693FAAA2D1BECC8E693F095AD2BE37
:10D6E0009165693F4811D3BE323C693F67C8D3BEDC
:10D6F000AE12693F647FD4BE07E9683F4136D5BEAC
:10D700003CBF683FFDECD5BE4C95683F99A3D6BEA3
:10D71000396B683F135AD7BE0341683F6B10D8BEC0
:10D72000A816683FA3C6D8BE2AEC673FB97CD9BE0D
:10D7300087C1673FAD32DABEC196673F80E8DABE87
:10D74000D86B673F319EDBBECA40673FC153DCBE2A
:10D750009915673F2E09DDBE45EA663F79BEDDBEFD
:10D76000CCBE663FA273DEBE3093663FA928DFBE03
:10D770007167663F8DDDDFBE8E3B663F4F92E0BE38
:10D78000880F663FEE46E1BE5EE3653F6AFBE1BEA1
:10D7900010B7653FC4AFE2BEA08A653FFA63E3BE3F
:10D7A0000B5E653F0E18E4BE5431653FFECBE4BE10
:10D7B0007904653FCB7FE5BE7BD7643F7533E6BE1A
:10D7C00059AA643FFBE6E6BE147D643F5D9AE7BE5E
:10D7D000AC4F643F9C4DE8BE2122643FB700E9BED8
:10D7E00073F4633FAEB3E9BEA1C6633F8166EABE90
:10D7F000AC98633F3019EBBE956A633FBBCBEBBE81
:10D800005A3C633F217EECBEFC0D633F6330EDBEAE
:10D810007BDF623F80E2EDBED7B0623F7994EEBE1F
:10D820001082623F4C46EFBE2653623FFBF7EFBECD
:10D830001A24623F85A9F0BEEAF4613FEA5AF1BEBC
:10D8400098C5613F290CF2BE2296613F43BDF2BEEE
:10D850008A66613F386EF3BED036613F071FF4BE63
:10D86000F206613FB1CFF4BEF2D6603F3580F5BE1F
:10D87000CFA6603F9330F6BE8976603FCBE0F6BE20
:10D880002146603FDC90F7BE9615603FC840F8BE69
:10D89000E9E45F3F8EF0F8BE19B45F3F2DA0F9BEFA
:10D8A00027835F3FA54FFABE12525F3FF7FEFABED5
:10D8B000DB205F3F22AEFBBE81EF5E3F275DFCBEFB
:10D8C00005BE5E3F040CFDBE678C5E3FBBBAFDBE6D
:10D8D000A65A5E3F4A69FEBEC3285E3FB217FFBE2E
:10D8E000BEF65D3FF3C5FFBE97C45D3F063A00BF7D
:10D8F0004D925D3FFF9000BFE15F5D3FE4E700BFF9
:10D90000532D5D3FB53E01BFA3FA5C3F739501BF48
:10D91000D1C75C3F1CEC01BFDD945C3FB14202BF4C
:10D92000C7615C3F329902BF8E2E5C3F9FEF02BF02
:10D9300034FB5B3FF84503BFB8C75B3F3D9C03BF6B
:10D940001A945B3F6DF203BF5A605B3F894804BF86
:10D95000792C5B3F919E04BF75F85A3F84F404BF55
:10D9600050C45A3F624A05BF09905A3F2CA005BFD8
:10D97000A05B5A3FE2F505BF16275A3F824B06BF10
:10D980006AF2593F0EA106BF9CBD593F86F606BFFD
:10D99000AD88593FE84B07BF9C53593F36A107BF9D
:10D9A0006A1E593F6FF607BF17E9583F924B08BFF1
:10D9B000A1B3583FA1A008BF0B7E583F9BF508BFFD
:10D9C0005348583F7F4A09BF7912583F4E9F09BFBD
:10D9D0007FDC573F09F409BF63A6573FAD480ABF34
:10D9E0002670573F3D9D0ABFC739573FB7F10ABF61
:10D9F0004803573F1C460BBFA7CC563F6B9A0BBF43
:10DA0000E595563FA5EE0BBF025F563FC9420CBFDE
:10DA1000FE27563FD7960CBFD9F0553FD0EA0CBF32
:10DA200093B9553FB33E0DBF2C82553F81920DBF38
:10DA3000A44A553F38E60DBFFB12553FDA390EBFF9
:10DA400031DB543F658D0EBF47A3543FDBE00EBF73
:10DA50003B6B543F3B340FBF0F33543F84870FBFA2
:10DA6000C3FA533FB8DA0FBF55C2533FD52D10BF8D
:10DA7000C789533FDC8010BF1851533FCDD310BF2F
:10DA80004918533FA72611BF59DF523F6B7911BF89
:10DA900049A6523F19CC11BF186D523FB01E12BF9C
:10DAA000C633523F307112BF54FA513F9AC312BF6E
:10DAB000C2C0513FEE1513BF1087513F2A6813BFF4
:10DAC0003D4D513F50BA13BF4A13513F5F0C14BF35
:10DAD00037D9503F585E14BF039F503F39B014BF31
:10DAE000AF64503F040215BF3B2A503FB75315BFE8
:10DAF000A8EF4F3F54A515BFF4B44F3FD9F615BF5B
:10DB00001F7A4F3F474816BF2B3F4F3F9F9916BF85
:10DB100017044F3FDFEA16BFE4C84E3F073C17BF6C
:10DB2000908D4E3F188D17BF1C524E3F12DE17BF0F
:10DB300089164E3FF52E18BFD5DA4D3FC07F18BF6E
:10DB4000029F4D3F73D018BF10634D3F0F2119BF87
:10DB5000FD264D3F947119BFCBEA4C3F00C219BF5F
:10DB600079AE4C3F55121ABF08724C3F93621ABFF0
:10DB700078354C3FB8B21ABFC7F84B3FC6021BBF3F
:10DB8000F8BB4B3FBB521BBF097F4B3F99A21BBF4A
:10DB9000FA414B3F5FF21BBFCC044B3F0C421CBF12
:10DBA0007FC74A3FA2911CBF138A4A3F1FE11CBF97
:10DBB000874C4A3F84301DBFDC0E4A3FD17F1DBFDA
:10DBC00012D1493F06CF1DBF2993493F221E1EBFD8
:10DBD0002155493F266D1EBFFA16493F12BC1EBF94
:10DBE000B3D8483FE50A1FBF4E9A483F9F591FBF11
:10DBF000CA5B483F41A81FBF271D483FCBF61FBF48
:10DC000065DE473F3B4520BF849F473F939320BF3E
:10DC10008560473FD2E120BF6721473FF92F21BFF1
:10DC20002AE2463F067E21BFCEA2463FFBCB21BF64
:10DC30005463463FD71922BFBB23463F996722BF93
:10DC400003E4453F43B522BF2DA4453FD30223BF84
:10DC50003964453F4B5023BF2624453FA99D23BF30
:10DC6000F5E3443FEEEA23BFA5A3443F1A3824BF9F
:10DC70003763443F2C8524BFAB22443F25D224BFC9
:10DC800000E2433F041F25BF38A1433FCB6B25BFB4
:10DC90005160433F77B825BF4C1F433F0A0526BF5D
:10DCA00029DE423F845126BFE89C423FE39D26BFC8
:10DCB000895B423F2AEA26BF0B1A423F563627BFEE
:10DCC00070D8413F688227BFB796413F61CE27BFDA
:10DCD000E154413F401A28BFEC12413F056628BF7E
:10DCE000DAD0403FB0B128BFA98E403F41FD28BFE8
:10DCF0005C4C403FB84829BFF009403F159429BF0C
:10DD000067C73F3F57DF29BFC0843F3F802A2ABFF4
:10DD1000FC413F3F8E752ABF1BFF3E3F82C02ABF9A
:10DD20001BBC3E3F5B0B2BBFFF783E3F1B562BBF00
:10DD3000C5353E3FBFA02BBF6EF23D3F4AEB2BBF28
:10DD4000F9AE3D3FB9352CBF676B3D3F0F802CBF0F
:10DD5000B8273D3F49CA2CBFECE33C3F69142DBFB7
:10DD600003A03C3F6F5E2DBFFC5B3C3F59A82DBF1D
:10DD7000D9173C3F29F22DBF98D33B3FDE3B2EBF46
:10DD80003B8F3B3F78852EBFC14A3B3FF7CE2EBF2E
:10DD900029063B3F5B182FBF75C13A3FA5612FBFD6
:10DDA000A47C3A3FD3AA2FBFB7373A3FE6F32FBF41
:10DDB000ACF2393FDE3C30BF85AD393FBB8530BF6B
:10DDC0004268393F7CCE30BFE122393F221731BF54
:10DDD00065DD383FAD5F31BFCB97383F1DA831BF00
:10DDE0001652383F71F031BF430C383FAA3832BF6A
:10DDF00055C6373FC78032BF4A80373FC9C832BF98
:10DE0000233A373FAF1033BFDFF3363F7A5833BF83
:10DE10007FAD363F29A033BF0467363FBCE733BF31
:10DE20006C20363F342F34BFB8D9353F8F7634BF9E
:10DE3000E792353FCFBD34BFFB4B353FF30435BFD1
:10DE4000F304353FFB4B35BFCFBD343FE79235BFC1
:10DE50008F76343FB8D935BF342F343F6C2036BF6E
:10DE6000BCE7333F046736BF29A0333F7FAD36BFE1
:10DE70007A58333FDFF336BFAF10333F233A37BF13
:10DE8000C9C8323F4A8037BFC780323F55C637BF07
:10DE9000AA38323F430C38BF71F0313F165238BFB9
:10DEA0001DA8313FCB9738BFAD5F313F65DD38BF2F
:10DEB0002217313FE12239BF7CCE303F426839BF63
:10DEC000BB85303F85AD39BFDE3C303FACF239BF5A
:10DED000E6F32F3FB7373ABFD3AA2F3FA47C3ABF10
:10DEE000A5612F3F75C13ABF5B182F3F29063BBF85
:10DEF000F7CE2E3FC14A3BBF78852E3F3B8F3BBFBD
:10DF0000DE3B2E3F98D33BBF29F22D3FD9173CBFB4
:10DF100059A82D3FFC5B3CBF6F5E2D3F03A03CBF6B
:10DF200069142D3FECE33CBF49CA2C3FB8273DBFE5
:10DF30000F802C3F676B3DBFB9352C3FF9AE3DBF1D
:10DF40004AEB2B3F6EF23DBFBFA02B3FC5353EBF16
:10DF50001B562B3FFF783EBF5B0B2B3F1BBC3EBFCE
:10DF600082C02A3F1BFF3EBF8E752A3FFC413FBF48
:10DF7000802A2A3FC0843FBF57DF293F67C73FBF82
:10DF80001594293FF00940BFB848293F5C4C40BF79
:10DF900041FD283FA98E40BFB0B1283FDAD040BF35
:10DFA0000566283FEC1241BF401A283FE15441BFAB
:10DFB00061CE273FB79641BF6882273F70D841BFE7
:10DFC0005636273F0B1A42BF2AEA263F895B42BFDB
:10DFD000E39D263FE89C42BF8451263F29DE42BF95
:10DFE0000A05263F4C1F43BF77B8253F516043BF0A
:10DFF000CB6B253F38A143BF041F253F00E243BF41
:10E0000025D2243FAB2244BF2C85243F376344BF35
:10E010001A38243FA5A344BFEEEA233FF5E344BFEB
:10E02000A99D233F262445BF4B50233F396445BF5C
:10E03000D302233F2DA445BF43B5223F03E445BF90
:10E040009967223FBB2346BFD719223F546346BF7F
:10E05000FBCB213FCEA246BF067E213F2AE246BF30
:10E06000F92F213F672147BFD2E1203F856047BF9D
:10E070009393203F849F47BF3B45203F65DE47BFCA
:10E08000CBF61F3F271D48BF41A81F3FCA5B48BFB3
:10E090009F591F3F4E9A48BFE50A1F3FB3D848BF5C
:10E0A00012BC1E3FFA1649BF266D1E3F215549BFBF
:10E0B000221E1E3F299349BF06CF1D3F12D149BFE3
:10E0C000D17F1D3FDC0E4ABF84301D3F874C4ABFC5
:10E0D0001FE11C3F138A4ABFA2911C3F7FC74ABF62
:10E0E0000C421C3FCC044BBF5FF21B3FFA414BBFBD
:10E0F00099A21B3F097F4BBFBB521B3FF8BB4BBFD5
:10E10000C6021B3FC7F84BBFB8B21A3F78354CBFA9
:10E1100093621A3F08724CBF55121A3F79AE4CBF3A
:10E1200000C2193FCBEA4CBF9471193FFD264DBF89
:10E130000F21193F10634DBF73D0183F029F4DBF91
:10E14000C07F183FD5DA4DBFF52E183F89164EBF58
:10E1500012DE173F1C524EBF188D173F908D4EBFD9
:10E16000073C173FE4C84EBFDFEA163F17044FBF16
:10E170009F99163F2B3F4FBF4748163F1F7A4FBF0F
:10E18000D9F6153FF4B44FBF54A5153FA8EF4FBFC4
:10E19000B753153F3B2A50BF0402153FAF6450BF31
:10E1A00039B0143F039F50BF585E143F37D950BF5A
:10E1B0005F0C143F4A1351BF50BA133F3D4D51BF3E
:10E1C0002A68133F108751BFEE15133FC2C051BFDD
:10E1D0009AC3123F54FA51BF3071123FC63352BF37
:10E1E000B01E123F186D52BF19CC113F49A652BF45
:10E1F0006B79113F59DF52BFA726113F491853BF12
:10E20000CDD3103F185153BFDC80103FC78953BF97
:10E21000D52D103F55C253BFB8DA0F3FC3FA53BFD5
:10E2200084870F3F0F3354BF3B340F3F3B6B54BFCA
:10E23000DBE00E3F47A354BF658D0E3F31DB54BF7B
:10E24000DA390E3FFB1255BF38E60D3FA44A55BFE1
:10E2500081920D3F2C8255BFB33E0D3F93B955BF00
:10E26000D0EA0C3FD9F055BFD7960C3FFE2756BFDA
:10E27000C9420C3F025F56BFA5EE0B3FE59556BF66
:10E280006B9A0B3FA7CC56BF1C460B3F480357BFAA
:10E29000B7F10A3FC73957BF3D9D0A3F267057BFA8
:10E2A000AD480A3F63A657BF09F4093F7FDC57BF5B
:10E2B0004E9F093F791258BF7F4A093F534858BFC4
:10E2C0009BF5083F0B7E58BFA1A0083FA1B358BFE4
:10E2D000924B083F17E958BF6FF6073F6A1E59BFB8
:10E2E00036A1073F9C5359BFE84B073FAD8859BF44
:10E2F00086F6063F9CBD59BF0EA1063F6AF259BF84
:10E30000824B063F16275ABFE2F5053FA05B5ABF76
:10E310002CA0053F09905ABF624A053F50C45ABF1E
:10E3200084F4043F75F85ABF919E043F792C5BBF7B
:10E330008948043F5A605BBF6DF2033F1A945BBF8C
:10E340003D9C033FB8C75BBFF845033F34FB5BBF51
:10E350009FEF023F8E2E5CBF3299023FC7615CBFC8
:10E36000B142023FDD945CBF1CEC013FD1C75CBFF2
:10E370007395013FA3FA5CBFB53E013F532D5DBFCE
:10E38000E4E7003FE15F5DBFFF90003F4D925DBF5E
:10E39000063A003F97C45DBFF3C5FF3EBEF65DBFC2
:10E3A000B217FF3EC3285EBF4A69FE3EA65A5EBF53
:10E3B000BBBAFD3E678C5EBF040CFD3E05BE5EBF72
:10E3C000275DFC3E81EF5EBF22AEFB3EDB205FBFE0
:10E3D000F7FEFA3E12525FBFA54FFA3E27835FBF9A
:10E3E0002DA0F93E19B45FBF8EF0F83EE9E45FBF9F
:10E3F000C840F83E961560BFDC90F73E214660BFEE
:10E40000CBE0F63E897660BF9330F63ECFA660BF84
:10E410003580F53EF2D660BFB1CFF43EF20661BF63
:10E42000071FF43ED03661BF386EF33E8A6661BF87
:10E4300043BDF23E229661BF290CF23E98C561BFF2
:10E44000EA5AF13EEAF461BF85A9F03E1A2462BFA0
:10E45000FBF7EF3E265362BF4C46EF3E108262BF91
:10E460007994EE3ED7B062BF80E2ED3E7BDF62BFC3
:10E470006330ED3EFC0D63BF217EEC3E5A3C63BF32
:10E48000BBCBEB3E956A63BF3019EB3EAC9863BFE4
:10E490008166EA3EA1C663BFAEB3E93E73F463BFD3
:10E4A000B700E93E212264BF9C4DE83EAC4F64BFFB
:10E4B0005D9AE73E147D64BFFBE6E63E59AA64BF61
:10E4C0007533E63E7BD764BFCB7FE53E790465BFFD
:10E4D000FECBE43E543165BF0E18E43E0B5E65BFD3
:10E4E000FA63E33EA08A65BFC4AFE23E10B765BFE2
:10E4F0006AFBE13E5EE365BFEE46E13E880F66BF24
:10E500004F92E03E8E3B66BF8DDDDF3E716766BF9A
:10E51000A928DF3E309366BFA273DE3ECCBE66BF45
:10E5200079BEDD3E45EA66BF2E09DD3E991567BF1F
:10E53000C153DC3ECA4067BF319EDB3ED86B67BF2C
:10E5400080E8DA3EC19667BFAD32DA3E87C167BF69
:10E55000B97CD93E2AEC67BFA3C6D83EA81668BFCF
:10E560006B10D83E034168BF135AD73E396B68BF62
:10E5700099A3D63E4C9568BFFDECD53E3CBF68BF25
:10E580004136D53E07E968BF647FD43EAE1269BF0D
:10E5900067C8D33E323C69BF4811D33E916569BF1D
:10E5A000095AD23ECC8E69BFAAA2D13EE4B769BF58
:10E5B0002AEBD03ED7E069BF8A33D03EA7096ABFB5
:10E5C000CA7BCF3E52326ABFEAC3CE3ED95A6ABF37
:10E5D000EA0BCE3E3C836ABFCA53CD3E7BAB6ABFDB
:10E5E0008B9BCC3E95D36ABF2CE3CB3E8CFB6ABFA2
:10E5F000AE2ACB3E5E236BBF1072CA3E0C4B6BBF84
:10E6000053B9C93E95726BBF7700C93EFB996BBF8A
:10E610007C47C83E3BC16BBF628EC73E58E86BBFAC
:10E6200029D5C63E500F6CBFD21BC63E24366CBFE8
:10E630005C62C53ED45C6CBFC8A8C43E5E836CBF40
:10E6400015EFC33EC5A96CBF4435C33E07D06CBFB0
:10E65000557BC23E24F66CBF48C1C13E1D1C6DBF38
:10E660001E07C13EF2416DBFD54CC03EA1676DBFD4
:10E670006F92BF3E2D8D6DBFEBD7BE3E93B26DBF87
:10E680004A1DBE3ED5D76DBF8B62BD3EF2FC6DBF4D
:10E69000AFA7BC3EEB216EBFB6ECBB3EBE466EBF25
:10E6A000A031BB3E6D6B6EBF6E76BA3EF88F6EBF0B
:10E6B0001EBBB93E5DB46EBFB2FFB83E9ED86EBF02
:10E6C0002A44B83EBAFC6EBF8488B73EB0206FBF04
:10E6D000C3CCB63E83446FBFE610B63E30686FBF12
:10E6E000EC54B53EB88B6FBFD698B43E1BAF6FBF2E
:10E6F000A5DCB33E5AD26FBF5820B33E73F56FBF4F
:10E70000EF63B23E671870BF6BA7B13E373B70BF77
:10E71000CBEAB03EE15D70BF102EB03E668070BFA8
:10E720003A71AF3EC6A270BF49B4AE3E02C570BFDB
:10E730003CF7AD3E17E770BF153AAD3E080971BF13
:10E74000D47CAC3ED42A71BF77BFAB3E7A4C71BF4C
:10E750000102AB3EFB6D71BF6F44AA3E578F71BF84
:10E76000C486A93E8EB071BFFEC8A83E9FD171BFBE
:10E770001F0BA83E8CF271BF254DA73E521372BFEE
:10E78000128FA63EF43372BFE5D0A53E705472BF1F
:10E790009F12A53EC77472BF3F54A43EF89472BF47
:10E7A000C595A33E04B572BF33D7A23EEBD472BF6A
:10E7B0008718A23EACF472BFC259A13E471473BF82
:10E7C000E59AA03EBE3373BFEEDB9F3E0E5373BF90
:10E7D000DF1C9F3E397273BFB85D9E3E3F9173BF91
:10E7E000789E9D3E1FB073BF20DF9C3ED9CE73BF85
:10E7F000AF1F9C3E6EED73BF27609B3EDD0B74BF69
:10E8000086A09A3E272A74BFCEE0993E4B4874BF3B
:10E81000FE20993E496674BF1661983E228474BFFB
:10E8200017A1973ED5A174BF00E1963E62BF74BFA9
:10E83000D220963EC9DC74BF8D60953E0BFA74BF42
:10E8400031A0943E271775BFBFDF933E1D3475BFBF
:10E85000351F933EED5075BF945E923E976D75BF28
:10E86000DD9D913E1C8A75BF10DD903E7BA675BF75
:10E870002C1C903EB3C275BF325B8F3EC6DE75BFA7
:10E88000229A8E3EB3FA75BFFCD88D3E7A1676BFBB
:10E89000C0178D3E1B3276BF6E568C3E974D76BFAD
:10E8A00007958B3EEC6876BF8AD38A3E1B8476BF81
:10E8B000F8118A3E249F76BF5050893E07BA76BF32
:10E8C000938E883EC4D476BFC1CC873E5BEF76BFC3
:10E8D000DA0A873ECC0977BFDF48863E172477BF28
:10E8E000CE86853E3C3E77BFAAC4843E3A5877BF69
:10E8F0007002843E137277BF2240833EC58B77BF80
:10E90000C07D823E51A577BF4ABB813EB7BE77BF6F
:10E91000C0F8803EF7D777BF2236803E10F177BF30
:10E92000E1E67E3E040A78BF56617D3ED12278BF83
:10E93000A4DB7B3E773B78BFCB557A3EF85378BF5C
:10E94000CCCF783E526C78BFA649773E868478BF9C
:10E950005AC3753E939C78BFE83C743E7BB478BF45
:10E9600051B6723E3BCC78BF942F713ED6E378BF50
:10E97000B2A86F3E4AFB78BFAB216E3E981279BFBA
:10E980007F9A6C3EBF2979BF2F136B3EC04079BF81
:10E99000BA8B693E9A5779BF2204683E4E6E79BFA2
:10E9A000667C663EDC8479BF86F4643E439B79BF17
:10E9B000836C633E83B179BF5CE4613E9DC779BFE0
:10E9C000135C603E91DD79BFA8D35E3E5EF379BFF4
:10E9D0001A4B5D3E04097ABF6AC25B3E841E7ABF51
:10E9E00097395A3EDD337ABFA4B0583E10497ABFFA
:10E9F0008F27573E1C5E7ABF589E553E02737ABFE2
:10EA00000115543EC1877ABF898B523E599C7ABF0B
:10EA1000F101513ECBB07ABF38784F3E16C57ABF70
:10EA200060EE4D3E3AD97ABF67644C3E37ED7ABF0F
:10EA30004FDA4A3E0E017BBF1850493EBE147BBFE1
:10EA4000C2C5473E48287BBF4D3B463EAB3B7BBFE4
:10EA5000B9B0443EE74E7BBF0726433EFC617BBF17
:10EA6000379B413EEA747BBF4910403EB2877BBF73
:10EA70003E853E3E539A7BBF15FA3C3ECDAC7BBFF4
:10EA8000CF6E3B3E20BF7BBF6CE3393E4DD17BBF99
:10EA9000EC57383E53E37BBF50CC363E31F57BBF5D
:10EAA0009840353EE9067CBFC4B4333E7A187CBF3B
:10EAB000D428323EE5297CBFC99C303E283B7CBF30
:10EAC000A2102F3E444C7CBF61842D3E3A5D7CBF3A
:10EAD00004F82B3E086E7CBF8D6B2A3EB07E7CBF57
:10EAE000FCDE283E318F7CBF5152273E8A9F7CBF7F
:10EAF0008CC5253EBDAF7CBFAD38243EC9BF7CBFB1
:10EB0000B6AB223EAECF7CBFA51E213E6CDF7CBFE4
:10EB10007B911F3E03EF7CBF38041E3E73FE7CBF1B
:10EB2000DE761C3EBC0D7DBF6BE91A3EDD1C7DBF51
:10EB3000E05B193ED82B7DBF3DCE173EAC3A7DBF82
:10EB40008340163E59497DBFB2B2143EDE577DBFA9
:10EB5000CA24133E3D667DBFCC96113E74747DBFC2
:10EB6000B708103E85827DBF8B7A0E3E6E907DBFCA
:10EB70004AEC0C3E309E7DBFF35D0B3ECCAB7DBFBF
:10EB800086CF093E40B97DBF0541083E8CC67DBF9A
:10EB90006EB2063EB2D37DBFC223053EB1E07DBF5B
:10EBA0000295033E88ED7DBF2E06023E38FA7DBFFA
:10EBB0004577003EC2067EBF92D0FD3D24137EBF46
:10EBC00073B2FA3D5E1F7EBF2C94F73D722B7EBF61
:10EBD000C075F43D5E377EBF2E57F13D23437EBFA7
:10EBE0007638EE3DC14E7EBF9A19EB3D385A7EBF56
:10EBF0009AFAE73D88657EBF76DBE43DB0707EBF64
:10EC00002EBCE13DB17B7EBFC49CDE3D8B867EBFCA
:10EC1000377DDB3D3D917EBF895DD83DC99B7EBF81
:10EC2000B93DD53D2DA67EBFC81DD23D69B07EBF82
:10EC3000B7FDCE3D7FBA7EBF86DDCB3D6DC47EBFC6
:10EC400036BDC83D34CE7EBFC69CC53DD4D77EBF41
:10EC5000397CC23D4CE17EBF8D5BBF3D9DEA7EBFEE
:10EC6000C33ABC3DC7F37EBFDD19B93DC9FC7EBFC9
:10EC7000DAF8B53DA4057FBFBBD7B23D580E7FBFC4
:10EC800080B6AF3DE4167FBF2B95AC3D491F7FBFDB
:10EC9000BA73A93D87277FBF3052A63D9D2F7FBF06
:10ECA0008C30A33D8D377FBFCF0EA03D543F7FBF3B
:10ECB000F9EC9C3DF4467FBF0ACB993D6D4E7FBF7A
:10ECC00005A9963DBF557FBFE786933DE95C7FBFB1
:10ECD000B464903DEC637FBF6A428D3DC76A7FBFDD
:10ECE0000A208A3D7B717FBF94FD863D08787FBFF7
:10ECF0000ADB833D6D7E7FBF6CB8803DAB847FBFF8
:10ED0000742B7B3DC28A7FBFE9E5743DB1907FBF24
:10ED100038A06E3D78967FBF625A683D189C7FBFD1
:10ED20006814623D91A17FBF4CCE5B3DE3A67FBFDF
:10ED30000E88553D0DAC7FBFAF414F3D0FB17FBF3A
:10ED40002FFB483DEAB57FBF91B4423D9EBA7FBFDD
:10ED5000D56D3C3D2ABF7FBFFC26363D8FC37FBFAC
:10ED600007E02F3DCCC77FBFF698293DE2CB7FBFA0
:10ED7000CC51233DD1CF7FBF880A1D3D98D37FBFA3
:10ED80002CC3163D37D77FBFB87B103DAFDA7FBFAE
:10ED90002F340A3D00DE7FBF90EC033D29E17FBFA9
:10EDA000B949FB3C2BE47FBF2DBAEE3C05E77FBFA2
:10EDB0007B2AE23CB8E97FBFA69AD53C43EC7FBFF3
:10EDC000B00AC93CA7EE7FBF9B7ABC3CE3F07FBF93
:10EDD00069EAAF3CF8F27FBF1C5AA33CE6F47FBF60
:10EDE000B6C9963CACF67FBF38398A3C4AF87FBF3B
:10EDF0004B517B3CC1F97FBF0030623C11FB7FBFB0
:10EE0000900E493C39FC7FBF02ED2F3C39FD7FBF9E
:10EE100059CB163C13FE7FBF3053FB3BC4FE7FBF74
:10EE2000890FC93B4EFF7FBFC1CB963BB1FF7FBF70
:10EE3000C70F493BECFF7FBFD40FC93A000080BF2A
:10EE400000000000ECFF7FBFD40FC9BAB1FF7FBF45
:10EE5000C70F49BB4EFF7FBFC1CB96BBC4FE7FBF70
:10EE6000890FC9BB13FE7FBF3053FBBB39FD7FBF8A
:10EE700059CB16BC39FC7FBF02ED2FBC11FB7FBF05
:10EE8000900E49BCC1F97FBF003062BC4AF87FBF19
:10EE90004B517BBCACF67FBF38398ABCE6F47FBFF0
:10EEA000B6C996BCF8F27FBF1C5AA3BCE3F07FBF83
:10EEB00069EAAFBCA7EE7FBF9B7ABCBC43EC7FBFC7
:10EEC000B00AC9BCB8E97FBFA69AD5BC05E77FBF29
:10EED0007B2AE2BC2BE47FBF2DBAEEBC29E17FBFC9
:10EEE000B949FBBC00DE7FBF90EC03BDAFDA7FBF4A
:10EEF0002F340ABD37D77FBFB87B10BD98D37FBFF3
:10EF00002CC316BDD1CF7FBF880A1DBDE2CB7FBF0A
:10EF1000CC5123BDCCC77FBFF69829BD8FC37FBF1F
:10EF200007E02FBD2ABF7FBFFC2636BD9EBA7FBF3C
:10EF3000D56D3CBDEAB57FBF91B442BD0FB17FBF77
:10EF40002FFB48BD0DAC7FBFAF414FBDE3A67FBFD8
:10EF50000E8855BD91A17FBF4CCE5BBD189C7FBF75
:10EF6000681462BD78967FBF625A68BDB1907FBF5A
:10EF700038A06EBDC28A7FBFE9E574BDAB847FBF98
:10EF8000742B7BBD6D7E7FBF6CB880BD08787FBF62
:10EF90000ADB83BD7B717FBF94FD86BDC76A7FBFDF
:10EFA0000A208ABDEC637FBF6A428DBDE95C7FBFEA
:10EFB000B46490BDBF557FBFE78693BD6D4E7FBFE4
:10EFC00005A996BDF4467FBF0ACB99BD543F7FBFCC
:10EFD000F9EC9CBD8D377FBFCF0EA0BD9D2F7FBFAD
:10EFE0008C30A3BD87277FBF3052A6BD491F7FBF8E
:10EFF000BA73A9BDE4167FBF2B95ACBD580E7FBF79
:10F0000080B6AFBDA4057FBFBBD7B2BDC9FC7EBF74
:10F01000DAF8B5BDC7F37EBFDD19B9BD9DEA7EBF85
:10F02000C33ABCBD4CE17EBF8D5BBFBDD4D77EBFB4
:10F03000397CC2BD34CE7EBFC69CC5BD6DC47EBF0B
:10F0400036BDC8BD7FBA7EBF86DDCBBD69B07EBF91
:10F05000B7FDCEBD2DA67EBFC81DD2BDC99B7EBF4C
:10F06000B93DD5BD3D917EBF895DD8BD8B867EBF44
:10F07000377DDBBDB17B7EBFC49CDEBDB0707EBF83
:10F080002EBCE1BD88657EBF76DBE4BD385A7EBF0D
:10F090009AFAE7BDC14E7EBF9A19EBBD23437EBFEE
:10F0A0007638EEBD5E377EBF2E57F1BD722B7EBF28
:10F0B000C075F4BD5E1F7EBF2C94F7BD24137EBFC8
:10F0C00073B2FABDC2067EBF92D0FDBD38FA7DBFD5
:10F0D000457700BE88ED7DBF2E0602BEB1E07DBF44
:10F0E000029503BEB2D37DBFC22305BE8CC67DBFD1
:10F0F0006EB206BE40B97DBF054108BECCAB7DBF38
:10F1000086CF09BE309E7DBFF35D0BBE6E907DBF86
:10F110004AEC0CBE85827DBF8B7A0EBE74747DBFB7
:10F12000B70810BE3D667DBFCC9611BEDE577DBFD1
:10F13000CA2413BE59497DBFB2B214BEAC3A7DBFDA
:10F14000834016BED82B7DBF3DCE17BEDD1C7DBFD4
:10F15000E05B19BEBC0D7DBF6BE91ABE73FE7CBFC0
:10F16000DE761CBE03EF7CBF38041EBE6CDF7CBFA6
:10F170007B911FBEAECF7CBFA51E21BEC9BF7CBF89
:10F18000B6AB22BEBDAF7CBFAD3824BE8A9F7CBF6C
:10F190008CC525BE318F7CBF515227BEB07E7CBF4F
:10F1A000FCDE28BE086E7CBF8D6B2ABE3A5D7CBF3C
:10F1B00004F82BBE444C7CBF61842DBE283B7CBF31
:10F1C000A2102FBEE5297CBFC99C30BE7A187CBF37
:10F1D000D42832BEE9067CBFC4B433BE31F57BBF50
:10F1E000984035BE53E37BBF50CC36BE4DD17BBF7C
:10F1F000EC5738BE20BF7BBF6CE339BECDAC7BBFC4
:10F20000CF6E3BBE539A7BBF15FA3CBEB2877BBF25
:10F210003E853EBEEA747BBF491040BEFC617BBFA9
:10F22000379B41BEE74E7BBF072643BEAB3B7BBF50
:10F23000B9B044BE48287BBF4D3B46BEBE147BBF21
:10F24000C2C547BE0E017BBF185049BE37ED7ABF1D
:10F250004FDA4ABE3AD97ABF67644CBE16C57ABF48
:10F2600060EE4DBECBB07ABF38784FBE599C7ABFA6
:10F27000F10151BEC1877ABF898B52BE02737ABF3A
:10F28000011554BE1C5E7ABF589E55BE10497ABF08
:10F290008F2757BEDD337ABFA4B058BE841E7ABF15
:10F2A00097395ABE04097ABF6AC25BBE5EF379BF62
:10F2B0001A4B5DBE91DD79BFA8D35EBE9DC779BFF5
:10F2C000135C60BE83B179BF5CE461BE439B79BFD0
:10F2D000836C63BEDC8479BF86F464BE4E6E79BFF6
:10F2E000667C66BE9A5779BF220468BEC04079BF6B
:10F2F000BA8B69BEBF2979BF2F136BBE981279BF35
:10F300007F9A6CBE4AFB78BFAB216EBED6E378BF56
:10F31000B2A86FBE3BCC78BF942F71BE7BB478BFD0
:10F3200051B672BE939C78BFE83C74BE868478BFA9
:10F330005AC375BE526C78BFA64977BEF85378BFE2
:10F34000CCCF78BE773B78BFCB557ABED12278BF81
:10F35000A4DB7BBE040A78BF56617DBE10F177BF87
:10F36000E1E67EBEF7D777BF223680BEB7BE77BF55
:10F37000C0F880BE51A577BF4ABB81BEC58B77BFA1
:10F38000C07D82BE137277BF224083BE3A5877BFDA
:10F39000700284BE3C3E77BFAAC484BE172477BFE8
:10F3A000CE8685BECC0977BFDF4886BE5BEF76BFD1
:10F3B000DA0A87BEC4D476BFC1CC87BE07BA76BF8F
:10F3C000938E88BE249F76BF505089BE1B8476BF23
:10F3D000F8118ABEEC6876BF8AD38ABE974D76BF95
:10F3E00007958BBE1B3276BF6E568CBE7A1676BFE3
:10F3F000C0178DBEB3FA75BFFCD88DBEC6DE75BF13
:10F40000229A8EBEB3C275BF325B8FBE7BA675BF1C
:10F410002C1C90BE1C8A75BF10DD90BE976D75BF09
:10F42000DD9D91BEED5075BF945E92BE1D3475BFDB
:10F43000351F93BE271775BFBFDF93BE0BFA74BF8E
:10F4400031A094BEC9DC74BF8D6095BE62BF74BF2D
:10F45000D22096BED5A174BF00E196BE228474BFAF
:10F4600017A197BE496674BF166198BE4B4874BF1A
:10F47000FE2099BE272A74BFCEE099BEDD0B74BF73
:10F4800086A09ABE6EED73BF27609BBED9CE73BFB8
:10F49000AF1F9CBE1FB073BF20DF9CBE3F9173BFE8
:10F4A000789E9DBE397273BFB85D9EBE0E5373BF0A
:10F4B000DF1C9FBEBE3373BFEEDB9FBE471473BF1E
:10F4C000E59AA0BEACF472BFC259A1BEEBD472BF24
:10F4D0008718A2BE04B572BF33D7A2BEF89472BF1C
:10F4E000C595A3BEC77472BF3F54A4BE705472BF0B
:10F4F0009F12A5BEF43372BFE5D0A5BE521372BFF2
:10F50000128FA6BE8CF271BF254DA7BE9FD171BFD1
:10F510001F0BA8BE8EB071BFFEC8A8BE578F71BFAB
:10F52000C486A9BEFB6D71BF6F44AABE7A4C71BF81
:10F530000102ABBED42A71BF77BFABBE080971BF51
:10F54000D47CACBE17E770BF153AADBE02C570BF24
:10F550003CF7ADBEC6A270BF49B4AEBE668070BFF8
:10F560003A71AFBEE15D70BF102EB0BE373B70BFC9
:10F57000CBEAB0BE671870BF6BA7B1BE73F56FBFA3
:10F58000EF63B2BE5AD26FBF5820B3BE1BAF6FBF7E
:10F59000A5DCB3BEB88B6FBFD698B4BE30686FBF62
:10F5A000EC54B5BE83446FBFE610B6BEB0206FBF4B
:10F5B000C3CCB6BEBAFC6EBF8488B7BE9ED86EBF41
:10F5C0002A44B8BE5DB46EBFB2FFB8BEF88F6EBF3E
:10F5D0001EBBB9BE6D6B6EBF6E76BABEBE466EBF49
:10F5E000A031BBBEEB216EBFB6ECBBBEF2FC6DBF63
:10F5F000AFA7BCBED5D76DBF8B62BDBE93B26DBF8A
:10F600004A1DBEBE2D8D6DBFEBD7BEBEA1676DBFBF
:10F610006F92BFBEF2416DBFD54CC0BE1D1C6DBF09
:10F620001E07C1BE24F66CBF48C1C1BE07D06CBF67
:10F63000557BC2BEC5A96CBF4435C3BE5E836CBFDB
:10F6400015EFC3BED45C6CBFC8A8C4BE24366CBF63
:10F650005C62C5BE500F6CBFD21BC6BE58E86BBF04
:10F6600029D5C6BE3BC16BBF628EC7BEFB996BBFBF
:10F670007C47C8BE95726BBF7700C9BE0C4B6BBF91
:10F6800053B9C9BE5E236BBF1072CABE8CFB6ABF82
:10F69000AE2ACBBE95D36ABF2CE3CBBE7BAB6ABF91
:10F6A0008B9BCCBE3C836ABFCA53CDBED95A6ABFBE
:10F6B000EA0BCEBE52326ABFEAC3CEBEA7096ABF0A
:10F6C000CA7BCFBED7E069BF8A33D0BEE4B769BF7B
:10F6D0002AEBD0BECC8E69BFAAA2D1BE916569BF0C
:10F6E000095AD2BE323C69BF4811D3BEAE1269BFBF
:10F6F00067C8D3BE07E968BF647FD4BE3CBF68BF9C
:10F700004136D5BE4C9568BFFDECD5BE396B68BFA0
:10F7100099A3D6BE034168BF135AD7BEA81668BFC7
:10F720006B10D8BE2AEC67BFA3C6D8BE87C167BF1F
:10F73000B97CD9BEC19667BFAD32DABED86B67BFA0
:10F7400080E8DABECA4067BF319EDBBE991567BF4D
:10F75000C153DCBE45EA66BF2E09DDBECCBE66BF26
:10F7600079BEDDBE309366BFA273DEBE716766BF31
:10F77000A928DFBE8E3B66BF8DDDDFBE880F66BF6A
:10F780004F92E0BE5EE365BFEE46E1BE10B765BFD7
:10F790006AFBE1BEA08A65BFC4AFE2BE0B5E65BF77
:10F7A000FA63E3BE543165BF0E18E4BE790465BF49
:10F7B000FECBE4BE7BD764BFCB7FE5BE59AA64BF56
:10F7C0007533E6BE147D64BFFBE6E6BEAC4F64BF96
:10F7D0005D9AE7BE212264BF9C4DE8BE73F463BF0F
:10F7E000B700E9BEA1C663BFAEB3E9BEAC9863BFC4
:10F7F0008166EABE956A63BF3019EBBE5A3C63BFAF
:10F80000BBCBEBBEFC0D63BF217EECBE7BDF62BFDA
:10F810006330EDBED7B062BF80E2EDBE108262BF42
:10F820007994EEBE265362BF4C46EFBE1A2462BFE7
:10F83000FBF7EFBEEAF461BF85A9F0BE98C561BFD2
:10F84000EA5AF1BE229661BF290CF2BE8A6661BFF8
:10F8500043BDF2BED03661BF386EF3BEF20661BF63
:10F86000071FF4BEF2D660BFB1CFF4BECFA660BF13
:10F870003580F5BE897660BF9330F6BE214660BF05
:10F88000CBE0F6BE961560BFDC90F7BEE9E45FBF43
:10F89000C840F8BE19B45FBF8EF0F8BE27835FBFC3
:10F8A0002DA0F9BE12525FBFA54FFABEDB205FBF8D
:10F8B000F7FEFABE81EF5EBF22AEFBBE05BE5EBFA5
:10F8C000275DFCBE678C5EBF040CFDBEA65A5EBF02
:10F8D000BBBAFDBEC3285EBF4A69FEBEBEF65DBFB1
:10F8E000B217FFBE97C45DBFF3C5FFBE4D925DBFAB
:10F8F000063A00BFE15F5DBFFF9000BF532D5DBFC3
:10F90000E4E700BFA3FA5CBFB53E01BFD1C75CBF4F
:10F91000739501BFDD945CBF1CEC01BFC7615CBF88
:10F92000B14202BF8E2E5CBF329902BF34FB5BBF77
:10F930009FEF02BFB8C75BBFF84503BF1A945BBF18
:10F940003D9C03BF5A605BBF6DF203BF792C5BBF68
:10F95000894804BF75F85ABF919E04BF50C45ABF6E
:10F9600084F404BF09905ABF624A05BFA05B5ABF26
:10F970002CA005BF16275ABFE2F505BF6AF259BF92
:10F98000824B06BF9CBD59BF0EA106BFAD8859BFB3
:10F9900086F606BF9C5359BFE84B07BF6A1E59BF86
:10F9A00036A107BF17E958BF6FF607BFA1B358BF0D
:10F9B000924B08BF0B7E58BFA1A008BF534858BF49
:10F9C0009BF508BF791258BF7F4A09BF7FDC57BF3C
:10F9D0004E9F09BF63A657BF09F409BF267057BFE2
:10F9E000AD480ABFC73957BF3D9D0ABF480357BF3F
:10F9F000B7F10ABFA7CC56BF1C460BBFE59556BF53
:10FA00006B9A0BBF025F56BFA5EE0BBFFE2756BF1A
:10FA1000C9420CBFD9F055BFD7960CBF93B955BF9B
:10FA2000D0EA0CBF2C8255BFB33E0DBFA44A55BFD0
:10FA300081920DBFFB1255BF38E60DBF31DB54BFBD
:10FA4000DA390EBF47A354BF658D0EBF3B6B54BF61
:10FA5000DBE00EBF0F3354BF3B340FBFC3FA53BFBD
:10FA600084870FBF55C253BFB8DA0FBFC78953BFD2
:10FA7000D52D10BF185153BFDC8010BF491853BF9C
:10FA8000CDD310BF59DF52BFA72611BF49A652BF21
:10FA90006B7911BF186D52BF19CC11BFC63352BF5D
:10FAA000B01E12BF54FA51BF307112BFC2C051BF55
:10FAB0009AC312BF108751BFEE1513BF3D4D51BF02
:10FAC0002A6813BF4A1351BF50BA13BF37D950BF6A
:10FAD0005F0C14BF039F50BF585E14BFAF6450BF8C
:10FAE00039B014BF3B2A50BF040215BFA8EF4FBF67
:10FAF000B75315BFF4B44FBF54A515BF1F7A4FBFFE
:10FB0000D9F615BF2B3F4FBF474816BF17044FBF4D
:10FB10009F9916BFE4C84EBFDFEA16BF908D4EBF57
:10FB2000073C17BF1C524EBF188D17BF89164EBF1A
:10FB300012DE17BFD5DA4DBFF52E18BF029F4DBF9D
:10FB4000C07F18BF10634DBF73D018BFFD264DBFD7
:10FB50000F2119BFCBEA4CBF947119BF79AE4CBFCE
:10FB600000C219BF08724CBF55121ABF78354CBF7E
:10FB700093621ABFC7F84BBFB8B21ABFF8BB4BBFEE
:10FB8000C6021BBF097F4BBFBB521BBFFA414BBF15
:10FB900099A21BBFCC044BBF5FF21BBF7FC74ABFFC
:10FBA0000C421CBF138A4ABFA2911CBF874C4ABF9C
:10FBB0001FE11CBFDC0E4ABF84301DBF12D149BFFC
:10FBC000D17F1DBF299349BF06CF1DBF215549BF16
:10FBD000221E1EBFFA1649BF266D1EBFB3D848BFEE
:10FBE00012BC1EBF4E9A48BFE50A1FBFCA5B48BF82
:10FBF0009F591FBF271D48BF41A81FBF65DE47BFD4
:10FC0000CBF61FBF849F47BF3B4520BF856047BFE2
:10FC1000939320BF672147BFD2E120BF2AE246BFAE
:10FC2000F92F21BFCEA246BF067E21BF546346BF37
:10FC3000FBCB21BFBB2346BFD71922BF03E445BF7F
:10FC4000996722BF2DA445BF43B522BF396445BF84
:10FC5000D30223BF262445BF4B5023BFF5E344BF47
:10FC6000A99D23BFA5A344BFEEEA23BF376344BFCA
:10FC70001A3824BFAB2244BF2C8524BF00E243BF07
:10FC800025D224BF38A143BF041F25BF516043BF05
:10FC9000CB6B25BF4C1F43BF77B825BF29DE42BFC2
:10FCA0000A0526BFE89C42BF845126BF895B42BF3C
:10FCB000E39D26BF0B1A42BF2AEA26BF70D841BF78
:10FCC000563627BFB79641BF688227BFE15441BF70
:10FCD00061CE27BFEC1241BF401A28BFDAD040BF27
:10FCE000056628BFA98E40BFB0B128BF5C4C40BF9D
:10FCF00041FD28BFF00940BFB84829BF67C73FBFD3
:10FD0000159429BFC0843FBF57DF29BFFC413FBFC7
:10FD1000802A2ABF1BFF3EBF8E752ABF1BBC3EBF79
:10FD200082C02ABFFF783EBF5B0B2BBFC5353EBFED
:10FD30001B562BBF6EF23DBFBFA02BBFF9AE3DBF20
:10FD40004AEB2BBF676B3DBFB9352CBFB8273DBF12
:10FD50000F802CBFECE33CBF49CA2CBF03A03CBFC3
:10FD600069142DBFFC5B3CBF6F5E2DBFD9173CBF34
:10FD700059A82DBF98D33BBF29F22DBF3B8F3BBF66
:10FD8000DE3B2EBFC14A3BBF78852EBF29063BBF55
:10FD9000F7CE2EBF75C13ABF5B182FBFA47C3ABF08
:10FDA000A5612FBFB7373ABFD3AA2FBFACF239BF77
:10FDB000E6F32FBF85AD39BFDE3C30BF426839BFA7
:10FDC000BB8530BFE12239BF7CCE30BF65DD38BF97
:10FDD000221731BFCB9738BFAD5F31BF165238BF46
:10FDE0001DA831BF430C38BF71F031BF55C637BFB6
:10FDF000AA3832BF4A8037BFC78032BF233A37BFE5
:10FE0000C9C832BFDFF336BFAF1033BF7FAD36BFD7
:10FE10007A5833BF046736BF29A033BF6C2036BF82
:10FE2000BCE733BFB8D935BF342F34BFE79235BFF5
:10FE30008F7634BFFB4B35BFCFBD34BFF30435BF26
:10FE4000F30435BFCFBD34BFFB4B35BF8F7634BF16
:10FE5000E79235BF342F34BFB8D935BFBCE733BFC5
:10FE60006C2036BF29A033BF046736BF7A5833BF32
:10FE70007FAD36BFAF1033BFDFF336BFC9C832BF67
:10FE8000233A37BFC78032BF4A8037BFAA3832BF54
:10FE900055C637BF71F031BF430C38BF1DA831BF05
:10FEA000165238BFAD5F31BFCB9738BF221731BF75
:10FEB00065DD38BF7CCE30BFE12239BFBB8530BFA6
:10FEC000426839BFDE3C30BF85AD39BFE6F32FBF96
:10FED000ACF239BFD3AA2FBFB7373ABFA5612FBF46
:10FEE000A47C3ABF5B182FBF75C13ABFF7CE2EBFB7
:10FEF00029063BBF78852EBFC14A3BBFDE3B2EBFE4
:10FF00003B8F3BBF29F22DBF98D33BBF59A82DBFD4
:10FF1000D9173CBF6F5E2DBFFC5B3CBF69142DBF82
:10FF200003A03CBF49CA2CBFECE33CBF0F802CBFF1
:10FF3000B8273DBFB9352CBF676B3DBF4AEB2BBF20
:10FF4000F9AE3DBFBFA02BBF6EF23DBF1B562BBF0E
:10FF5000C5353EBF5B0B2BBFFF783EBF82C02ABFBB
:10FF60001BBC3EBF8E752ABF1BFF3EBF802A2ABF27
:10FF7000FC413FBF57DF29BFC0843FBF159429BF55
:10FF800067C73FBFB84829BFF00940BF41FD28BF40
:10FF90005C4C40BFB0B128BFA98E40BF056628BFEA
:10FFA000DAD040BF401A28BFEC1241BF61CE27BF54
:10FFB000E15441BF688227BFB79641BF563627BF7D
:10FFC00070D841BF2AEA26BF0B1A42BFE39D26BF65
:10FFD000895B42BF845126BFE89C42BF0A0526BF09
:10FFE00029DE42BF77B825BF4C1F43BFCB6B25BF6F
:10FFF000516043BF041F25BF38A143BF25D224BF92
:020000040802F0
:1000000000E243BF2C8524BFAB2244BF1A3824BF73
:10001000376344BFEEEA23BFA5A344BFA99D23BF16
:10002000F5E344BF4B5023BF262445BFD30223BF73
:10003000396445BF43B522BF2DA445BF996722BF90
:1000400003E445BFD71922BFBB2346BFFBCB21BF6B
:10005000546346BF067E21BFCEA246BFF92F21BF03
:100060002AE246BFD2E120BF672147BF939320BF5A
:10007000856047BF3B4520BF849F47BFCBF61FBF6E
:1000800065DE47BF41A81FBF271D48BF9F591FBF3F
:10009000CA5B48BFE50A1FBF4E9A48BF12BC1EBFCD
:1000A000B3D848BF266D1EBFFA1649BF221E1EBF19
:1000B000215549BF06CF1DBF299349BFD17F1DBF21
:1000C00012D149BF84301DBFDC0E4ABF1FE11CBFE7
:1000D000874C4ABFA2911CBF138A4ABF0C421CBF67
:1000E0007FC74ABF5FF21BBFCC044BBF99A21BBFA7
:1000F000FA414BBFBB521BBF097F4BBFC6021BBFA0
:10010000F8BB4BBFB8B21ABFC7F84BBF93621ABF58
:1001100078354CBF55121ABF08724CBF00C219BFC8
:1001200079AE4CBF947119BFCBEA4CBF0F2119BFF8
:10013000FD264DBF73D018BF10634DBFC07F18BFE1
:10014000029F4DBFF52E18BFD5DA4DBF12DE17BF87
:1001500089164EBF188D17BF1C524EBF073C17BFE4
:10016000908D4EBFDFEA16BFE4C84EBF9F9916BF01
:1001700017044FBF474816BF2B3F4FBFD9F615BFD7
:100180001F7A4FBF54A515BFF4B44FBFB75315BF67
:10019000A8EF4FBF040215BF3B2A50BF39B014BFB0
:1001A000AF6450BF585E14BF039F50BF5F0C14BFB5
:1001B00037D950BF50BA13BF4A1351BF2A6813BF73
:1001C0003D4D51BFEE1513BF108751BF9AC312BFEB
:1001D000C2C051BF307112BF54FA51BFB01E12BF1E
:1001E000C63352BF19CC11BF186D52BF6B7911BF06
:1001F00049A652BFA72611BF59DF52BFCDD310BFAA
:10020000491853BFDC8010BF185153BFD52D10BF04
:10021000C78953BFB8DA0FBF55C253BF84870FBF1A
:10022000C3FA53BF3B340FBF0F3354BFDBE00EBFE5
:100230003B6B54BF658D0EBF47A354BFDA390EBF69
:1002400031DB54BF38E60DBFFB1255BF81920DBFA5
:10025000A44A55BFB33E0DBF2C8255BFD0EA0CBF98
:1002600093B955BFD7960CBFD9F055BFC9420CBF43
:10027000FE2756BFA5EE0BBF025F56BF6B9A0BBFA2
:10028000E59556BF1C460BBFA7CC56BFB7F10ABFBA
:10029000480357BF3D9D0ABFC73957BFAD480ABF86
:1002A000267057BF09F409BF63A657BF4E9F09BF09
:1002B0007FDC57BF7F4A09BF791258BF9BF508BF43
:1002C000534858BFA1A008BF0B7E58BF924B08BF30
:1002D000A1B358BF6FF607BF17E958BF36A107BFD4
:1002E0006A1E59BFE84B07BF9C5359BF86F606BF2D
:1002F000AD8859BF0EA106BF9CBD59BF824B06BF3A
:100300006AF259BFE2F505BF16275ABF2CA005BFF8
:10031000A05B5ABF624A05BF09905ABF84F404BF6C
:1003200050C45ABF919E04BF75F85ABF894804BF94
:10033000792C5BBF6DF203BF5A605BBF3D9C03BF6E
:100340001A945BBFF84503BFB8C75BBF9FEF02BFFE
:1003500034FB5BBF329902BF8E2E5CBFB14202BF3D
:10036000C7615CBF1CEC01BFDD945CBF739501BF2E
:10037000D1C75CBFB53E01BFA3FA5CBFE4E700BFD5
:10038000532D5DBFFF9000BFE15F5DBF063A00BF28
:100390004D925DBFF3C5FFBE97C45DBFB217FFBEF0
:1003A000BEF65DBF4A69FEBEC3285EBFBBBAFDBED6
:1003B000A65A5EBF040CFDBE678C5EBF275DFCBE07
:1003C00005BE5EBF22AEFBBE81EF5EBFF7FEFABE8A
:1003D000DB205FBFA54FFABE12525FBF2DA0F9BE52
:1003E00027835FBF8EF0F8BE19B45FBFC840F8BE68
:1003F000E9E45FBFDC90F7BE961560BFCBE0F6BEC8
:10040000214660BF9330F6BE897660BF3580F5BE69
:10041000CFA660BFB1CFF4BEF2D660BF071FF4BE57
:10042000F20661BF386EF3BED03661BF43BDF2BE87
:100430008A6661BF290CF2BE229661BFEA5AF1BEFC
:1004400098C561BF85A9F0BEEAF461BFFBF7EFBEB6
:100450001A2462BF4C46EFBE265362BF7994EEBEAB
:10046000108262BF80E2EDBED7B062BF6330EDBEE6
:100470007BDF62BF217EECBEFC0D63BFBBCBEBBE5E
:100480005A3C63BF3019EBBE956A63BF8166EABE12
:10049000AC9863BFAEB3E9BEA1C663BFB700E9BE07
:1004A00073F463BF9C4DE8BE212264BF5D9AE7BE32
:1004B000AC4F64BFFBE6E6BE147D64BF7533E6BE99
:1004C00059AA64BFCB7FE5BE7BD764BFFECBE4BE39
:1004D000790465BF0E18E4BE543165BFFA63E3BE0C
:1004E0000B5E65BFC4AFE2BEA08A65BF6AFBE1BE1A
:1004F00010B765BFEE46E1BE5EE365BF4F92E0BE5A
:10050000880F66BF8DDDDFBE8E3B66BFA928DFBECC
:10051000716766BFA273DEBE309366BF79BEDDBE73
:10052000CCBE66BF2E09DDBE45EA66BFC153DCBE48
:10053000991567BF319EDBBECA4067BF80E8DABE4F
:10054000D86B67BFAD32DABEC19667BFB97CD9BE82
:1005500087C167BFA3C6D8BE2AEC67BF6B10D8BEE1
:10056000A81668BF135AD7BE034168BF99A3D6BE69
:10057000396B68BFFDECD5BE4C9568BF4136D5BE22
:100580003CBF68BF647FD4BE07E968BF67C8D3BEFD
:10059000AE1269BF4811D3BE323C69BF095AD2BE00
:1005A000916569BFAAA2D1BECC8E69BF2AEBD0BE2D
:1005B000E4B769BF8A33D0BED7E069BFCA7BCFBE7C
:1005C000A7096ABFEAC3CEBE52326ABFEA0BCEBEEB
:1005D000D95A6ABFCA53CDBE3C836ABF8B9BCCBE7F
:1005E0007BAB6ABF2CE3CBBE95D36ABFAE2ACBBE32
:1005F0008CFB6ABF1072CABE5E236BBF53B9C9BE03
:100600000C4B6BBF7700C9BE95726BBF7C47C8BEF1
:10061000FB996BBF628EC7BE3BC16BBF29D5C6BEFF
:1006200058E86BBFD21BC6BE500F6CBF5C62C5BE24
:1006300024366CBFC8A8C4BED45C6CBF15EFC3BE63
:100640005E836CBF4435C3BEC5A96CBF557BC2BEBB
:1006500007D06CBF48C1C1BE24F66CBF1E07C1BE27
:100660001D1C6DBFD54CC0BEF2416DBF6F92BFBEA9
:10067000A1676DBFEBD7BEBE2D8D6DBF4A1DBEBE3F
:1006800093B26DBF8B62BDBED5D76DBFAFA7BCBEE9
:10069000F2FC6DBFB6ECBBBEEB216EBFA031BBBEA2
:1006A000BE466EBF6E76BABE6D6B6EBF1EBBB9BE68
:1006B000F88F6EBFB2FFB8BE5DB46EBF2A44B8BE3D
:1006C0009ED86EBF8488B7BEBAFC6EBFC3CCB6BE20
:1006D000B0206FBFE610B6BE83446FBFEC54B5BE0A
:1006E00030686FBFD698B4BEB88B6FBFA5DCB3BE01
:1006F0001BAF6FBF5820B3BE5AD26FBFEF63B2BEFD
:1007000073F56FBF6BA7B1BE671870BFCBEAB0BE01
:10071000373B70BF102EB0BEE15D70BF3A71AFBE07
:10072000668070BF49B4AEBEC6A270BF3CF7ADBE16
:1007300002C570BF153AADBE17E770BFD47CACBE22
:10074000080971BF77BFABBED42A71BF0102ABBE2F
:100750007A4C71BF6F44AABEFB6D71BFC486A9BE3F
:10076000578F71BFFEC8A8BE8EB071BF1F0BA8BE49
:100770009FD171BF254DA7BE8CF271BF128FA6BE4F
:10078000521372BFE5D0A5BEF43372BF9F12A5BE4F
:10079000705472BF3F54A4BEC77472BFC595A3BE48
:1007A000F89472BF33D7A2BE04B572BF8718A2BE39
:1007B000EBD472BFC259A1BEACF472BFE59AA0BE21
:1007C000471473BFEEDB9FBEBE3373BFDF1C9FBEFB
:1007D0000E5373BFB85D9EBE397273BF789E9DBEC7
:1007E0003F9173BF20DF9CBE1FB073BFAF1F9CBE85
:1007F000D9CE73BF27609BBE6EED73BF86A09ABE35
:10080000DD0B74BFCEE099BE272A74BFFE2099BECF
:100810004B4874BF166198BE496674BF17A197BE56
:10082000228474BF00E196BED5A174BFD22096BECB
:1008300062BF74BF8D6095BEC9DC74BF31A094BE29
:100840000BFA74BFBFDF93BE271775BF351F93BE6A
:100850001D3475BF945E92BEED5075BFDD9D91BE97
:10086000976D75BF10DD90BE1C8A75BF2C1C90BEA5
:100870007BA675BF325B8FBEB3C275BF229A8EBE98
:10088000C6DE75BFFCD88DBEB3FA75BFC0178DBE6E
:100890007A1676BF6E568CBE1B3276BF07958BBE1E
:1008A000974D76BF8AD38ABEEC6876BFF8118ABEB0
:1008B0001B8476BF505089BE249F76BF938E88BE1E
:1008C00007BA76BFC1CC87BEC4D476BFDA0A87BE6A
:1008D0005BEF76BFDF4886BECC0977BFCE8685BE8C
:1008E000172477BFAAC484BE3C3E77BF700284BE83
:1008F0003A5877BF224083BE137277BFC07D82BE55
:10090000C58B77BF4ABB81BE51A577BFC0F880BEFB
:10091000B7BE77BF223680BEF7D777BFE1E67EBE8F
:1009200010F177BF56617DBE040A78BFA4DB7BBEA1
:10093000D12278BFCB557ABE773B78BFCCCF78BE7B
:10094000F85378BFA64977BE526C78BF5AC375BEBC
:10095000868478BFE83C74BE939C78BF51B672BE63
:100960007BB478BF942F71BE3BCC78BFB2A86FBE6A
:10097000D6E378BFAB216EBE4AFB78BF7F9A6CBED0
:10098000981279BF2F136BBEBF2979BFBA8B69BE8E
:10099000C04079BF220468BE9A5779BF667C66BEA4
:1009A0004E6E79BF86F464BEDC8479BF836C63BE0F
:1009B000439B79BF5CE461BE83B179BF135C60BEC9
:1009C0009DC779BFA8D35EBE91DD79BF1A4B5DBECE
:1009D0005EF379BF6AC25BBE04097ABF97395ABE1B
:1009E000841E7ABFA4B058BEDD337ABF8F2757BEAE
:1009F00010497ABF589E55BE1C5E7ABF011554BE81
:100A000002737ABF898B52BEC1877ABFF10151BE92
:100A1000599C7ABF38784FBECBB07ABF60EE4DBEDE
:100A200016C57ABF67644CBE3AD97ABF4FDA4ABE60
:100A300037ED7ABF185049BE0E017BBFC2C547BE15
:100A4000BE147BBF4D3B46BE48287BBFB9B044BEF9
:100A5000AB3B7BBF072643BEE74E7BBF379B41BE08
:100A6000FC617BBF491040BEEA747BBF3E853EBE41
:100A7000B2877BBF15FA3CBE539A7BBFCF6E3BBE9D
:100A8000CDAC7BBF6CE339BE20BF7BBFEC5738BE1B
:100A90004DD17BBF50CC36BE53E37BBF984035BEB3
:100AA00031F57BBFC4B433BEE9067CBFD42832BE67
:100AB0007A187CBFC99C30BEE5297CBFA2102FBE2E
:100AC000283B7CBF61842DBE444C7CBF04F82BBE08
:100AD0003A5D7CBF8D6B2ABE086E7CBFFCDE28BEF3
:100AE000B07E7CBF515227BE318F7CBF8CC525BEE6
:100AF0008A9F7CBFAD3824BEBDAF7CBFB6AB22BEE3
:100B0000C9BF7CBFA51E21BEAECF7CBF7B911FBEDF
:100B10006CDF7CBF38041EBE03EF7CBFDE761CBEDC
:100B200073FE7CBF6BE91ABEBC0D7DBFE05B19BED6
:100B3000DD1C7DBF3DCE17BED82B7DBF834016BECA
:100B4000AC3A7DBFB2B214BE59497DBFCA2413BEB0
:100B5000DE577DBFCC9611BE3D667DBFB70810BE87
:100B600074747DBF8B7A0EBE85827DBF4AEC0CBE4D
:100B70006E907DBFF35D0BBE309E7DBF86CF09BEFC
:100B8000CCAB7DBF054108BE40B97DBF6EB206BE8D
:100B90008CC67DBFC22305BEB2D37DBF029503BE06
:100BA000B1E07DBF2E0602BE88ED7DBF457700BE59
:100BB00038FA7DBF92D0FDBDC2067EBF73B2FABDCA
:100BC00024137EBF2C94F7BD5E1F7EBFC075F4BD9D
:100BD000722B7EBF2E57F1BD5E377EBF7638EEBDDD
:100BE00023437EBF9A19EBBDC14E7EBF9AFAE7BD83
:100BF000385A7EBF76DBE4BD88657EBF2EBCE1BD82
:100C0000B0707EBFC49CDEBDB17B7EBF377DDBBDD7
:100C10008B867EBF895DD8BD3D917EBFB93DD5BD78
:100C2000C99B7EBFC81DD2BD2DA67EBFB7FDCEBD60
:100C300069B07EBF86DDCBBD7FBA7EBF36BDC8BD85
:100C40006DC47EBFC69CC5BD34CE7EBF397CC2BDDF
:100C5000D4D77EBF8D5BBFBD4CE17EBFC33ABCBD68
:100C60009DEA7EBFDD19B9BDC7F37EBFDAF8B5BD19
:100C7000C9FC7EBFBBD7B2BDA4057FBF80B6AFBDE8
:100C8000580E7FBF2B95ACBDE4167FBFBA73A9BDCC
:100C9000491F7FBF3052A6BD87277FBF8C30A3BDC1
:100CA0009D2F7FBFCF0EA0BD8D377FBFF9EC9CBDC0
:100CB000543F7FBF0ACB99BDF4467FBF05A996BDBF
:100CC0006D4E7FBFE78693BDBF557FBFB46490BDB7
:100CD000E95C7FBF6A428DBDEC637FBF0A208ABD9D
:100CE000C76A7FBF94FD86BD7B717FBF0ADB83BD72
:100CF00008787FBF6CB880BD6D7E7FBF742B7BBDD5
:100D0000AB847FBFE9E574BDC28A7FBF38A06EBDEA
:100D1000B1907FBF625A68BD78967FBF681462BD8C
:100D2000189C7FBF4CCE5BBD91A17FBF0E8855BD87
:100D3000E3A67FBFAF414FBD0DAC7FBF2FFB48BDCA
:100D40000FB17FBF91B442BDEAB57FBFD56D3CBD49
:100D50009EBA7FBFFC2636BD2ABF7FBF07E02FBDEE
:100D60008FC37FBFF69829BDCCC77FBFCC5123BDB1
:100D7000E2CB7FBF880A1DBDD1CF7FBF2CC316BD7C
:100D800098D37FBFB87B10BD37D77FBF2F340ABD44
:100D9000AFDA7FBF90EC03BD00DE7FBFB949FBBC7B
:100DA00029E17FBF2DBAEEBC2BE47FBF7B2AE2BCDA
:100DB00005E77FBFA69AD5BCB8E97FBFB00AC9BC1A
:100DC00043EC7FBF9B7ABCBCA7EE7FBF69EAAFBC98
:100DD000E3F07FBF1C5AA3BCF8F27FBFB6C996BC34
:100DE000E6F47FBF38398ABCACF67FBF4B517BBC81
:100DF0004AF87FBF003062BCC1F97FBF900E49BC8A
:100E000011FB7FBF02ED2FBC39FC7FBF59CB16BC55
:100E100039FD7FBF3053FBBB13FE7FBF890FC9BBBA
:100E2000C4FE7FBFC1CB96BB4EFF7FBFC70F49BB80
:100E3000B1FF7FBFD40FC9BAECFF7FBF00000080B5
:100E4000000080BFD40FC93AECFF7FBFC70F493BFA
:100E5000B1FF7FBFC1CB963B4EFF7FBF890FC93B20
:100E6000C4FE7FBF3053FB3B13FE7FBF59CB163C04
:100E700039FD7FBF02ED2F3C39FC7FBF900E493C0E
:100E800011FB7FBF0030623CC1F97FBF4B517B3CFF
:100E90004AF87FBF38398A3CACF67FBFB6C9963C6A
:100EA000E6F47FBF1C5AA33CF8F27FBF69EAAF3C6F
:100EB000E3F07FBF9B7ABC3CA7EE7FBFB00AC93C82
:100EC00043EC7FBFA69AD53CB8E97FBF7B2AE23CC2
:100ED00005E77FBF2DBAEE3C2BE47FBFB949FB3C51
:100EE00029E17FBF90EC033D00DE7FBF2F340A3D38
:100EF000AFDA7FBFB87B103D37D77FBF2CC3163D1D
:100F000098D37FBF880A1D3DD1CF7FBFCC51233DF1
:100F1000E2CB7FBFF698293DCCC77FBF07E02F3DCE
:100F20008FC37FBFFC26363D2ABF7FBFD56D3C3DBA
:100F30009EBA7FBF91B4423DEAB57FBF2FFB483DCB
:100F40000FB17FBFAF414F3D0DAC7FBF0E88553D08
:100F5000E3A67FBF4CCE5B3D91A17FBF6814623D8D
:100F6000189C7FBF625A683D78967FBF38A06E3D5F
:100F7000B1907FBFE9E5743DC28A7FBF742B7B3D92
:100F8000AB847FBF6CB8803D6D7E7FBF0ADB833D45
:100F900008787FBF94FD863D7B717FBF0A208A3D24
:100FA000C76A7FBF6A428D3DEC637FBFB464903DEA
:100FB000E95C7FBFE786933DBF557FBF05A9963D9E
:100FC0006D4E7FBF0ACB993DF4467FBFF9EC9C3D47
:100FD000543F7FBFCF0EA03D8D377FBF8C30A33DE8
:100FE0009D2F7FBF3052A63D87277FBFBA73A93D93
:100FF000491F7FBF2B95AC3DE4167FBF80B6AF3D48
:10100000580E7FBFBBD7B23DA4057FBFDAF8B53D10
:10101000C9FC7EBFDD19B93DC7F37EBFC33ABC3DF5
:101020009DEA7EBF8D5BBF3D4CE17EBF397CC23DFA
:10103000D4D77EBFC69CC53D34CE7EBF36BDC83D2D
:101040006DC47EBF86DDCB3D7FBA7EBFB7FDCE3D92
:1010500069B07EBFC81DD23D2DA67EBFB93DD53D2E
:10106000C99B7EBF895DD83D3D917EBF377DDB3D0D
:101070008B867EBFC49CDE3DB17B7EBF2EBCE13D36
:10108000B0707EBF76DBE43D88657EBF9AFAE73DAF
:10109000385A7EBF9A19EB3DC14E7EBF7638EE3D81
:1010A00023437EBF2E57F13D5E377EBFC075F43DB2
:1010B000722B7EBF2C94F73D5E1F7EBF73B2FA3D4C
:1010C00024137EBF92D0FD3DC2067EBF4577003E11
:1010D00038FA7DBF2E06023E88ED7DBF0295033EA5
:1010E000B1E07DBFC223053EB2D37DBF6EB2063EE6
:1010F0008CC67DBF0541083E40B97DBF86CF093E05
:10110000CCAB7DBFF35D0B3E309E7DBF4AEC0C3E09
:101110006E907DBF8B7A0E3E85827DBFB708103EF4
:1011200074747DBFCC96113E3D667DBFCA24133ECC
:10113000DE577DBFB2B2143E59497DBF8340163E93
:10114000AC3A7DBF3DCE173ED82B7DBFE05B193E4C
:10115000DD1C7DBF6BE91A3EBC0D7DBFDE761C3EFB
:1011600073FE7CBF38041E3E03EF7CBF7B911F3EA5
:101170006CDF7CBFA51E213EAECF7CBFB6AB223E4E
:10118000C9BF7CBFAD38243EBDAF7CBF8CC5253EFA
:101190008A9F7CBF5152273E318F7CBFFCDE283EA8
:1011A000B07E7CBF8D6B2A3E086E7CBF04F82B3E60
:1011B0003A5D7CBF61842D3E444C7CBFA2102F3E23
:1011C000283B7CBFC99C303EE5297CBFD428323EF9
:1011D0007A187CBFC4B4333EE9067CBF9840353EE4
:1011E00031F57BBF50CC363E53E37BBFEC57383EE6
:1011F0004DD17BBF6CE3393E20BF7BBFCF6E3B3E02
:10120000CDAC7BBF15FA3C3E539A7BBF3E853E3E3C
:10121000B2877BBF4910403EEA747BBF379B413E9B
:10122000FC617BBF0726433EE74E7BBFB9B0443E1F
:10123000AB3B7BBF4D3B463E48287BBFC2C5473ECC
:10124000BE147BBF1850493E0E017BBF4FDA4A3EA9
:1012500037ED7ABF67644C3E3AD97ABF60EE4D3EB7
:1012600016C57ABF38784F3ECBB07ABFF101513EF8
:10127000599C7ABF898B523EC1877ABF0115543E73
:1012800002737ABF589E553E1C5E7ABF8F27573E29
:1012900010497ABFA4B0583EDD337ABF97395A3E21
:1012A000841E7ABF6AC25B3E04097ABF1A4B5D3E58
:1012B0005EF379BFA8D35E3E91DD79BF135C603EDB
:1012C0009DC779BF5CE4613E83B179BF836C633EA7
:1012D000439B79BF86F4643EDC8479BF667C663EBE
:1012E0004E6E79BF2204683E9A5779BFBA8B693E29
:1012F000C04079BF2F136B3EBF2979BF7F9A6C3EE8
:10130000981279BFAB216E3E4AFB78BFB2A86F3E00
:10131000D6E378BF942F713E3BCC78BF51B6723E76
:101320007BB478BFE83C743E939C78BF5AC3753E4B
:10133000868478BFA649773E526C78BFCCCF783E82
:10134000F85378BFCB557A3E773B78BFA4DB7B3E22
:10135000D12278BF56617D3E040A78BFE1E67E3E29
:1013600010F177BF2236803EF7D777BFC0F8803EB6
:10137000B7BE77BF4ABB813E51A577BFC07D823ED5
:10138000C58B77BF2240833E137277BF7002843EC5
:101390003A5877BFAAC4843E3C3E77BFCE86853E8E
:1013A000172477BFDF48863ECC0977BFDA0A873E2D
:1013B0005BEF76BFC1CC873EC4D476BF938E883EA8
:1013C00007BA76BF5050893E249F76BFF8118A3EF7
:1013D0001B8476BF8AD38A3EEC6876BF07958B3E26
:1013E000974D76BF6E568C3E1B3276BFC0178D3E32
:1013F0007A1676BFFCD88D3EB3FA75BF229A8E3E20
:10140000C6DE75BF325B8F3EB3C275BF2C1C903EEB
:101410007BA675BF10DD903E1C8A75BFDD9D913E99
:10142000976D75BF945E923EED5075BF351F933E2C
:101430001D3475BFBFDF933E271775BF31A0943EA3
:101440000BFA74BF8D60953EC9DC74BFD220963E06
:1014500062BF74BF00E1963ED5A174BF17A1973E4D
:10146000228474BF1661983E496674BFFE20993E7F
:101470004B4874BFCEE0993E272A74BF86A09A3E9F
:10148000DD0B74BF27609B3E6EED73BFAF1F9C3EAC
:10149000D9CE73BF20DF9C3E1FB073BF789E9D3EA8
:1014A0003F9173BFB85D9E3E397273BFDF1C9F3E94
:1014B0000E5373BFEEDB9F3EBE3373BFE59AA03E73
:1014C000471473BFC259A13EACF472BF8718A23E45
:1014D000EBD472BF33D7A23E04B572BFC595A33E0D
:1014E000F89472BF3F54A43EC77472BF9F12A53ECA
:1014F000705472BFE5D0A53EF43372BF128FA63E82
:10150000521372BF254DA73E8CF271BF1F0BA83E30
:101510009FD171BFFEC8A83E8EB071BFC486A93EE0
:10152000578F71BF6F44AA3EFB6D71BF0102AB3E86
:101530007A4C71BF77BFAB3ED42A71BFD47CAC3E2E
:10154000080971BF153AAD3E17E770BF3CF7AD3ED5
:1015500002C570BF49B4AE3EC6A270BF3A71AF3E7D
:10156000668070BF102EB03EE15D70BFCBEAB03E2A
:10157000373B70BF6BA7B13E671870BFEF63B23ED9
:1015800073F56FBF5820B33E5AD26FBFA5DCB33E90
:101590001BAF6FBFD698B43EB88B6FBFEC54B53E4F
:1015A00030686FBFE610B63E83446FBFC3CCB63E13
:1015B000B0206FBF8488B73EBAFC6EBF2A44B83EE5
:1015C0009ED86EBFB2FFB83E5DB46EBF1EBBB93EC3
:1015D000F88F6EBF6E76BA3E6D6B6EBFA031BB3EAC
:1015E000BE466EBFB6ECBB3EEB216EBFAFA7BC3EA6
:1015F000F2FC6DBF8B62BD3ED5D76DBF4A1DBE3EAE
:1016000093B26DBFEBD7BE3E2D8D6DBF6F92BF3EC7
:10161000A1676DBFD54CC03EF2416DBF1E07C13EF4
:101620001D1C6DBF48C1C13E24F66CBF557BC23E38
:1016300007D06CBF4435C33EC5A96CBF15EFC33E90
:101640005E836CBFC8A8C43ED45C6CBF5C62C53E00
:1016500024366CBFD21BC63E500F6CBF29D5C63E88
:1016600058E86BBF628EC73E3BC16BBF7C47C83E2C
:10167000FB996BBF7700C93E95726BBF53B9C93EEA
:101680000C4B6BBF1072CA3E5E236BBFAE2ACB3EC3
:101690008CFB6ABF2CE3CB3E95D36ABF8B9BCC3EC1
:1016A0007BAB6ABFCA53CD3E3C836ABFEA0BCE3EDA
:1016B000D95A6ABFEAC3CE3E52326ABFCA7BCF3E16
:1016C000A7096ABF8A33D03ED7E069BF2AEBD03E74
:1016D000E4B769BFAAA2D13ECC8E69BF095AD23EF7
:1016E000916569BF4811D33E323C69BF67C8D33E9C
:1016F000AE1269BF647FD43E07E968BF4136D53E6C
:101700003CBF68BFFDECD53E4C9568BF99A3D63E63
:10171000396B68BF135AD73E034168BF6B10D83E80
:10172000A81668BFA3C6D83E2AEC67BFB97CD93ECD
:1017300087C167BFAD32DA3EC19667BF80E8DA3E47
:10174000D86B67BF319EDB3ECA4067BFC153DC3EEA
:10175000991567BF2E09DD3E45EA66BF79BEDD3EBD
:10176000CCBE66BFA273DE3E309366BFA928DF3EC3
:10177000716766BF8DDDDF3E8E3B66BF4F92E03EF8
:10178000880F66BFEE46E13E5EE365BF6AFBE13E61
:1017900010B765BFC4AFE23EA08A65BFFA63E33EFF
:1017A0000B5E65BF0E18E43E543165BFFECBE43ED0
:1017B000790465BFCB7FE53E7BD764BF7533E63EDA
:1017C00059AA64BFFBE6E63E147D64BF5D9AE73E1E
:1017D000AC4F64BF9C4DE83E212264BFB700E93E98
:1017E00073F463BFAEB3E93EA1C663BF8166EA3E50
:1017F000AC9863BF3019EB3E956A63BFBBCBEB3E41
:101800005A3C63BF217EEC3EFC0D63BF6330ED3E6E
:101810007BDF62BF80E2ED3ED7B062BF7994EE3EDF
:10182000108262BF4C46EF3E265362BFFBF7EF3E8D
:101830001A2462BF85A9F03EEAF461BFEA5AF13E7C
:1018400098C561BF290CF23E229661BF43BDF23EAE
:101850008A6661BF386EF33ED03661BF071FF43E23
:10186000F20661BFB1CFF43EF2D660BF3580F53EDF
:10187000CFA660BF9330F63E897660BFCBE0F63EE0
:10188000214660BFDC90F73E961560BFC840F83E29
:10189000E9E45FBF8EF0F83E19B45FBF2DA0F93EBA
:1018A00027835FBFA54FFA3E12525FBFF7FEFA3E95
:1018B000DB205FBF22AEFB3E81EF5EBF275DFC3EBB
:1018C00005BE5EBF040CFD3E678C5EBFBBBAFD3E2D
:1018D000A65A5EBF4A69FE3EC3285EBFB217FF3EEE
:1018E000BEF65DBFF3C5FF3E97C45DBF063A003F3D
:1018F0004D925DBFFF90003FE15F5DBFE4E7003FB9
:10190000532D5DBFB53E013FA3FA5CBF7395013F08
:10191000D1C75CBF1CEC013FDD945CBFB142023F0C
:10192000C7615CBF3299023F8E2E5CBF9FEF023FC2
:1019300034FB5BBFF845033FB8C75BBF3D9C033F2B
:101940001A945BBF6DF2033F5A605BBF8948043F46
:10195000792C5BBF919E043F75F85ABF84F4043F15
:1019600050C45ABF624A053F09905ABF2CA0053F98
:10197000A05B5ABFE2F5053F16275ABF824B063FD0
:101980006AF259BF0EA1063F9CBD59BF86F6063FBD
:10199000AD8859BFE84B073F9C5359BF36A1073F5D
:1019A0006A1E59BF6FF6073F17E958BF924B083FB1
:1019B000A1B358BFA1A0083F0B7E58BF9BF5083FBD
:1019C000534858BF7F4A093F791258BF4E9F093F7D
:1019D0007FDC57BF09F4093F63A657BFAD480A3FF4
:1019E000267057BF3D9D0A3FC73957BFB7F10A3F21
:1019F000480357BF1C460B3FA7CC56BF6B9A0B3F03
:101A0000E59556BFA5EE0B3F025F56BFC9420C3F9E
:101A1000FE2756BFD7960C3FD9F055BFD0EA0C3FF2
:101A200093B955BFB33E0D3F2C8255BF81920D3FF8
:101A3000A44A55BF38E60D3FFB1255BFDA390E3FB9
:101A400031DB54BF658D0E3F47A354BFDBE00E3F33
:101A50003B6B54BF3B340F3F0F3354BF84870F3F62
:101A6000C3FA53BFB8DA0F3F55C253BFD52D103F4D
:101A7000C78953BFDC80103F185153BFCDD3103FEF
:101A8000491853BFA726113F59DF52BF6B79113F49
:101A900049A652BF19CC113F186D52BFB01E123F5C
:101AA000C63352BF3071123F54FA51BF9AC3123F2E
:101AB000C2C051BFEE15133F108751BF2A68133FB4
:101AC0003D4D51BF50BA133F4A1351BF5F0C143FF5
:101AD00037D950BF585E143F039F50BF39B0143FF1
:101AE000AF6450BF0402153F3B2A50BFB753153FA8
:101AF000A8EF4FBF54A5153FF4B44FBFD9F6153F1B
:101B00001F7A4FBF4748163F2B3F4FBF9F99163F45
:101B100017044FBFDFEA163FE4C84EBF073C173F2C
:101B2000908D4EBF188D173F1C524EBF12DE173FCF
:101B300089164EBFF52E183FD5DA4DBFC07F183F2E
:101B4000029F4DBF73D0183F10634DBF0F21193F47
:101B5000FD264DBF9471193FCBEA4CBF00C2193F1F
:101B600079AE4CBF55121A3F08724CBF93621A3FB0
:101B700078354CBFB8B21A3FC7F84BBFC6021B3FFF
:101B8000F8BB4BBFBB521B3F097F4BBF99A21B3F0A
:101B9000FA414BBF5FF21B3FCC044BBF0C421C3FD2
:101BA0007FC74ABFA2911C3F138A4ABF1FE11C3F57
:101BB000874C4ABF84301D3FDC0E4ABFD17F1D3F9A
:101BC00012D149BF06CF1D3F299349BF221E1E3F98
:101BD000215549BF266D1E3FFA1649BF12BC1E3F54
:101BE000B3D848BFE50A1F3F4E9A48BF9F591F3FD1
:101BF000CA5B48BF41A81F3F271D48BFCBF61F3F08
:101C000065DE47BF3B45203F849F47BF9393203FFE
:101C1000856047BFD2E1203F672147BFF92F213FB1
:101C20002AE246BF067E213FCEA246BFFBCB213F24
:101C3000546346BFD719223FBB2346BF9967223F53
:101C400003E445BF43B5223F2DA445BFD302233F44
:101C5000396445BF4B50233F262445BFA99D233FF0
:101C6000F5E344BFEEEA233FA5A344BF1A38243F5F
:101C7000376344BF2C85243FAB2244BF25D2243F89
:101C800000E243BF041F253F38A143BFCB6B253F74
:101C9000516043BF77B8253F4C1F43BF0A05263F1D
:101CA00029DE42BF8451263FE89C42BFE39D263F88
:101CB000895B42BF2AEA263F0B1A42BF5636273FAE
:101CC00070D841BF6882273FB79641BF61CE273F9A
:101CD000E15441BF401A283FEC1241BF0566283F3E
:101CE000DAD040BFB0B1283FA98E40BF41FD283FA8
:101CF0005C4C40BFB848293FF00940BF1594293FCC
:101D000067C73FBF57DF293FC0843FBF802A2A3FB4
:101D1000FC413FBF8E752A3F1BFF3EBF82C02A3F5A
:101D20001BBC3EBF5B0B2B3FFF783EBF1B562B3FC0
:101D3000C5353EBFBFA02B3F6EF23DBF4AEB2B3FE8
:101D4000F9AE3DBFB9352C3F676B3DBF0F802C3FCF
:101D5000B8273DBF49CA2C3FECE33CBF69142D3F77
:101D600003A03CBF6F5E2D3FFC5B3CBF59A82D3FDD
:101D7000D9173CBF29F22D3F98D33BBFDE3B2E3F06
:101D80003B8F3BBF78852E3FC14A3BBFF7CE2E3FEE
:101D900029063BBF5B182F3F75C13ABFA5612F3F96
:101DA000A47C3ABFD3AA2F3FB7373ABFE6F32F3F01
:101DB000ACF239BFDE3C303F85AD39BFBB85303F2B
:101DC000426839BF7CCE303FE12239BF2217313F14
:101DD00065DD38BFAD5F313FCB9738BF1DA8313FC0
:101DE000165238BF71F0313F430C38BFAA38323F2A
:101DF00055C637BFC780323F4A8037BFC9C8323F58
:101E0000233A37BFAF10333FDFF336BF7A58333F43
:101E10007FAD36BF29A0333F046736BFBCE7333FF1
:101E20006C2036BF342F343FB8D935BF8F76343F5E
:101E3000E79235BFCFBD343FFB4B35BFF304353F91
:101E4000F30435BFFB4B353FCFBD34BFE792353F81
:101E50008F7634BFB8D9353F342F34BF6C20363F2E
:101E6000BCE733BF0467363F29A033BF7FAD363FA1
:101E70007A5833BFDFF3363FAF1033BF233A373FD3
:101E8000C9C832BF4A80373FC78032BF55C6373FC7
:101E9000AA3832BF430C383F71F031BF1652383F79
:101EA0001DA831BFCB97383FAD5F31BF65DD383FEF
:101EB000221731BFE122393F7CCE30BF4268393F23
:101EC000BB8530BF85AD393FDE3C30BFACF2393F1A
:101ED000E6F32FBFB7373A3FD3AA2FBFA47C3A3FD0
:101EE000A5612FBF75C13A3F5B182FBF29063B3F45
:101EF000F7CE2EBFC14A3B3F78852EBF3B8F3B3F7D
:101F0000DE3B2EBF98D33B3F29F22DBFD9173C3F74
:101F100059A82DBFFC5B3C3F6F5E2DBF03A03C3F2B
:101F200069142DBFECE33C3F49CA2CBFB8273D3FA5
:101F30000F802CBF676B3D3FB9352CBFF9AE3D3FDD
:101F40004AEB2BBF6EF23D3FBFA02BBFC5353E3FD6
:101F50001B562BBFFF783E3F5B0B2BBF1BBC3E3F8E
:101F600082C02ABF1BFF3E3F8E752ABFFC413F3F08
:101F7000802A2ABFC0843F3F57DF29BF67C73F3F42
:101F8000159429BFF009403FB84829BF5C4C403F39
:101F900041FD28BFA98E403FB0B128BFDAD0403FF5
:101FA000056628BFEC12413F401A28BFE154413F6B
:101FB00061CE27BFB796413F688227BF70D8413FA7
:101FC000563627BF0B1A423F2AEA26BF895B423F9B
:101FD000E39D26BFE89C423F845126BF29DE423F55
:101FE0000A0526BF4C1F433F77B825BF5160433FCA
:101FF000CB6B25BF38A1433F041F25BF00E2433F01
:1020000025D224BFAB22443F2C8524BF3763443FF5
:102010001A3824BFA5A3443FEEEA23BFF5E3443FAB
:10202000A99D23BF2624453F4B5023BF3964453F1C
:10203000D30223BF2DA4453F43B522BF03E4453F50
:10204000996722BFBB23463FD71922BF5463463F3F
:10205000FBCB21BFCEA2463F067E21BF2AE2463FF0
:10206000F92F21BF6721473FD2E120BF8560473F5D
:10207000939320BF849F473F3B4520BF65DE473F8A
:10208000CBF61FBF271D483F41A81FBFCA5B483F73
:102090009F591FBF4E9A483FE50A1FBFB3D8483F1C
:1020A00012BC1EBFFA16493F266D1EBF2155493F7F
:1020B000221E1EBF2993493F06CF1DBF12D1493FA3
:1020C000D17F1DBFDC0E4A3F84301DBF874C4A3F85
:1020D0001FE11CBF138A4A3FA2911CBF7FC74A3F22
:1020E0000C421CBFCC044B3F5FF21BBFFA414B3F7D
:1020F00099A21BBF097F4B3FBB521BBFF8BB4B3F95
:10210000C6021BBFC7F84B3FB8B21ABF78354C3F69
:1021100093621ABF08724C3F55121ABF79AE4C3FFA
:1021200000C219BFCBEA4C3F947119BFFD264D3F49
:102130000F2119BF10634D3F73D018BF029F4D3F51
:10214000C07F18BFD5DA4D3FF52E18BF89164E3F18
:1021500012DE17BF1C524E3F188D17BF908D4E3F99
:10216000073C17BFE4C84E3FDFEA16BF17044F3FD6
:102170009F9916BF2B3F4F3F474816BF1F7A4F3FCF
:10218000D9F615BFF4B44F3F54A515BFA8EF4F3F84
:10219000B75315BF3B2A503F040215BFAF64503FF1
:1021A00039B014BF039F503F585E14BF37D9503F1A
:1021B0005F0C14BF4A13513F50BA13BF3D4D513FFE
:1021C0002A6813BF1087513FEE1513BFC2C0513F9D
:1021D0009AC312BF54FA513F307112BFC633523FF7
:1021E000B01E12BF186D523F19CC11BF49A6523F05
:1021F0006B7911BF59DF523FA72611BF4918533FD2
:10220000CDD310BF1851533FDC8010BFC789533F57
:10221000D52D10BF55C2533FB8DA0FBFC3FA533F95
:1022200084870FBF0F33543F3B340FBF3B6B543F8A
:10223000DBE00EBF47A3543F658D0EBF31DB543F3B
:10224000DA390EBFFB12553F38E60DBFA44A553FA1
:1022500081920DBF2C82553FB33E0DBF93B9553FC0
:10226000D0EA0CBFD9F0553FD7960CBFFE27563F9A
:10227000C9420CBF025F563FA5EE0BBFE595563F26
:102280006B9A0BBFA7CC563F1C460BBF4803573F6A
:10229000B7F10ABFC739573F3D9D0ABF2670573F68
:1022A000AD480ABF63A6573F09F409BF7FDC573F1B
:1022B0004E9F09BF7912583F7F4A09BF5348583F84
:1022C0009BF508BF0B7E583FA1A008BFA1B3583FA4
:1022D000924B08BF17E9583F6FF607BF6A1E593F78
:1022E00036A107BF9C53593FE84B07BFAD88593F04
:1022F00086F606BF9CBD593F0EA106BF6AF2593F44
:10230000824B06BF16275A3FE2F505BFA05B5A3F36
:102310002CA005BF09905A3F624A05BF50C45A3FDE
:1023200084F404BF75F85A3F919E04BF792C5B3F3B
:10233000894804BF5A605B3F6DF203BF1A945B3F4C
:102340003D9C03BFB8C75B3FF84503BF34FB5B3F11
:102350009FEF02BF8E2E5C3F329902BFC7615C3F88
:10236000B14202BFDD945C3F1CEC01BFD1C75C3FB2
:10237000739501BFA3FA5C3FB53E01BF532D5D3F8E
:10238000E4E700BFE15F5D3FFF9000BF4D925D3F1E
:10239000063A00BF97C45D3FF3C5FFBEBEF65D3F82
:1023A000B217FFBEC3285E3F4A69FEBEA65A5E3F13
:1023B000BBBAFDBE678C5E3F040CFDBE05BE5E3F32
:1023C000275DFCBE81EF5E3F22AEFBBEDB205F3FA0
:1023D000F7FEFABE12525F3FA54FFABE27835F3F5A
:1023E0002DA0F9BE19B45F3F8EF0F8BEE9E45F3F5F
:1023F000C840F8BE9615603FDC90F7BE2146603FAE
:10240000CBE0F6BE8976603F9330F6BECFA6603F44
:102410003580F5BEF2D6603FB1CFF4BEF206613F23
:10242000071FF4BED036613F386EF3BE8A66613F47
:1024300043BDF2BE2296613F290CF2BE98C5613FB2
:10244000EA5AF1BEEAF4613F85A9F0BE1A24623F60
:10245000FBF7EFBE2653623F4C46EFBE1082623F51
:102460007994EEBED7B0623F80E2EDBE7BDF623F83
:102470006330EDBEFC0D633F217EECBE5A3C633FF2
:10248000BBCBEBBE956A633F3019EBBEAC98633FA4
:102490008166EABEA1C6633FAEB3E9BE73F4633F93
:1024A000B700E9BE2122643F9C4DE8BEAC4F643FBB
:1024B0005D9AE7BE147D643FFBE6E6BE59AA643F21
:1024C0007533E6BE7BD7643FCB7FE5BE7904653FBD
:1024D000FECBE4BE5431653F0E18E4BE0B5E653F93
:1024E000FA63E3BEA08A653FC4AFE2BE10B7653FA2
:1024F0006AFBE1BE5EE3653FEE46E1BE880F663FE4
:102500004F92E0BE8E3B663F8DDDDFBE7167663F5A
:10251000A928DFBE3093663FA273DEBECCBE663F05
:1025200079BEDDBE45EA663F2E09DDBE9915673FDF
:10253000C153DCBECA40673F319EDBBED86B673FEC
:1025400080E8DABEC196673FAD32DABE87C1673F29
:10255000B97CD9BE2AEC673FA3C6D8BEA816683F8F
:102560006B10D8BE0341683F135AD7BE396B683F22
:1025700099A3D6BE4C95683FFDECD5BE3CBF683FE5
:102580004136D5BE07E9683F647FD4BEAE12693FCD
:1025900067C8D3BE323C693F4811D3BE9165693FDD
:1025A000095AD2BECC8E693FAAA2D1BEE4B7693F18
:1025B0002AEBD0BED7E0693F8A33D0BEA7096A3F75
:1025C000CA7BCFBE52326A3FEAC3CEBED95A6A3FF7
:1025D000EA0BCEBE3C836A3FCA53CDBE7BAB6A3F9B
:1025E0008B9BCCBE95D36A3F2CE3CBBE8CFB6A3F62
:1025F000AE2ACBBE5E236B3F1072CABE0C4B6B3F44
:1026000053B9C9BE95726B3F7700C9BEFB996B3F4A
:102610007C47C8BE3BC16B3F628EC7BE58E86B3F6C
:1026200029D5C6BE500F6C3FD21BC6BE24366C3FA8
:102630005C62C5BED45C6C3FC8A8C4BE5E836C3F00
:1026400015EFC3BEC5A96C3F4435C3BE07D06C3F70
:10265000557BC2BE24F66C3F48C1C1BE1D1C6D3FF8
:102660001E07C1BEF2416D3FD54CC0BEA1676D3F94
:102670006F92BFBE2D8D6D3FEBD7BEBE93B26D3F47
:102680004A1DBEBED5D76D3F8B62BDBEF2FC6D3F0D
:10269000AFA7BCBEEB216E3FB6ECBBBEBE466E3FE5
:1026A000A031BBBE6D6B6E3F6E76BABEF88F6E3FCB
:1026B0001EBBB9BE5DB46E3FB2FFB8BE9ED86E3FC2
:1026C0002A44B8BEBAFC6E3F8488B7BEB0206F3FC4
:1026D000C3CCB6BE83446F3FE610B6BE30686F3FD2
:1026E000EC54B5BEB88B6F3FD698B4BE1BAF6F3FEE
:1026F000A5DCB3BE5AD26F3F5820B3BE73F56F3F0F
:10270000EF63B2BE6718703F6BA7B1BE373B703F37
:10271000CBEAB0BEE15D703F102EB0BE6680703F68
:102720003A71AFBEC6A2703F49B4AEBE02C5703F9B
:102730003CF7ADBE17E7703F153AADBE0809713FD3
:10274000D47CACBED42A713F77BFABBE7A4C713F0C
:102750000102ABBEFB6D713F6F44AABE578F713F44
:10276000C486A9BE8EB0713FFEC8A8BE9FD1713F7E
:102770001F0BA8BE8CF2713F254DA7BE5213723FAE
:10278000128FA6BEF433723FE5D0A5BE7054723FDF
:102790009F12A5BEC774723F3F54A4BEF894723F07
:1027A000C595A3BE04B5723F33D7A2BEEBD4723F2A
:1027B0008718A2BEACF4723FC259A1BE4714733F42
:1027C000E59AA0BEBE33733FEEDB9FBE0E53733F50
:1027D000DF1C9FBE3972733FB85D9EBE3F91733F51
:1027E000789E9DBE1FB0733F20DF9CBED9CE733F45
:1027F000AF1F9CBE6EED733F27609BBEDD0B743F29
:1028000086A09ABE272A743FCEE099BE4B48743FFB
:10281000FE2099BE4966743F166198BE2284743FBB
:1028200017A197BED5A1743F00E196BE62BF743F69
:10283000D22096BEC9DC743F8D6095BE0BFA743F02
:1028400031A094BE2717753FBFDF93BE1D34753F7F
:10285000351F93BEED50753F945E92BE976D753FE8
:10286000DD9D91BE1C8A753F10DD90BE7BA6753F35
:102870002C1C90BEB3C2753F325B8FBEC6DE753F67
:10288000229A8EBEB3FA753FFCD88DBE7A16763F7B
:10289000C0178DBE1B32763F6E568CBE974D763F6D
:1028A00007958BBEEC68763F8AD38ABE1B84763F41
:1028B000F8118ABE249F763F505089BE07BA763FF2
:1028C000938E88BEC4D4763FC1CC87BE5BEF763F83
:1028D000DA0A87BECC09773FDF4886BE1724773FE8
:1028E000CE8685BE3C3E773FAAC484BE3A58773F29
:1028F000700284BE1372773F224083BEC58B773F40
:10290000C07D82BE51A5773F4ABB81BEB7BE773F2F
:10291000C0F880BEF7D7773F223680BE10F1773FF0
:10292000E1E67EBE040A783F56617DBED122783F43
:10293000A4DB7BBE773B783FCB557ABEF853783F1C
:10294000CCCF78BE526C783FA64977BE8684783F5C
:102950005AC375BE939C783FE83C74BE7BB4783F05
:1029600051B672BE3BCC783F942F71BED6E3783F10
:10297000B2A86FBE4AFB783FAB216EBE9812793F7A
:102980007F9A6CBEBF29793F2F136BBEC040793F41
:10299000BA8B69BE9A57793F220468BE4E6E793F62
:1029A000667C66BEDC84793F86F464BE439B793FD7
:1029B000836C63BE83B1793F5CE461BE9DC7793FA0
:1029C000135C60BE91DD793FA8D35EBE5EF3793FB4
:1029D0001A4B5DBE04097A3F6AC25BBE841E7A3F11
:1029E00097395ABEDD337A3FA4B058BE10497A3FBA
:1029F0008F2757BE1C5E7A3F589E55BE02737A3FA2
:102A0000011554BEC1877A3F898B52BE599C7A3FCB
:102A1000F10151BECBB07A3F38784FBE16C57A3F30
:102A200060EE4DBE3AD97A3F67644CBE37ED7A3FCF
:102A30004FDA4ABE0E017B3F185049BEBE147B3FA1
:102A4000C2C547BE48287B3F4D3B46BEAB3B7B3FA4
:102A5000B9B044BEE74E7B3F072643BEFC617B3FD7
:102A6000379B41BEEA747B3F491040BEB2877B3F33
:102A70003E853EBE539A7B3F15FA3CBECDAC7B3FB4
:102A8000CF6E3BBE20BF7B3F6CE339BE4DD17B3F59
:102A9000EC5738BE53E37B3F50CC36BE31F57B3F1D
:102AA000984035BEE9067C3FC4B433BE7A187C3FFB
:102AB000D42832BEE5297C3FC99C30BE283B7C3FF0
:102AC000A2102FBE444C7C3F61842DBE3A5D7C3FFA
:102AD00004F82BBE086E7C3F8D6B2ABEB07E7C3F17
:102AE000FCDE28BE318F7C3F515227BE8A9F7C3F3F
:102AF0008CC525BEBDAF7C3FAD3824BEC9BF7C3F71
:102B0000B6AB22BEAECF7C3FA51E21BE6CDF7C3FA4
:102B10007B911FBE03EF7C3F38041EBE73FE7C3FDB
:102B2000DE761CBEBC0D7D3F6BE91ABEDD1C7D3F11
:102B3000E05B19BED82B7D3F3DCE17BEAC3A7D3F42
:102B4000834016BE59497D3FB2B214BEDE577D3F69
:102B5000CA2413BE3D667D3FCC9611BE74747D3F82
:102B6000B70810BE85827D3F8B7A0EBE6E907D3F8A
:102B70004AEC0CBE309E7D3FF35D0BBECCAB7D3F7F
:102B800086CF09BE40B97D3F054108BE8CC67D3F5A
:102B90006EB206BEB2D37D3FC22305BEB1E07D3F1B
:102BA000029503BE88ED7D3F2E0602BE38FA7D3FBA
:102BB000457700BEC2067E3F92D0FDBD24137E3F06
:102BC00073B2FABD5E1F7E3F2C94F7BD722B7E3F21
:102BD000C075F4BD5E377E3F2E57F1BD23437E3F67
:102BE0007638EEBDC14E7E3F9A19EBBD385A7E3F16
:102BF0009AFAE7BD88657E3F76DBE4BDB0707E3F24
:102C00002EBCE1BDB17B7E3FC49CDEBD8B867E3F8A
:102C1000377DDBBD3D917E3F895DD8BDC99B7E3F41
:102C2000B93DD5BD2DA67E3FC81DD2BD69B07E3F42
:102C3000B7FDCEBD7FBA7E3F86DDCBBD6DC47E3F86
:102C400036BDC8BD34CE7E3FC69CC5BDD4D77E3F01
:102C5000397CC2BD4CE17E3F8D5BBFBD9DEA7E3FAE
:102C6000C33ABCBDC7F37E3FDD19B9BDC9FC7E3F89
:102C7000DAF8B5BDA4057F3FBBD7B2BD580E7F3F84
:102C800080B6AFBDE4167F3F2B95ACBD491F7F3F9B
:102C9000BA73A9BD87277F3F3052A6BD9D2F7F3FC6
:102CA0008C30A3BD8D377F3FCF0EA0BD543F7F3FFB
:102CB000F9EC9CBDF4467F3F0ACB99BD6D4E7F3F3A
:102CC00005A996BDBF557F3FE78693BDE95C7F3F71
:102CD000B46490BDEC637F3F6A428DBDC76A7F3F9D
:102CE0000A208ABD7B717F3F94FD86BD08787F3FB7
:102CF0000ADB83BD6D7E7F3F6CB880BDAB847F3FB8
:102D0000742B7BBDC28A7F3FE9E574BDB1907F3FE4
:102D100038A06EBD78967F3F625A68BD189C7F3F91
:102D2000681462BD91A17F3F4CCE5BBDE3A67F3F9F
:102D30000E8855BD0DAC7F3FAF414FBD0FB17F3FFA
:102D40002FFB48BDEAB57F3F91B442BD9EBA7F3F9D
:102D5000D56D3CBD2ABF7F3FFC2636BD8FC37F3F6C
:102D600007E02FBDCCC77F3FF69829BDE2CB7F3F60
:102D7000CC5123BDD1CF7F3F880A1DBD98D37F3F63
:102D80002CC316BD37D77F3FB87B10BDAFDA7F3F6E
:102D90002F340ABD00DE7F3F90EC03BD29E17F3F69
:102DA000B949FBBC2BE47F3F2DBAEEBC05E77F3F62
:102DB0007B2AE2BCB8E97F3FA69AD5BC43EC7F3FB3
:102DC000B00AC9BCA7EE7F3F9B7ABCBCE3F07F3F53
:102DD00069EAAFBCF8F27F3F1C5AA3BCE6F47F3F20
:102DE000B6C996BCACF67F3F38398ABC4AF87F3FFB
:102DF0004B517BBCC1F97F3F003062BC11FB7F3F70
:102E0000900E49BC39FC7F3F02ED2FBC39FD7F3F5E
:102E100059CB16BC13FE7F3F3053FBBBC4FE7F3F34
:102E2000890FC9BB4EFF7F3FC1CB96BBB1FF7F3F30
:102E3000C70F49BBECFF7F3FD40FC9BA5245454E7F
:102E400054206D616C6C6F6320737563636565649A
:102E50006564002F6275696C642F676E752D746FE1
:102E60006F6C732D666F722D73746D33325F3132F8
:102E70002E332E72656C312E323032343039323688
:102E80002D313731352F7372632F6E65776C696220
:102E90002F6E65776C69622F6C6962632F7374643F
:102EA0006C69622F72616E642E6300494E46006940
:102EB0006E66004E414E006E616E00300030313261
:102EC0003334353637383941424344454600303192
:102ED0003233343536373839616263646566002CC5
:102EE0002066756E6374696F6E3A20006173736556
:102EF0007274696F6E2022257322206661696C6589
:102F0000643A2066696C6520222573222C206C6946
:102F10006E65202564257325730A00496E66696E07
:102F2000697479004E614E002F6275696C642F6779
:102F30006E752D746F6F6C732D666F722D73746D5B
:102F400033325F31322E332E72656C312E32303295
:102F500034303932362D313731352F7372632F6E5D
:102F600065776C69622F6E65776C69622F6C696238
:102F7000632F7374646C69622F64746F612E6300D5
:102F800042616C6C6F63207375636365656465642F
:102F9000002F6275696C642F676E752D746F6F6C8E
:102FA000732D666F722D73746D33325F31322E3331
:102FB0002E72656C312E32303234303932362D314A
:102FC0003731352F7372632F6E65776C69622F6EA0
:102FD00065776C69622F6C6962632F7374646C69C6
:102FE000622F6D707265632E6300000005000000A3
:102FF000190000007D0000000080E03779C34143E4
:10300000176E05B5B5B89346F5F93FE9034F384D4E
:10301000321D30F94877825A3CBF737FDD4F1575FA
:10302000000000000000F03F00000000000024400D
:1030300000000000000059400000000000408F40E8
:10304000000000000088C34000000000006AF84053
:103050000000000080842E4100000000D012634177
:103060000000000084D797410000000065CDCD41ED
:10307000000000205FA00242000000E876483742CE
:10308000000000A2941A6D42000040E59C30A2426C
:103090000000901EC4BCD64200003426F56B0C43E1
:1030A0000080E03779C3414300A0D8855734764388
:1030B00000C84E676DC1AB43003D9160E458E143E9
:1030C000408CB5781DAF154450EFE2D6E41A4B445E
:1030D00092D54D06CFF08044F64AE1C7022DB544A3
:1030E000B49DD9794378EA44504F534958002E0093
:1030F00000202020202020202020282828282820C8
:1031000020202020202020202020202020202020BF
:103110002088101010101010101010101010101027
:103120001004040404040404040404101010101017
:1031300010104141414141410101010101010101E1
:103140000101010101010101010101011010101033
:1031500010104242424242420202020202020202B3
:103160000202020202020202020202021010101007
:10317000200000000000000000000000000000002F
:10318000000000000000000000000000000000003F
:10319000000000000000000000000000000000002F
:1031A000000000000000000000000000000000001F
:1031B000000000000000000000000000000000000F
:1031C00000000000000000000000000000000000FF
:1031D00000000000000000000000000000000000EF
:1031E00000000000000000000000000000000000DF
:1031F00000232D302B2000686C4C00656667454627
:043200004700000083
:1032040000000000000000000101010101010101B2
:103214000000000000000000002B7E151628AED22E
:10322400A6ABF7158809CF4F3C012B7E151628AEA7
:10323400D2A6ABF7158809CF4F3C082B7E1516286C
:10324400AED2A6ABF7158809CF4F3C092B7E1516D5
:1032540028AED2A6ABF7158809CF4F3C0A00000070
:10326400000000000000000000000000000B00004F
:1032740000000000000000000000000000000C003E
:103284000000000000000000000000000000000D2D
:10329400000000000000000000000000000000002A
:1032A4000E0000000000000000000000000000000C
:1032B400000F0000000000000000000000000000FB
:1032C40000001000000000000000000000000000EA
:0832D4000000000000000000F2
:0832DC00A4CEFD7F01000000FB
:0432E4006501000878
:0432E8004101000898
:1032EC004F6E4A6F696E0000000000000000000085
:1032FC0000000000536C6565705F4D6F64650000E5
:10330C00000000000000000041434B0000000000E2
:10331C000000000000000000000000004E41434B84
:10332C000000000000000000000000000000000091
:10333C004A6F696E5F526571756573747300000036
:10334C00000000004A6F696E5F4661696C00000006
:10335C0000000000000000004A6F696E6564000008
:10336C000000000000000000000000004C6F5261E3
:10337C005F53656E64000000000000000000000058
:10338C00204E0000020201E1404001032AD40F1834
:10339C00616E64726F69642E636F6D3A706B6763F4
:1033AC006F6D2E7072696D7573746861692E706DB6
:1033BC005F6D6574657273001783F505E803000093
:1033CC0000000000000000000000000000000000F1
:1033DC0000000000000000000000000000000000E1
:1033EC0000000000000000000000000000000000D1
:1033FC0000000000000000000000000000000000C1
:10340C0000000000000000000000000000000000B0
:10341C0000000000000000000000000000000000A0
:10342C000000000000000000000000000000000090
:10343C000000000000000000000000000000000080
:10344C000000000000000000000000000000000070
:10345C000000000000000000000000000000000060
:10346C000000000000000000000000000000000050
:10347C000000000000000000000000000000000040
:10348C000000000000000000000000000000000030
:10349C000000000000000000000000000000000020
:1034AC000000000000000000000000000000000010
:1034BC000000000000000000000000000000000000
:1034CC0000000000000000000000000000000000F0
:1034DC0000000000000000000000000000000000E0
:1034EC0000000000000000000000000000000000D0
:1034FC0000000000000000000000000000000000C0
:10350C0000000000000000000000000000000000AF
:10351C00000000000000000000000000000000009F
:10352C00000000000000000000000000000000008F
:10353C00000000000000000000000000000000007F
:10354C00000000000000000000000000000000006F
:10355C00000000000000000000000000000000005F
:10356C00000000000000000000000000000000004F
:10357C00000000000000000000000000000000003F
:10358C000000000000000000D9340008000000001A
:10359C0000000000592E0008BD3B0008AD3C00089F
:1035AC00000000000000000000000000000000000F
:1035BC0000000000000000000000803C0000000043
:1035CC0000000000000000000000000000000000EF
:1035DC0000000000000000000000000000000000DF
:1035EC0000000000000000000000000000000000CF
:1035FC0000000000000000000000000000000000BF
:10360C0000000000000000000000000000000000AE
:10361C00000000000000000000000000000000009E
:10362C00000000000000000000000000000000008E
:10363C00000000000000000000000000000000007E
:10364C00000000000000000000000000000000006E
:10365C00000000000000000000000000000000005E
:10366C00000000000000000000000000000000004E
:10367C00000000000000000000000000000000003E
:10368C00000000000000000000000000000000002E
:10369C00000000000000000000000000000000001E
:1036AC00000000000000000000000000000000000E
:1036BC0000000000000000000000000000000000FE
:1036CC0000000000000000000000000000000000EE
:1036DC0000000000000000000000000000000000DE
:1036EC0000000000000000000000000000000000CE
:1036FC0000000000000000000000000000000000BE
:10370C0000000000000000000000000000000000AD
:10371C00000000000000000000000000000000009D
:10372C00000000000000000000000000000000008D
:10373C00000000000000000000000000000000007D
:10374C00000000000000000000000000000000006D
:10375C00000000000000000000000000000000005D
:10376C00000000000000000000000000000000004D
:10377C00000000000000000000000000000000003D
:10378C00000000000000000000000000000000002D
:10379C00000000000000000000000000000000001D
:1037AC00000000000000000000000000000000000D
:1037BC0000000000000000000000000000000000FD
:1037CC0000000000000000000000000000000000ED
:1037DC0000000000000000000000000000000000DD
:1037EC0000000000000000000000000000000000CD
:1037FC0000000000000000000000000000000000BD
:10380C0000000000000000000000000000000000AC
:10381C00000000000000000000000000000000009C
:10382C00000000000000000000000000000000008C
:10383C00000000000000000000000000000000007C
:10384C00000000000000000000000000000000006C
:10385C00000000000000000000000000000000005C
:10386C00000000000000000000000000000000004C
:10387C00000000000000000000000000000000003C
:10388C00000000000000000000000000000000002C
:10389C00000000000000000000000000000000001C
:1038AC00000000000000000000000000000000000C
:1038BC0000000000000000000000000000000000FC
:1038CC00A536000800000000000000000000000009
:1038DC0000000000000000000000000000000000DC
:1038EC0000000000000000000000000000000000CC
:1038FC0000000000000000000000000000000000BC
:10390C0000000000000000000000000000000000AB
:10391C00000000000000000000000000000000009B
:10392C00000000000000000000000000000000008B
:10393C00000000000000000000000000000000007B
:10394C00000000000000000000000000000000006B
:10395C00000000000000000000000000000000005B
:10396C00000000000000000000000000000000004B
:10397C00000000000000000000000000000000003B
:10398C00000000000000000000000000000000002B
:10399C00000000000000000000000000000000001B
:1039AC00000000000000000000000000000000000B
:1039BC0000000000000000000000000000000000FB
:1039CC0000000000000000000000000000000000EB
:1039DC0000000000000000000000000000000000DB
:1039EC0000000000000000000000000000000000CB
:1039FC0000000000000000000000000000000000BB
:103A0C0000000000000000000000000000000000AA
:103A1C00000000000000000000000000000000009A
:103A2C00000000000000000000000000000000008A
:103A3C00000000000000000000000000000000007A
:103A4C00000000000000000000000000000000006A
:103A5C00000000000000000000000000000000005A
:103A6C00000000000000000000000000000000004A
:103A7C00000000000000000000000000000000003A
:103A8C00000000000000000000000000000000002A
:103A9C00000000000000000000000000000000001A
:103AAC00000000000000000000000000000000000A
:103ABC0000000000000000000000000000000000FA
:103ACC0000000000000000000000000000000000EA
:103ADC0000000000000000000000000000000000DA
:103AEC0000000000000000000000000000000000CA
:103AFC0000000000000000000000000000000000BA
:103B0C0000000000000000000000000000000000A9
:103B1C000000000000000000000000000000000099
:103B2C000000000000000000000000000000000089
:103B3C000000000000000000000000000000000079
:103B4C000000000000000000000000000000000069
:103B5C000000000000000000000000000000000059
:103B6C000000000000000000000000000000000049
:103B7C000000000000000000000000000000000039
:103B8C000000000000000000000000000000000029
:103B9C000000000000000000000000000000000019
:103BAC000000000000000000000000000000000009
:103BBC0000000000000000000000000000000000F9
:103BCC0000000000000000000000000000000000E9
:103BDC0000000000000000000000000000000000D9
:103BEC0000000000000000000000000000000000C9
:103BFC0000000000000000000000000000000000B9
:103C0C0000000000000000000000000000000000A8
:103C1C000000000000000000000000000000000098
:103C2C000000000000000000000000000000000088
:103C3C000000000000000000000000000000000078
:103C4C000000000000000000000000000000000068
:103C5C000000000000000000000000000000000058
:103C6C000000000000000000000000000000000048
:103C7C000000000000000000000000000000000038
:103C8C000000000000000000000000000000000028
:103C9C000000000000000000000000000000000018
:103CAC000000000000000000000000000000000008
:103CBC0000000000000000000000000000000000F8
:103CCC0000000000000000000000000000000000E8
:103CDC0000000000000000000000000000000000D8
:103CEC0000000000000000000000000000000000C8
:103CFC0000000000000000000000000000000000B8
:103D0C0000000000000000000000000000000000A7
:103D1C000000000000000000000000000000000097
:103D2C000000000000000000000000000000000087
:103D3C000000000000000000000000000000000077
:103D4C000000000000000000000000000000000067
:103D5C000000000000000000000000000000000057
:103D6C000000000000000000000000000000000047
:103D7C000000000000000000000000000000000037
:103D8C000000000000000000000000000000000027
:103D9C000000000000000000000000000000000017
:103DAC000000000000000000000000000000000007
:103DBC0000000000000000000000000000000000F7
:103DCC0000000000000000000000000000000000E7
:103DDC0000000000000000000000000000000000D7
:103DEC0000000000000000000000000000000000C7
:103DFC0000000000000000000000000000000000B7
:103E0C0000000000000000000000000000000000A6
:103E1C000000000000000000000000000000000096
:103E2C000000000000000000000000000000000086
:103E3C000000000000000000000000000000000076
:103E4C000000000000000000000000000000000066
:103E5C000000000000000000000000000000000056
:103E6C000000000000000000000000000000000046
:103E7C000000000000000000000000000000000036
:103E8C000000000000000000000000000000000026
:103E9C000000000000000000000000000000000016
:103EAC000000000000000000000000000000000006
:103EBC0000000000000000000000000000000000F6
:103ECC0000000000000000000000000000000000E6
:103EDC0000000000000000000000000000000000D6
:103EEC0000000000000000000000000000000000C6
:103EFC0000000000000000000000000000000000B6
:103F0C0000000000000000000000000000000000A5
:103F1C000000000000000000000000000000000095
:103F2C000000000000000000000000000000000085
:103F3C000000000000000000000000000000000075
:103F4C000000000000000000000000000000000065
:103F5C000000000000000000000000000000000055
:103F6C000000000000000000000000000000000045
:103F7C000000000000000000000000000000000035
:103F8C000000000000000000000000000000000025
:103F9C000000000000000000000000000000000015
:103FAC000000000000000000000000000000000005
:103FBC0000000000000000000000000000000000F5
:103FCC0000000000000000000000000000000000E5
:103FDC0000000000000000000000000000000000D5
:103FEC0000000000000000000000000000000000C5
:103FFC0000000000000000000000000000000000B5
:10400C0000000000000000000000000000000000A4
:10401C000000000000000000000000000000000094
:10402C000000000000000000000000000000000084
:10403C000000000000000000000000000000000074
:10404C000000000000000000000000000000000064
:10405C000000000000000000000000000000000054
:10406C000000000000000000000000000000000044
:10407C000000000000000000000000000000000034
:10408C000000000000000000000000000000000024
:10409C000000000000000000000000000000000014
:1040AC000000000000000000000000000000000004
:1040BC0000000000000000000000000000000000F4
:1040CC0000000000000000000000000000000000E4
:1040DC0000000000000000000000000000000000D4
:1040EC0000000000000000000000000000000000C4
:1040FC0000000000000000000000000000000000B4
:10410C0000000000000000000000000000000000A3
:10411C000000000000000000000000000000000093
:10412C000000000000000000000000000000000083
:10413C000000000000000000000000000000000073
:10414C000000000000000000000000000000000063
:10415C000000000000000000000000000000000053
:10416C000000000000000000000000000000000043
:10417C000000000000000000000000000000000033
:10418C000000000000000000000000000000000023
:10419C000000000000000000000000000000000013
:1041AC000000000000000000000000000000000003
:1041BC0000000000000000000000000000000000F3
:1041CC0000000000000000000000000000000000E3
:1041DC0000000000000000000000000000000000D3
:1041EC0000000000000000000000000000000000C3
:1041FC0000000000000000000000000000000000B3
:10420C0000000000000000000000000000000000A2
:10421C000000000000000000000000000000000092
:10422C000000000000000000000000000000000082
:10423C000000000000000000000000000000000072
:10424C000000000000000000000000000000000062
:10425C000000000000000000000000000000000052
:10426C000000000000000000000000000000000042
:10427C000000000000000000000000000000000032
:10428C000000000000000000000000000000000022
:10429C000000000000000000000000000000000012
:1042AC000000000000000000000000000000000002
:1042BC0000000000000000000000000000000000F2
:1042CC0000000000000000000000000000000000E2
:1042DC0000000000000000000000000000000000D2
:1042EC0000000000000000000000000000000000C2
:1042FC0000000000000000000000000000000000B2
:10430C0000000000000000000000000000000000A1
:10431C000000000000000000000000000000000091
:10432C000000000000000000000000000000000081
:10433C000000000000000000000000000000000071
:10434C000000000000000000000000000000000061
:10435C000000000000000000000000000000000051
:10436C000000000000000000000000000000000041
:10437C000000000000000000000000000000000031
:10438C000000000000000000000000000000000021
:10439C000000000000000000000000000000000011
:1043AC000000000000000000000000000000000001
:1043BC0000000000000000000000000000000000F1
:1043CC0000000000000000000000000000000000E1
:1043DC0000000000000000000000000000000000D1
:1043EC0000000000000000000000000000000000C1
:1043FC0000000000000000000000000000000000B1
:10440C0000000000000000000000000000000000A0
:10441C000000000000000000000000000000000090
:10442C000000000000000000000000000000000080
:10443C000000000000000000000000000000000070
:10444C000000000000000000000000000000000060
:10445C000000000000000000000000000000000050
:10446C000000000000000000000000000000000040
:10447C000000000000000000000000000000000030
:10448C000000000000000000000000000000000020
:10449C000000000000000000000000000000000010
:1044AC000000000000000000000000000000000000
:1044BC0000000000000000000000000000000000F0
:1044CC0000000000000000000000000000000000E0
:1044DC0000000000000000000000000000000000D0
:1044EC0000000000000000000000000000000000C0
:1044FC0000000000000000000000000000000000B0
:10450C00000000000000000000000000000000009F
:10451C00000000000000000000000000000000008F
:10452C00000000000000000000000000000000007F
:10453C00000000000000000000000000000000006F
:10454C00000000000000000000000000000000005F
:10455C00000000000000000000000000000000004F
:10456C00000000000000000000000000000000003F
:10457C00000000000000000000000000000000002F
:10458C00000000000000000000000000000000001F
:10459C00000000000000000000000000000000000F
:1045AC0000000000000000000000000000000000FF
:1045BC0000000000000000000000000000000000EF
:1045CC0000000000000000000000000000000000DF
:1045DC0000000000000000000000000000000000CF
:1045EC0000000000000000000000000000000000BF
:1045FC0000000000000000000000000000000000AF
:10460C00000000000000000000000000000000009E
:10461C00000000000000000000000000000000008E
:10462C00000000000000000000000000000000007E
:10463C00000000000000000000000000000000006E
:10464C00000000000000000000000000000000005E
:10465C00000000000000000000000000000000004E
:10466C00000000000000000000000000000000003E
:10467C00000000000000000000000000000000002E
:10468C00000000000000000000000000000000001E
:10469C00000000000000000000000000000000000E
:1046AC0000000000000000000000000000000000FE
:1046BC0000000000000000000000000000000000EE
:1046CC0000000000000000000000000000000000DE
:1046DC0000000000000000000000000000000000CE
:1046EC0000000000000000000000000000000000BE
:1046FC0000000000000000000000000000000000AE
:10470C00000000000000000000000000000000009D
:10471C00000000000000000000000000000000008D
:10472C00000000000000000000000000000000007D
:10473C00000000000000000000000000000000006D
:10474C00000000000000000000000000000000005D
:10475C00000000000000000000000000000000004D
:10476C00000000000000000000000000000000003D
:10477C00000000000000000000000000000000002D
:10478C00000000000000000000000000000000001D
:10479C00000000000000000000000000000000000D
:1047AC0000000000000000000000000000000000FD
:1047BC0000000000000000000000000000000000ED
:1047CC0000000000000000000000000000000000DD
:1047DC0000000000000000000000000000000000CD
:1047EC0000000000000000000000000000000000BD
:1047FC0000000000000000000000000000000000AD
:10480C00000000000000000000000000000000009C
:10481C00000000000000000000000000000000008C
:10482C00000000000000000000000000000000007C
:10483C00000000000000000000000000000000006C
:10484C00000000000000000000000000000000005C
:10485C00000000000000000000000000000000004C
:10486C00000000000000000000000000000000003C
:10487C00000000000000000000000000000000002C
:10488C00000000000000000000000000000000001C
:10489C00000000000000000000000000000000000C
:1048AC0000000000000000000000000000000000FC
:1048BC0000000000000000000000000000000000EC
:1048CC0000000000000000000000000000000000DC
:1048DC0000000000000000000000000000000000CC
:1048EC0000000000000000000000000000000000BC
:1048FC0000000000000000000000000000000000AC
:10490C00000000000000000000000000000000009B
:10491C00000000000000000000000000000000008B
:10492C00000000000000000000000000000000007B
:10493C00000000000000000000000000000000006B
:10494C00000000000000000000000000000000005B
:10495C00000000000000000000000000000000004B
:10496C00000000000000000000000000000000003B
:10497C00000000000000000000000000000000002B
:10498C00000000000000000000000000000000001B
:10499C00000000000000000000000000000000000B
:1049AC0000000000000000000000000000000000FB
:1049BC0000000000000000000000000000000000EB
:1049CC0000000000000000000000000000000000DB
:1049DC0000000000000000000000000000000000CB
:1049EC0000000000000000000000000000000000BB
:1049FC0000000000000000000000000000000000AB
:104A0C00000000000000000000000000000000009A
:104A1C00000000000000000000000000000000008A
:104A2C00000000000000000000000000000000007A
:104A3C00000000000000000000000000000000006A
:104A4C00000000000000000000000000000000005A
:104A5C00000000000000000000000000000000004A
:104A6C00000000000000000000000000000000003A
:104A7C00000000000000000000000000000000002A
:104A8C00000000000000000000000000000000001A
:104A9C00000000000000000000000000000000000A
:104AAC0000000000000000000000000000000000FA
:104ABC0000000000000000000000000000000000EA
:104ACC0000000000000000000000000000000000DA
:104ADC0000000000000000000000000000000000CA
:104AEC0000000000000000000000000000000000BA
:104AFC0000000000000000000000000000000000AA
:104B0C000000000000000000000000000000000099
:104B1C000000000000000000000000000000000089
:104B2C000000000000000000000000000000000079
:104B3C000000000000000000000000000000000069
:104B4C000000000000000000000000000000000059
:104B5C000000000000000000000000000000000049
:104B6C000000000000000000000000000000000039
:104B7C000000000000000000000000000000000029
:104B8C000000000000000000000000000000000019
:104B9C000000000000000000000000000000000009
:104BAC0000000000000000000000000000000000F9
:104BBC0000000000000000000000000000000000E9
:104BCC0000000000000000000000000000000000D9
:104BDC0000000000000000000000000000000000C9
:104BEC0000000000000000000000000000000000B9
:104BFC0000000000000000000000000000000000A9
:104C0C000000000000000000000000000000000098
:104C1C000000000000000000000000000000000088
:104C2C000000000000000000000000000000000078
:104C3C000000000000000000000000000000000068
:104C4C000000000000000000000000000000000058
:104C5C000000000000000000000000000000000048
:104C6C000000000000000000000000000000000038
:104C7C000000000000000000000000000000000028
:104C8C000000000000000000000000000000000018
:104C9C000000000000000000000000000000000008
:104CAC0000000000000000000000000000000000F8
:104CBC0000000000000000000000000000000000E8
:104CCC0000000000000000000000000000000000D8
:104CDC0000000000000000000000000000000000C8
:104CEC0000000000000000000000000000000000B8
:104CFC0000000000000000000000000000000000A8
:104D0C000000000000000000000000000000000097
:104D1C000000000000000000000000000000000087
:104D2C000000000000000000000000000000000077
:104D3C000000000000000000000000000000000067
:104D4C000000000000000000000000000000000057
:104D5C000000000000000000000000000000000047
:104D6C000000000000000000000000000000000037
:104D7C000000000000000000000000000000000027
:104D8C000000000000000000000000000000000017
:104D9C000000000000000000000000000000000007
:104DAC0000000000000000000000000000000000F7
:104DBC0000000000000000000000000000000000E7
:104DCC0000000000000000000000000000000000D7
:104DDC0000000000000000000000000000000000C7
:104DEC0000000000000000000000000000000000B7
:104DFC0000000000000000000000000000000000A7
:104E0C000000000000000000000000000000000096
:104E1C000000000000000000000000000000000086
:104E2C000000000000000000000000000000000076
:104E3C000000000000000000000000000000000066
:104E4C000000000000000000000000000000000056
:104E5C000000000000000000000000000000000046
:104E6C000000000000000000000000000000000036
:104E7C000000000000000000000000000000000026
:104E8C000000000000000000000000000000000016
:104E9C000000000000000000000000000000000006
:104EAC0000000000000000000000000000000000F6
:104EBC0000000000000000000000000000000000E6
:104ECC0000000000000000000000000000000000D6
:104EDC0000000000000000000000000000000000C6
:104EEC0000000000000000000000000000000000B6
:104EFC0000000000000000000000000000000000A6
:104F0C000000000000000000000000000000000095
:104F1C000000000000000000000000000000000085
:104F2C000000000000000000000000000000000075
:104F3C000000000000000000000000000000000065
:104F4C000000000000000000000000000000000055
:104F5C000000000000000000000000000000000045
:104F6C000000000000000000000000000000000035
:104F7C000000000000000000000000000000000025
:104F8C000000000000000000000000000000000015
:104F9C000000000000000000000000000000000005
:104FAC0000000000000000000000000000000000F5
:104FBC0000000000000000000000000000000000E5
:104FCC0000000000000000000000000000000000D5
:104FDC0000000000000000000000000000000000C5
:104FEC0000000000000000000000000000000000B5
:104FFC0000000000000000000000000000000000A5
:10500C000000000000000000000000000000000094
:10501C000000000000000000000000000000000084
:10502C000000000000000000000000000000000074
:10503C000000000000000000000000000000000064
:10504C000000000000000000000000000000000054
:10505C000000000000000000000000000000000044
:10506C000000000000000000000000000000000034
:10507C000000000000000000000000000000000024
:10508C000000000000000000000000000000000014
:10509C000000000000000000000000000000000004
:1050AC0000000000000000000000000000000000F4
:1050BC0000000000000000000000000000000000E4
:1050CC0000000000000000000000000000000000D4
:1050DC0000000000000000000000000000000000C4
:1050EC000000000000000000A539000800000000CE
:1050FC0000000000000000000000000000000000A4
:10510C000100000000000000000000000000000092
:10511C00000000000400000000000000000000007F
:10512C00000000004006000000000000912F000865
:10513C00212E00080000000000000000000000000C
:10514C000000000000000000000000000000000053
:10515C000000000000000000000000000000000043
:10516C000000000000000000000000000000000033
:10517C000000000000000000000000000000000023
:10518C000000000000000000000000000000000013
:10519C000000000000000000000000000000000003
:1051AC0000000000000000000000000000000000F3
:1051BC0000000000000000000000000000000000E3
:1051CC0000000000000000000000000000000000D3
:1051DC0000000000000000000000000000000000C3
:1051EC0000000000000000000000000000000000B3
:1051FC0000000000000000000000000000000000A3
:10520C000000000000000000000000000000000092
:10521C000000000000000000000000000000000082
:10522C000000000000000000000000000000000072
:10523C000000000000000000000000000000000062
:10524C000000000000000000000000000000000052
:10525C000000000000000000000000000000000042
:10526C000000000000000000000000000000000032
:10527C000000000000000000000000000000000022
:10528C000000000000000000000000000000000012
:10529C000000000000000000000000000000000002
:1052AC0000000000000000000000000000000000F2
:1052BC0000000000000000000000000000000000E2
:1052CC0000000000000000000000000000000000D2
:1052DC0000000000000000000000000000000000C2
:1052EC0000000000000000000000000000000000B2
:1052FC0000000000000000000000000000000000A2
:10530C000000000000000000000000000000000091
:10531C000000000000000000000000000000000081
:10532C000000000000000000000000000000000071
:10533C000000000000000000000000000000000061
:10534C000000000000000000000000000000000051
:10535C000000000000000000000000000000000041
:10536C000000000000000000000000000000000031
:10537C000000000000000000000000000000000021
:10538C000000000000000000000000000000000011
:10539C000000000000000000000000000000000001
:1053AC0000000000000000000000000000000000F1
:1053BC0000000000000000000000000000000000E1
:1053CC0000000000000000000000000000000000D1
:1053DC0000000000000000000000000000000000C1
:1053EC0000000000000000000000000000000000B1
:1053FC0000000000000000000000000000000000A1
:10540C000000000000000000000000000000000090
:10541C000000000000000000000000000000000080
:10542C000000000000000000000000000000000070
:10543C000000000000000000000000000000000060
:10544C000000000000000000000000000000000050
:10545C000000000000000000000000000000000040
:10546C000000000000000000000000000000000030
:10547C000000000000000000000000000000000020
:10548C000000000000000000000000000000000010
:10549C000000000000000000000000000000000000
:1054AC0000000000000000000000000000000000F0
:1054BC0000000000000000000000000000000000E0
:1054CC0000000000000000000000000000000000D0
:1054DC0000000000000000000000000000000000C0
:1054EC0000000000000000000000000000000000B0
:1054FC0000000000000000000000000000000000A0
:10550C00000000000000000000000000000000008F
:10551C00000000000000000000000000000000007F
:10552C00000000000000000000000000000000006F
:10553C00000000000000000000000000000000005F
:10554C00000000000000000000000000000000004F
:10555C00000000000000000000000000000000003F
:10556C00000000000000000000000000000000002F
:10557C00000000000000000000000000000000001F
:10558C00000000000000000000000000000000000F
:10559C0000000000000000000000000000000000FF
:1055AC0000000000000000000000000000000000EF
:1055BC0000000000000000000000000000000000DF
:1055CC0000000000000000000000000000000000CF
:1055DC0000000000000000000000000000000000BF
:1055EC0000000000000000000000000000000000AF
:1055FC00000000000000000000000000000000009F
:10560C00000000000000000000000000000000008E
:10561C00000000000000000000000000000000007E
:10562C00000000000000000000000000000000006E
:10563C00000000000000000000000000000000005E
:10564C00000000000000000000000000000000004E
:10565C00000000000000000000000000000000003E
:10566C00000000000000000000000000000000002E
:10567C00000000000000000000000000000000001E
:10568C00000000000000000000000000000000000E
:10569C0000000000000000000000000000000000FE
:1056AC0000000000000000000000000000000000EE
:1056BC0000000000000000000000000000000000DE
:1056CC0000000000000000000000000000000000CE
:1056DC0000000000000000000000000000000000BE
:1056EC0000000000000000000000000000000000AE
:1056FC00000000000000000000000000000000009E
:10570C00000000000000000000000000000000008D
:10571C00000000000000000000000000000000007D
:10572C00000000000000000000000000000000006D
:10573C00000000000000000000000000000000005D
:10574C00000000000000000000000000000000004D
:10575C00000000000000000000000000000000003D
:10576C00000000000000000000000000000000002D
:10577C00000000000000000000000000000000001D
:10578C00000000000000000000000000000000000D
:10579C0000000000000000000000000000000000FD
:1057AC0000000000000000000000000000000000ED
:1057BC0000000000000000000000000000000000DD
:1057CC0000000000000000000000000000000000CD
:1057DC0000000000000000000000000000000000BD
:1057EC0000000000000000000000000000000000AD
:1057FC00000000000000000000000000000000009D
:10580C00000000000000000000000000000000008C
:10581C00000000000000000000000000000000007C
:10582C00000000000000000000000000000000006C
:10583C00000000000000000000000000000000005C
:10584C00000000000000000000000000000000004C
:10585C00000000000000000000000000000000003C
:10586C00000000000000000000000000000000002C
:10587C00000000000000000000000000000000001C
:10588C00000000000000000000000000000000000C
:10589C0000000000000000000000000000000000FC
:1058AC0000000000000000000000000000000000EC
:1058BC0000000000000000000000000000000000DC
:1058CC0000000000000000000000000000000000CC
:1058DC0000000000000000000000000000000000BC
:1058EC0000000000000000000000000000000000AC
:1058FC00000000000000000000000000000000009C
:10590C00000000000000000000000000000000008B
:10591C00000000000000000000000000000000007B
:10592C00000000000000000000000000000000006B
:10593C00000000000000000000000000000000005B
:10594C00000000000000000000000000000000004B
:10595C00000000000000000000000000000000003B
:10596C00000000000000000000000000000000002B
:10597C00000000000000000000000000000000001B
:10598C00000000000000000000000000000000000B
:10599C0000000000000000000000000000000000FB
:1059AC0000000000000000000000000000000000EB
:1059BC0000000000000000000000000000000000DB
:1059CC0000000000000000000000000000000000CB
:1059DC0000000000000000000000000000000000BB
:1059EC0000000000000000000000000000000000AB
:1059FC00000000000000000000000000000000009B
:105A0C00000000000000000000000000000000008A
:105A1C00000000000000000000000000000000007A
:105A2C00000000000000000000000000000000006A
:105A3C00000000000000000000000000000000005A
:105A4C00000000000000000000000000000000004A
:105A5C00000000000000000000000000000000003A
:105A6C00000000000000000000000000000000002A
:105A7C00000000000000000000000000000000001A
:105A8C00000000000000000000000000000000000A
:105A9C0000000000000000000000000000000000FA
:105AAC0000000000000000000000000000000000EA
:105ABC0000000000000000000000000000000000DA
:105ACC0000000000000000000000000000000000CA
:105ADC0000000000000000000000000000000000BA
:105AEC0000000000000000000000000000000000AA
:105AFC00000000000000000000000000000000009A
:105B0C000000000000000000000000000000000089
:105B1C000000000000000000000000000000000079
:105B2C000000000000000000000000000000000069
:105B3C000000000000000000000000000000000059
:105B4C000000000000000000000000000000000049
:105B5C000000000000000000000000000000000039
:105B6C000000000000000000000000000000000029
:105B7C000000000000000000000000000000000019
:105B8C000000000000000000000000000000000009
:105B9C0000000000000000000000000000000000F9
:105BAC0000000000000000000000000000000000E9
:105BBC0000000000000000000000000000000000D9
:105BCC0000000000000000000000000000000000C9
:105BDC0000000000000000000000000000000000B9
:105BEC0000000000000000000000000000000000A9
:105BFC000000000000000000000000000000000099
:105C0C000000000000000000000000000000000088
:105C1C000000000000000000000000000000000078
:105C2C000000000000000000000000000000000068
:105C3C000000000000000000000000000000000058
:105C4C000000000000000000000000000000000048
:105C5C000000000000000000000000000000000038
:105C6C000000000000000000000000000000000028
:105C7C000000000000000000000000000000000018
:105C8C000000000000000000000000000000000008
:105C9C0000000000000000000000000000000000F8
:105CAC0000000000000000000000000000000000E8
:105CBC0000000000000000000000000000000000D8
:105CCC0000000000000000000000000000000000C8
:105CDC0000000000000000000000000000000000B8
:105CEC0000000000000000000000000000000000A8
:105CFC000000000000000000000000000000000098
:105D0C000000000000000000000000000000000087
:105D1C000000000000000000000000000000000077
:105D2C000000000000000000000000000000000067
:105D3C000000000000000000000000000000000057
:105D4C000000000000000000000000000000000047
:105D5C000000000000000000000000000000000037
:105D6C000000000000000000000000000000000027
:105D7C000000000000000000000000000000000017
:105D8C000000000000000000000000000000000007
:105D9C0000000000000000000000000000000000F7
:105DAC0000000000000000000000000000000000E7
:105DBC0000000000000000000000000000000000D7
:105DCC0000000000000000000000000000000000C7
:105DDC0000000000000000000000000000000000B7
:105DEC0000000000000000000000000000000000A7
:105DFC000000000000000000000000000000000097
:105E0C000000000000000000000000000000000086
:105E1C000000000000000000000000000000000076
:105E2C000000000000000000000000000000000066
:105E3C000000000000000000000000000000000056
:105E4C000000000000000000000000000000000046
:105E5C000000000000000000000000000000000036
:105E6C000000000000000000000000000000000026
:105E7C000000000000000000000000000000000016
:105E8C000000000000000000000000000000000006
:105E9C0000000000000000000000000000000000F6
:105EAC0000000000000000000000000000000000E6
:105EBC0000000000000000000000000000000000D6
:105ECC0000000000000000000000000000000000C6
:105EDC0000000000000000000000000000000000B6
:105EEC0000000000000000000000000000000000A6
:105EFC000000000000000000000000000000000096
:105F0C000000000000000000000000000000000085
:105F1C000000000000000000000000000000000075
:105F2C000000000000000000000000000000000065
:105F3C000000000000000000000000000000000055
:105F4C000000000000000000000000000000000045
:105F5C000000000000000000000000000000000035
:105F6C000000000000000000000000000000000025
:105F7C000000000000000000000000000000000015
:105F8C000000000000000000000000000000000005
:105F9C0000000000000000000000000000000000F5
:105FAC0000000000000000000000000000000000E5
:105FBC0000000000000000000000000000000000D5
:105FCC0000000000000000000000000000000000C5
:105FDC0000000000000000000000000000000000B5
:105FEC0000000000000000000000000000000000A5
:105FFC000000000000000000000000000000000095
:10600C000000000000000000000000000000000084
:10601C000000000000000000000000000000000074
:10602C000000000000000000000000000000000064
:10603C000000000000000000000000000000000054
:10604C000000000000000000000000000000000044
:10605C000000000000000000000000000000000034
:10606C000000000000000000000000000000000024
:10607C000000000000000000000000000000000014
:10608C000000000000000000000000000000000004
:10609C0000000000000000000000000000000000F4
:1060AC0000000000000000000000000000000000E4
:1060BC0000000000000000000000000000000000D4
:1060CC0000000000000000000000000000000000C4
:1060DC0000000000000000000000000000000000B4
:1060EC0000000000000000000000000000000000A4
:1060FC000000000000000000000000000000000094
:10610C000000000000000000000000000000000083
:10611C000000000000000000000000000000000073
:10612C000000000000000000000000000000000063
:10613C000000000000000000000000000000000053
:10614C000000000000000000000000000000000043
:10615C000000000000000000000000000000000033
:10616C000000000000000000000000000000000023
:10617C000000000000000000000000000000000013
:10618C000000000000000000000000000000000003
:10619C0000000000000000000000000000000000F3
:1061AC0000000000000000000000000000000000E3
:1061BC0000000000000000000000000000000000D3
:1061CC0000000000000000000000000000000000C3
:1061DC0000000000000000000000000000000000B3
:1061EC0000000000000000000000000000000000A3
:1061FC000000000000000000000000000000000093
:10620C000000000000000000000000000000000082
:10621C000000000000000000000000000000000072
:10622C000000000000000000000000000000000062
:10623C000000000000000000000000000000000052
:10624C000000000000000000000000000000000042
:10625C000000000000000000000000000000000032
:10626C000000000000000000000000000000000022
:10627C000000000000000000000000000000000012
:10628C000000000000000000000000000000000002
:10629C0000000000000000000000000000000000F2
:1062AC0000000000000000000000000000000000E2
:1062BC0000000000000000000000000000000000D2
:1062CC0000000000000000000000000000000000C2
:1062DC0000000000000000000000000000000000B2
:1062EC0000000000000000000000000000000000A2
:1062FC000000000000000000000000000000000092
:10630C000000000000000000000000000000000081
:10631C000000000000000000000000000000000071
:10632C000000000000000000000000000000000061
:10633C000000000000000000000000000000000051
:10634C000000000000000000000000000000000041
:10635C000000000000000000000000000000000031
:10636C000000000000000000000000000000000021
:10637C000000000000000000000000000000000011
:10638C000000000000000000000000000000000001
:10639C0000000000000000000000000000000000F1
:1063AC0000000000000000000000000000000000E1
:1063BC0000000000000000000000000000000000D1
:1063CC0000000000000000000000000000000000C1
:1063DC0000000000000000000000000000000000B1
:1063EC0000000000000000000000000000000000A1
:1063FC000000000000000000000000000000000091
:10640C000000000000000000000000000000000080
:10641C000000000000000000000000000000000070
:10642C000000000000000000000000000000000060
:10643C000000000000000000000000000000000050
:10644C000000000000000000000000000000000040
:10645C000000000000000000000000000000000030
:10646C000000000000000000000000000000000020
:10647C000000000000000000000000000000000010
:10648C000000000000000000000000000000000000
:10649C0000000000000000000000000000000000F0
:1064AC0000000000000000000000000000000000E0
:1064BC0000000000000000000000000000000000D0
:1064CC0000000000000000000000000000000000C0
:1064DC0000000000000000000000000000000000B0
:1064EC0000000000000000000000000000000000A0
:1064FC000000000000000000000000000000000090
:10650C00000000000000000000000000000000007F
:10651C00000000000000000000000000000000006F
:10652C00000000000000000000000000000000005F
:10653C00000000000000000000000000000000004F
:10654C00000000000000000000000000000000003F
:10655C00000000000000000000000000000000002F
:10656C00000000000000000000000000000000001F
:10657C00000000000000000000000000000000000F
:10658C0000000000000000000000000000000000FF
:10659C0000000000000000000000000000000000EF
:1065AC0000000000000000000000000000000000DF
:1065BC0000000000000000000000000000000000CF
:1065CC0000000000000000000000000000000000BF
:1065DC0000000000000000000000000000000000AF
:1065EC00000000000000000000000000000000009F
:1065FC00000000000000000000000000000000008F
:10660C00000000000000000000000000000000007E
:10661C00000000000000000000000000000000006E
:10662C00000000000000000000000000000000005E
:10663C00000000000000000000000000000000004E
:10664C00000000000000000000000000000000003E
:10665C00000000000000000000000000000000002E
:10666C00000000000000000000000000000000001E
:10667C00000000000000000000000000000000000E
:10668C0000000000000000000000000000000000FE
:10669C0000000000000000000000000000000000EE
:1066AC0000000000000000000000000000000000DE
:1066BC0000000000000000000000000000000000CE
:1066CC0000000000000000000000000000000000BE
:1066DC0000000000000000000000000000000000AE
:1066EC00000000000000000000000000000000009E
:1066FC00000000000000000000000000000000008E
:10670C00000000000000000000000000000000007D
:10671C00000000000000000000000000000000006D
:10672C00000000000000000000000000000000005D
:10673C00000000000000000000000000000000004D
:10674C00000000000000000000000000000000003D
:10675C00000000000000000000000000000000002D
:10676C00000000000000000000000000000000001D
:10677C00000000000000000000000000000000000D
:10678C0000000000000000000000000000000000FD
:10679C0000000000000000000000000000000000ED
:1067AC0000000000000000000000000000000000DD
:1067BC0000000000000000000000000000000000CD
:1067CC0000000000000000000000000000000000BD
:1067DC0000000000000000000000000000000000AD
:1067EC00000000000000000000000000000000009D
:1067FC00000000000000000000000000000000008D
:10680C00000000000000000000000000000000007C
:10681C00000000000000000000000000000000006C
:10682C00000000000000000000000000000000005C
:10683C00000000000000000000000000000000004C
:10684C00000000000000000000000000000000003C
:10685C00000000000000000000000000000000002C
:10686C00000000000000000000000000000000001C
:10687C00000000000000000000000000000000000C
:10688C0000000000000000000000000000000000FC
:10689C0000000000000000000000000000000000EC
:1068AC0000000000000000000000000000000000DC
:1068BC0000000000000000000000000000000000CC
:1068CC0000000000000000000000000000000000BC
:1068DC0000000000000000000000000000000000AC
:1068EC00000000000000000000000000000000009C
:1068FC00000000000000000000000000000000008C
:10690C00000000000000000000000000000000007B
:10691C00000000000000000000000000000000006B
:10692C00000000000000000000000000000000005B
:10693C00000000000000000000000000000000004B
:10694C00000000000000000000000000000000003B
:10695C00000000000000000000000000000000002B
:10696C00000000000000000000000000000000001B
:10697C00000000000000000000000000000000000B
:10698C0000000000000000000000000000000000FB
:10699C0000000000000000000000000000000000EB
:1069AC0000000000000000000000000000000000DB
:1069BC0000000000000000000000000000000000CB
:1069CC0000000000000000000000000000000000BB
:1069DC0000000000000000000000000000000000AB
:1069EC00000000000000000000000000000000009B
:1069FC00000000000000000000000000000000008B
:106A0C00000000000000000000000000000000007A
:106A1C00000000000000000000000000000000006A
:106A2C00000000000000000000000000000000005A
:106A3C00000000000000000000000000000000004A
:106A4C00000000000000000000000000000000003A
:106A5C00000000000000000000000000000000002A
:106A6C00000000000000000000000000000000001A
:106A7C00000000000000000000000000000000000A
:106A8C0000000000000000000000000000000000FA
:106A9C0000000000000000000000000000000000EA
:106AAC0000000000000000000000000000000000DA
:106ABC0000000000000000000000000000000000CA
:106ACC0000000000000000000000000000000000BA
:106ADC0000000000000000000000000000000000AA
:106AEC00000000000000000000000000000000009A
:106AFC00000000000000000000000000000000008A
:106B0C000000000000000000000000000000000079
:106B1C000000000000000000000000000000000069
:106B2C000000000000000000000000000000000059
:106B3C000000000000000000000000000000000049
:106B4C000000000000000000000000000000000039
:106B5C000000000000000000000000000000000029
:106B6C000000000000000000000000000000000019
:106B7C000000000000000000000000000000000009
:106B8C0000000000000000000000000000000000F9
:106B9C0000000000000000000000000000000000E9
:106BAC0000000000000000000000000000000000D9
:106BBC0000000000000000000000000000000000C9
:106BCC0000000000000000000000000000000000B9
:106BDC0000000000000000000000000000000000A9
:106BEC000000000000000000000000000000000099
:106BFC000000000000000000000000000000000089
:106C0C000000000000000000000000000000000078
:106C1C000000000000000000000000000000000068
:106C2C000000000000000000000000000000000058
:106C3C000000000000000000000000000000000048
:106C4C000000000000000000000000000000000038
:106C5C000000000000000000000000000000000028
:106C6C000000000000000000000000000000000018
:106C7C000000000000000000000000000000000008
:106C8C0000000000000000000000000000000000F8
:106C9C0000000000000000000000000000000000E8
:106CAC0000000000000000000000000000000000D8
:106CBC0000000000000000000000000000000000C8
:106CCC0000000000000000000000000000000000B8
:106CDC0000000000000000000000000000000000A8
:106CEC000000000000000000000000000000000098
:106CFC000000000000000000000000000000000088
:106D0C000000000000000000000000000000000077
:106D1C000000000000000000000000000000000067
:106D2C000000000000000000000000000000000057
:106D3C000000000000000000000000000000000047
:106D4C000000000000000000000000000000000037
:106D5C000000000000000000000000000000000027
:106D6C000000000000000000000000000000000017
:106D7C000000000000000000000000000000000007
:106D8C0000000000000000000000000000000000F7
:106D9C0000000000000000000000000000000000E7
:106DAC0000000000000000000000000000000000D7
:106DBC0000000000000000000000000000000000C7
:106DCC0000000000000000000000000000000000B7
:106DDC0000000000000000000000000000000000A7
:106DEC000000000000000000000000000000000097
:106DFC000000000000000000000000000000000087
:106E0C000000000000000000000000000000000076
:106E1C000000000000000000000000000000000066
:106E2C000000000000000000000000000000000056
:106E3C000000000000000000000000000000000046
:106E4C000000000000000000000000000000000036
:106E5C000000000000000000000000000000000026
:106E6C000000000000000000000000000000000016
:106E7C000000000000000000000000000000000006
:106E8C0000000000000000000000000000000000F6
:106E9C0000000000000000000000000000000000E6
:106EAC0000000000000000000000000000000000D6
:106EBC0000000000000000000000000000000000C6
:106ECC0000000000000000000000000000000000B6
:106EDC0000000000000000000000000000000000A6
:106EEC000000000000000000000000000000000096
:106EFC000000000000000000000000000000000086
:106F0C000000000000000000000000000000000075
:106F1C000000000000000000000000000000000065
:106F2C000000000000000000000000000000000055
:106F3C000000000000000000000000000000000045
:106F4C000000000000000000000000000000000035
:106F5C000000000000000000000000000000000025
:106F6C000000000000000000000000000000000015
:106F7C000000000000000000000000000000000005
:106F8C0000000000000000000000000000000000F5
:106F9C0000000000000000000000000000000000E5
:106FAC0000000000000000000000000000000000D5
:106FBC0000000000000000000000000000000000C5
:106FCC0000000000000000000000000000000000B5
:106FDC0000000000000000000000000000000000A5
:106FEC000000000000000000000000000000000095
:106FFC000000000000000000000000000000000085
:10700C000000000000000000000000000000000074
:10701C000000000000000000000000000000000064
:10702C000000000000000000000000000000000054
:10703C000000000000000000000000000000000044
:10704C000000000000000000000000000000000034
:10705C000000000000000000000000000000000024
:10706C000000000000000000000000000000000014
:10707C000000000000000000000000000000000004
:10708C0000000000000000000000000000000000F4
:10709C0000000000000000000000000000000000E4
:1070AC0000000000000000000000000000000000D4
:1070BC0000000000000000000000000000000000C4
:1070CC0000000000000000000000000000000000B4
:1070DC0000000000000000000000000000000000A4
:1070EC000000000000000000000000000000000094
:1070FC000000000000000000000000000000000084
:10710C000000000000000000000000000000000073
:10711C000000000000000000000000000000000063
:10712C000000000000000000000000000000000053
:10713C000000000000000000000000000000000043
:10714C000000000000000000000000000000000033
:10715C000000000000000000000000000000000023
:10716C000000000000000000000000000000000013
:10717C000000000000000000000000000000000003
:10718C0000000000000000000000000000000000F3
:10719C0000000000000000000000000000000000E3
:1071AC0000000000000000000000000000000000D3
:1071BC0000000000000000000000000000000000C3
:1071CC0000000000000000000000000000000000B3
:1071DC0000000000000000000000000000000000A3
:1071EC000000000000000000000000000000000093
:1071FC000000000000000000000000000000000083
:10720C000000000000000000000000000000000072
:10721C000000000000000000000000000000000062
:10722C000000000000000000000000000000000052
:10723C000000000000000000000000000000000042
:10724C000000000000000000000000000000000032
:10725C000000000000000000000000000000000022
:10726C000000000000000000000000000000000012
:10727C000000000000000000000000000000000002
:10728C0000000000000000000000000000000000F2
:10729C0000000000000000000000000000000000E2
:1072AC0000000000000000000000000000000000D2
:1072BC0000000000000000000000000000000000C2
:1072CC0000000000000000000000000000000000B2
:1072DC0000000000000000000000000000000000A2
:1072EC000000000000000000000000000000000092
:1072FC000000000000000000000000000000000082
:10730C000000000000000000000000000000000071
:10731C000000000000000000000000000000000061
:10732C000000000000000000000000000000000051
:10733C000000000000000000000000000000000041
:10734C000000000000000000000000000000000031
:10735C000000000000000000000000000000000021
:10736C000000000000000000000000000000000011
:10737C000000000000000000000000000000000001
:10738C0000000000000000000000000000000000F1
:10739C0000000000000000000000000000000000E1
:1073AC0000000000000000000000000000000000D1
:1073BC0000000000000000000000000000000000C1
:1073CC0000000000000000000000000000000000B1
:1073DC0000000000000000000000000000000000A1
:1073EC000000000000000000000000000000000091
:1073FC000000000000000000000000000000000081
:10740C000000000000000000000000000000000070
:10741C000000000000000000000000000000000060
:10742C000000000000000000000000000000000050
:10743C000000000000000000000000000000000040
:10744C000000000000000000000000000000000030
:10745C000000000000000000000000000000000020
:10746C000000000000000000000000000000000010
:10747C000000000000000000000000000000000000
:10748C0000000000000000000000000000000000F0
:10749C0000000000000000000000000000000000E0
:1074AC0000000000000000000000000000000000D0
:1074BC0000000000000000000000000000000000C0
:1074CC0000000000000000000000000000000000B0
:1074DC0000000000000000000000000000000000A0
:1074EC000000000000000000000000000000000090
:1074FC000000000000000000000000000000000080
:10750C00000000000000000000000000000000006F
:10751C00000000000000000000000000000000005F
:10752C00000000000000000000000000000000004F
:10753C00000000000000000000000000000000003F
:10754C00000000000000000000000000000000002F
:10755C00000000000000000000000000000000001F
:10756C00000000000000000000000000000000000F
:10757C0000000000000000000000000000000000FF
:10758C0000000000000000000000000000000000EF
:10759C0000000000000000000000000000000000DF
:1075AC0000000000000000000000000000000000CF
:1075BC0000000000000000000000000000000000BF
:1075CC0000000000000000000000000000000000AF
:1075DC00000000000000000000000000000000009F
:1075EC00000000000000000000000000000000008F
:1075FC00000000000000000000000000000000007F
:10760C00000000000000000000000000000000006E
:10761C00000000000000000000000000000000005E
:10762C00000000000000000000000000000000004E
:10763C00000000000000000000000000000000003E
:10764C00000000000000000000000000000000002E
:10765C00000000000000000000000000000000001E
:10766C00000000000000000000000000000000000E
:10767C0000000000000000000000000000000000FE
:10768C0000000000000000000000000000000000EE
:10769C0000000000000000000000000000000000DE
:1076AC0000000000000000000000000000000000CE
:1076BC0000000000000000000000000000000000BE
:1076CC0000000000000000000000000000000000AE
:1076DC00000000000000000000000000000000009E
:1076EC00000000000000000000000000000000008E
:1076FC00000000000000000000000000000000007E
:10770C00000000000000000000000000000000006D
:10771C00000000000000000000000000000000005D
:10772C00000000000000000000000000000000004D
:10773C00000000000000000000000000000000003D
:10774C00000000000000000000000000000000002D
:10775C00000000000000000000000000000000001D
:10776C00000000000000000000000000000000000D
:10777C0000000000000000000000000000000000FD
:10778C0000000000000000000000000000000000ED
:10779C0000000000000000000000000000000000DD
:1077AC0000000000000000000000000000000000CD
:1077BC0000000000000000000000000000000000BD
:1077CC0000000000000000000000000000000000AD
:1077DC00000000000000000000000000000000009D
:1077EC00000000000000000000000000000000008D
:1077FC00000000000000000000000000000000007D
:10780C00000000000000000000000000000000006C
:10781C00000000000000000000000000000000005C
:10782C00000000000000000000000000000000004C
:10783C00000000000000000000000000000000003C
:10784C00000000000000000000000000000000002C
:10785C00000000000000000000000000000000001C
:10786C00000000000000000000000000000000000C
:10787C0000000000000000000000000000000000FC
:10788C0000000000000000000000000000000000EC
:10789C0000000000000000000000000000000000DC
:1078AC0000000000000000000000000000000000CC
:1078BC0000000000000000000000000000000000BC
:1078CC0000000000000000000000000000000000AC
:1078DC00000000000000000000000000000000009C
:1078EC00000000000000000000000000000000008C
:1078FC00000000000000000000000000000000007C
:10790C00000000000000000000000000000000006B
:10791C00000000000000000000000000000000005B
:10792C00000000000000000000000000000000004B
:10793C00000000000000000000000000000000003B
:10794C00000000000000000000000000000000002B
:10795C00000000000000000000000000000000001B
:10796C00000000000000000000000000000000000B
:10797C0000000000000000000000000000000000FB
:10798C0000000000000000000000000000000000EB
:10799C0000000000000000000000000000000000DB
:1079AC0000000000000000000000000000000000CB
:1079BC0000000000000000000000000000000000BB
:1079CC0000000000000000000000000000000000AB
:1079DC00000000000000000000000000000000009B
:1079EC00000000000000000000000000000000008B
:1079FC00000000000000000000000000000000007B
:107A0C00000000000000000000000000000000006A
:107A1C00000000000000000000000000000000005A
:107A2C00000000000000000000000000000000004A
:107A3C00000000000000000000000000000000003A
:107A4C00000000000000000000000000000000002A
:107A5C00000000000000000000000000000000001A
:107A6C00000000000000000000000000000000000A
:107A7C0000000000000000000000000000000000FA
:107A8C0000000000000000000000000000000000EA
:107A9C0000000000000000000000000000000000DA
:107AAC0000000000000000000000000000000000CA
:107ABC0000000000000000000000000000000000BA
:107ACC0000000000000000000000000000000000AA
:107ADC00000000000000000000000000000000009A
:107AEC00000000000000000000000000000000008A
:107AFC00000000000000000000000000000000007A
:107B0C000000000000000000000000000000000069
:107B1C000000000000000000000000000000000059
:107B2C000000000000000000000000000000000049
:107B3C000000000000000000000000000000000039
:107B4C000000000000000000000000000000000029
:107B5C000000000000000000000000000000000019
:107B6C000000000000000000000000000000000009
:107B7C0000000000000000000000000000000000F9
:107B8C0000000000000000000000000000000000E9
:107B9C0000000000000000000000000000000000D9
:107BAC0000000000000000000000000000000000C9
:107BBC0000000000000000000000000000000000B9
:107BCC0000000000000000000000000000000000A9
:107BDC000000000000000000000000000000000099
:107BEC000000000000000000000000000000000089
:107BFC000000000000000000000000000000000079
:107C0C000000000000000000000000000000000068
:107C1C000000000000000000000000000000000058
:107C2C000000000000000000000000000000000048
:107C3C000000000000000000000000000000000038
:107C4C000000000000000000000000000000000028
:107C5C000000000000000000000000000000000018
:107C6C000000000000000000000000000000000008
:107C7C0000000000000000000000000000000000F8
:107C8C0000000000000000000000000000000000E8
:107C9C0000000000000000000000000000000000D8
:107CAC0000000000000000000000000000000000C8
:107CBC0000000000000000000000000000000000B8
:107CCC0000000000000000000000000000000000A8
:107CDC000000000000000000000000000000000098
:107CEC000000000000000000000000000000000088
:107CFC000000000000000000000000000000000078
:107D0C000000000000000000000000000000000067
:107D1C000000000000000000000000000000000057
:107D2C000000000000000000000000000000000047
:107D3C000000000000000000000000000000000037
:107D4C000000000000000000000000000000000027
:107D5C000000000000000000000000000000000017
:107D6C000000000000000000000000000000000007
:107D7C0000000000000000000000000000000000F7
:107D8C0000000000000000000000000000000000E7
:107D9C0000000000000000000000000000000000D7
:107DAC0000000000000000000000000000000000C7
:107DBC0000000000000000000000000000000000B7
:107DCC0000000000000000000000000000000000A7
:107DDC000000000000000000000000000000000097
:107DEC000000000000000000000000000000000087
:107DFC000000000000000000000000000000000077
:107E0C000000000000000000000000000000000066
:107E1C000000000000000000000000000000000056
:107E2C000000000000000000000000000000000046
:107E3C000000000000000000000000000000000036
:107E4C000000000000000000000000000000000026
:107E5C000000000000000000000000000000000016
:107E6C000000000000000000000000000000000006
:107E7C0000000000000000000000000000000000F6
:107E8C0000000000000000000000000000000000E6
:107E9C0000000000000000000000000000000000D6
:107EAC0000000000000000000000000000000000C6
:107EBC0000000000000000000000000000000000B6
:107ECC0000000000000000000000000000000000A6
:107EDC000000000000000000000000000000000096
:107EEC000000000000000000000000000000000086
:107EFC000000000000000000000000000000000076
:107F0C000000000000000000000000000000000065
:107F1C000000000000000000000000000000000055
:107F2C000000000000000000000000000000000045
:107F3C000000000000000000000000000000000035
:107F4C000000000000000000000000000000000025
:107F5C000000000000000000000000000000000015
:107F6C000000000000000000000000000000000005
:107F7C0000000000000000000000000000000000F5
:107F8C0000000000000000000000000000000000E5
:107F9C0000000000000000000000000000000000D5
:107FAC0000000000000000000000000000000000C5
:107FBC0000000000000000000000000000000000B5
:107FCC0000000000000000000000000000000000A5
:107FDC000000000000000000000000000000000095
:107FEC000000000000000000000000000000000085
:107FFC000000000000000000000000000000000075
:10800C000000000000000000000000000000000064
:10801C000000000000000000000000000000000054
:10802C000000000000000000000000000000000044
:10803C000000000000000000000000000000000034
:10804C000000000000000000000000000000000024
:10805C000000000000000000000000000000000014
:10806C000000000000000000000000000000000004
:10807C0000000000000000000000000000000000F4
:10808C0000000000000000000000000000000000E4
:10809C0000000000000000000000000000000000D4
:1080AC0000000000000000000000000000000000C4
:1080BC0000000000000000000000000000000000B4
:1080CC0000000000000000000000000000000000A4
:1080DC000000000000000000000000000000000094
:1080EC000000000000000000000000000000000084
:1080FC000000000000000000000000000000000074
:10810C000000000000000000000000000000000063
:10811C000000000000000000000000000000000053
:10812C000000000000000000000000000000000043
:10813C000000000000000000000000000000000033
:10814C000000000000000000000000000000000023
:10815C000000000000000000000000000000000013
:10816C000000000000000000000000000000000003
:10817C0000000000000000000000000000000000F3
:10818C0000000000000000000000000000000000E3
:10819C0000000000000000000000000000000000D3
:1081AC0000000000000000000000000000000000C3
:1081BC0000000000000000000000000000000000B3
:1081CC0000000000000000000000000000000000A3
:1081DC000000000000000000000000000000000093
:1081EC000000000000000000000000000000000083
:1081FC000000000000000000000000000000000073
:10820C000000000000000000000000000000000062
:10821C000000000000000000000000000000000052
:10822C000000000000000000000000000000000042
:10823C000000000000000000000000000000000032
:10824C000000000000000000000000000000000022
:10825C000000000000000000000000000000000012
:10826C000000000000000000000000000000000002
:10827C0000000000000000000000000000000000F2
:10828C0000000000000000000000000000000000E2
:10829C0000000000000000000000000000000000D2
:1082AC0000000000000000000000000000000000C2
:1082BC0000000000000000000000000000000000B2
:1082CC0000000000000000000000000000000000A2
:1082DC000000000000000000000000000000000092
:1082EC000000000000000000000000000000000082
:1082FC000000000000000000000000000000000072
:10830C000000000000000000000000000000000061
:10831C000000000000000000000000000000000051
:10832C000000000000000000000000000000000041
:10833C000000000000000000000000000000000031
:10834C000000000000000000000000000000000021
:10835C000000000000000000000000000000000011
:10836C000000000000000000000000000000000001
:10837C0000000000000000000000000000000000F1
:10838C0000000000000000000000000000000000E1
:10839C0000000000000000000000000000000000D1
:1083AC0000000000000000000000000000000000C1
:1083BC0000000000000000000000000000000000B1
:1083CC0000000000000000000000000000000000A1
:1083DC000000000000000000000000000000000091
:1083EC000000000000000000000000000000000081
:1083FC000000000000000000000000000000000071
:10840C000000000000000000000000000000000060
:10841C000000000000000000000000000000000050
:10842C000000000000000000000000000000000040
:10843C000000000000000000000000000000000030
:10844C000000000000000000000000000000000020
:10845C000000000000000000000000000000000010
:10846C000000000000000000000000000000000000
:10847C0000000000000000000000000000000000F0
:10848C0000000000000000000000000000000000E0
:10849C0000000000000000000000000000000000D0
:1084AC0000000000000000000000000000000000C0
:1084BC0000000000000000000000000000000000B0
:1084CC0000000000000000000000000000000000A0
:1084DC000000000000000000000000000000000090
:1084EC000000000000000000000000000000000080
:1084FC000000000000000000000000000000000070
:10850C00000000000000000000000000000000005F
:10851C00000000000000000000000000000000004F
:10852C00000000000000000000000000000000003F
:10853C00000000000000000000000000000000002F
:10854C00000000000000000000000000000000001F
:10855C00000000000000000000000000000000000F
:10856C0000000000000000000000000000000000FF
:10857C0000000000000000000000000000000000EF
:10858C0000000000000000000000000000000000DF
:10859C0000000000000000000000000000000000CF
:1085AC0000000000000000000000000000000000BF
:1085BC0000000000000000000000000000000000AF
:1085CC00000000000000000000000000000000009F
:1085DC00000000000000000000000000000000008F
:1085EC00000000000000000000000000000000007F
:1085FC00000000000000000000000000000000006F
:10860C00000000000000000000000000000000005E
:10861C00000000000000000000000000000000004E
:10862C00000000000000000000000000000000003E
:10863C00000000000000000000000000000000002E
:10864C00000000000000000000000000000000001E
:10865C00000000000000000000000000000000000E
:10866C0000000000000000000000000000000000FE
:10867C0000000000000000000000000000000000EE
:10868C0000000000000000000000000000000000DE
:10869C0000000000000000000000000000000000CE
:1086AC0000000000000000000000000000000000BE
:1086BC0000000000000000000000000000000000AE
:1086CC00000000000000000000000000000000009E
:1086DC00000000000000000000000000000000008E
:1086EC00000000000000000000000000000000007E
:1086FC00000000000000000000000000000000006E
:10870C00000000000000000000000000000000005D
:10871C00000000000000000000000000000000004D
:10872C00000000000000000000000000000000003D
:10873C00000000000000000000000000000000002D
:10874C00000000000000000000000000000000001D
:10875C00000000000000000000000000000000000D
:10876C0000000000000000000000000000000000FD
:10877C0000000000000000000000000000000000ED
:10878C0000000000000000000000000000000000DD
:10879C0000000000000000000000000000000000CD
:1087AC0000000000000000000000000000000000BD
:1087BC0000000000000000000000000000000000AD
:1087CC00000000000000000000000000000000009D
:1087DC00000000000000000000000000000000008D
:1087EC00000000000000000000000000000000007D
:1087FC00000000000000000000000000000000006D
:10880C00000000000000000000000000000000005C
:10881C00000000000000000000000000000000004C
:10882C00000000000000000000000000000000003C
:10883C00000000000000000000000000000000002C
:10884C00000000000000000000000000000000001C
:10885C00000000000000000000000000000000000C
:10886C0000000000000000000000000000000000FC
:10887C0000000000000000000000000000000000EC
:10888C0000000000000000000000000000000000DC
:10889C0000000000000000000000000000000000CC
:1088AC0000000000000000000000000000000000BC
:1088BC0000000000000000000000000000000000AC
:1088CC00000000000000000000000000000000009C
:1088DC00000000000000000000000000000000008C
:1088EC00000000000000000000000000000000007C
:1088FC00000000000000000000000000000000006C
:10890C00000000000000000000000000000000005B
:10891C00000000000000000000000000000000004B
:10892C00000000000000000000000000000000003B
:10893C00000000000000000000000000000000002B
:10894C00000000000000000000000000000000001B
:10895C00000000000000000000000000000000000B
:10896C0000000000000000000000000000000000FB
:10897C0000000000000000000000000000000000EB
:10898C0000000000000000000000000000000000DB
:10899C0000000000000000000000000000000000CB
:1089AC0000000000000000000000000000000000BB
:1089BC0000000000000000000000000000000000AB
:1089CC00000000000000000000000000000000009B
:1089DC00000000000000000000000000000000008B
:1089EC00000000000000000000000000000000007B
:1089FC00000000000000000000000000000000006B
:108A0C00000000000000000000000000000000005A
:108A1C00000000000000000000000000000000004A
:108A2C00000000000000000000000000000000003A
:108A3C00000000000000000000000000000000002A
:108A4C00000000000000000000000000000000001A
:108A5C00000000000000000000000000000000000A
:108A6C0000000000000000000000000000000000FA
:108A7C0000000000000000000000000000000000EA
:108A8C0000000000000000000000000000000000DA
:108A9C0000000000000000000000000000000000CA
:108AAC0000000000000000000000000000000000BA
:108ABC0000000000000000000000000000000000AA
:108ACC00000000000000000000000000000000009A
:108ADC00000000000000000000000000000000008A
:108AEC00000000000000000000000000000000007A
:108AFC00000000000000000000000000000000006A
:108B0C000000000000000000000000000000000059
:108B1C000000000000000000000000000000000049
:108B2C000000000000000000000000000000000039
:108B3C000000000000000000000000000000000029
:108B4C000000000000000000000000000000000019
:108B5C000000000000000000000000000000000009
:108B6C0000000000000000000000000000000000F9
:108B7C0000000000000000000000000000000000E9
:108B8C0000000000000000000000000000000000D9
:108B9C0000000000000000000000000000000000C9
:108BAC0000000000000000000000000000000000B9
:108BBC0000000000000000000000000000000000A9
:108BCC000000000000000000000000000000000099
:108BDC000000000000000000000000000000000089
:108BEC000000000000000000000000000000000079
:108BFC000000000000000000000000000000000069
:108C0C000000000000000000000000000000000058
:108C1C000000000000000000000000000000000048
:108C2C000000000000000000000000000000000038
:108C3C000000000000000000000000000000000028
:108C4C000000000000000000000000000000000018
:108C5C000000000000000000000000000000000008
:108C6C0000000000000000000000000000000000F8
:108C7C0000000000000000000000000000000000E8
:108C8C0000000000000000000000000000000000D8
:108C9C0000000000000000000000000000000000C8
:108CAC0000000000000000000000000000000000B8
:108CBC0000000000000000000000000000000000A8
:108CCC000000000000000000000000000000000098
:108CDC000000000000000000000000000000000088
:108CEC000000000000000000000000000000000078
:108CFC000000000000000000000000000000000068
:108D0C000000000000000000000000000000000057
:108D1C000000000000000000000000000000000047
:108D2C000000000000000000000000000000000037
:108D3C000000000000000000000000000000000027
:108D4C000000000000000000000000000000000017
:108D5C000000000000000000000000000000000007
:108D6C0000000000000000000000000000000000F7
:108D7C0000000000000000000000000000000000E7
:108D8C0000000000000000000000000000000000D7
:108D9C0000000000000000000000000000000000C7
:108DAC0000000000000000000000000000000000B7
:108DBC0000000000000000000000000000000000A7
:108DCC000000000000000000000000000000000097
:108DDC000000000000000000000000000000000087
:108DEC000000000000000000000000000000000077
:108DFC000000000000000000000000000000000067
:108E0C000000000000000000000000000000000056
:108E1C000000000000000000000000000000000046
:108E2C000000000000000000000000000000000036
:108E3C000000000000000000000000000000000026
:108E4C000000000000000000000000000000000016
:108E5C000000000000000000000000000000000006
:108E6C0000000000000000000000000000000000F6
:108E7C0000000000000000000000000000000000E6
:108E8C0000000000000000000000000000000000D6
:108E9C0000000000000000000000000000000000C6
:108EAC0000000000000000000000000000000000B6
:108EBC0000000000000000000000000000000000A6
:108ECC000000000000000000000000000000000096
:108EDC000000000000000000000000000000000086
:108EEC000000000000000000000000000000000076
:108EFC000000000000000000000000000000000066
:108F0C000000000000000000000000000000000055
:108F1C000000000000000000000000000000000045
:108F2C000000000000000000000000000000000035
:108F3C000000000000000000000000000000000025
:108F4C000000000000000000000000000000000015
:108F5C000000000000000000000000000000000005
:108F6C0000000000000000000000000000000000F5
:108F7C0000000000000000000000000000000000E5
:108F8C0000000000000000000000000000000000D5
:108F9C0000000000000000000000000000000000C5
:108FAC0000000000000000000000000000000000B5
:108FBC0000000000000000000000000000000000A5
:108FCC000000000000000000000000000000000095
:108FDC000000000000000000000000000000000085
:108FEC000000000000000000000000000000000075
:108FFC000000000000000000000000000000000065
:10900C000000000000000000000000000000000054
:10901C000000000000000000000000000000000044
:10902C000000000000000000000000000000000034
:10903C000000000000000000000000000000000024
:10904C000000000000000000000000000000000014
:10905C000000000000000000000000000000000004
:10906C0000000000000000000000000000000000F4
:10907C0000000000000000000000000000000000E4
:10908C0000000000000000000000000000000000D4
:10909C0000000000000000000000000000000000C4
:1090AC0000000000000000000000000000000000B4
:1090BC0000000000000000000000000000000000A4
:1090CC000000000000000000000000000000000094
:1090DC000000000000000000000000000000000084
:1090EC000000000000000000000000000000000074
:1090FC000000000000000000000000000000000064
:10910C000000000000000000000000000000000053
:10911C000000000000000000000000000000000043
:10912C000000000000000000000000000000000033
:10913C000000000000000000000000000000000023
:10914C000000000000000000000000000000000013
:10915C000000000000000000000000000000000003
:10916C0000000000000000000000000000000000F3
:10917C0000000000000000000000000000000000E3
:10918C0000000000000000000000000000000000D3
:10919C0000000000000000000000000000000000C3
:1091AC0000000000000000000000000000000000B3
:1091BC0000000000000000000000000000000000A3
:1091CC000000000000000000000000000000000093
:1091DC000000000000000000000000000000000083
:1091EC000000000000000000000000000000000073
:1091FC000000000000000000000000000000000063
:10920C000000000000000000000000000000000052
:10921C000000000000000000000000000000000042
:10922C000000000000000000000000000000000032
:10923C000000000000000000000000000000000022
:10924C000000000000000000000000000000000012
:10925C000000000000000000000000000000000002
:10926C0000000000000000000000000000000000F2
:10927C0000000000000000000000000000000000E2
:10928C0000000000000000000000000000000000D2
:10929C0000000000000000000000000000000000C2
:1092AC0000000000000000000000000000000000B2
:1092BC0000000000000000000000000000000000A2
:1092CC000000000000000000000000000000000092
:1092DC000000000000000000000000000000000082
:1092EC000000000000000000000000000000000072
:1092FC000000000000000000000000000000000062
:10930C000000000000000000000000000000000051
:10931C000000000000000000000000000000000041
:10932C000000000000000000000000000000000031
:10933C000000000000000000000000000000000021
:10934C000000000000000000000000000000000011
:10935C000000000000000000000000000000000001
:10936C0000000000000000000000000000000000F1
:10937C0000000000000000000000000000000000E1
:10938C0000000000000000000000000000000000D1
:10939C0000000000000000000000000000000000C1
:1093AC0000000000000000000000000000000000B1
:1093BC0000000000000000000000000000000000A1
:1093CC000000000000000000000000000000000091
:1093DC000000000000000000000000000000000081
:1093EC000000000000000000000000000000000071
:1093FC000000000000000000000000000000000061
:10940C000000000000000000000000000000000050
:10941C000000000000000000000000000000000040
:10942C000000000000000000000000000000000030
:10943C000000000000000000000000000000000020
:10944C000000000000000000000000000000000010
:10945C000000000000000000000000000000000000
:10946C0000000000000000000000000000000000F0
:10947C0000000000000000000000000000000000E0
:10948C0000000000000000000000000000000000D0
:10949C0000000000000000000000000000000000C0
:1094AC0000000000000000000000000000000000B0
:1094BC0000000000000000000000000000000000A0
:1094CC000000000000000000000000000000000090
:1094DC000000000000000000000000000000000080
:1094EC000000000000000000000000000000000070
:1094FC000000000000000000000000000000000060
:10950C00000000000000000000000000000000004F
:10951C00000000000000000000000000000000003F
:10952C00000000000000000000000000000000002F
:10953C00000000000000000000000000000000001F
:10954C00000000000000000000000000000000000F
:10955C0000000000000000000000000000000000FF
:10956C0000000000000000000000000000000000EF
:10957C0000000000000000000000000000000000DF
:10958C0000000000000000000000000000000000CF
:10959C0000000000000000000000000000000000BF
:1095AC0000000000000000000000000000000000AF
:1095BC00000000000000000000000000000000009F
:1095CC00000000000000000000000000000000008F
:1095DC00000000000000000000000000000000007F
:1095EC00000000000000000000000000000000006F
:1095FC00000000000000000000000000000000005F
:10960C00000000000000000000000000000000004E
:10961C00000000000000000000000000000000003E
:10962C00000000000000000000000000000000002E
:10963C00000000000000000000000000000000001E
:10964C00000000000000000000000000000000000E
:10965C0000000000000000000000000000000000FE
:10966C0000000000000000000000000000000000EE
:10967C0000000000000000000000000000000000DE
:10968C0000000000000000000000000000000000CE
:10969C0000000000000000000000000000000000BE
:1096AC0000000000000000000000000000000000AE
:1096BC00000000000000000000000000000000009E
:1096CC00000000000000000000000000000000008E
:1096DC00000000000000000000000000000000007E
:1096EC00000000000000000000000000000000006E
:1096FC00000000000000000000000000000000005E
:10970C00000000000000000000000000000000004D
:10971C00000000000000000000000000000000003D
:10972C00000000000000000000000000000000002D
:10973C00000000000000000000000000000000001D
:10974C00000000000000000000000000000000000D
:10975C0000000000000000000000000000000000FD
:10976C0000000000000000000000000000000000ED
:10977C0000000000000000000000000000000000DD
:10978C0000000000000000000000000000000000CD
:10979C0000000000000000000000000000000000BD
:1097AC0000000000000000000000000000000000AD
:1097BC00000000000000000000000000000000009D
:1097CC00000000000000000000000000000000008D
:1097DC00000000000000000000000000000000007D
:1097EC00000000000000000000000000000000006D
:1097FC00000000000000000000000000000000005D
:10980C00000000000000000000000000000000004C
:10981C00000000000000000000000000000000003C
:10982C00000000000000000000000000000000002C
:10983C00000000000000000000000000000000001C
:10984C00000000000000000000000000000000000C
:10985C0000000000000000000000000000000000FC
:10986C0000000000000000000000000000000000EC
:10987C0000000000000000000000000000000000DC
:10988C0000000000000000000000000000000000CC
:10989C0000000000000000000000000000000000BC
:1098AC0000000000000000000000000000000000AC
:1098BC00000000000000000000000000000000009C
:1098CC00000000000000000000000000000000008C
:1098DC00000000000000000000000000000000007C
:1098EC00000000000000000000000000000000006C
:1098FC00000000000000000000000000000000005C
:10990C00000000000000000000000000000000004B
:10991C00000000000000000000000000000000003B
:10992C00000000000000000000000000000000002B
:10993C00000000000000000000000000000000001B
:10994C00000000000000000000000000000000000B
:10995C0000000000000000000000000000000000FB
:10996C0000000000000000000000000000000000EB
:10997C0000000000000000000000000000000000DB
:10998C0000000000000000000000000000000000CB
:10999C0000000000000000000000000000000000BB
:1099AC0000000000000000000000000000000000AB
:1099BC00000000000000000000000000000000009B
:1099CC00000000000000000000000000000000008B
:1099DC00000000000000000000000000000000007B
:1099EC00000000000000000000000000000000006B
:1099FC00000000000000000000000000000000005B
:109A0C00000000000000000000000000000000004A
:109A1C00000000000000000000000000000000003A
:109A2C00000000000000000000000000000000002A
:109A3C00000000000000000000000000000000001A
:109A4C00000000000000000000000000000000000A
:109A5C0000000000000000000000000000000000FA
:109A6C0000000000000000000000000000000000EA
:109A7C0000000000000000000000000000000000DA
:109A8C0000000000000000000000000000000000CA
:109A9C0000000000000000000000000000000000BA
:109AAC0000000000000000000000000000000000AA
:109ABC00000000000000000000000000000000009A
:109ACC00000000000000000000000000000000008A
:109ADC00000000000000000000000000000000007A
:109AEC00000000000000000000000000000000006A
:109AFC00000000000000000000000000000000005A
:109B0C000000000000000000000000000000000049
:109B1C000000000000000000000000000000000039
:109B2C000000000000000000000000000000000029
:109B3C000000000000000000000000000000000019
:109B4C000000000000000000000000000000000009
:109B5C0000000000000000000000000000000000F9
:109B6C0000000000000000000000000000000000E9
:109B7C0000000000000000000000000000000000D9
:109B8C0000000000000000000000000000000000C9
:109B9C0000000000000000000000000000000000B9
:109BAC0000000000000000000000000000000000A9
:109BBC000000000000000000000000000000000099
:109BCC000000000000000000000000000000000089
:109BDC000000000000000000000000000000000079
:109BEC000000000000000000000000000000000069
:109BFC000000000000000000000000000000000059
:109C0C000000000000000000000000000000000048
:109C1C000000000000000000000000000000000038
:109C2C000000000000000000000000000000000028
:109C3C000000000000000000000000000000000018
:109C4C000000000000000000000000000000000008
:109C5C0000000000000000000000000000000000F8
:109C6C0000000000000000000000000000000000E8
:109C7C0000000000000000000000000000000000D8
:109C8C0000000000000000000000000000000000C8
:109C9C0000000000000000000000000000000000B8
:109CAC0000000000000000000000000000000000A8
:109CBC000000000000000000000000000000000098
:109CCC000000000000000000000000000000000088
:109CDC000000000000000000000000000000000078
:109CEC000000000000000000000000000000000068
:109CFC000000000000000000000000000000000058
:109D0C000000000000000000000000000000000047
:109D1C000000000000000000000000000000000037
:109D2C000000000000000000000000000000000027
:109D3C000000000000000000000000000000000017
:109D4C000000000000000000000000000000000007
:109D5C0000000000000000000000000000000000F7
:109D6C0000000000000000000000000000000000E7
:109D7C0000000000000000000000000000000000D7
:109D8C0000000000000000000000000000000000C7
:109D9C0000000000000000000000000000000000B7
:109DAC0000000000000000000000000000000000A7
:109DBC000000000000000000000000000000000097
:109DCC000000000000000000000000000000000087
:109DDC000000000000000000000000000000000077
:109DEC000000000000000000000000000000000067
:109DFC000000000000000000000000000000000057
:109E0C000000000000000000000000000000000046
:109E1C000000000000000000000000000000000036
:109E2C000000000000000000000000000000000026
:109E3C000000000000000000000000000000000016
:109E4C000000000000000000000000000000000006
:109E5C0000000000000000000000000000000000F6
:109E6C0000000000000000000000000000000000E6
:109E7C0000000000000000000000000000000000D6
:109E8C0000000000000000000000000000000000C6
:109E9C0000000000000000000000000000000000B6
:109EAC0000000000000000000000000000000000A6
:109EBC000000000000000000000000000000000096
:109ECC000000000000000000000000000000000086
:109EDC000000000000000000000000000000000076
:109EEC000000000000000000000000000000000066
:109EFC000000000000000000000000000000000056
:109F0C000000000000000000000000000000000045
:109F1C000000000000000000000000000000000035
:109F2C000000000000000000000000000000000025
:109F3C000000000000000000000000000000000015
:109F4C000000000000000000000000000000000005
:109F5C0000000000000000000000000000000000F5
:109F6C0000000000000000000000000000000000E5
:109F7C0000000000000000000000000000000000D5
:109F8C0000000000000000000000000000000000C5
:109F9C0000000000000000000000000000000000B5
:109FAC0000000000000000000000000000000000A5
:109FBC000000000000000000000000000000000095
:109FCC000000000000000000000000000000000085
:109FDC000000000000000000000000000000000075
:109FEC000000000000000000000000000000000065
:109FFC000000000000000000000000000000000055
:10A00C000000000000000000000000000000000044
:10A01C000000000000000000000000000000000034
:10A02C000000000000000000000000000000000024
:10A03C000000000000000000000000000000000014
:10A04C000000000000000000000000000000000004
:10A05C0000000000000000000000000000000000F4
:10A06C0000000000000000000000000000000000E4
:10A07C0000000000000000000000000000000000D4
:10A08C0000000000000000000000000000000000C4
:10A09C0000000000000000000000000000000000B4
:10A0AC0000000000000000000000000000000000A4
:10A0BC000000000000000000000000000000000094
:10A0CC000000000000000000000000000000000084
:10A0DC000000000000000000000000000000000074
:10A0EC000000000000000000000000000000000064
:10A0FC000000000000000000000000000000000054
:10A10C000000000000000000000000000000000043
:10A11C000000000000000000000000000000000033
:10A12C000000000000000000000000000000000023
:10A13C000000000000000000000000000000000013
:10A14C000000000000000000000000000000000003
:10A15C0000000000000000000000000000000000F3
:10A16C0000000000000000000000000000000000E3
:10A17C0000000000000000000000000000000000D3
:10A18C0000000000000000000000000000000000C3
:10A19C0000000000000000000000000000000000B3
:10A1AC0000000000000000000000000000000000A3
:10A1BC000000000000000000000000000000000093
:10A1CC000000000000000000000000000000000083
:10A1DC000000000000000000000000000000000073
:10A1EC000000000000000000000000000000000063
:10A1FC000000000000000000000000000000000053
:10A20C000000000000000000000000000000000042
:10A21C000000000000000000000000000000000032
:10A22C000000000000000000000000000000000022
:10A23C000000000000000000000000000000000012
:10A24C000000000000000000000000000000000002
:10A25C0000000000000000000000000000000000F2
:10A26C0000000000000000000000000000000000E2
:10A27C0000000000000000000000000000000000D2
:10A28C0000000000000000000000000000000000C2
:10A29C0000000000000000000000000000000000B2
:10A2AC0000000000000000000000000000000000A2
:10A2BC000000000000000000000000000000000092
:10A2CC000000000000000000000000000000000082
:10A2DC000000000000000000000000000000000072
:10A2EC000000000000000000000000000000000062
:10A2FC000000000000000000000000000000000052
:10A30C000000000000000000000000000000000041
:10A31C000000000000000000000000000000000031
:10A32C000000000000000000000000000000000021
:10A33C000000000000000000000000000000000011
:10A34C000000000000000000000000000000000001
:10A35C0000000000000000000000000000000000F1
:10A36C0000000000000000000000000000000000E1
:10A37C0000000000000000000000000000000000D1
:10A38C0000000000000000000000000000000000C1
:10A39C0000000000000000000000000000000000B1
:10A3AC0000000000000000000000000000000000A1
:10A3BC000000000000000000000000000000000091
:10A3CC000000000000000000000000000000000081
:10A3DC000000000000000000000000000000000071
:10A3EC000000000000000000000000000000000061
:10A3FC000000000000000000000000000000000051
:10A40C000000000000000000000000000000000040
:10A41C000000000000000000000000000000000030
:10A42C000000000000000000000000000000000020
:10A43C000000000000000000000000000000000010
:10A44C000000000000000000000000000000000000
:10A45C0000000000000000000000000000000000F0
:10A46C0000000000000000000000000000000000E0
:10A47C0000000000000000000000000000000000D0
:10A48C0000000000000000000000000000000000C0
:10A49C0000000000000000000000000000000000B0
:10A4AC0000000000000000000000000000000000A0
:10A4BC000000000000000000000000000000000090
:10A4CC000000000000000000000000000000000080
:10A4DC000000000000000000000000000000000070
:10A4EC000000000000000000000000000000000060
:10A4FC000000000000000000000000000000000050
:10A50C00000000000000000000000000000000003F
:10A51C00000000000000000000000000000000002F
:10A52C00000000000000000000000000000000001F
:10A53C00000000000000000000000000000000000F
:10A54C0000000000000000000000000000000000FF
:10A55C0000000000000000000000000000000000EF
:10A56C0000000000000000000000000000000000DF
:10A57C0000000000000000000000000000000000CF
:10A58C0000000000000000000000000000000000BF
:10A59C0000000000000000000000000000000000AF
:10A5AC00000000000000000000000000000000009F
:10A5BC00000000000000000000000000000000008F
:10A5CC00000000000000000000000000000000007F
:10A5DC00000000000000000000000000000000006F
:10A5EC00000000000000000000000000000000005F
:10A5FC00000000000000000000000000000000004F
:10A60C00000000000000000000000000000000003E
:10A61C00000000000000000000000000000000002E
:10A62C00000000000000000000000000000000001E
:10A63C00000000000000000000000000000000000E
:10A64C0000000000000000000000000000000000FE
:10A65C0000000000000000000000000000000000EE
:10A66C0000000000000000000000000000000000DE
:10A67C0000000000000000000000000000000000CE
:10A68C0000000000000000000000000000000000BE
:10A69C0000000000000000000000000000000000AE
:10A6AC00000000000000000000000000000000009E
:10A6BC00000000000000000000000000000000008E
:10A6CC00000000000000000000000000000000007E
:10A6DC00000000000000000000000000000000006E
:10A6EC00000000000000000000000000000000005E
:10A6FC00000000000000000000000000000000004E
:10A70C00000000000000000000000000000000003D
:10A71C00000000000000000000000000000000002D
:10A72C00000000000000000000000000000000001D
:10A73C00000000000000000000000000000000000D
:10A74C0000000000000000000000000000000000FD
:10A75C0000000000000000000000000000000000ED
:10A76C0000000000000000000000000000000000DD
:10A77C0000000000000000000000000000000000CD
:10A78C0000000000000000000000000000000000BD
:10A79C0000000000000000000000000000000000AD
:10A7AC00000000000000000000000000000000009D
:10A7BC00000000000000000000000000000000008D
:10A7CC00000000000000000000000000000000007D
:10A7DC00000000000000000000000000000000006D
:10A7EC00000000000000000000000000000000005D
:10A7FC00000000000000000000000000000000004D
:10A80C00000000000000000000000000000000003C
:10A81C00000000000000000000000000000000002C
:10A82C00000000000000000000000000000000001C
:10A83C00000000000000000000000000000000000C
:10A84C0000000000000000000000000000000000FC
:10A85C0000000000000000000000000000000000EC
:10A86C0000000000000000000000000000000000DC
:10A87C0000000000000000000000000000000000CC
:10A88C0000000000000000000000000000000000BC
:10A89C0000000000000000000000000000000000AC
:10A8AC00000000000000000000000000000000009C
:10A8BC00000000000000000000000000000000008C
:10A8CC00000000000000000000000000000000007C
:10A8DC00000000000000000000000000000000006C
:10A8EC00000000000000000000000000000000005C
:10A8FC00000000000000000000000000000000004C
:10A90C00000000000000000000000000000000003B
:10A91C00000000000000000000000000000000002B
:10A92C00000000000000000000000000000000001B
:10A93C00000000000000000000000000000000000B
:10A94C0000000000000000000000000000000000FB
:10A95C0000000000000000000000000000000000EB
:10A96C0000000000000000000000000000000000DB
:10A97C0000000000000000000000000000000000CB
:10A98C0000000000000000000000000000000000BB
:10A99C0000000000000000000000000000000000AB
:10A9AC00000000000000000000000000000000009B
:10A9BC00000000000000000000000000000000008B
:10A9CC00000000000000000000000000000000007B
:10A9DC00000000000000000000000000000000006B
:10A9EC00000000000000000000000000000000005B
:10A9FC00000000000000000000000000000000004B
:10AA0C00000000000000000000000000000000003A
:10AA1C00000000000000000000000000000000002A
:10AA2C00000000000000000000000000000000001A
:10AA3C00000000000000000000000000000000000A
:10AA4C0000000000000000000000000000000000FA
:10AA5C0000000000000000000000000000000000EA
:10AA6C0000000000000000000000000000000000DA
:10AA7C0000000000000000000000000000000000CA
:10AA8C0000000000000000000000000000000000BA
:10AA9C0000000000000000000000000000000000AA
:10AAAC00000000000000000000000000000000009A
:10AABC00000000000000000000000000000000008A
:10AACC00000000000000000000000000000000007A
:10AADC00000000000000000000000000000000006A
:10AAEC00000000000000000000000000000000005A
:10AAFC00000000000000000000000000000000004A
:10AB0C000000000000000000000000000000000039
:10AB1C000000000000000000000000000000000029
:10AB2C000000000000000000000000000000000019
:10AB3C000000000000000000000000000000000009
:10AB4C0000000000000000000000000000000000F9
:10AB5C0000000000000000000000000000000000E9
:10AB6C0000000000000000000000000000000000D9
:10AB7C0000000000000000000000000000000000C9
:10AB8C0000000000000000000000000000000000B9
:10AB9C0000000000000000000000000000000000A9
:10ABAC000000000000000000000000000000000099
:10ABBC000000000000000000000000000000000089
:10ABCC000000000000000000000000000000000079
:10ABDC000000000000000000000000000000000069
:10ABEC000000000000000000000000000000000059
:10ABFC000000000000000000000000000000000049
:10AC0C000000000000000000000000000000000038
:10AC1C000000000000000000000000000000000028
:10AC2C000000000000000000000000000000000018
:10AC3C000000000000000000000000000000000008
:10AC4C0000000000000000000000000000000000F8
:10AC5C0000000000000000000000000000000000E8
:10AC6C0000000000000000000000000000000000D8
:10AC7C0000000000000000000000000000000000C8
:10AC8C0000000000000000000000000000000000B8
:10AC9C0000000000000000000000000000000000A8
:10ACAC000000000000000000000000000000000098
:10ACBC000000000000000000000000000000000088
:10ACCC000000000000000000000000000000000078
:10ACDC000000000000000000000000000000000068
:10ACEC000000000000000000000000000000000058
:10ACFC000000000000000000000000000000000048
:10AD0C000000000000000000000000000000000037
:10AD1C000000000000000000000000000000000027
:10AD2C000000000000000000000000000000000017
:10AD3C000000000000000000000000000000000007
:10AD4C0000000000000000000000000000000000F7
:10AD5C0000000000000000000000000000000000E7
:10AD6C0000000000000000000000000000000000D7
:10AD7C0000000000000000000000000000000000C7
:10AD8C0000000000000000000000000000000000B7
:10AD9C0000000000000000000000000000000000A7
:10ADAC000000000000000000000000000000000097
:10ADBC000000000000000000000000000000000087
:10ADCC000000000000000000000000000000000077
:10ADDC000000000000000000000000000000000067
:10ADEC000000000000000000000000000000000057
:10ADFC000000000000000000000000000000000047
:10AE0C000000000000000000000000000000000036
:10AE1C000000000000000000000000000000000026
:10AE2C000000000000000000000000000000000016
:10AE3C000000000000000000000000000000000006
:10AE4C0000000000000000000000000000000000F6
:10AE5C0000000000000000000000000000000000E6
:10AE6C0000000000000000000000000000000000D6
:10AE7C0000000000000000000000000000000000C6
:10AE8C0000000000000000000000000000000000B6
:10AE9C0000000000000000000000000000000000A6
:10AEAC000000000000000000000000000000000096
:10AEBC000000000000000000000000000000000086
:10AECC000000000000000000000000000000000076
:10AEDC000000000000000000000000000000000066
:10AEEC000000000000000000000000000000000056
:10AEFC000000000000000000000000000000000046
:10AF0C000000000000000000000000000000000035
:10AF1C000000000000000000000000000000000025
:10AF2C000000000000000000000000000000000015
:10AF3C000000000000000000000000000000000005
:10AF4C0000000000000000000000000000000000F5
:10AF5C0000000000000000000000000000000000E5
:10AF6C0000000000000000000000000000000000D5
:10AF7C0000000000000000000000000000000000C5
:10AF8C0000000000000000000000000000000000B5
:10AF9C0000000000000000000000000000000000A5
:10AFAC000000000000000000000000000000000095
:10AFBC000000000000000000000000000000000085
:10AFCC000000000000000000000000000000000075
:10AFDC000000000000000000000000000000000065
:10AFEC000000000000000000000000000000000055
:10AFFC000000000000000000000000000000000045
:10B00C000000000000000000000000000000000034
:10B01C000000000000000000000000000000000024
:10B02C000000000000000000000000000000000014
:10B03C000000000000000000000000000000000004
:10B04C0000000000000000000000000000000000F4
:10B05C0000000000000000000000000000000000E4
:10B06C0000000000000000000000000000000000D4
:10B07C0000000000000000000000000000000000C4
:10B08C0000000000000000000000000000000000B4
:10B09C0000000000000000000000000000000000A4
:10B0AC000000000000000000000000000000000094
:10B0BC000000000000000000000000000000000084
:10B0CC000000000000000000000000000000000074
:10B0DC000000000000000000000000000000000064
:10B0EC000000000000000000000000000000000054
:10B0FC000000000000000000000000000000000044
:10B10C000000000000000000000000000000000033
:10B11C000000000000000000000000000000000023
:10B12C000000000000000000000000000000000013
:10B13C000000000000000000000000000000000003
:10B14C0000000000000000000000000000000000F3
:10B15C0000000000000000000000000000000000E3
:10B16C0000000000000000000000000000000000D3
:10B17C0000000000000000000000000000000000C3
:10B18C0000000000000000000000000000000000B3
:10B19C0000000000000000000000000000000000A3
:10B1AC000000000000000000000000000000000093
:10B1BC000000000000000000000000000000000083
:10B1CC000000000000000000000000000000000073
:10B1DC000000000000000000000000000000000063
:10B1EC000000000000000000000000000000000053
:10B1FC000000000000000000000000000000000043
:10B20C000000000000000000000000000000000032
:10B21C000000000000000000000000000000000022
:10B22C000000000000000000000000000000000012
:10B23C000000000000000000000000000000000002
:10B24C0000000000000000000000000000000000F2
:10B25C0000000000000000000000000000000000E2
:10B26C0000000000000000000000000000000000D2
:10B27C0000000000000000000000000000000000C2
:10B28C0000000000000000000000000000000000B2
:10B29C0000000000000000000000000000000000A2
:10B2AC000000000000000000000000000000000092
:10B2BC000000000000000000000000000000000082
:10B2CC000000000000000000000000000000000072
:10B2DC000000000000000000000000000000000062
:10B2EC000000000000000000000000000000000052
:10B2FC000000000000000000000000000000000042
:10B30C000000000000000000000000000000000031
:10B31C000000000000000000000000000000000021
:10B32C000000000000000000000000000000000011
:10B33C000000000000000000000000000000000001
:10B34C0000000000000000000000000000000000F1
:10B35C0000000000000000000000000000000000E1
:10B36C0000000000000000000000000000000000D1
:10B37C0000000000000000000000000000000000C1
:10B38C0000000000000000000000000000000000B1
:10B39C0000000000000000000000000000000000A1
:10B3AC000000000000000000000000000000000091
:10B3BC000000000000000000000000000000000081
:10B3CC000000000000000000000000000000000071
:10B3DC000000000000000000000000000000000061
:10B3EC000000000000000000000000000000000051
:10B3FC000000000000000000000000000000000041
:10B40C000000000000000000000000000000000030
:10B41C000000000000000000000000000000000020
:10B42C000000000000000000000000000000000010
:10B43C000000000000000000000000000000000000
:10B44C0000000000000000000000000000000000F0
:10B45C0000000000000000000000000000000000E0
:10B46C0000000000000000000000000000000000D0
:10B47C0000000000000000000000000000000000C0
:10B48C0000000000000000000000000000000000B0
:10B49C0000000000000000000000000000000000A0
:10B4AC000000000000000000000000000000000090
:10B4BC000000000000000000000000000000000080
:10B4CC000000000000000000000000000000000070
:10B4DC000000000000000000000000000000000060
:10B4EC000000000000000000000000000000000050
:10B4FC000000000000000000000000000000000040
:10B50C00000000000000000000000000000000002F
:10B51C00000000000000000000000000000000001F
:10B52C00000000000000000000000000000000000F
:10B53C0000000000000000000000000000000000FF
:10B54C0000000000000000000000000000000000EF
:10B55C0000000000000000000000000000000000DF
:10B56C0000000000000000000000000000000000CF
:10B57C0000000000000000000000000000000000BF
:10B58C0000000000000000000000000000000000AF
:10B59C00000000000000000000000000000000009F
:10B5AC00000000000000000000000000000000008F
:10B5BC00000000000000000000000000000000007F
:10B5CC00000000000000000000000000000000006F
:10B5DC00000000000000000000000000000000005F
:10B5EC00000000000000000000000000000000004F
:10B5FC00000000000000000000000000000000003F
:10B60C00000000000000000000000000000000002E
:10B61C00000000000000000000000000000000001E
:10B62C00000000000000000000000000000000000E
:10B63C0000000000000000000000000000000000FE
:10B64C0000000000000000000000000000000000EE
:10B65C0000000000000000000000000000000000DE
:10B66C0000000000000000000000000000000000CE
:10B67C0000000000000000000000000000000000BE
:10B68C0000000000000000000000000000000000AE
:10B69C00000000000000000000000000000000009E
:10B6AC00000000000000000000000000000000008E
:10B6BC00000000000000000000000000000000007E
:10B6CC00000000000000000000000000000000006E
:10B6DC00000000000000000000000000000000005E
:10B6EC00000000000000000000000000000000004E
:10B6FC00000000000000000000000000000000003E
:10B70C00000000000000000000000000000000002D
:10B71C00000000000000000000000000000000001D
:10B72C00000000000000000000000000000000000D
:10B73C0000000000000000000000000000000000FD
:10B74C0000000000000000000000000000000000ED
:10B75C0000000000000000000000000000000000DD
:10B76C0000000000000000000000000000000000CD
:10B77C0000000000000000000000000000000000BD
:10B78C0000000000000000000000000000000000AD
:10B79C00000000000000000000000000000000009D
:10B7AC00000000000000000000000000000000008D
:10B7BC00000000000000000000000000000000007D
:10B7CC00000000000000000000000000000000006D
:10B7DC00000000000000000000000000000000005D
:10B7EC00000000000000000000000000000000004D
:10B7FC00000000000000000000000000000000003D
:10B80C00000000000000000000000000000000002C
:10B81C00000000000000000000000000000000001C
:10B82C00000000000000000000000000000000000C
:10B83C0000000000000000000000000000000000FC
:10B84C0000000000000000000000000000000000EC
:10B85C0000000000000000000000000000000000DC
:10B86C0000000000000000000000000000000000CC
:10B87C0000000000000000000000000000000000BC
:10B88C0000000000000000000000000000000000AC
:10B89C00000000000000000000000000000000009C
:10B8AC00000000000000000000000000000000008C
:10B8BC00000000000000000000000000000000007C
:10B8CC00000000000000000000000000000000006C
:10B8DC00000000000000000000000000000000005C
:10B8EC00000000000000000000000000000000004C
:10B8FC00000000000000000000000000000000003C
:10B90C00000000000000000000000000000000002B
:10B91C00000000000000000000000000000000001B
:10B92C00000000000000000000000000000000000B
:10B93C0000000000000000000000000000000000FB
:10B94C0000000000000000000000000000000000EB
:10B95C0000000000000000000000000000000000DB
:10B96C0000000000000000000000000000000000CB
:10B97C0000000000000000000000000000000000BB
:10B98C0000000000000000000000000000000000AB
:10B99C00000000000000000000000000000000009B
:10B9AC00000000000000000000000000000000008B
:10B9BC00000000000000000000000000000000007B
:10B9CC00000000000000000000000000000000006B
:10B9DC00000000000000000000000000000000005B
:10B9EC00000000000000000000000000000000004B
:10B9FC00000000000000000000000000000000003B
:10BA0C00000000000000000000000000000000002A
:10BA1C00000000000000000000000000000000001A
:10BA2C00000000000000000000000000000000000A
:10BA3C0000000000000000000000000000000000FA
:10BA4C0000000000000000000000000000000000EA
:10BA5C0000000000000000000000000000000000DA
:10BA6C0000000000000000000000000000000000CA
:10BA7C0000000000000000000000000000000000BA
:10BA8C0000000000000000000000000000000000AA
:10BA9C00000000000000000000000000000000009A
:10BAAC00000000000000000000000000000000008A
:10BABC00000000000000000000000000000000007A
:10BACC00000000000000000000000000000000006A
:10BADC00000000000000000000000000000000005A
:10BAEC00000000000000000000000000000000004A
:10BAFC00000000000000000000000000000000003A
:10BB0C000000000000000000000000000000000029
:10BB1C000000000000000000000000000000000019
:10BB2C000000000000000000000000000000000009
:10BB3C0000000000000000000000000000000000F9
:10BB4C0000000000000000000000000000000000E9
:10BB5C0000000000000000000000000000000000D9
:10BB6C0000000000000000000000000000000000C9
:10BB7C0000000000000000000000000000000000B9
:10BB8C0000000000000000000000000000000000A9
:10BB9C000000000000000000000000000000000099
:10BBAC000000000000000000000000000000000089
:10BBBC000000000000000000000000000000000079
:10BBCC000000000000000000000000000000000069
:10BBDC000000000000000000000000000000000059
:10BBEC000000000000000000000000000000000049
:10BBFC000000000000000000000000000000000039
:10BC0C000000000000000000000000000000000028
:10BC1C000000000000000000000000000000000018
:10BC2C000000000000000000000000000000000008
:10BC3C0000000000000000000000000000000000F8
:10BC4C0000000000000000000000000000000000E8
:10BC5C0000000000000000000000000000000000D8
:10BC6C0000000000000000000000000000000000C8
:10BC7C0000000000000000000000000000000000B8
:10BC8C0000000000000000000000000000000000A8
:10BC9C000000000000000000000000000000000098
:10BCAC000000000000000000000000000000000088
:10BCBC000000000000000000000000000000000078
:10BCCC000000000000000000000000000000000068
:10BCDC000000000000000000000000000000000058
:10BCEC000000000000000000000000000000000048
:10BCFC000000000000000000000000000000000038
:10BD0C000000000000000000000000000000000027
:10BD1C000000000000000000000000000000000017
:10BD2C000000000000000000000000000000000007
:10BD3C0000000000000000000000000000000000F7
:10BD4C0000000000000000000000000000000000E7
:10BD5C0000000000000000000000000000000000D7
:10BD6C0000000000000000000000000000000000C7
:10BD7C0000000000000000000000000000000000B7
:10BD8C0000000000000000000000000000000000A7
:10BD9C000000000000000000000000000000000097
:10BDAC000000000000000000000000000000000087
:10BDBC000000000000000000000000000000000077
:10BDCC000000000000000000000000000000000067
:10BDDC000000000000000000000000000000000057
:10BDEC000000000000000000000000000000000047
:10BDFC000000000000000000000000000000000037
:10BE0C000000000000000000000000000000000026
:10BE1C000000000000000000000000000000000016
:10BE2C000000000000000000000000000000000006
:10BE3C0000000000000000000000000000000000F6
:10BE4C0000000000000000000000000000000000E6
:10BE5C0000000000000000000000000000000000D6
:10BE6C0000000000000000000000000000000000C6
:10BE7C0000000000000000000000000000000000B6
:10BE8C0000000000000000000000000000000000A6
:10BE9C000000000000000000000000000000000096
:10BEAC000000000000000000000000000000000086
:10BEBC000000000000000000000000000000000076
:10BECC000000000000000000000000000000000066
:10BEDC000000000000000000000000000000000056
:10BEEC000000000000000000000000000000000046
:10BEFC000000000000000000000000000000000036
:10BF0C000000000000000000000000000000000025
:10BF1C000000000000000000000000000000000015
:10BF2C000000000000000000000000000000000005
:10BF3C0000000000000000000000000000000000F5
:10BF4C0000000000000000000000000000000000E5
:10BF5C0000000000000000000000000000000000D5
:10BF6C0000000000000000000000000000000000C5
:10BF7C0000000000000000000000000000000000B5
:10BF8C0000000000000000000000000000000000A5
:10BF9C000000000000000000000000000000000095
:10BFAC000000000000000000000000000000000085
:10BFBC000000000000000000000000000000000075
:10BFCC000000000000000000000000000000000065
:10BFDC000000000000000000000000000000000055
:10BFEC000000000000000000000000000000000045
:10BFFC000000000000000000000000000000000035
:10C00C000000000000000000000000000000000024
:10C01C000000000000000000000000000000000014
:10C02C000000000000000000000000000000000004
:10C03C0000000000000000000000000000000000F4
:10C04C0000000000000000000000000000000000E4
:10C05C0000000000000000000000000000000000D4
:10C06C0000000000000000000000000000000000C4
:10C07C0000000000000000000000000000000000B4
:10C08C0000000000000000000000000000000000A4
:10C09C000000000000000000000000000000000094
:10C0AC000000000000000000000000000000000084
:10C0BC000000000000000000000000000000000074
:10C0CC000000000000000000000000000000000064
:10C0DC000000000000000000000000000000000054
:10C0EC000000000000000000000000000000000044
:10C0FC000000000000000000000000000000000034
:10C10C000000000000000000000000000000000023
:10C11C000000000000000000000000000000000013
:10C12C000000000000000000000000000000000003
:10C13C0000000000000000000000000000000000F3
:10C14C0000000000000000000000000000000000E3
:10C15C0000000000000000000000000000000000D3
:10C16C0000000000000000000000000000000000C3
:10C17C0000000000000000000000000000000000B3
:10C18C0000000000000000000000000000000000A3
:10C19C000000000000000000000000000000000093
:10C1AC000000000000000000000000000000000083
:10C1BC000000000000000000000000000000000073
:10C1CC000000000000000000000000000000000063
:10C1DC000000000000000000000000000000000053
:10C1EC000000000000000000000000000000000043
:10C1FC000000000000000000000000000000000033
:10C20C000000000000000000000000000000000022
:10C21C000000000000000000000000000000000012
:10C22C000000000000000000000000000000000002
:10C23C0000000000000000000000000000000000F2
:10C24C0000000000000000000000000000000000E2
:10C25C0000000000000000000000000000000000D2
:10C26C0000000000000000000000000000000000C2
:10C27C0000000000000000000000000000000000B2
:10C28C0000000000000000000000000000000000A2
:10C29C000000000000000000000000000000000092
:10C2AC000000000000000000000000000000000082
:10C2BC000000000000000000000000000000000072
:10C2CC000000000000000000000000000000000062
:10C2DC000000000000000000000000000000000052
:10C2EC000000000000000000000000000000000042
:10C2FC000000000000000000000000000000000032
:10C30C000000000000000000000000000000000021
:10C31C000000000000000000000000000000000011
:10C32C000000000000000000000000000000000001
:10C33C0000000000000000000000000000000000F1
:10C34C0000000000000000000000000000000000E1
:10C35C0000000000000000000000000000000000D1
:10C36C0000000000000000000000000000000000C1
:10C37C0000000000000000000000000000000000B1
:10C38C0000000000000000000000000000000000A1
:10C39C000000000000000000000000000000000091
:10C3AC000000000000000000000000000000000081
:10C3BC000000000000000000000000000000000071
:10C3CC000000000000000000000000000000000061
:10C3DC000000000000000000000000000000000051
:10C3EC000000000000000000000000000000000041
:10C3FC000000000000000000000000000000000031
:10C40C000000000000000000000000000000000020
:10C41C000000000000000000000000000000000010
:10C42C000000000000000000000000000000000000
:10C43C0000000000000000000000000000000000F0
:10C44C0000000000000000000000000000000000E0
:10C45C0000000000000000000000000000000000D0
:10C46C0000000000000000000000000000000000C0
:10C47C0000000000000000000000000000000000B0
:10C48C0000000000000000000000000000000000A0
:10C49C000000000000000000000000000000000090
:10C4AC000000000000000000000000000000000080
:10C4BC000000000000000000000000000000000070
:10C4CC000000000000000000000000000000000060
:10C4DC000000000000000000000000000000000050
:10C4EC000000000000000000000000000000000040
:10C4FC000000000000000000000000000000000030
:10C50C00000000000000000000000000000000001F
:10C51C00000000000000000000000000000000000F
:10C52C0000000000000000000000000000000000FF
:10C53C0000000000000000000000000000000000EF
:10C54C0000000000000000000000000000000000DF
:10C55C0000000000000000000000000000000000CF
:10C56C0000000000000000000000000000000000BF
:10C57C0000000000000000000000000000000000AF
:10C58C00000000000000000000000000000000009F
:10C59C00000000000000000000000000000000008F
:10C5AC00000000000000000000000000000000007F
:10C5BC00000000000000000000000000000000006F
:10C5CC00000000000000000000000000000000005F
:10C5DC00000000000000000000000000000000004F
:10C5EC00000000000000000000000000000000003F
:10C5FC00000000000000000000000000000000002F
:10C60C00000000000000000000000000000000001E
:10C61C00000000000000000000000000000000000E
:10C62C0000000000000000000000000000000000FE
:10C63C0000000000000000000000000000000000EE
:10C64C0000000000000000000000000000000000DE
:10C65C0000000000000000000000000000000000CE
:10C66C0000000000000000000000000000000000BE
:10C67C0000000000000000000000000000000000AE
:10C68C00000000000000000000000000000000009E
:10C69C00000000000000000000000000000000008E
:10C6AC00000000000000000000000000000000007E
:10C6BC00000000000000000000000000000000006E
:10C6CC00000000000000000000000000000000005E
:10C6DC00000000000000000000000000000000004E
:10C6EC00000000000000000000000000000000003E
:10C6FC00000000000000000000000000000000002E
:10C70C00000000000000000000000000000000001D
:10C71C00000000000000000000000000000000000D
:10C72C0000000000000000000000000000000000FD
:10C73C0000000000000000000000000000000000ED
:10C74C0000000000000000000000000000000000DD
:10C75C0000000000000000000000000000000000CD
:10C76C0000000000000000000000000000000000BD
:10C77C0000000000000000000000000000000000AD
:10C78C00000000000000000000000000000000009D
:10C79C00000000000000000000000000000000008D
:10C7AC00000000000000000000000000000000007D
:10C7BC00000000000000000000000000000000006D
:10C7CC00000000000000000000000000000000005D
:10C7DC00000000000000000000000000000000004D
:10C7EC00000000000000000000000000000000003D
:10C7FC00000000000000000000000000000000002D
:10C80C00000000000000000000000000000000001C
:10C81C00000000000000000000000000000000000C
:10C82C0000000000000000000000000000000000FC
:10C83C0000000000000000000000000000000000EC
:10C84C0000000000000000000000000000000000DC
:10C85C0000000000000000000000000000000000CC
:10C86C0000000000000000000000000000000000BC
:10C87C0000000000000000000000000000000000AC
:10C88C00000000000000000000000000000000009C
:10C89C00000000000000000000000000000000008C
:10C8AC00000000000000000000000000000000007C
:10C8BC00000000000000000000000000000000006C
:10C8CC00000000000000000000000000000000005C
:10C8DC00000000000000000000000000000000004C
:10C8EC00000000000000000000000000000000003C
:10C8FC00000000000000000000000000000000002C
:10C90C00000000000000000000000000000000001B
:10C91C00000000000000000000000000000000000B
:10C92C0000000000000000000000000000000000FB
:10C93C0000000000000000000000000000000000EB
:10C94C0000000000000000000000000000000000DB
:10C95C0000000000000000000000000000000000CB
:10C96C0000000000000000000000000000000000BB
:10C97C0000000000000000000000000000000000AB
:10C98C00000000000000000000000000000000009B
:10C99C00000000000000000000000000000000008B
:10C9AC00000000000000000000000000000000007B
:10C9BC00000000000000000000000000000000006B
:10C9CC00000000000000000000000000000000005B
:10C9DC00000000000000000000000000000000004B
:10C9EC00000000000000000000000000000000003B
:10C9FC00000000000000000000000000000000002B
:10CA0C00000000000000000000000000000000001A
:10CA1C00000000000000000000000000000000000A
:10CA2C0000000000000000000000000000000000FA
:10CA3C0000000000000000000000000000000000EA
:10CA4C0000000000000000000000000000000000DA
:10CA5C0000000000000000000000000000000000CA
:10CA6C0000000000000000000000000000000000BA
:10CA7C0000000000000000000000000000000000AA
:10CA8C00000000000000000000000000000000009A
:10CA9C00000000000000000000000000000000008A
:10CAAC00000000000000000000000000000000007A
:10CABC00000000000000000000000000000000006A
:10CACC00000000000000000000000000000000005A
:10CADC00000000000000000000000000000000004A
:10CAEC00000000000000000000000000000000003A
:10CAFC00000000000000000000000000000000002A
:10CB0C000000000000000000000000000000000019
:10CB1C000000000000000000000000000000000009
:10CB2C0000000000000000000000000000000000F9
:10CB3C0000000000000000000000000000000000E9
:10CB4C0000000000000000000000000000000000D9
:10CB5C0000000000000000000000000000000000C9
:10CB6C0000000000000000000000000000000000B9
:10CB7C0000000000000000000000000000000000A9
:10CB8C000000000000000000000000000000000099
:10CB9C000000000000000000000000000000000089
:10CBAC000000000000000000000000000000000079
:10CBBC000000000000000000000000000000000069
:10CBCC000000000000000000000000000000000059
:10CBDC000000000000000000000000000000000049
:10CBEC000000000000000000000000000000000039
:10CBFC000000000000000000000000000000000029
:10CC0C000000000000000000000000000000000018
:10CC1C000000000000000000000000000000000008
:10CC2C0000000000000000000000000000000000F8
:10CC3C0000000000000000000000000000000000E8
:10CC4C0000000000000000000000000000000000D8
:10CC5C0000000000000000000000000000000000C8
:10CC6C0000000000000000000000000000000000B8
:10CC7C0000000000000000000000000000000000A8
:10CC8C000000000000000000000000000000000098
:10CC9C000000000000000000000000000000000088
:10CCAC000000000000000000000000000000000078
:10CCBC000000000000000000000000000000000068
:10CCCC000000000000000000000000000000000058
:10CCDC000000000000000000000000000000000048
:10CCEC000000000000000000000000000000000038
:10CCFC000000000000000000000000000000000028
:10CD0C000000000000000000000000000000000017
:10CD1C000000000000000000000000000000000007
:10CD2C0000000000000000000000000000000000F7
:10CD3C0000000000000000000000000000000000E7
:10CD4C0000000000000000000000000000000000D7
:10CD5C0000000000000000000000000000000000C7
:10CD6C0000000000000000000000000000000000B7
:10CD7C0000000000000000000000000000000000A7
:10CD8C000000000000000000000000000000000097
:10CD9C000000000000000000000000000000000087
:10CDAC000000000000000000000000000000000077
:10CDBC000000000000000000000000000000000067
:10CDCC000000000000000000000000000000000057
:10CDDC000000000000000000000000000000000047
:10CDEC000000000000000000000000000000000037
:10CDFC000000000000000000000000000000000027
:10CE0C000000000000000000000000000000000016
:10CE1C000000000000000000000000000000000006
:10CE2C0000000000000000000000000000000000F6
:10CE3C0000000000000000000000000000000000E6
:10CE4C0000000000000000000000000000000000D6
:10CE5C0000000000000000000000000000000000C6
:10CE6C0000000000000000000000000000000000B6
:10CE7C0000000000000000000000000000000000A6
:10CE8C000000000000000000000000000000000096
:10CE9C000000000000000000000000000000000086
:10CEAC000000000000000000000000000000000076
:10CEBC000000000000000000000000000000000066
:10CECC000000000000000000000000000000000056
:10CEDC000000000000000000000000000000000046
:10CEEC000000000000000000000000000000000036
:10CEFC000000000000000000000000000000000026
:10CF0C000000000000000000000000000000000015
:10CF1C000000000000000000000000000000000005
:10CF2C0000000000000000000000000000000000F5
:10CF3C0000000000000000000000000000000000E5
:10CF4C0000000000000000000000000000000000D5
:10CF5C0000000000000000000000000000000000C5
:10CF6C0000000000000000000000000000000000B5
:10CF7C0000000000000000000000000000000000A5
:10CF8C000000000000000000000000000000000095
:10CF9C000000000000000000000000000000000085
:10CFAC000000000000000000000000000000000075
:10CFBC000000000000000000000000000000000065
:10CFCC000000000000000000000000000000000055
:10CFDC000000000000000000000000000000000045
:10CFEC000000000000000000000000000000000035
:10CFFC000000000000000000000000000000000025
:10D00C000000000000000000000000000000000014
:10D01C000000000000000000000000000000000004
:10D02C0000000000000000000000000000000000F4
:10D03C0000000000000000000000000000000000E4
:10D04C0000000000000000000000000000000000D4
:10D05C0000000000000000000000000000000000C4
:10D06C0000000000000000000000000000000000B4
:10D07C0000000000000000000000000000000000A4
:10D08C000000000000000000000000000000000094
:10D09C000000000000000000000000000000000084
:10D0AC000000000000000000000000000000000074
:10D0BC000000000000000000000000000000000064
:10D0CC000000000000000000000000000000000054
:10D0DC000000000000000000000000000000000044
:10D0EC000000000000000000000000000000000034
:10D0FC000000000000000000000000000000000024
:10D10C000000000000000000000000000000000013
:10D11C000000000000000000000000000000000003
:10D12C0000000000000000000000000000000000F3
:10D13C0000000000000000000000000000000000E3
:10D14C0000000000000000000000000000000000D3
:10D15C0000000000000000000000000000000000C3
:10D16C0000000000000000000000000000000000B3
:10D17C0000000000000000000000000000000000A3
:10D18C000000000000000000000000000000000093
:10D19C000000000000000000000000000000000083
:10D1AC000000000000000000000000000000000073
:10D1BC000000000000000000000000000000000063
:10D1CC000000000000000000000000000000000053
:10D1DC000000000000000000000000000000000043
:10D1EC000000000000000000000000000000000033
:10D1FC000000000000000000000000000000000023
:10D20C000000000000000000000000000000000012
:10D21C000000000000000000000000000000000002
:10D22C0000000000000000000000000000000000F2
:10D23C0000000000000000000000000000000000E2
:10D24C0000000000000000000000000000000000D2
:10D25C0000000000000000000000000000000000C2
:10D26C0000000000000000000000000000000000B2
:10D27C0000000000000000000000000000000000A2
:10D28C000000000000000000000000000000000092
:10D29C000000000000000000000000000000000082
:10D2AC000000000000000000000000000000000072
:10D2BC000000000000000000000000000000000062
:10D2CC000000000000000000000000000000000052
:10D2DC000000000000000000000000000000000042
:10D2EC000000000000000000000000000000000032
:10D2FC000000000000000000000000000000000022
:10D30C000000000000000000000000000000000011
:10D31C000000000000000000000000000000000001
:10D32C0000000000000000000000000000000000F1
:10D33C0000000000000000000000000000000000E1
:10D34C0000000000000000000000000000000000D1
:10D35C0000000000000000000000000000000000C1
:10D36C0000000000000000000000000000000000B1
:10D37C0000000000000000000000000000000000A1
:10D38C000000000000000000000000000000000091
:10D39C000000000000000000000000000000000081
:10D3AC000000000000000000000000000000000071
:10D3BC000000000000000000000000000000000061
:10D3CC000000000000000000000000000000000051
:10D3DC000000000000000000000000000000000041
:10D3EC000000000000000000000000000000000031
:10D3FC000000000000000000000000000000000021
:10D40C000000000000000000000000000000000010
:10D41C000000000000000000000000000000000000
:10D42C0000000000000000000000000000000000F0
:10D43C0000000000000000000000000000000000E0
:10D44C0000000000000000000000000000000000D0
:10D45C0000000000000000000000000000000000C0
:10D46C0000000000000000000000000000000000B0
:10D47C0000000000000000000000000000000000A0
:10D48C000000000000000000000000000000000090
:10D49C000000000000000000000000000000000080
:10D4AC000000000000000000000000000000000070
:10D4BC000000000000000000000000000000000060
:10D4CC000000000000000000000000000000000050
:10D4DC000000000000000000000000000000000040
:10D4EC000000000000000000000000000000000030
:10D4FC000000000000000000000000000000000020
:10D50C00000000000000000000000000000000000F
:10D51C0000000000000000000000000000000000FF
:10D52C0000000000000000000000000000000000EF
:10D53C0000000000000000000000000000000000DF
:10D54C0000000000000000000000000000000000CF
:10D55C0000000000000000000000000000000000BF
:10D56C0000000000000000000000000000000000AF
:10D57C00000000000000000000000000000000009F
:10D58C00000000000000000000000000000000008F
:10D59C00000000000000000000000000000000007F
:10D5AC00000000000000000000000000000000006F
:10D5BC00000000000000000000000000000000005F
:10D5CC00000000000000000000000000000000004F
:10D5DC00000000000000000000000000000000003F
:10D5EC00000000000000000000000000000000002F
:10D5FC00000000000000000000000000000000001F
:10D60C00000000000000000000000000000000000E
:10D61C0000000000000000000000000000000000FE
:10D62C0000000000000000000000000000000000EE
:10D63C0000000000000000000000000000000000DE
:10D64C0000000000000000000000000000000000CE
:10D65C0000000000000000000000000000000000BE
:10D66C0000000000000000000000000000000000AE
:10D67C00000000000000000000000000000000009E
:10D68C00000000000000000000000000000000008E
:10D69C00000000000000000000000000000000007E
:10D6AC00000000000000000000000000000000006E
:10D6BC00000000000000000000000000000000005E
:10D6CC00000000000000000000000000000000004E
:10D6DC00000000000000000000000000000000003E
:10D6EC00000000000000000000000000000000002E
:10D6FC00000000000000000000000000000000001E
:10D70C00000000000000000000000000000000000D
:10D71C0000000000000000000000000000000000FD
:10D72C0000000000000000000000000000000000ED
:10D73C0000000000000000000000000000000000DD
:10D74C0000000000000000000000000000000000CD
:10D75C0000000000000000000000000000000000BD
:10D76C0000000000000000000000000000000000AD
:10D77C00000000000000000000000000000000009D
:10D78C00000000000000000000000000000000008D
:10D79C00000000000000000000000000000000007D
:10D7AC00000000000000000000000000000000006D
:10D7BC00000000000000000000000000000000005D
:10D7CC00000000000000000000000000000000004D
:10D7DC00000000000000000000000000000000003D
:10D7EC00000000000000000000000000000000002D
:10D7FC00000000000000000000000000000000001D
:10D80C00000000000000000000000000000000000C
:10D81C0000000000000000000000000000000000FC
:10D82C0000000000000000000000000000000000EC
:10D83C0000000000000000000000000000000000DC
:10D84C0000000000000000000000000000000000CC
:10D85C0000000000000000000000000000000000BC
:10D86C0000000000000000000000000000000000AC
:10D87C00000000000000000000000000000000009C
:10D88C00000000000000000000000000000000008C
:10D89C00000000000000000000000000000000007C
:10D8AC00000000000000000000000000000000006C
:10D8BC00000000000000000000000000000000005C
:10D8CC00000000000000000000000000000000004C
:10D8DC00000000000000000000000000000000003C
:10D8EC00000000000000000000000000000000002C
:10D8FC00000000000000000000000000000000001C
:10D90C00000000000000000000000000000000000B
:10D91C0000000000000000000000000000000000FB
:10D92C0000000000000000000000000000000000EB
:10D93C0000000000000000000000000000000000DB
:10D94C0000000000000000000000000000000000CB
:10D95C0000000000000000000000000000000000BB
:10D96C0000000000000000000000000000000000AB
:10D97C00000000000000000000000000000000009B
:10D98C00000000000000000000000000000000008B
:10D99C00000000000000000000000000000000007B
:10D9AC00000000000000000000000000000000006B
:10D9BC00000000000000000000000000000000005B
:10D9CC00000000000000000000000000000000004B
:10D9DC00000000000000000000000000000000003B
:10D9EC00000000000000000000000000000000002B
:10D9FC00000000000000000000000000000000001B
:10DA0C00000000000000000000000000000000000A
:10DA1C0000000000000000000000000000000000FA
:10DA2C0000000000000000000000000000000000EA
:10DA3C0000000000000000000000000000000000DA
:10DA4C0000000000000000000000000000000000CA
:10DA5C0000000000000000000000000000000000BA
:10DA6C0000000000000000000000000000000000AA
:10DA7C00000000000000000000000000000000009A
:10DA8C00000000000000000000000000000000008A
:10DA9C00000000000000000000000000000000007A
:10DAAC00000000000000000000000000000000006A
:10DABC00000000000000000000000000000000005A
:10DACC00000000000000000000000000000000004A
:10DADC00000000000000000000000000000000003A
:10DAEC00000000000000000000000000000000002A
:10DAFC00000000000000000000000000000000001A
:10DB0C000000000000000000000000000000000009
:10DB1C0000000000000000000000000000000000F9
:10DB2C0000000000000000000000000000000000E9
:10DB3C0000000000000000000000000000000000D9
:10DB4C0000000000000000000000000000000000C9
:10DB5C0000000000000000000000000000000000B9
:10DB6C0000000000000000000000000000000000A9
:10DB7C000000000000000000000000000000000099
:10DB8C000000000000000000000000000000000089
:10DB9C000000000000000000000000000000000079
:10DBAC000000000000000000000000000000000069
:10DBBC000000000000000000000000000000000059
:10DBCC000000000000000000000000000000000049
:10DBDC000000000000000000000000000000000039
:10DBEC000000000000000000000000000000000029
:10DBFC000000000000000000000000000000000019
:10DC0C000000000000000000000000000000000008
:10DC1C0000000000000000000000000000000000F8
:10DC2C0000000000000000000000000000000000E8
:10DC3C0000000000000000000000000000000000D8
:10DC4C0000000000000000000000000000000000C8
:10DC5C0000000000000000000000000000000000B8
:10DC6C0000000000000000000000000000000000A8
:10DC7C000000000000000000000000000000000098
:10DC8C000000000000000000000000000000000088
:10DC9C000000000000000000000000000000000078
:10DCAC000000000000000000000000000000000068
:10DCBC000000000000000000000000000000000058
:10DCCC000000000000000000000000000000000048
:10DCDC000000000000000000000000000000000038
:10DCEC000000000000000000000000000000000028
:10DCFC000000000000000000000000000000000018
:10DD0C000000000000000000000000000000000007
:10DD1C0000000000000000000000000000000000F7
:10DD2C0000000000000000000000000000000000E7
:10DD3C0000000000000000000000000000000000D7
:10DD4C0000000000000000000000000000000000C7
:10DD5C0000000000000000000000000000000000B7
:10DD6C0000000000000000000000000000000000A7
:10DD7C000000000000000000000000000000000097
:10DD8C000000000000000000000000000000000087
:10DD9C000000000000000000000000000000000077
:10DDAC000000000000000000000000000000000067
:10DDBC000000000000000000000000000000000057
:10DDCC000000000000000000000000000000000047
:10DDDC000000000000000000000000000000000037
:10DDEC000000000000000000000000000000000027
:10DDFC000000000000000000000000000000000017
:10DE0C000000000000000000000000000000000006
:10DE1C0000000000000000000000000000000000F6
:10DE2C0000000000000000000000000000000000E6
:10DE3C0000000000000000000000000000000000D6
:10DE4C0000000000000000000000000000000000C6
:10DE5C0000000000000000000000000000000000B6
:10DE6C0000000000000000000000000000000000A6
:10DE7C000000000000000000000000000000000096
:10DE8C000000000000000000000000000000000086
:10DE9C000000000000000000000000000000000076
:10DEAC000000000000000000000000000000000066
:10DEBC000000000000000000000000000000000056
:10DECC000000000000000000000000000000000046
:10DEDC000000000000000000000000000000000036
:10DEEC000000000000000000000000000000000026
:10DEFC000000000000000000000000000000000016
:10DF0C000000000000000000000000000000000005
:10DF1C0000000000000000000000000000000000F5
:10DF2C0000000000000000000000000000000000E5
:10DF3C0000000000000000000000000000000000D5
:10DF4C0000000000000000000000000000000000C5
:10DF5C0000000000000000000000000000000000B5
:10DF6C0000000000000000000000000000000000A5
:10DF7C000000000000000000000000000000000095
:10DF8C000000000000000000000000000000000085
:10DF9C000000000000000000000000000000000075
:10DFAC000000000000000000000000000000000065
:10DFBC000000000000000000000000000000000055
:10DFCC000000000000000000000000000000000045
:10DFDC000000000000000000000000000000000035
:10DFEC000000000000000000000000000000000025
:10DFFC000000000000000000000000000000000015
:10E00C000000000000000000000000000000000004
:10E01C0000000000000000000000000000000000F4
:10E02C0000000000000000000000000000000000E4
:10E03C0000000000000000000000000000000000D4
:10E04C0000000000000000000000000000000000C4
:10E05C0000000000000000000000000000000000B4
:10E06C0000000000000000000000000000000000A4
:10E07C000000000000000000000000000000000094
:10E08C000000000000000000000000000000000084
:10E09C000000000000000000000000000000000074
:10E0AC000000000000000000000000000000000064
:10E0BC000000000000000000000000000000000054
:10E0CC000000000000000000000000000000000044
:10E0DC000000000000000000000000000000000034
:10E0EC000000000000000000000000000000000024
:10E0FC000000000000000000000000000000000014
:10E10C000000000000000000000000000000000003
:10E11C0000000000000000000000000000000000F3
:10E12C0000000000000000000000000000000000E3
:10E13C0000000000000000000000000000000000D3
:10E14C003530000800000000000000000000000056
:10E15C0000000000000000000000000000000000B3
:10E16C00C0D1002060EA00000000010100000000A6
:10E17C00000000000000000004000000401F000030
:10E18C0071480008A1480008B94800082549000852
:10E19C0045520008A1540008E550000861530008DE
:10E1AC0000000000D15100081D510008D153000897
:10E1BC00A9500008E55200088D500008ED500008E9
:10E1CC00915000089D5000089D5300084994010887
:10E1DC004B9401086C9001084D9401083B8A01088E
:10E1EC00529401080800001600000000135F00089C
:10E1FC00496300082D640008A56300083D5F000812
:10E20C00916400081F6100080F650008E5640008B0
:10E21C00755D0008716100082D620008A561000899
:10E22C009D5D000879620008E95E0008DD62000867
:10E23C00B3620008896000087D6300085F61000814
:10E24C00395D0008916D00088B6D0008096D0008A0
:10E25C00BF6D0008FD6D00080F6D0008216D0008F2
:10E26C0059740008FD7400089D740008F9730008C7
:10E27C004F750008B17300082D7500087D740008F7
:10E28C002573000800093D0001000000100000008B
:10E29C000000000050D5002000000000000000002D
:10E2AC00FF0000000000000050D50020000000001E
:10E2BC000000000000000000000000000000000052
:10E2CC0050D500200000FF0000000000E00000001E
:10E2DC00C5C80008F5C7000801C800082DC800080B
:10E2EC0000000000000000001DC900080DC8000857
:10E2FC008DCC0008000000000000000000000000B1
:10E30C0000000000000E0F0D0109081101000000B3
:10E31C00FF000000FFFFFFFFFFFFFFFF00000000FA
:10E32C000300000068F100204CB000200000000049
:10E33C0068F10020D0F1002038F20020000000002D
:10E34C0000000000000000000000000000000000C1
:10E35C0000000000000000000000000000000000B1
:10E36C0000000000000000000000000000000000A1
:10E37C00000000000000000043000000000000004E
:10E38C000000000000000000000000000000000081
:10E39C00000000000000000043000000000000002E
:10E3AC000000000000000000000000000000000061
:10E3BC00000000000000000043000000000000000E
:10E3CC000000000000000000000000000000000041
:10E3DC0000000000000000004300000000000000EE
:10E3EC000000000000000000000000000000000021
:10E3FC0000000000000000004300000000000000CE
:10E40C000000000000000000000000000000000000
:10E41C0000000000000000004300000000000000AD
:10E42C0000000000000000000000000000000000E0
:10E43C00000000000000000043000000000000008D
:10E44C0000000000000000000000000000000000C0
:10E45C000000000000000000638101083F810108FA
:10E46C0000000000F0300208EE3002086D8E01084A
:10E47C006D8E01086D8E01086D8E01086D8E010880
:10E48C006D8E01086D8E01086D8E01086D8E010870
:10E49C00FFFFFFFFFFFFFFFFFFFFFFFFFFFF00007E
:10E4AC0001004153434949000000000000000000F6
:10E4BC000000000000000000000000000000000050
:10E4CC0000004153434949000000000000000000D7
:10E4DC000000000000000000000000000000000030
:0CE4EC00000000006042A20D0000803F14
:040000050800590D89
:00000001FF
