:020000040800F2
:1000000000000120CD5F0008354F0008374F000881
:10001000394F00083B4F00083D4F0008000000002A
:100020000000000000000000000000003F4F00083A
:10003000414F000800000000434F0008454F0008F2
:100040001D6000081D600008494F00081D60000881
:100050001D6000081D6000081D6000081D6000088C
:10006000554F00081D6000085B4F00081D60000828
:100070001D6000081D6000081D600008614F000839
:100080001D6000081D6000081D6000081D6000085C
:100090001D6000081D6000086D4F00081D6000080D
:1000A0001D6000081D6000081D6000081D6000083C
:1000B000854F0008914F00081D6000081D60000872
:1000C0001D6000081D6000081D6000081D6000081C
:1000D0001D6000089D4F00081D6000081D6000089D
:1000E0001D6000081D600008A94F00081D60000881
:1000F0001D6000081D6000081D6000081D600008EC
:100100001D6000081D600008B54F00081D60000854
:100110001D6000081D6000081D6000081D600008CB
:100120001D6000081D6000081D6000081D600008BB
:080130001D6000081D600008BD
:1001400010B5054C237833B9044B13B10448AFF311
:1001500000800123237010BDD4B5002000000000F2
:100160005087010808B5034B1BB103490348AFF39F
:10017000008008BD00000000D8B5002050870108AD
:1001800001F0FF01102A2BDB10F0070F08D010F848
:10019000013B013A8B422DD010F0070F42B3F6D14C
:1001A000F0B441EA012141EA014122F007047FF065
:1001B00000070023F0E80256083C85EA010586EABC
:1001C000010685FA47F5A3FA87F586FA47F6A5FAF8
:1001D00087F68EB9EED1F0BC01F0FF0102F0070204
:1001E00032B110F8013B013A83EA010313B1F8D1AF
:1001F0000020704701387047002D06BF3546033890
:10020000073815F0010F07D1013015F4807F02BFC8
:10021000013015F4C03F0130F0BC0138704700BF19
:10022000034613F8012B002AFBD1181A0138704736
:1002300081F0004102E000BF83F0004330B54FEA97
:1002400041044FEA430594EA050F08BF90EA020F04
:100250001FBF54EA000C55EA020C7FEA645C7FEA97
:10026000655C00F0E2804FEA5454D4EB5555B8BFBA
:100270006D420CDD2C4480EA020281EA030382EA2B
:10028000000083EA010180EA020281EA0303362DBD
:1002900088BF30BD11F0004F4FEA01314FF4801C90
:1002A0004CEA113102D0404261EB410113F0004FA2
:1002B0004FEA03334CEA133302D0524263EB430359
:1002C00094EA050F00F0A780A4F10104D5F1200EF7
:1002D0000DDB02FA0EFC22FA05F2801841F1000152
:1002E00003FA0EF2801843FA05F359410EE0A5F126
:1002F00020050EF1200E012A03FA0EFC28BF4CF057
:10030000020C43FA05F3C01851EBE37101F000450C
:1003100007D54FF0000EDCF1000C7EEB00006EEB19
:100320000101B1F5801F1BD3B1F5001F0CD34908A3
:100330005FEA30004FEA3C0C04F101044FEA4452FA
:1003400012F5800F80F09A80BCF1004F08BF5FEA81
:10035000500C50F1000041EB045141EA050130BD61
:100360005FEA4C0C404141EB0101013C28BFB1F573
:10037000801FE9D291F0000F04BF01460020B1FABE
:1003800081F308BF2033A3F10B03B3F120020CDA91
:100390000C3208DD02F1140CC2F10C0201FA0CF06F
:1003A00021FA02F10CE002F11402D8BFC2F1200CD4
:1003B00001FA02F120FA0CFCDCBF41EA0C0190408A
:1003C000E41AA2BF01EB0451294330BD6FEA0404D3
:1003D0001F3C1CDA0C340EDC04F11404C4F12002BE
:1003E00020FA04F001FA02F340EA030021FA04F3D0
:1003F00045EA030130BDC4F10C04C4F1200220FA27
:1004000002F001FA04F340EA0300294630BD21FA64
:1004100004F0294630BD94F0000F83F4801306BF2A
:1004200081F480110134013D4EE77FEA645C18BF1E
:100430007FEA655C29D094EA050F08BF90EA020FB5
:1004400005D054EA000C04BF1946104630BD91EAAD
:10045000030F1EBF0021002030BD5FEA545C05D1B0
:100460004000494128BF41F0004130BD14F58004EF
:100470003CBF01F5801130BD01F0004545F0FE4163
:1004800041F470014FF0000030BD7FEA645C1ABF98
:10049000194610467FEA655C1CBF0B46024650EACF
:1004A000013406BF52EA033591EA030F41F40021FB
:1004B00030BD00BF90F0000F04BF0021704730B581
:1004C0004FF4806404F132044FF000054FF0000156
:1004D00050E700BF90F0000F04BF0021704730B517
:1004E0004FF4806404F1320410F0004548BF4042EC
:1004F0004FF000013EE700BF42004FEAE2014FEA41
:1005000031014FEA02701FBF12F07F4393F07F4F1B
:1005100081F06051704732F07F4208BF704793F01E
:100520007F4F04BF41F40021704730B54FF4607431
:1005300001F0004521F000411CE700BF50EA010234
:1005400008BF704730B54FF000050AE050EA0102DD
:1005500008BF704730B511F0004502D5404261EB4D
:1005600041014FF4806404F132045FEA915C3FF48E
:10057000D8AE4FF003025FEADC0C18BF03325FEA2B
:10058000DC0C18BF033202EBDC02C2F1200300FADC
:1005900003FC20FA02F001FA03FE40EA0E0021FA01
:1005A00002F11444BDE600BF70B54FF0FF0C4CF4EF
:1005B000E06C1CEA11541DBF1CEA135594EA0C0FA1
:1005C00095EA0C0F00F0DEF82C4481EA030621EADC
:1005D0004C5123EA4C5350EA013518BF52EA033517
:1005E00041F4801143F4801338D0A0FB02CE4FF0C9
:1005F0000005E1FB02E506F00042E0FB03E54FF0F9
:100600000006E1FB03569CF0000F18BF4EF0010EF0
:10061000A4F1FF04B6F5007F64F5407404D25FEAEC
:100620004E0E6D4146EB060642EAC62141EA55519F
:100630004FEAC52040EA5E504FEACE2EB4F1FD0CE1
:1006400088BFBCF5E06F1ED8BEF1004F08BF5FEA5F
:10065000500E50F1000041EB045170BD06F0004611
:1006600046EA010140EA020081EA0301B4EB5C04BE
:10067000C2BFD4EB0C0541EA045170BD41F48011B6
:100680004FF0000E013C00F3AB8014F1360FDEBFDB
:10069000002001F0004170BDC4F10004203C35DAB7
:1006A0000C341BDC04F11404C4F1200500FA05F33A
:1006B00020FA04F001FA05F240EA020001F00042DB
:1006C00021F0004110EBD37021FA04F642EB060151
:1006D0005EEA430E08BF20EAD37070BDC4F10C047B
:1006E000C4F1200500FA04F320FA05F001FA04F23F
:1006F00040EA020001F0004110EBD37041F100012B
:100700005EEA430E08BF20EAD37070BDC4F1200535
:1007100000FA05F24EEA020E20FA04F301FA05F29D
:1007200043EA020321FA04F001F0004121FA04F245
:1007300020EA020000EBD3705EEA430E08BF20EA15
:10074000D37070BD94F0000F0FD101F0004640004F
:1007500041EB010111F4801F08BF013CF7D041EAD1
:10076000060195F0000F18BF704703F000465200D5
:1007700043EB030313F4801F08BF013DF7D043EAA6
:100780000603704794EA0C0F0CEA135518BF95EA5C
:100790000C0F0CD050EA410618BF52EA4306D1D1E3
:1007A00081EA030101F000414FF0000070BD50EA02
:1007B000410606BF1046194652EA430619D094EA8C
:1007C0000C0F02D150EA013613D195EA0C0F05D176
:1007D00052EA03361CBF104619460AD181EA0301CA
:1007E00001F0004141F0FE4141F470014FF0000082
:1007F00070BD41F0FE4141F4780170BD70B54FF01D
:10080000FF0C4CF4E06C1CEA11541DBF1CEA13559C
:1008100094EA0C0F95EA0C0F00F0A7F8A4EB05047E
:1008200081EA030E52EA03354FEA013100F0888075
:100830004FEA03334FF0805545EA131343EA12633E
:100840004FEA022245EA111545EA10654FEA0026F3
:100850000EF000419D4208BF964244F1FD0404F5AC
:10086000407402D25B084FEA3202B61A65EB030508
:100870005B084FEA32024FF480104FF4002CB6EBC5
:10088000020E75EB030E22BFB61A754640EA0C0045
:100890005B084FEA3202B6EB020E75EB030E22BF85
:1008A000B61A754640EA5C005B084FEA3202B6EBC6
:1008B000020E75EB030E22BFB61A754640EA9C0085
:1008C0005B084FEA3202B6EB020E75EB030E22BF55
:1008D000B61A754640EADC0055EA060E18D04FEA13
:1008E000051545EA16754FEA06164FEAC30343EAB3
:1008F00052734FEAC2025FEA1C1CC0D111F4801F80
:100900000BD141EA00014FF000004FF0004CB6E778
:1009100011F4801F04BF01430020B4F1FD0C88BF17
:10092000BCF5E06F3FF6AFAEB5EB030C04BFB6EB22
:10093000020C5FEA500C50F1000041EB045170BD15
:100940000EF0004E4EEA113114EB5C04C2BFD4EB42
:100950000C0541EA045170BD41F480114FF0000EC6
:10096000013C90E645EA060E8DE60CEA135594EA42
:100970000C0F08BF95EA0C0F3FF43BAF94EA0C0F45
:100980000AD150EA01347FF434AF95EA0C0F7FF4BA
:1009900025AF104619462CE795EA0C0F06D152EA0E
:1009A00003353FF4FDAE1046194622E750EA4106F2
:1009B00018BF52EA43067FF4C5AE50EA41047FF403
:1009C0000DAF52EA43057FF4EBAE12E74FF0FF3C68
:1009D00006E000BF4FF0010C02E000BF4FF0010C39
:1009E0004DF804CD4FEA410C7FEA6C5C4FEA430CB2
:1009F00018BF7FEA6C5C1BD001B050EA410C0CBF01
:100A000052EA430C91EA030F02BF90EA020F002062
:100A1000704710F1000F91EA030F58BF994208BFC9
:100A200090422CBFD8176FEAE37040F00100704786
:100A30004FEA410C7FEA6C5C02D150EA013C07D1DD
:100A40004FEA430C7FEA6C5CD6D152EA033CD3D028
:100A50005DF8040B704700BF8446104662468C4622
:100A60001946634600E000BF01B5FFF7B7FF002855
:100A700048BF10F1000F01BD4DF808EDFFF7F4FF7E
:100A80000CBF012000205DF808FB00BF4DF808ED09
:100A9000FFF7EAFF34BF012000205DF808FB00BF2C
:100AA0004DF808EDFFF7E0FF94BF012000205DF84E
:100AB00008FB00BF4DF808EDFFF7CEFF94BF012003
:100AC00000205DF808FB00BF4DF808EDFFF7C4FFFC
:100AD00034BF012000205DF808FB00BF4FEA410C45
:100AE0007FEA6C5C02D150EA013C0AD14FEA430C28
:100AF0007FEA6C5C02D152EA033C02D14FF0000065
:100B000070474FF0010070474FEA410212F50012A2
:100B100015D211D56FF47873B3EB625212D94FEA44
:100B2000C12343F0004343EA505311F0004F23FA2E
:100B300002F018BF404270474FF00000704750EA83
:100B4000013005D111F0004008BF6FF00040704740
:100B50004FF00000704700BF4FEA4102B2F1E0439E
:100B600024BFB3F5001CDCF1FE5C0DD901F0004C94
:100B70004FEAC0024CEA5070B2F1004F40EB8300E4
:100B800008BF20F00100704711F0804F21D113F110
:100B90003872BCBF01F00040704741F480114FEA49
:100BA0005252C2F11802C2F1200C10FA0CF320FAD2
:100BB00002F018BF40F001004FEAC1234FEAD323EF
:100BC00003FA0CFC40EA0C0023FA02F34FEA430359
:100BD000CCE77FEA625307D150EA01331EBF4FF0E2
:100BE000FE4040F44000704701F0004040F0FE40FD
:100BF00040F40000704700BF80F0004002E000BFFA
:100C000081F0004142001FBF5FEA410392EA030FF7
:100C10007FEA226C7FEA236C6AD04FEA1262D2EB41
:100C20001363C1BFD218414048404140B8BF5B4246
:100C3000192B88BF704710F0004F40F4000020F0DF
:100C40007F4018BF404211F0004F41F4000121F0F5
:100C50007F4118BF494292EA030F3FD0A2F101023F
:100C600041FA03FC10EB0C00C3F1200301FA03F17D
:100C700000F0004302D5494260EB4000B0F5000FA0
:100C800013D3B0F1807F06D340084FEA310102F15F
:100C90000102FE2A51D2B1F1004F40EBC25008BF11
:100CA00020F0010040EA03007047490040EB0000DB
:100CB000013A28BFB0F5000FEDD2B0FA80FCACF1DC
:100CC000080CB2EB0C0200FA0CF0AABF00EBC25009
:100CD00052421843BCBFD0401843704792F0000FF7
:100CE00081F4000106BF80F400000132013BB5E74A
:100CF0004FEA41037FEA226C18BF7FEA236C21D0C0
:100D000092EA030F04D092F0000F08BF0846704724
:100D100090EA010F1CBF0020704712F07F4F04D1F2
:100D2000400028BF40F00040704712F100723CBF05
:100D300000F50000704700F0004343F0FE4040F42F
:100D4000000070477FEA226216BF08467FEA2363ED
:100D50000146420206BF5FEA412390EA010F40F4D8
:100D6000800070474FF0000304E000BF10F0004324
:100D700048BF40425FEA000C08BF704743F096430B
:100D800001464FF000001CE050EA010208BF704726
:100D90004FF000030AE000BF50EA010208BF7047AD
:100DA00011F0004302D5404261EB41015FEA010CC2
:100DB00002BF84460146002043F0B64308BFA3F1BA
:100DC0008053A3F50003BCFA8CF2083AA3EBC2539C
:100DD00010DB01FA02FC634400FA02FCC2F12002BB
:100DE000BCF1004F20FA02F243EB020008BF20F0F2
:100DF0000100704702F1200201FA02FCC2F1200258
:100E000050EA4C0021FA02F243EB020008BF20EA4C
:100E1000DC7070474FF0FF0C1CEAD0521EBF1CEA7A
:100E2000D15392EA0C0F93EA0C0F6FD01A4480EA68
:100E3000010C400218BF5FEA41211ED04FF0006351
:100E400043EA501043EA5111A0FB01310CF000407D
:100E5000B1F5000F3EBF490041EAD3715B0040EAA3
:100E6000010062F17F02FD2A1DD8B3F1004F40EB73
:100E7000C25008BF20F00100704790F0000F0CF046
:100E8000004C08BF49024CEA502040EA51207F3A0A
:100E9000C2BFD2F1FF0340EAC250704740F40000E5
:100EA0004FF00003013A5DDC12F1190FDCBF00F0D6
:100EB00000407047C2F10002410021FA02F1C2F184
:100EC000200200FA02FC5FEA310040F1000053EA20
:100ED0004C0308BF20EADC70704792F0000F00F06E
:100EE000004C02BF400010F4000F013AF9D040EA74
:100EF0000C0093F0000F01F0004C02BF490011F408
:100F0000000F013BF9D041EA0C018FE70CEAD15305
:100F100092EA0C0F18BF93EA0C0F0AD030F0004C85
:100F200018BF31F0004CD8D180EA010000F0004039
:100F3000704790F0000F17BF90F0004F084691F0F7
:100F4000000F91F0004F14D092EA0C0F01D1420231
:100F50000FD193EA0C0F03D14B0218BF084608D1FA
:100F600080EA010000F0004040F0FE4040F4000044
:100F7000704740F0FE4040F4400070474FF0FF0CD7
:100F80001CEAD0521EBF1CEAD15392EA0C0F93EA1E
:100F90000C0F69D0A2EB030280EA010C49024FEA70
:100FA000402037D04FF0805343EA111143EA101329
:100FB0000CF000408B4238BF5B0042F17D024FF4E1
:100FC000000C8B4224BF5B1A40EA0C00B3EB510FBC
:100FD00024BFA3EB510340EA5C00B3EB910F24BFA5
:100FE000A3EB910340EA9C00B3EBD10F24BFA3EB2A
:100FF000D10340EADC001B0118BF5FEA1C1CE0D1F2
:10100000FD2A3FF650AF8B4240EBC25008BF20F0A4
:10101000010070470CF0004C4CEA50207F32C2BFF8
:10102000D2F1FF0340EAC250704740F400004FF095
:101030000003013A37E792F0000F00F0004C02BFC6
:10104000400010F4000F013AF9D040EA0C0093F090
:10105000000F01F0004C02BF490011F4000F013BEA
:10106000F9D041EA0C0195E70CEAD15392EA0C0F52
:1010700008D142027FF47DAF93EA0C0F7FF470AF8A
:10108000084676E793EA0C0F04D14B023FF44CAFCD
:1010900008466EE730F0004C18BF31F0004CCAD162
:1010A00030F000427FF45CAF31F000437FF43CAF9E
:1010B0005FE700BF4FF0FF3C06E000BF4FF0010CC0
:1010C00002E000BF4FF0010C4DF804CD4FEA4002A2
:1010D0004FEA41037FEA226C18BF7FEA236C11D0EC
:1010E00001B052EA530C18BF90EA010F58BFB2EB9F
:1010F000030088BFC81738BF6FEAE17018BF40F01F
:10110000010070477FEA226C02D15FEA402C05D1D2
:101110007FEA236CE4D15FEA412CE1D05DF8040B57
:10112000704700BF844608466146FFE70FB5FFF7EA
:10113000C9FF002848BF10F1000F0FBD4DF808EDA2
:10114000FFF7F4FF0CBF012000205DF808FB00BF93
:101150004DF808EDFFF7EAFF34BF012000205DF8ED
:1011600008FB00BF4DF808EDFFF7E0FF94BF01203A
:1011700000205DF808FB00BF4DF808EDFFF7D2FF37
:1011800094BF012000205DF808FB00BF4DF808ED7A
:10119000FFF7C8FF34BF012000205DF808FB00BF47
:1011A0004FEA40024FEA41037FEA226C02D15FEA34
:1011B000402C08D17FEA236C02D15FEA412C02D196
:1011C0004FF0000070474FF0010070474FEA4002B7
:1011D000B2F1FE4F0FD34FF09E03B3EB12620DD965
:1011E0004FEA002343F0004310F0004F23FA02F0CF
:1011F00018BF404270474FF00000704712F1610F76
:1012000001D1420205D110F0004008BF6FF000404C
:1012100070474FF00000704742000ED2B2F1FE4F0F
:101220000BD34FF09E03B3EB126209D44FEA0023B5
:1012300043F0004323FA02F070474FF0000070477C
:1012400012F1610F01D1420202D14FF0FF3070471D
:101250004FF00000704700BF53B94AB9002908BFDA
:1012600000281CBF4FF0FF314FF0FF3000F06AB98B
:10127000ADF1080C6DE904CE00F006F8DDF804E0ED
:10128000DDE9022304B070472DE9F047089D0C46C4
:10129000002B4ED194468C458646B2FA82F262D932
:1012A0004AB1C2F12003914020FA03F30CFA02FC88
:1012B000194300FA02FE4FEA1C471FFA8CF6B1FBF5
:1012C000F7F44FEA1E4307FB141143EA014304FB02
:1012D00006F199420AD91CEB030304F1FF3080F0B8
:1012E0001281994240F20F81023C6344591A1FFA5D
:1012F0008EF3B1FBF7F007FB101143EA014300FB4B
:1013000006F69E420AD91CEB030300F1FF3180F080
:10131000FC809E4240F2F980634402389B1B40EA05
:10132000044000211DB1D3400022C5E90032BDE8D0
:10133000F0878B4205D90DB1C5E9000100210846AF
:10134000F5E7B3FA83F1002946D1A34202D39042D4
:10135000C0F0F080861A64EB03030120002DE6D074
:10136000C5E90063E3E7002A40F09080A1EB0C049C
:101370004FEA1C481FFA8CF70121B4FBF8F64FEA3C
:101380001E4308FB164443EA044307FB06F0984259
:1013900008D91CEB030306F1FF3402D2984200F295
:1013A000CD8026461C1A1FFA8EF3B4FBF8F008FB1A
:1013B000104443EA044300FB07F79F4208D91CEBA3
:1013C000030300F1FF3402D29F4200F2B0802046B6
:1013D000DB1B40EA0640A5E7C1F120068B4022FA5C
:1013E00006F71F4320FA06FC04FA01F343EA0C0354
:1013F000F44000FA01F8380C4FEA1349B4FBF0FE50
:101400001FFA87FC00FB1E4449EA04440EFB0CF95A
:10141000A14502FA01F20AD93C190EF1FF3A80F017
:101420008480A14540F28180AEF1020E3C44A4EBE1
:1014300009041FFA83F9B4FBF0F300FB134449EAF3
:10144000044403FB0CFCA44507D93C1903F1FF300D
:1014500067D2A44565D9023B3C4443EA0E40A0FB59
:101460000293A4EB0C049C42CE469C4651D34ED032
:1014700055B1B8EB0E0364EB0C0404FA06F6CB404E
:101480001E43CC40C5E90064002150E7C2F12003AF
:1014900020FA03F10CFA02FC24FA03F394400C4303
:1014A0004FEA1C4800FA02FE1FFA8CF7B3FBF8F073
:1014B00008FB1031230C43EA014300FB07F199427A
:1014C00008D91CEB030300F1FF362CD299422AD92C
:1014D000023863445B1AA4B2B3FBF8F108FB113382
:1014E00044EA034401FB07F3A34208D91CEB0404BC
:1014F00001F1FF3613D2A34211D902396444E41A30
:1015000041EA004139E70446F0E6084606E7C845E7
:10151000AED2B9EB020E63EB070C0138A8E73146F7
:10152000EDE7034699E73046D4E7D6467FE76344C4
:1015300002384DE70646234608460FE7023E63445D
:1015400030E700BF704700BF0121402012F0F8BE15
:10155000F8B5154E154C338801339BB2B3F57A7F3D
:10156000338004D9E388A3800123E38033800025FE
:101570002F462278EBB29A4200D8F8BD637002334E
:1015800054F823309A8801329A803288B2F57A7FF3
:1015900024BFDA885A801A6928BFDF8012B11B7A0B
:1015A00003B190470135E4E7F2B50020F4B500201F
:1015B00073B500242246224B009441F28831214821
:1015C000214E13F03BF82246204B009440F6B831F0
:1015D0001F4813F033F8224621461E4B022012F01A
:1015E0009DFD00F07CFD00F0D7FD1B491B4A1C4B04
:1015F000126E01254D63284691F8301000F082FAF2
:1016000001F016F9174B00942A464FF4FA61304660
:1016100013F014F8304613F0BDF8134A2146402069
:1016200012F058FF2946402012F08AFE0F4B224646
:101630002146022002B0BDE8704012F06FBD00BF2D
:10164000A920000854B6002024B60020E520000898
:101650003CB60020D987010838B8002008B900201E
:1016600081210008F145000849150008FA870108A2
:101670000B4B0C4A196812780A441A601B68033332
:101680000CD9BFF34F8F0849084BCA6802F4E062D7
:101690001343CB60BFF34F8F00BFFDE7FFF758BF89
:1016A00004D7002070B3002000ED00E00400FA052C
:1016B00003680B4A934201D101F07EB9094A934273
:1016C0000DD1094A138801339BB2B3F57A7F138099
:1016D00005D3064BD98B59830021D98311807047DC
:1016E0000048014000440140F0B5002038B200201D
:1016F000042802D0102802D0704702F0C9BF00F0C1
:10170000EFBC00002DE9F043012891B005460E46DC
:1017100040F0948000230A93D5238DF82C304A4B57
:1017200008934A4B4A4C09934A4B0D934A4B0C93EE
:1017300008A94A4B0E93204605F09EF928B14FF0B8
:10174000FF39484611B0BDE8F0830DF10301204692
:1017500004F06BFF0028F2D19DF803306B2BEED123
:1017600001A9204604F04EFD9DF806309DF80410B6
:101770009DF80520DFF8E8803A4FC8F804409B0048
:1017800043EA4103384913434B60F007374B7B6012
:1017900009D5012A07D1364A36491B68D16020464F
:1017A00098470028CBD1B10726D47207C7D47B68ED
:1017B000D8F80400DB6808A998478146002840D182
:1017C0009DF82040631E5C425C419DF82130012B56
:1017D0009DF822304FEA440408BF44F00104012B75
:1017E00008BF44F00404032735EA060313D0013F81
:1017F0004FEA4505F8D1A4E79DF80430012BD4D178
:101800001B4B1D4A1A617B68D8F804001B68984777
:101810000028CAD093E735EA0403E8D1174B144AED
:1018200053F82530D8F80400033352F823301B68EE
:1018300098470028DBD06FF0040982E76FF00109B8
:101840007FE76FF006097CE735610008216000083A
:101850006CB60020A560000871600008D96000081F
:10186000CCB60020ACB60020A4B6002038B30020CF
:10187000B4B60020F0B2002014B300201C88010888
:1018800001280B4610B5114619D80E4A52F82020EF
:1018900003EA0204934312D10B4A52F8242000EBCE
:1018A00040031344094A52F82330094A1B6A52F88C
:1018B00020009847002818BF6FF0040010BD6FF09B
:1018C0000100FBE7A4B600201C880108B4B6002084
:1018D000CCB60020012808B508D1064B586805F0A1
:1018E000B0F8002818BF6FF0040008BD6FF00100C9
:1018F000FBE700BFCCB60020012808B508D1064B95
:10190000586805F0A8F8002818BF6FF0040008BD5B
:101910006FF00100FBE700BFCCB600202DE9F043DB
:101920000F4691B0002878D17F238DF82C303E4BA4
:1019300008933E4B3E4C09933E4B0D933E4B0A9011
:101940000C9308A93D4B0E93204605F06DFD28B180
:101950004FF0FF34204611B0BDE8F0830DF10701D0
:10196000204605F0E3FC0028F2D19DF80730A02BBB
:10197000EED102A9204605F02DFC314B9DF8082040
:10198000DFF8C080304D1A60F907304BC8F80040CE
:101990002B6009D5012A07D12D4A2E491B681160F9
:1019A000204698470028D3D12B68D8F80000DB6880
:1019B00008A99847044698BB9DF820506B1E5D42CD
:1019C0005D419DF82130012B9DF8223008BF45F084
:1019D0000205012B08BF45F004054FF0020901265E
:1019E00036EA070307D0B9F1010F4FEA4606B1D036
:1019F0004FF00109F4E736EA0503F4D1164BD8F8A5
:101A0000000053F82620124B53F822301B689847E9
:101A10000028E8D06FF004049CE76FF0010499E718
:101A20006FF0060496E700BF3561000821600008EA
:101A3000D4B60020A560000871600008D9600008D5
:101A40000CB700202CB7002014B700205CB3002096
:101A50001CB7002048B3002030880108012808B5D1
:101A600018D80E4B53F8203001EA0302994311D1E4
:101A70000B4B53F822300B4A03EB400352F8233050
:101A8000094A1B6852F820009847002818BF6FF0D9
:101A9000040008BD6FF00100FBE700BF0CB7002099
:101AA000308801081CB700202CB70020BFF34F8FEF
:101AB0000549064BCA6802F4E0621343CB60BFF3EA
:101AC0004F8F00BFFDE700BF00ED00E00400FA0506
:101AD00038B504460D4614F049F8291B013190FB36
:101AE000F1F303FB1100044414F040F8054603F041
:101AF0005BFB023005EB5000A4B214F009F820465D
:101B000038BD00002DE9F341884615461E460746BC
:101B100005F0FEFD254CC4F8E00005F0FFFDC4F81B
:101B2000E40005F001FED4E938325340C4F8E8007F
:101B3000584013F0EDFF002F1D4AC4F8F4600CBFAD
:101B40000123022313701B4A84F8DA7013701A4AB7
:101B50001A4BA4F8D88008BF134605F57A75002201
:101B6000C4F8EC50114600930220154B12F0D6FA3F
:101B7000144B1B7873B194F8DA30ABB9D4F8EC306D
:101B8000D4F8F02013600022009311460E4B02207F
:101B900012F0C4FA4FF47A716420FFF799FF02B093
:101BA000BDE8F04103F008BB0023E9E738B70020A7
:101BB000A4000020A50000204488010848880108EE
:101BC0004D88010834B700207988010810B50A4C07
:101BD0002378012B094B04BF44F620621A601B686E
:101BE0003BB9A0604EF660213220FFF771FFA36879
:101BF0000344A36010BD00BF38B70020A000002040
:101C000007B50B4B9B684EF66021B3FBF1F201FB6D
:101C100012334FF47A71B3FBF1F3CDE900230022C4
:101C2000044B1146022012F079FA03B05DF804FB70
:101C300038B70020A4880108074B10B5D3F8DC4062
:101C40003CB9064B22462146022012F067FA204694
:101C500010BD0120FCE700BF38B70020DF88010875
:101C6000034B91F909205A80022283F8F92070472A
:101C700038B7002030B5124B93F8D6400E2C1ED842
:101C8000651C83F8D650105593F8D600441C83F891
:101C9000D6400C0E145493F8D600441C83F8D6405A
:101CA0000C14145493F8D600441C83F8D6400C123C
:101CB000145493F8D600441C83F8D640115430BD18
:101CC00038B7002010B501231078984200D210BD1B
:101CD000C818D45C00F8014C0133DBB2F4E7000013
:101CE00037B5304D304CB5F90230626A9A4207D0B0
:101CF0002046042240F8243F4FF4816100F0EEF9C1
:101D000095F8F930D4F8C4209A4207D02748C4F88F
:101D1000C43004224FF4956100F0E0F995F8FA30F0
:101D2000D4F8C8209A4207D02148C4F8C830042209
:101D300040F2AC4100F0D2F9D5F8F03000221B6837
:101D4000009311461B4B022012F0E8F9AB79009387
:101D500000221146184B022012F0E0F9B4F92430A9
:101D6000009300221146154B022012F0D7F9D4F847
:101D7000C420134B142505FB0233002200931146A7
:101D8000104B022012F0CAF9D4F8C8200E4B05FB04
:101D900002330022009311460C4B022012F0BEF9D0
:101DA00003B030BD38B7002038B80020FCB80020A0
:101DB00000B90020FD88010827890108468901082B
:101DC000500000206289010800000020838901087A
:101DD00037B50546FFF730FF00283FD0204CB5B996
:101DE000022384F8F93042F21073A360A571D4F88D
:101DF000DC0012F081FCA168D4F8DC0012F004FDD4
:101E0000D4F8DC0003B0BDE8304012F0C3BC637905
:101E10000133DBB200226371114600930220114BA3
:101E200012F07CF963790E2B4FF0000510D9B4F84D
:101E3000D8300D4865715843FFF7C8FE012384F878
:101E4000F93084F8FA30FFF74BFFFFF7D9FECEE701
:101E500049F64040FFF7BAFE2B46F0E703B030BD2D
:101E600038B70020A489010880EE360073B55B4CBA
:101E70005B4AD4F8F030C4F8DC101968914205468A
:101E800008D900201860574B1B78012B5AD1D4F881
:101E9000F430984794F8F8202B78A12A40F08680F7
:101EA000002B00F09780032684F8F9606D7A002DEE
:101EB0004DD123790133DBB223712A4600932946A1
:101EC000494B022012F02AF923796580092B84F806
:101ED000FA6039D9434B25711B780226012B84F80F
:101EE000F96023D1D4E93B2329461A6030463F4BA1
:101EF0002A4612F013F9B4F8D8303D48A57158437A
:101F0000FFF764FEFFF7ECFEFFF77AFED4F8DC0083
:101F100012F0F2FBA168D4F8DC0012F075FCD4F8E2
:101F2000DC0012F037FCA06802B070BDFFF7D8FEED
:101F3000304B2A462946304612F0F0F84FF47A70BA
:101F400003F03AF9FFF7B2FD49F64040D8E7002523
:101F5000294B25712A462946022012F0DFF8A37981
:101F6000217B0133DBB20222994284F8FA20A3716B
:101F70000FD942F21073A3601A4B1B78012BC1D109
:101F8000D4F8F0301868C4F8EC00D4F8F43098476E
:101F9000B8E7012384F8FA301548B4F8D83084F84B
:101FA000F9205843A571FFF711FEE5E793B10D4BFA
:101FB0001B78012B04BFD4F8EC30EB600022A12386
:101FC00084F8F83011460D4B022012F0A7F8FFF705
:101FD00017FEA8E7002384F8F830A4E738B70020FC
:101FE000EED8FFFFA4000020C6890108E789010898
:101FF00080EE36000F8A0108398A01085F8A0108DD
:10200000F8B5274C012384F8D630264B5A6B1B6B4E
:10201000A4F8D830A37984F8DA200327012B0546E9
:102020000E4627731FD0022B2CD00BB10023A371B7
:1020300094F8F830A279A12B14BF0023032384F86D
:10204000F93094F8D630142101FB0242013BDBB297
:1020500093733370A07901FB00420E322946BDE82C
:10206000F840FFF72FBE04F1220202200021FFF703
:1020700001FEA279142303FB02420E323846FFF719
:10208000F9FDD5E704F1360204200021FFF7F2FD47
:10209000A279142303FB02420E320420EFE700BFB3
:1020A00038B7002038B8002010B5094C237873B138
:1020B000084812F021FB08480022202106F088FC85
:1020C00005480022802106F083FC0023237010BD08
:1020D00034B8002054B60020000400487047704710
:1020E00070470000002208B511460A4B022012F08A
:1020F00015F84FF4FA7003F05FF8BFF34F8F0649FD
:10210000064BCA6802F4E0621343CB60BFF34F8F03
:1021100000BFFDE77D8A010800ED00E00400FA053C
:1021200010B5144C20460FF04DFF04F1240100209F
:102130000FF0A8FE04F1140101200FF0A3FE04F13A
:10214000340109200FF09EFE04F1440108200FF035
:1021500099FE00221146084B022011F0DFFF0FF01C
:10216000CFFF0022BDE81040044B1146022011F0C1
:10217000D5BF00BF14B900209A8A0108C88A010897
:10218000044B43F8600F04224FF494711846FFF794
:10219000A5BF00BF08B90020034B012283F8DA2055
:1021A00000221A70FFF7BCBF38B700201749184B40
:1021B00090221A770A69097DB1B1082A12D008DC89
:1021C000022A0AD0042A0BD0002217210120FFF78F
:1021D00093BB102AF8D1042200E000221A76F3E71C
:1021E0000822FBE70C22F9E7082A0DD005DC022AB9
:1021F00008D0042A05D00122E7E7102AFBD10622E5
:1022000000E00A221A76F6E70E22FBE720060020FD
:10221000042200202DE9F8435A4D5B4CAE686378E8
:10222000B6F5806F30D2002B2CD0584F5849F86843
:10223000FEF7A4FEFEF760F902460B46D4E90C0156
:10224000FDF7FCFFC4E90C0151493869FEF796FE21
:10225000FEF752F902460B46D4E90E01FDF7EEFFF8
:10226000C4E90E014A497869FEF788FEFEF744F991
:1022700002460B46D4E91001FDF7E0FFC4E9100166
:102280000136AE60BDE8F883002BFBD0D4E90C0129
:10229000404B0022FEF788F93E4BC4E912010022B0
:1022A000D4E90E01FEF780F93A4BC4E9140100228B
:1022B000D4E91001FEF778F90222C4E916011621CB
:1022C0000120FFF719FB082215210120FFF714FB5D
:1022D000D4E91889D4E9120142464B46FEF78EFA3A
:1022E000FEF712FC46B242464B46D4E9140184F88C
:1022F0006860FEF783FAFEF707FC4B46424684F817
:102300006900D4E91601FEF779FAFEF7FDFBF2B297
:1023100084F86A0073210120FFF7EEFA94F869202F
:1023200074210120FFF7E8FA94F86A207521012052
:10233000FFF7E2FA7A225C210120FFF7DDFA134B66
:102340005B211A780120FFF7D7FA002256210120DD
:10235000FFF7D2FAC02258210120FFF7CDFAE02280
:102360005E210120FFF7C8FA0023AB6063700123F0
:10237000A3706B7C002B85D1BDE8F843064808F0BC
:1023800031BA00BF38B2002020060020042200200D
:1023900000007A440000503FA0D2002038B5284BFE
:1023A0001B69082B3BD004DC022B15D0042B25D055
:1023B00038BD102BFCD1234D234CB5F9000004F09F
:1023C000BBFBE060B5F9020004F0B6FB2061B5F993
:1023D000040004F0B1FB0FE01A4D1B4CB5F90000EE
:1023E00004F08CFBE060B5F9020004F087FB20618B
:1023F000B5F9040004F082FB6061D9E7114D124C7D
:10240000B5F9000004F084FBE060B5F9020004F0C7
:102410007FFB2061B5F9040004F07AFBECE7094D7D
:10242000094CB5F9000004F07DFBE060B5F902004D
:1024300004F078FB2061B5F9040004F073FBDBE7DE
:102440002006002038220020042200200000000086
:102450002DE9F843984E994CB568E378B5F5806F4F
:1024600028D22BB3D4F88830032B79DC944FF96849
:102470000846FEF7CFFC0146E06FFEF7C3FB396963
:10248000E0670846FEF7C6FC0146D4F88000FEF778
:10249000B9FB7969C4F880000846FEF7BBFC014629
:1024A000D4F88400FEF7AEFB0135C4F88400B560B3
:1024B000BDE8F883002BFBD0D4F88830032B4FDC29
:1024C0004FF06A51E06FFEF7A5FC16F007F84FF0E9
:1024D0006A5105462067D4F88000FEF79BFC15F092
:1024E000FDFF4FF06A5180466067D4F88400FEF724
:1024F00091FC15F0F3FF41460746284616F008F810
:102500000146384616F004F86E490546FEF734FEDB
:10251000002840F0B8806C492846FEF72DFE0028C0
:1025200040F0B38069492846FEF726FE002814BF14
:10253000042302232361A767C4F88C50FFF736FEFB
:102540005F4B1A7E1B7F10211A430120FFF7D4F93D
:10255000D4F888300133C4F88830E378002BA7D052
:10256000D4F88830042BA3D1A068FDF7C5FF4AA397
:10257000D3E90023FEF718F849A3D3E90023FEF7B7
:1025800013F88046894660685149FEF7F7FCFDF76D
:10259000B3FF42464B46FEF707F8FEF7DDFA054665
:1025A000A0612069FEF7E2FB01464FF08740FEF78D
:1025B000E5FC484907462846FEF72CFC014638460C
:1025C000FEF728FC38A3D3E90023054649464046D8
:1025D000FDF7EAFFFEF7C0FA13F0FEF901462846C0
:1025E000FEF718FCFDF788FF31A3D3E90023FEF7BF
:1025F00005F9FEF7B1FA4FF07E510546FEF7B2FD40
:10260000002844D134492846FEF7B6FD002840D1C1
:102610002846FEF701FE40F04003DBB2284F7A2245
:102620003B705C2100230120C4F88430C4F8803062
:10263000E367C4F88C30A367636723677D60FFF7A7
:102640005BF93A785B210120FFF756F90022562109
:102650000120FFF751F9C02258210120FFF74CF962
:10266000E0225E210120FFF747F90023B360E37009
:10267000C4F88830737C002B7FF41AAFBDE8F843B0
:10268000164808F0AFB8102354E7082352E7412357
:10269000C4E77F23C2E700BF0492B06F2711913FC8
:1026A00000000060FB211940000000C0E9A8233FA2
:1026B00005A3923A019D334038B200202006002045
:1026C00004220020002032450040CE4400803B44DC
:1026D00000007A44F304B53F00007C42A0D2002001
:1026E0002DE9F0473A4DDFF8ECA0DFF8EC9000243C
:1026F0004FF07E582046FEF739FB5146FEF78AFB25
:102700004946FEF73BFC13F0B3F901464046FEF79D
:1027100077FA4FF07C51FEF77DFB05F580470646C2
:102720000146B868FEF776FBB86005F500573146FC
:10273000B868FEF76FFBB860A8683146FEF76AFB21
:102740000134B4F5806F45F8080FD3D123492448EC
:10275000244F12F0F7FF2449214812F0F3FF2349D8
:102760001F4812F0EFFF22492246A1F5005013F056
:102770006FF820492246A1F5A04013F069F81E49E0
:102780002246A1F5004013F063F81C4B194CD3F816
:10279000B4014FF06C51FEF73DFB0026054657F89B
:1027A000040F2946FEF736FB386021682846FEF7FD
:1027B00031FB44F8040B2946D4F8FC0FFEF72AFB42
:1027C0000136B6F5806FC4F8FC0FE8D1BDE8F0879C
:1027D00038220020DB0FC94000C07F444062002047
:1027E000D8D100203C82002040420020402200201E
:1027F000408200204092002040A20020B000002033
:1028000070B1012814BF0320022059B1012914BF5F
:1028100003230223834206DD0A2202FB00307047B5
:102820000120F2E701230A2202FB030070470000A7
:102830002DE9F8430025584C5848A57001232A4635
:102840004FF4806112F05EF92580554CE58004F567
:102850001044237E0BB9607E10B10020BDE8F883E0
:102860000121FFF75BF800287FD10121FFF7F6F87F
:10287000003818BF01204000B0FA80F0637E4009A4
:102880002076002BE5D102210120FEF73BFF012538
:10289000002866D1434F444E3D75336B9847337FD4
:1028A000327E10211A432846FFF726F8B868FDF754
:1028B00023FE31A3D3E90023FDF776FE30A3D3E94D
:1028C0000023FDF771FE8046894678683749FEF798
:1028D00055FBFDF711FE42464B46FDF765FEFEF740
:1028E0003BF90546B8613869FEF740FA01464FF0FA
:1028F0008740FEF743FB2E4907462846FEF78AFA33
:1029000001463846FEF786FA1FA3D3E900230546A1
:1029100049464046FDF748FEFEF71EF913F05CF805
:1029200001462846FEF776FAFDF7E6FD18A3D3E93F
:102930000023FDF763FFFEF70FF94FF07E510546C8
:10294000FEF710FC98B91B492846FEF715FC80B924
:102950002846FEF761FC40F04003DBB2756033703F
:10296000002585F00105657673E7012084E74123A2
:10297000F4E77F23F2E700BF0492B06F2711913F85
:1029800000000060FB211940000000C0E9A8233FBF
:1029900005A3923A019D3340D4D10020D8D1002024
:1029A00038220020200600200422002000007A4463
:1029B000F304B53F00007C4237B5214CE38B94F81B
:1029C00026500133E38315BB637E012084F8260083
:1029D000D3B1A4F510420221FEF752FF08B3194803
:1029E00003F07CFB228C531C9BB2092A238410D950
:1029F000154B1648DD70258407F0F4FE144B2A466B
:102A00002946022011F08AFB002384F8263003B007
:102A100030BD00932A460F4B2946022011F07EFB61
:102A2000F2E70D4B0D4D2084DB6A9847EB69984720
:102A3000AB6A98472B6A98476B6A9847E4E700BFF0
:102A400038B20020B0D60020D4D10020A0D200207F
:102A5000F38A0108178B01080422002020060020B9
:102A60002DE9F8430E46244904461746FEF770FB4D
:102A700088BB2046FDF740FD19A3D3E90023044697
:102A80000D46FDF791FD22462B46FDF78DFD16A361
:102A9000D3E900238046894620462946FDF784FD78
:102AA00002460B4640464946FDF7C8FB10A3D3E952
:102AB0000023FDF7C1FB044638460D46FDF71CFD1B
:102AC00002460B4620462946FDF76EFDFEF744F808
:102AD0003060BDE8F8834FF07E50F9E7AFF3008037
:102AE000691D554D1075FF3E82E2C798BB96903F19
:102AF0003EE8D9ACFA5CFF3F00601F432DE9F84F78
:102B0000002481468A469346984600252646274655
:102B1000ABB298451DD84046FEF728F90146054658
:102B20003846FEF72BFA15F0D9FC0A9B29461860A7
:102B30003046FEF723FA15F0D1FC0B9B29461860AE
:102B40002046FEF71BFA15F0C9FC0C9B1860BDE887
:102B5000F88F59F835100846FEF75CF901463846FB
:102B6000FEF750F85AF8351007460846FEF752F9B6
:102B700001463046FEF746F85BF835100646084633
:102B8000FEF748F901462046FEF73CF801350446B9
:102B9000BEE70000000000002DE9F74F3A4B3B4C28
:102BA000D3F81C38019327686668A568DFF8E0A0B1
:102BB00000239B46019A934525D143B1009B636155
:102BC000C4F81890C4F81C8027606660A560266869
:102BD000304615F083FC67682062384615F07EFCAD
:102BE000A5686062284615F079FC3946A062304637
:102BF000FEF708F82946FEF705F815F06FFCE060CF
:102C000003B0BDE8F08F1EA3D3E90023FAE9020167
:102C1000FDF7F4FDFDF7A0FF19A3D3E90023009011
:102C2000DAE92001FDF7EAFDFDF796FF14A3D3E9E9
:102C300000238146DAE94001FDF7E0FDFDF78CFF56
:102C4000009980460846FEF7E5F801463846FDF74C
:102C5000D9FF494607464846FEF7DCF801463046AC
:102C6000FDF7D0FF414606464046FEF7D3F8014641
:102C70002846FDF7C7FF0BF1010B0546012399E735
:102C8000000000609EA0F63FD81900208CB90020FB
:102C9000B8000020000000002DE9F04F93B0124B67
:102CA000124A0493114B0393A2F1180A104B104AD5
:102CB000059300231191044610934FF00009A2F1EF
:102CC000100BDDE910128A4218DC53B1094B029A4D
:102CD000C3F808805F601E60074B5A60019A9D60D0
:102CE0001A6013B0BDE8F08FB80000206004002027
:102CF000880200207802002048040020206AFDF7A6
:102D0000FBFBA9A3D3E90023FDF74EFCFDF724FF4D
:102D10008046E069FDF7F0FBA3A3D3E90023FDF7AC
:102D200043FCFDF719FF0746A069FDF7E5FB9EA3ED
:102D3000D3E90023FDF738FCFDF70EFF049B0646A0
:102D4000F3E902010493FDF707FF049B6061019022
:102D5000D3E92001FDF700FF049B20610290D3E935
:102D60004001FDF7F9FE9249E06005464046FEF756
:102D700051F8019A01461046FEF700F90190FDF75F
:102D8000BBFBCDE90601DDE9062303993846C1E91D
:102D90004A238749FEF73EF8029B01461846FEF794
:102DA000EDF80290FDF7A8FBCDE908010399DDE9F4
:102DB00008233046C1E926237D49FEF72BF801465A
:102DC0002846FEF7DBF80546FDF796FBCDE90A013C
:102DD000DDE90A230399E1E9022340460391FDF767
:102DE0008BFB02460B46DDE90601FDF707FDCDE949
:102DF0000C01DDE90C2305993846C1E94A23FDF7AA
:102E00007BFB02460B46DDE90801FDF7F7FC059B5D
:102E100007468846C3E926783046FDF76DFB024633
:102E20000B46DDE90A01FDF7E9FCCDE90E01DDE91C
:102E30000E230599E1E90223002205914FF4801346
:102E4000DDE90601FDF722FE08B1CDF80490DDE9C9
:102E5000080100224FF48013FDF718FE08B1CDF8E9
:102E60000890DDE90A0100224FF48013FDF70EFE01
:102E700000B14D46DDE90C0100224FF48013FDF74F
:102E800005FE002840F087804A4B0022DDE90C0156
:102E9000FDF78AFBFDF760FE064600224FF4801323
:102EA00038464146FDF7F2FD002876D1414B00221D
:102EB00038464146FDF778FBFDF74EFE0746DDE953
:102EC0000E0100224FF48013FDF7E0FD002866D1CB
:102ED000384B0022DDE90E01FDF766FBFDF73CFEF5
:102EE000804601990846FDF795FFFDF705FB024670
:102EF0000B46DAE94E01FDF7A1F9CAE94E01029944
:102F00000846FDF787FFFDF7F7FA02460B46DAE9B8
:102F10002A01FDF793F9CAE92A0129462846FDF757
:102F200079FFFDF7E9FA02460B46DAE90601FDF7FB
:102F300085F9CAE9060131463046FDF76BFFFDF71A
:102F4000DBFA02460B46DBE94C01FDF777F9CBE9EA
:102F50004C0139463846FDF75DFFFDF7CDFA0246D4
:102F60000B46DBE92801FDF769F9CBE92801414669
:102F70004046FDF74FFFFDF7BFFA0B460246DBE97F
:102F80000401FDF75BF9109B01331093CBE90401B9
:102F90003034012395E64E467FE74F468FE7C8461B
:102FA0009FE700BFAFF30080182D4454FB21194068
:102FB000F304B53F00408F402DE9F04FB84BB94CBA
:102FC000586ADFF8E4B287B0FDF7CCFE0146FDF7A2
:102FD00019FE4FF06A51FDF71DFF06462068FDF708
:102FE000C5FE4FF07C51FDF715FF3146FDF712FF8E
:102FF0000546E0606068FDF7B9FE4FF07C51FDF7D3
:1030000009FF3146FDF706FF20618146A068FDF704
:10301000ADFE4FF07C51FDF7FDFE3146FDF7FAFEA7
:10302000A249606180462846FEF7B0F800284CD0DF
:103030002846FDF761FA98A3D3E90023FDF7B4FA17
:10304000FDF78AFDDBE94E23DFF864A2CDE900231A
:10305000DAE94C23CDE90223964B04460146D86AAF
:10306000FDF78CFFFDF748FA06460F462046CBE9F0
:103070005067FDF741FA02460B4630463946FDF7E8
:10308000BDFB04460D4632463B46CAE94E45304636
:103090003946FDF789FADDE90023FDF7CFF8864BC5
:1030A000CBE94E01002220462946FDF77DFA224653
:1030B0002B46FDF779FA804B0022FDF775FADDE922
:1030C0000223FDF7BBF8CAE94C0178494846FEF7F0
:1030D0005DF800284CD04846FDF70EFA6EA3D3E900
:1030E0000023FDF761FAFDF737FDDBE92A34DFF84D
:1030F000C091CDE90034D9E92834CDE902346D4BD3
:1031000006460146186BFDF739FFFDF7F5F9044651
:103110000D463046CBE92C45FDF7EEF902460B464D
:1031200020462946FDF76AFB06460F4622462B46F7
:10313000C9E92A6720462946FDF736FADDE900236A
:10314000FDF77CF85C4BCBE92A010022304639467A
:10315000FDF72AFA32463B46FDF726FA564B002287
:10316000FDF722FADDE90223FDF768F8C9E9280135
:103170004E494046FEF70AF800284AD04046FDF77F
:10318000BBF9DFF82CA144A3D3E90023FDF70CFA27
:10319000FDF7E2FCDAE90423CDE90023454B0446C0
:1031A0000146586BFDF7EAFEFDF7A6F906460F4605
:1031B0002046CBE90867FDF79FF902460B463046EB
:1031C0003946FDF71BFBDBE9068904460D4632460E
:1031D0003B46CAE9064530463946FDF7E5F9424621
:1031E0004B46FDF72BF8344BCBE906010022204675
:1031F0002946FDF7D9F922462B46FDF7D5F92E4B86
:103200000022FDF7D1F9DDE90023FDF717F8CAE93F
:103210000401DFF894B0DFF898A0DBE9508942465A
:103220004B4640464946FDF7BFF902460B46DBE9EF
:103230004E01FDF703F8DBE92C45CBE94E012246B0
:103240002B4620462946FDF7AFF902460B46DBE93F
:103250002A01FCF7F3FFDBE90823CBE92A0120462A
:103260002946CDE90423FDF79FF902460B46DBE929
:103270000601FCF7E3FFDAE94E23CBE9060110462D
:103280001946CDE90023FDF78FF902460B46DAE92E
:103290004C0113E0AFF30080182D4454FB2119407A
:1032A0000422002074B90020480400200000484097
:1032B000780200208CB9002000408F40FCF7BEFF50
:1032C000DAE92A23CAE94C0110461946CDE902235E
:1032D000FDF76AF902460B46DAE92801FCF7AEFF72
:1032E000DAE90667CAE9280132463B4630463946E4
:1032F000FDF75AF902460B46DAE90401FCF79EFF96
:103300001D4BCAE90401002240464946FDF74CF92D
:10331000194BCBE95001002220462946FDF744F91C
:10332000154BCBE92C010022DDE90401FDF73CF946
:103330000FA3D3E90023CBE90801DDE90001FDF784
:1033400033F90BA3D3E90023CAE94E01DDE90201F9
:10335000FDF72AF906A3D3E90023CAE92A0130467A
:103360003946FDF721F9CAE9060107B0BDE8F08F3B
:103370000000000080842E4100408F402DE9F04F76
:103380008DB000AF1C46BB6D7A60073323F0070396
:10339000ADEB030DC7E90210BA6DC7F828D00021C4
:1033A000684613F07EF904F540733B61BB6D1E3B2C
:1033B0003B607B6803F10C0ABB6803F10C09FB68F6
:1033C000002503F10C0800230426BD61FD62FB61AA
:1033D0003B627B624EE0731C7B61BB6A9B5D002B92
:1033E00041D1D8F804B0796A5846FDF7CFFE70B1E4
:1033F000D8F800105846FDF7C9FE40B1D8F80810BB
:103400005846FDF7C3FE10B1FE62C7F824B0D9F8E4
:1034100004B0396A5846FDF7B9FE70B1D9F800100A
:103420005846FDF7B3FE40B1D9F808105846FDF7ED
:10343000ADFE10B1BE61C7F820B0DAF804B0F9698A
:103440005846FDF7A3FE70B1DAF800105846FDF7B4
:103450009DFE40B1DAF808105846FDF797FE10B10E
:103460003546C7F81CB07E690AF1040A09F104095F
:1034700008F104083B68B342ADD87B6AA3603B6A9D
:103480006360FB692360FB6AE362BB69BA69F96A3E
:10349000C4E90953FB6A023D023B023A0331002BA7
:1034A00005DBB86D9842C2BFB86A0126C654002A2F
:1034B00005DBB86D9042C2BFB86A01268654002D64
:1034C00005DBB86DA842C2BFB86A01264655013374
:1034D000994205F1010502F10102E0D13B69303466
:1034E0009C427FF466AF3437BD46BDE8F08F0000E4
:1034F0002DE9F04F8FB0454C454A46494648DFF824
:103500001CB14FF400730093454BFFF737FF606A1F
:10351000FDF728FC0146FDF775FBA062404CDBF887
:103520002838DBF82498DBF820A8DBF81C58089032
:1035300000260393A04637460399D8F80800FDF704
:1035400025FE68B1D8F804004946FDF71FFE38B1E2
:10355000D8F800005146FDF719FE08B101350126E3
:103560000137102F08F13008E6D10EB1CBF81C5806
:10357000DBF81C3813B90123CBF81C38294B039313
:1035800000230793254B079AD3F81C38264E934205
:1035900052D8234CE36A206A03F50053023356F8ED
:1035A0002320224B1A60A36A03F5E053023356F836
:1035B00023201F4B1A60636A03F5C053023356F889
:1035C00023201C4B1A60FCF797FF02460B46D4E9F8
:1035D000C401FCF733FEC4E9C401E069FCF78CFFC9
:1035E00002460B46D4E9C601FCF728FEC4E9C60131
:1035F000A069FCF781FF02460B46D4E9C801FCF73D
:103600001DFEC4E9C8010FB0BDE8F08F0422002000
:10361000D4B90020D4C10020D4C90020D81900207A
:10362000B0060020B800002038220020D0B90020C9
:10363000CCB90020C8B90020E76A07F50053013370
:1036400056F8238007F500530333404656F82350BD
:103650002946FDF7D5FA09903846FDF783FB014668
:103660008146FDF7CFFA01464046FDF7C9FA2946E3
:10367000FDF7C8FA01460998DFF8EC82FDF77EFCF9
:103680004FF07C51FDF7C6FBA36A049303F5E053AA
:103690000133C8F8040356F823B0049B03F5E05344
:1036A0000333054656F823A058465146FDF7A8FABD
:1036B0000A900498FDF756FB01460D90FDF7A2FA1B
:1036C00001465846FDF79CFA5146FDF79BFA014624
:1036D0000A98FDF753FC4FF07C51FDF79BFBD4F8A3
:1036E00024A0C8F808030AF5C0520AF5C0510331F6
:1036F000013256F821B056F822200590594610465E
:103700000C92FDF77DFA0AF5C05102310B9056F884
:103710002130069319461846FDF774FA0C9A0146B3
:103720001046FDF76DFA5946FDF76CFA01460B9805
:10373000FDF724FC4FF07C51FDF76CFB4FF06A5114
:10374000C8F80C0383460898FDF764FB064601465B
:103750002846FDF75FFB314680464846FDF75AFB99
:1037600001464046FDF74EFA3146814620620598F3
:10377000FDF750FB0D9B804631461846FDF74AFB8E
:1037800001464046FDF73EFAE0610C905046FDF7D9
:10379000E9FA3146FDF73EFB314682465846FDF7D1
:1037A00039FB724E01465046FDF72CFAD6F8BC8123
:1037B000A06182464246311D4846FFF751F90C9BF5
:1037C0004246184606F10801FFF74AF9424606F15B
:1037D0000C015046FFF744F996F8C03183B1F06808
:1037E000FCF78AFE0B4602465DA1D1E90001FDF718
:1037F00005F8FDF7B1F90023C6F8BC0186F8C03121
:1038000007F50057DFF868A1023730345AF827006F
:10381000FCF772FE064609980F46FCF76DFE554B05
:103820000022FCF7C1FE804628468946FCF764FE6C
:1038300002460B4640464946FCF7B6FE02460B469A
:1038400030463946FCF7F8FC484D06460F464A48D4
:103850006968FDF7D5F94849FDF790FBFCF74CFE88
:1038600002460B4630463946FCF7C8FF039BE3E9A6
:1038700002010393049B03F5E05302335AF823003B
:10388000FCF73AFE80460A988946FCF735FE394B2C
:103890000022FCF789FE064605980F46FCF72CFE31
:1038A00002460B4630463946FCF77EFE02460B4682
:1038B00040464946FCF7C0FC06460F462E48A9681C
:1038C000FDF79EF92C49FDF759FBFCF715FE024662
:1038D0000B4630463946FCF791FF039BC3E92001B4
:1038E0000698FCF709FE06460B980F46FCF704FE07
:1038F000204B0022FCF758FE804658468946FCF7CC
:10390000FBFD02460B4640464946FCF74DFE02468B
:103910000B4630463946FCF78FFC039B06460F46A4
:10392000C3E94067D5E94401FDF716F9E968C5F830
:10393000AC011148FDF764F90F49FDF71FFBFCF7D7
:10394000DBFD0B46024639463046FCF757FF039B2A
:10395000C3E94001079B0133079313E6AFF30080EF
:1039600090A0F831E62E1940B0060020B0000020EB
:10397000382200200000D03F0000C8422DE9F84F57
:103980000546061FDFF8A8A0D0F8FC078946904638
:10399000002440F2FF1B56F8041F5C450CBF2F6843
:1039A0007768FDF72FF93946FDF72CF95146FDF7F9
:1039B000E5FA48F824000134B4F5007F05D03068FA
:1039C000E9E7214617E0204629E0002500244FF0D2
:1039D0007E5A00272646EB1BC3F30803214658F8FE
:1039E00023B05846FDF7D2FB0028EAD0594650468E
:1039F000FDF7C4FA01463046FDF704F90137332FCD
:103A00000646E8D10B49FDF7B9FA21460646FDF70F
:103A1000BDFB0028D7D031465046FDF7AFFA49F834
:103A200025000135B5F5007FD3D1BDE8F88F00BF83
:103A30000000404000004C422DE9F0412C4A2D4945
:103A40002D482C4CFFF79AFF2C4A2D492D48FFF7A3
:103A500095FF2D4A2D492E48FFF790FF00254FF482
:103A600000782E462F4654F8041B3846FDF7CAF856
:103A7000D4F8FC1707463046FDF7C4F8D4F8FC1F0D
:103A800006462846FDF7BEF8B8F101080546EAD11A
:103A9000204C4FF06C51E760266160613846FDF7BD
:103AA000B9F94FF06C51206007463046FDF7B2F986
:103AB0004FF06C51606006462846FDF7ABF9164999
:103AC000A06005463846FDF7A5F904F58054124973
:103AD000C4F828083046FDF79DF90F49C4F82408BA
:103AE0002846FDF797F9C4F82008BDE8F08100BF2B
:103AF000D4C90020F009002040A20020D4C1002039
:103B0000F011002040920020D4B90020F0190020CC
:103B100040820020D80900200000704238B5184CBF
:103B20004FF400552A460021204612F0BAFD2A46DD
:103B30000021A4F5005012F0B4FD2A4600214FF4F4
:103B40008055A4F5804012F0ACFD2A46002104F512
:103B5000005012F0A6FD2A46002104F5405012F054
:103B6000A0FD2A46002104F5804012F09AFD054B85
:103B700000229A605A601A60034B00229A6038BD96
:103B8000406200208CB9002038B200202DE9F04FAF
:103B90008FB006460193189B0893199B09931A9BB3
:103BA0000A934B4B059018684A4B0091069119688F
:103BB0000C91904607920B90FDF7CAFA041E18BFAD
:103BC00001240EAB03EB840353F80C1C424B186822
:103BD000FDF7DCFA002875D184F0010A4FF00209E4
:103BE0000EAB03EB840503EB890755F8182C57F847
:103BF000181C03921046FDF703F820F000430293CF
:103C00000EAB03EB8A0B039A5BF8181C1046FCF70B
:103C1000F7FF324920F00040FDF7A4FA029BA8B953
:103C20002E4955F8246C1846FDF79CFA00283AD125
:103C3000304614F053FC2A49FDF7ECF80546002CF9
:103C40003ED0012C14BF0320022029E0234918464E
:103C5000FDF788FAA0B100993046FCF7D3FF414642
:103C6000FCF7D0FF14F03AFC1D49FDF7D3F80546E8
:103C70001C48019B1D601C4B18610FB0BDE8F08F04
:103C80005BF8241C55F8240CFCF7BCFF14F026FC50
:103C90001349FDF7BFF8514605462046FEF7B0FD33
:103CA000FDF764F8E5E757F8241C3046FCF7AAFF57
:103CB00014F014FC0A49FDF7ADF849460546ECE757
:103CC0000120EDE74FF0000A02244FF0010987E7D9
:103CD000D0B90020CCB90020C8B900200000A04015
:103CE00000007A440000F642480400202DE9F04F1D
:103CF000DFF8B0A0DAE9064587B029462046FCF790
:103D00002BFF059014F0EAFB2749FDF783F8FCF739
:103D1000F3FBDAE92A67CAE9280139463046FCF79D
:103D20001BFF834614F0DAFB1F49FDF773F8FCF71D
:103D3000E3FBDAE94E89CAE94C0149464046FCF703
:103D40000BFF049014F0CAFB1749FDF763F8FCF76A
:103D5000D3FB164B059ACAE9700199690291D9699A
:103D600001911B6A0498009359460AF10C03FFF76E
:103D70000DFF42464B4630463946FCF75FFA224675
:103D80002B46FCF75BFAFCF7E7FE14F0A7FB0649AD
:103D9000FDF740F8FCF7B0FBCAE9720107B0BDE8D7
:103DA000F08F00BF4804002000007A44B0060020D5
:103DB0002DE9F04FDFF8B0A0DAE9044587B02946D5
:103DC0002046FCF7C9FE059014F088FB2749FDF753
:103DD00021F8FCF791FBDAE92867CAE926013946A0
:103DE0003046FCF7B9FE834614F078FB1F49FDF717
:103DF00011F8FCF781FBDAE94C89CAE94A01494626
:103E00004046FCF7A9FE049014F068FB1749FDF743
:103E100001F8FCF771FB164B059ACAE96E01996926
:103E20000291D96901911B6A0498009359460AF1DD
:103E30000C03FFF7ABFE42464B4630463946FCF7D3
:103E4000FDF922462B46FCF7F9F9FCF785FE14F044
:103E500045FB0649FCF7DEFFFCF74EFBCAE97001A3
:103E600007B0BDE8F08F00BF7802002000007A4460
:103E7000B00600202DE9F04F914E924DB36895B0F9
:103E8000D6E900980027059306971297002405F5B8
:103E9000804A2146DAF808B05846FDF76DF928B196
:103EA000DAF810002146FDF753F950B9214658467B
:103EB000FDF74EF950B1DAF810002146FDF75CF934
:103EC00020B1059B013305930123129305F5005A98
:103ED0002146DAF808B05846FDF74EF928B1DAF86D
:103EE00010002146FDF734F950B921465846FDF738
:103EF0002FF948B1DAF810002146FDF73DF918B165
:103F0000012308F101080693D5F808A02146504680
:103F1000FDF732F920B128692146FDF719F948B9B2
:103F200021465046FDF714F938B128692146FDF7BE
:103F300023F910B109F101090127634B08359D42AE
:103F4000A5D10FB1C6F80090069B0BB1C6F804804E
:103F5000129B0BB1059BB3605C4B5D4CB3F81C1816
:103F60005C485D4EFFF728F8E36A05935B4B059AC2
:103F70001A60236B12935A4B129A1A60594BD4F859
:103F800034B0C3F800B0D6E94E23CDE90623D6E914
:103F90002A23CDE90823D6E90623CDE90A23484B95
:103FA000DDE90A01DF68D3F81080D3F81490FCF73C
:103FB000D3FD8246DDE90801FCF7CEFD0546DDE9CB
:103FC0000601FCF7C9FD2946474DCDF8089006F1DA
:103FD0000C035246CDF804800097FFF7D7FDD5E9D2
:103FE0004C23CDE90C23D5E92823CDE90E23D5E9CF
:103FF000042319461046CDE91023FCF7ADFD1390BC
:10400000DDE90E01FCF7A8FD8246DDE90C01FCF7B5
:10401000A3FD139ACDF8089005F10C035146CDF895
:1040200004800097FFF7B2FD59465846FCF7F2FEB0
:10403000129983460846FCF7EDFE0599824608462C
:10404000FCF7E8FE04F110035A465146CDF80890FB
:10405000CDF804800097FFF799FD20692349FCF70C
:104060008DFFDDE908232061DDE90601FCF7E6F8B4
:10407000DDE90A23FCF7E2F8FCF76EFD14F02EFAF6
:104080001A49FCF7C7FEFCF737FADDE90E23C6E94B
:104090007201DDE90C01FCF7D1F8DDE91023FCF732
:1040A000CDF8FCF759FD14F019FA1049FCF7B2FEEF
:1040B000FCF722FAC5E9700115B0BDE8F08F00BF2A
:1040C00074B900203822002030420020D819002086
:1040D0008CB90020B006002048040020D0B9002090
:1040E000CCB90020C8B900207802002000007A4432
:1040F0002DE9FF41FEF7F4FA2B4D2C4CFFF79CFC09
:10410000FFF7F6F9FEF748FD294B2846B3F81C18CF
:10411000FEF7C2FDA16A666AD4F820800846FCF763
:1041200079FE314607463046FCF774FE41460646A6
:104130004046FCF76FFEAB690293EB6901932B6A73
:1041400000933A4604F110033146FFF71FFD194969
:104150002069FCF713FF2061FFF7C8FDFFF728FE79
:10416000154B1A69154B082A1CD012DC022A14D0F0
:10417000042A15D01A7E1B7F10211A430120FDF757
:10418000BBFB00221721012004B0BDE8F041FDF780
:10419000B3BB102AEED1042200E000221A76E9E730
:1041A0000822FBE70C22F9E7B00600208CB90020BA
:1041B000D819002000007A442006002004220020A4
:1041C000F8B5274C94F8903194F89151012B19D1FE
:1041D0004FF08043C4F8B431D4F8AC112148FCF757
:1041E0000FFD204920F00040FCF7C8FE05F16406F1
:1041F00004EB860601350023706084F8915184F841
:104200009031F8BD022B28D10023D4F8B001164F0D
:104210001E46AE421ADB0BB1C4F8B0012846FCF7CB
:10422000A5FD0146D4F8B001FCF7A8FE0146FCF755
:10423000E9FC4FF08041FCF7E5FC0023C4F8B03105
:104240000023C4F8B401A4F89031DAE757F8041F4A
:10425000FCF7D8FC01360123DBE7052DD1D1D3E7EC
:10426000B0000020F304354040020020F0B50022E9
:10427000474B85B0114602200FF050FF454B9B681D
:10428000B3F5806F72D1444C0294221F0192A4F1C5
:1042900008020092414A343CA2F50051A1F50050B9
:1042A000FEF72CFCE16A276B666B0846FCF7B2FD53
:1042B000394605463846FCF7ADFD01462846FCF771
:1042C000A1FC314605463046FCF7A4FD01462846D0
:1042D000FCF798FC324D14F001F92B7DA063002B04
:1042E00046D0FFF7C7FD2F49606BFCF74FFFB0B119
:1042F0002A690023082A2B752B4B47D03FDC022A62
:1043000042D0042A3FD01A7E1B7F10211A4301207D
:10431000FDF7F2FA012217211046FDF7EDFAFFF73B
:10432000FDFB2248224900242C70C0F81C48214D76
:1043300021482C6000220023C1E90623C1E92A2379
:10434000C1E94E23C0E90423C0E92823C0E94C2376
:10435000C5E90144C0E90623C0E92A23C0E94E2388
:10436000C1E90823C1E92C23C1E9502305B0F0BD00
:10437000FFF7BEFEFFF724FF01232B75B3E7102ADA
:10438000C1D1062200E00A221A76BCE70E22FBE722
:10439000408B010838B20020C0B9002040620020E4
:1043A000200600200000C84204220020D819002066
:1043B0004804002074B90020780200202DE9F0475D
:1043C000344D354B05F510471B78BE68B6F5806F48
:1043D00039D2B3B3DFF8C4803149D8F80C00FCF708
:1043E000CDFD3049FCF716FD740004F102092C499B
:1043F00045F82900D8F81000FCF7C0FD2949FCF762
:1044000009FD04F60209264945F82900D8F81400E8
:10441000FCF7B4FD2349FCF7FDFC41F20209631CE3
:1044200004EB090AE11C4B4404F60304002245F89E
:104430002A00013645F8212045F8242045F823209C
:10444000BE60BDE8F087002BFBD07A225C21012002
:10445000FDF752FA114B5B211A780120FDF74CFA57
:10446000002256210120FDF747FAC02258210120E1
:10447000FDF742FAE0225E210120FDF73DFAFFF749
:10448000F5FE7B7C002BDCD1BDE8F047064806F04A
:10449000A9B900BF382200202006002004220020F5
:1044A00000007A440AE81C41A0D200202DE9F04F18
:1044B000DFF8188198F8033089B0002B70D0444B96
:1044C0001A78002A6CD15A78002A69D1DB780593D2
:1044D000002B65D13F4D0DF11F0205F510461B2144
:1044E0000120FDF7F7F99DF81F30B46883F0100341
:1044F000C3F30013B4F5806F337454D2364F374989
:10450000F868FCF73BFD3649FCF784FC640004F1D5
:104510000208324945F828003869FCF72FFD304978
:10452000FCF778FC04F602092C4945F82900786963
:10453000FCF724FD2A49FCF76DFC41F2020B631CD9
:104540005B4404EB0B0A002245F82A00E11C45F805
:10455000232004F6030445F8212045F8242055F8CB
:104560002A001E49FCF756FCFCF730FE029055F875
:1045700029001A49FCF74EFCFCF728FE0190174968
:1045800055F82800FCF746FCFCF720FE059A154B71
:104590000090114602200FF0C1FDB3680133B360F3
:1045A00009B0BDE8F08FFFF761FE347C002CF7D135
:1045B0000D4888F80340747406F014F90B4B22463A
:1045C000214602200FF0AAFDEAE700BFD4D1002067
:1045D00020060020382200200422002000007A4417
:1045E0000AE81C416A8B0108A0D20020F38A010866
:1045F00010B5254C236833F47F0344D0637823B38C
:10460000A37813B3002216210120FDF775F90022CB
:1046100015210120FDF770F9002273210120FDF71B
:104620006BF9002274210120FDF766F90022752143
:104630000120FDF761F900230022C4E91023C4E939
:104640000E23C4E90C230023A37000225C21012067
:10465000FDF752F900225B210120FDF74DF9002200
:1046600056210120FDF748F9002258210120FDF7CD
:1046700043F900225E210120FDF73EF9BDE810401C
:10468000024806F089B810BD20060020A0D2002004
:10469000F7B51F4D00F088FD2B6898421BD31D4FC6
:1046A000FE787EBB00F080FD2B681B4C6433984283
:1046B00088BF26702678731C237076B900F074FDCD
:1046C000237800F5FA702860324600933146134B88
:1046D00002200FF023FD03B0F0BD00252A46104B49
:1046E0002570294602200FF019FDFFF717FA0D4B30
:1046F0000D485D610122FA705A7403B0BDE8F040C4
:1047000006F04AB800F050FD00F57A702860E2E744
:10471000A8000020D4D1002070B90020768B0108B9
:10472000A58B010838B20020A0D200201348144AFB
:1047300008B54FF00043C0E9002304224261012282
:104740000023C2614FF480510722C0E90233C0E95F
:104750000933C0E90C1203610383837680F82030AB
:1047600080F82C30826380F83C30C36403F050F84A
:1047700018B1BDE8084000F03FBB08BDECD10020F7
:10478000002401400268084B9A4282B00AD14FF0DF
:10479000B0431A6E42F400721A661B6E03F4007383
:1047A0000193019B02B07047002401400268054B51
:1047B0009A4201BF4FF0B042136E23F400731366A8
:1047C000704700BF0024014030B585B00024054685
:1047D000CDE901440394FFF7A9FF144803F0ACFBB3
:1047E00008B100F009FB1148039401A9CDE9015477
:1047F00003F06CF908B100F0FFFA0C4803F0C6FAB8
:1048000008B100F0F9FA4FF0FF31084803F000F961
:10481000064803F073FB054803F054F904460348C7
:1048200003F016FB204605B030BD00BFECD10020E0
:10483000014B024A1A607047ECD10020002401406D
:1048400008B50948FFF7C0FF68B1084BB3F8AA30B4
:104850004FF6FF72934216BF40F6E442044B5343B7
:10486000B3FBF0F398B208BD002000B40075FF1F41
:10487000D8084C0013B50023ADF80630FFF7E0FF71
:1048800004461948FFF7A0FF184BB3F8C820B3F847
:10489000A8108A4204FB00F018D040F6E443B0FBB5
:1048A000F3F364205B1A4343521A93FBF2F31E3373
:1048B0001BB2ADF80630BDF806305BB21B02ADF896
:1048C0000630BDF8060000B202B010BD4FF47A7297
:1048D00040F6FF73B0FBF3F35343A3F53923A3F57D
:1048E0000C6340F6C412E0E7001000B00075FF1F33
:1048F0004FF0B04307B59A6C42F004029A649A6C88
:1049000002F004020192019A9A6C42F001029A6448
:104910009B6C002203F00103009311460F20009BC3
:1049200003F0A8FB0F2003B05DF804EB03F0D4BB49
:1049300008B503F04DFE10B16FF0040008BD064B42
:104940009A6942F040429A614CF2FA321A6103F0DD
:1049500051FE0028F2D0EFE700400058F0B585B0D6
:1049600000230D4600930646A8B3FFF7E1FF044677
:1049700070BB03F02DFE88BB1A481B4A022301932B
:10498000D0F8E01506F1784302EA8121B3FBF1F794
:1049900001FB1733DB0A0293D0F8E00505F17841FB
:1049A0000139314402EA8022B1FBF2F002FB10111E
:1049B000C3EBD1230133694601A8039303F09AFEA8
:1049C00020B1022814BF6FF00104012403F012FE8D
:1049D000204605B0F0BD6FF00504F9E76FF0040460
:1049E000F6E700BF0070FF1F00FCFF03014B1860DB
:1049F0000020704750D200202DE9F04FB0F1006F39
:104A000089B006460F469046C0F0C080DFF890910E
:104A1000644DD9F8E03505EA832303F10063013BD7
:104A2000984200F2B380002900F0B38040EA02030C
:104A30005B0740F0AE80FFF77BFF044690BB03F0BE
:104A4000C7FD002840F0A880D9F8E015009705EAD6
:104A5000812106F17842B2FBF1F301FB132208F148
:104A60007843013B3344B3FBF1F001FB1033DB0A25
:104A700001334FEAD22AA3EBD222012A039388BF43
:104A8000C6F30A050AF58037C6F108038CBFC5F5E1
:104A900000654546FF02B3460693039B9A4505D33E
:104AA00003F0A8FD204609B0BDE8F08FA6F1080389
:104AB000069A1A4495421CD8009B04950193CDF8A0
:104AC00014B04FF00009059B09EB0301049B9945C5
:104AD0003DD3009BAB442B44A8EB0505B5F5006F17
:104AE000009328BF4FF400650AF1010A07F500673B
:104AF000D3E753F8081F5A68B2F1FF3F08BFB1F17E
:104B0000FF3FD5D0284B186810B96FF00504C7E7F0
:104B100027B14FF4006239460FF006FCDFF88890A9
:104B20000099D9F80030CBF30A001844AAB20FF06C
:104B3000FBFB4FF400613846FFF710FF00BBD9F8CC
:104B4000003001934FF4006305970493B9E7019B8C
:104B500007914B4402930120D3E9002303F084FD25
:104B600088B90799019BD1E9000259F80310029B0B
:104B70005B689A4208BF884205D109F10809A2E79B
:104B80006FF001048CE76FF0030489E74FF0FF3406
:104B900088E76FF0050485E76FF0040482E700BF43
:104BA0000070FF1F00FCFF0350D20020B1F1006F26
:104BB00070B510D30B4BD3F8E0650B4B03EA86239B
:104BC00003F10063013B994205D838B192B20FF06E
:104BD000ABFB002070BD4FF0FF30FBE76FF005002E
:104BE000F8E700BF0070FF1F00FCFF03B0F1006F8B
:104BF00010B40DD3084BD3F8E045084B03EA8423E7
:104C000003F10063013B984202D810BCFFF7A6BE37
:104C10004FF0FF3010BC70470070FF1F00FCFF0317
:104C20004FF0B04382B0DA6C0243DA64DB6C0340CD
:104C30000193019B02B07047F0B587B014220021A8
:104C400001A811F02EFD0420FFF7EAFF0220374DE6
:104C5000FFF7E6FF0120FFF7E3FF8020FFF7E0FF0B
:104C6000202100222846002403F0B2FE03264FF63E
:104C70004A6301A92846CDE90136039403F088FD73
:104C800042F2440301A92A480394CDE9013603F016
:104C90007FFD48F2F37301A94FF09040CDE9013652
:104CA0000827039403F074FD01A922480394CDE979
:104CB000017603F06DFD022604224FF4041301A9CE
:104CC0002846CDE90123039603F062FD4FF48813D3
:104CD0004FF4C871CDE90113284601A9039603F0EA
:104CE00057FD01232020CDE9010301A92846CDE984
:104CF000036403F04DFD22462146384603F0BAF91D
:104D0000384603F0E9F9224621460A2003F0B2F9B9
:104D10000A2003F0E1F922462146162003F0AAF901
:104D2000162003F0D9F907B0F0BD00BF0004004819
:104D300000080048001C004800B59BB04822002134
:104D400008A811F0AEFC1C22002101A811F0A9FC5A
:104D500004F01CFA4FF0B0420120D2F8903023F05A
:104D60001803C2F89030D2F8003423F4C06343F43F
:104D70000073C2F80034D2F8003403F4C063009327
:104D8000009B2423089381230B930023CDE9100378
:104D9000B02208A8CDE9122304F070FB08B172B666
:104DA000FEE74F23CDE90130CDE9030005900790E0
:104DB000022101A804F0FCFD08B172B6FEE71BB0A9
:104DC0005DF804FB08B502F07FFCFFF7B5FFFFF7C5
:104DD00033FF00F073FD00F097FA00F07BFA4FF418
:104DE000FA7000F0E9F9034805F0D6FC00F06DFD1B
:104DF000FCE700BFECD2002072B6FEE700B58DB034
:104E00002C22002101A811F04CFC1748174B03601D
:104E10001F2383604FF080420023C0E90433C0E9C0
:104E2000072383614FF48073436205F081F808B172
:104E3000FFF7E2FF0C4805F0A7F908B1FFF7DCFF28
:104E40004FF0005300220793074808924FF48073F5
:104E500001A9029206920B9305F0CAF808B1FFF778
:104E6000CBFF0DB05DF804FB54D2002000280040B9
:104E700010B5044690B03822002102A811F011FCB0
:104E80002268194B9A422CD14FF48033029302A826
:104E90004FF480730F9304F0C9FE08B1FFF7ACFF25
:104EA0004FF0B0430220D3F8902042F40042C3F800
:104EB00090209A6D42F480629A659B6D002203F403
:104EC000806311460193019B03F0D4F8022003F0A4
:104ED00003F900222A20114603F0CCF82A2003F01F
:104EE000FBF810B010BD00BF002800407047000064
:104EF00008B502F0FFFB044B0120C3F88800BDE8B1
:104F0000084004F09BB900BF0004005802F0F9BB50
:104F100008B502F0F6FBBDE8084000F069BC08B532
:104F200002F0E8FBBDE808400121002004F036B99A
:104F300070477047FEE7FEE7FEE7FEE7FEE77047D3
:104F400070477047FCF794BB014805F043B900BFB8
:104F500054D20020042003F059BD102003F056BDA8
:104F6000014803F0A3BA00BF40D3002008B5802059
:104F700003F04CFDBDE80840014803F0FDBA00BF56
:104F8000E8B20020014805F049BC00BFECD2002087
:104F9000014805F043BC00BFA0D20020014805F045
:104FA00035BE00BFA0D30020014804F047BF00BFBA
:104FB00054D20020014805F036BB00BF8CD200203F
:104FC000054808B50823036005F04AF918B1BDE8A3
:104FD0000840FFF711BF08BD8CD200204FF0B0434E
:104FE00007B55A6E42F001025A665B6E002203F06A
:104FF0000103019311463220019B03F03BF832205C
:1050000003B05DF804EB03F067B800000CB407B51B
:10501000054A05AB102101930FF052FC03B05DF877
:1050200004EB02B0704700BFE48B010830B585B0D7
:10503000044602A80D460FF0BBFABDF90C30064A33
:1050400000931021029B2046FFF7E0FF2046FBF76C
:10505000E7F8288005B030BDE48B01084FF0B0427E
:1050600010B5936823F4004393600FF0DDFA0E4B04
:1050700001241C7000F0A6F80EF0E6FF0B480EF0BD
:10508000FDFF0B4B4FF400421A6102200EF0FCFFB3
:10509000FFF7CEFB00F0C4F80FF0F0F821462046F1
:1050A000BDE810400FF00AB998D200202D5000083A
:1050B000004000580FF018B908B5FFF7C1FB40F6E3
:1050C000B83398420CD8B0F5E16F0BD3FE23A0F5AE
:1050D000E16058434FF49663B0FBF3F0C0B208BDF3
:1050E000FE20FCE70020FAE77FB5684600F07CF878
:1050F0000198FCF76BF800B207B05DF804FB000004
:10510000194A38B5D2F88035591C044619D102F035
:10511000FFFA054602F008FB054402F0FFFA2B0EE9
:10512000E3712B0CA3712B0A6371030EE370C0F3C0
:105130000742C0F307232571C0B2A27063702070CC
:1051400038BD190AC3718171190C1B0E41710371AD
:10515000D2F88435C370D2F88405C0F30722C0F3B7
:105160000743000EE9E700BF0070FF1F38B5094B89
:10517000D3F8803503600133054609D102F0C8FA3F
:10518000044602F0CBFA444002F0CEFA44402C60D0
:1051900038BD00BF0070FF1F012102200FF078B85A
:1051A000002102200FF074B8024B187808B100F00B
:1051B0003FB9704798D2002082B00190019802B0A8
:1051C00000F0D2B9074A08B5D2F8903043F48043D2
:1051D000C2F8903002F0AEFA02F0B4FABDE808402E
:1051E00002F0B8BA0008005810B50446FFF742FBB9
:1051F000074BA36040F30F20FBF7B8FD054B064AB1
:105200002360064B6060C4E90323002010BD00BF8B
:105210000000484200007A440D093E00AB0305003F
:10522000002070470120704708B511F08DFA162351
:1052300003604FF0FF3008BD08B511F085FA162362
:105240000360FEE770B50D4614460E46731B9C4284
:1052500001DC204670BDAFF3008006F8010BF5E7D6
:1052600070B50D4614460E46731B9C4201DC204669
:1052700070BD16F8010BAFF30080F5E74FF0FF307B
:1052800070474FF400534B60002070470120704777
:10529000002070470B4A116810B5034609B90A4946
:1052A0001160106809490A4C0344091B8B4206D956
:1052B00011F04AFA0C2303604FF0FF3010BD136069
:1052C000FCE700BF9CD20020E8F500200000012090
:1052D000000800000A480B4A08B52F23C0E9002344
:1052E000002340F2E732C0E90232C0E904338361AF
:1052F00005F076FB18B1BDE80840FFF77DBD08BD9D
:10530000ECD20020004401400E4B0F480F4A596A6E
:105310002F2310B5C0E900230D4B00224C00A3EB56
:105320004103B3FBF4F3043BC0E903328023826002
:105330004261836105F054FB18B1BDE81040FFF7EE
:105340005BBD10BD04220020A0D200200048014017
:1053500040420F0007B50368184A934215D14FF039
:10536000B0431C201A6E42F400321A661B6E0022F3
:1053700003F4003300931146009B02F07BFE1C20D7
:1053800003B05DF804EB02F0A7BE0D4A934211D1C1
:105390004FF0B0431D201A6E42F480221A661B6E35
:1053A00003F48023019300220521019B02F062FE99
:1053B0001D20E5E703B05DF804FB00BF0044014099
:1053C00000480140014B1868704700BF38D30020E7
:1053D0000320704708B501464FF47A72002380021B
:1053E000890DFBF739FF08BD4FF47A73A0FB030367
:1053F000800A40EA83507047034B98689A6890424D
:10540000FBD1C043704700BF0028004008B5FFF73C
:10541000F3FF014B186008BD38D3002008B5FFF733
:10542000EBFF024B1B68C01A08BD00BF38D3002039
:10543000024B187808B1FFF7DFBF70473CD300205C
:1054400010B5074B074C0122DA654FF480712046F6
:1054500004F0BAFC4FF0FF332363002010BD00BFFF
:105460000028004054D2002002460021014804F0E8
:10547000C2BE00BF54D2002002460121014804F000
:10548000BABE00BF54D2002010B58CB02C2200212F
:10549000044601A811F005F9FFF7D2FF0C4B0D48A7
:1054A0001B681C440023089306934FF00053E44309
:1054B000079301224FF4807301A902940B9304F027
:1054C00097FD08B1FFF798FC00200CB010BD00BF9D
:1054D00038D3002054D2002038B50546FFF78CFFA2
:1054E00002210446074804F08DFEC4F309024FF47C
:1054F0007A71A2FB0121920AA30A2A8043EA805012
:1055000038BD00BF54D200200148002104F07ABE0B
:1055100054D200200148012104F074BE54D200206E
:10552000F8B50F4D2E78CEB90E4C4FF0FF372763EC
:10553000FFF764FCFFF784FF4FF48071204604F00E
:1055400043FC2046276304F001FE32462046022138
:1055500004F051FEFFF75AFF01232B700020F8BD25
:105560003CD3002054D20020014610B54FF47A728B
:1055700000238002890DFBF76FFE0146FFF73CFF19
:105580000446FFF739FF031B8B4200D310BD00BF59
:10559000F7E70FF051B9000010B5064C0221204684
:1055A00004F030FE0221421C2046BDE8104004F009
:1055B00022BE00BF54D200201648174A08B54FF447
:1055C0001653C0E9002300230C22C0E90233C0E9CE
:1055D0000523C0E90733C0E90933036106F0FFF88A
:1055E00008B1FFF709FC0B48002106F070FA08B17A
:1055F000FFF702FC0748002106F089FA08B1FFF71F
:10560000FBFB044806F043FA18B1BDE80840FFF779
:10561000F3BB08BDA0D300200044004030B597B0D4
:1056200005461422002103A811F03BF8382200217E
:1056300008A811F036F82A682C4B9A4253D102235D
:10564000089308A82A4B0A9304F0F0FA08B1FFF770
:10565000D3FB4FF0B04301219A6D264C42F4003247
:105660009A659A6D02F400320292029ADA6C42F064
:105670000102DA64DB6C03F0010301930C22019B4D
:105680000223CDE903230323CDE905134FF0904016
:10569000072303A9079303F07BF817481423C4E9F1
:1056A00000034FF0100C002380222046C4E902C3FF
:1056B000C4E90423C4E90633236202F081FD08B182
:1056C000FFF79AFB0B48102102F046FF08B1FFF7E5
:1056D00093FB00222520EC671146A56202F0CAFC6C
:1056E000252002F0F9FC17B030BD00BF0044004097
:1056F00004000C0040D300205800024002680C4B0C
:105700009A4210B5044612D14FF0B0420C21936D6D
:1057100023F4003393654FF0904003F0E5F8E06F19
:1057200002F0C0FDBDE81040252002F0E3BC10BD32
:105730000044004008B50A460146024805F0CAF98F
:10574000002008BDA0D3002013B5114B114C1860E8
:105750004FF40013009302AB13E90600204606F055
:105760003AF92368DA69D103FCD4DA695202FCD52C
:105770009A68084842F480029A6006F072F9064975
:105780000448012206F0E0F8002002B010BD00BF7E
:1057900034D40020A0D300203CD4002008B5074B0F
:1057A0001860FFF7A5F8FFF707FF054AD2F8803029
:1057B00043F00063C2F88030002008BD38D40020D8
:1057C0000008005808B54FF0B04308489A6B42F4FF
:1057D00000329A639A6B22F400329A63FFF78EFFCD
:1057E0000F2002F087FC002008BD00BFA0D30020DE
:1057F00008B5074805F0F3FF08B1FFF7FDFA0548C3
:1058000002F0DEFC18B1BDE80840FFF7F5BA08BDAC
:10581000A0D3002040D300200268044B9A4203D159
:10582000034B00201B681847704700BF004400402E
:1058300038D4002002680B4B9A4210B504460FD1B1
:10584000094B1B682BB1D0F8902012B907480121F1
:10585000984720460549BDE81040012206F074B87B
:1058600010BD00BF0044004034D400203CD40020D0
:10587000014B00221A7070473DD40020014B18786C
:10588000704700BF3DD4002010B5034C0349227877
:105890000EF04AFD207810BD3DD400203ED40020FB
:1058A00010B504490446F2220348FCF7A9FB204640
:1058B00010BD00BF3DD400203ED4002008B5FFF746
:1058C000CDFBBDE8084000F087BA4FF0FF300EF086
:1058D0006FBD704770470000014BD870704700BF24
:1058E0006CB20020014B1874704700BF6CB20020EE
:1058F00007B5064B00221B5C00931146044B0220A7
:105900000EF00CFC03B05DF804FB00BF5A8C0108DC
:10591000408C010808B5022000210EF011FDBDE801
:10592000084001480EF036BF84D600200021012037
:105930000EF006BD10B54EF66023084C002818BFC7
:105940000346074823600EF0D7FE216804480EF096
:105950005BFFBDE8104002480EF01CBF68B200209B
:1059600084D600201FB50446002837D00378002BCA
:105970002ED01F480EF00EFF002211461D4B0220B4
:105980000EF0CCFB94F91830039394F90A3002938B
:10599000237C0193E368009300221146164B0320F9
:1059A0000EF0BCFB0022154B114602200EF0B6FB98
:1059B000237A012B14D1617A114A124B002918BFA6
:1059C00013460022009311460F4B02200EF0A6FB57
:1059D0000E492046FCF74AFA0D4B186004B010BD82
:1059E00000220C4B114602200EF098FBF0E700BF9E
:1059F00060D50020638C0108948C0108C58C0108D7
:105A00005F8C01085E8C0108D28C010884D60020CE
:105A100068B20020E38C010837B5044628B390F93A
:105A2000065025BB13480EF067FE134B2A46294645
:105A300002200EF073FBE379012B0CBF0F4B104BD0
:105A40000022114602200EF069FB94F90600FCF7D3
:105A5000BFF994F90530019394F9043000930022C2
:105A6000084B114603200EF059FB03B030BD064B26
:105A7000E6E700BF30D50020F18C0108068D010853
:105A8000238D0108578D0108408D01080A46014900
:105A9000FFF78CB800F0030838B51B480EF02CFE59
:105AA00006F09EFC044650B10022184B114602201D
:105AB0000EF034FBBDE8384015480EF06BBE154BB8
:105AC000154D0246014602200EF028FB134B1B78B1
:105AD000012B11D10220124B2870224621460EF0D4
:105AE0001DFB104806F008FB2878012106F05CF841
:105AF00005480EF04FFEDDE701232B7022460A4BCE
:105B000021460220EBE700BF84D60020808D0108EB
:105B10006CD600209E8D0108A4000020A500002066
:105B2000B28D01086CB20020D28D010800B5034689
:105B30008DB000282CD0407802280AD003282AD023
:105B4000164B0022114602200DB05DF804EB0EF05A
:105B5000E5BA1A7F0B92DA7E0A929A7E09925A7EF1
:105B600008921A7E0792DA7D06929A7D05925A680B
:105B70000492DA68039293F914200292B3F9122086
:105B800001921B7C00930022054B11460EF0C6FAD1
:105B90000DB05DF804FB034BD3E700BFF18D0108A6
:105BA000088E01087A8E010801284FF000020CBF10
:105BB000024B034B114602200EF0B0BA998E010839
:105BC000AB8E0108054B1A78054B1B789A4203D11E
:105BD000002108200EF0B4BB704700BFA4000020D5
:105BE000A500002008B506F004FC80B906F0C2F854
:105BF00001280CD1BFF34F8F0549064BCA6802F448
:105C0000E0621343CB60BFF34F8F00BFFDE708BDD9
:105C100000ED00E00400FA0530B5044687B00D46FB
:105C2000002953D02A480EF0B5FD2B78EBB1E4B132
:105C30006368D3B11B780193237800930022254B2E
:105C4000114602200EF06AFA2378022B2ED0032B85
:105C50000BD16378012B08D163681878012802D032
:105C6000022800D008B906F079F92B7C052B16D84C
:105C700095F90A20059295F909200492164A52F8DE
:105C80002330039395F90830029323780193EB684E
:105C900000930022114B114603200EF03FFA2946D3
:105CA000204607B0BDE83040FBF7DABF6378012B30
:105CB000DBD163681A7812F0010216BF0022084B8C
:105CC000084B114603200EF029FACEE707B030BD8D
:105CD00048D50020BF8E0108D0B20020EF8E010809
:105CE000DC8E0108E68E010838B504460D460748EB
:105CF0004FF40061FEF77AFF30B92A462146034887
:105D0000BDE83840FEF778BE38BD00BF00F003089C
:105D100010B506F003FC10F1080F07D1064B002266
:105D2000BDE81040114602200EF0F8B9013001D153
:105D3000024BF4E710BD00BF368F01084C8F0108FD
:105D400037B506F02BF80446002837D11C4D022346
:105D50002B70FFF78DFD2046FFF7A2FD194C6868F8
:105D6000FFF792FDFFF78AFD637A687033B106F0A2
:105D700001F8012802D120460EF0BEFC124B10485B
:105D8000D978002206F020F8024638B90F4B0146B8
:105D9000012003B0BDE830400EF0C0B906320DD18D
:105DA00005F0E2FF50B100224FF47A731146B0FBC8
:105DB000F3F0074B009001200EF0B0F903B030BDB6
:105DC00060B2002030D500206CB20020648F010842
:105DD000738F010870477047F0B587B00024012524
:105DE0000327504B029422462146CDE9005702205A
:105DF000022605940EF092F90623CDE900632246AF
:105E0000494B0295214630460EF088F9474B0095E4
:105E100022462146CDE9017530460EF07FF905A9ED
:105E2000204606F0CBFA059BC3F307220292C3F388
:105E300007421B0E0192009322463D4B21463046FD
:105E40000EF06CF905A9284606F0B8FA059BDAB2FF
:105E50000392C3F307220292C3F307421B0E01927F
:105E600000932246334B214630460EF057F9324B11
:105E70003248009422464FF4FA710EF0DFFB304BAB
:105E80003048009422464FF4FA710EF0D7FB2E4BA7
:105E90002E4800942A464FF4FA710EF0CFFB2046AC
:105EA000FEF7A4FD08B1FEF7A7FF294B00940022DE
:105EB0004FF4FA6127480EF0C1FB274A0021012068
:105EC0000EF008FB254A002102200EF003FB244AB5
:105ED000002104200EF0FEFA224A002108200EF0D4
:105EE000F9FA00F051F82049204806F01DFA204840
:105EF00006F002F9FBF75CFB14480EF04BFC1D4B5F
:105F00000121187805F050FE1B4900941B4B0968CD
:105F10001B4800220EF092FB19480EF03BFC07B024
:105F2000F0BD00BF918F0108B28F0108D38F010827
:105F3000F48F010815900108D358000860D500209F
:105F4000D75D000848D50020D55D000830D5002079
:105F5000C55B00086CD60020FDBE0008415D00084E
:105F6000115D0008995A00080000030184B2002066
:105F70006CB20020A400002068B20020155900086F
:105F800084D60020FBF7B4BB034B0022C3E90222F6
:105F90000122C3E9002270479CD6002000487047C8
:105FA0009CD6002008B501F0DDFB08BD08B501F066
:105FB00003FC08BD0020704708B501F01BFC08BDBC
:105FC00008B501F019FC08BD01F018BC0D48854664
:105FD00001F053FB0C480D490D4A002302E0D45850
:105FE000C4500433C4188C42F9D30A4A0A4C002323
:105FF00001E013600432A242FBD310F0ABFBFEF7CA
:10600000E1FEFEE70000012000000020D4B50020E2
:10601000DC2E0208D4B50020E4F50020FEE70000E5
:10602000114A08B513680BB9002008BD013B136085
:10603000002BF9D14FF0B0424FF40061936D23F47F
:10604000800393654FF0904002F04EFC4FF090407B
:106050004FF4805102F048FC044802F06DFE002825
:10606000E2D06FF00700E0E7ACD60020B0D6002009
:106070001FB54FF48054CDE90134009201230A4644
:106080000146074802F072FE40B1054803F029F8C6
:10609000042814BF6FF003006FF0650004B010BD5A
:1060A000B0D600201FB54FF48054CDE901340092E2
:1060B00001230A460146074802F032FF40B1054875
:1060C00003F00FF8042814BF6FF003006FF06500B1
:1060D00004B010BDB0D60020FFF766B8134A144BC9
:1060E00070B50026C0E900230123C0E90263C0E9BE
:1060F0000466C0E906660662044602F0C7FD314642
:106100000546204602F0EFFF0543EDB2AD1B3146D8
:10611000204618BF012503F00CF8B04218BF012536
:106120004FF4001003F02AF8284670BD00580040D4
:10613000190B20002DE9F0432F4A304E304B3360CD
:106140001368591C97B011601BB1002017B0BDE84F
:10615000F083304602F0C2FF05460028F5D1342214
:10616000014609A810F09DFA4FF0B044802308932F
:1061700008A84FF440230E9303F058FDE36C43F05E
:106180000103E364E36C03F001030293029B4FF00D
:1061900012094FF400634FF00108042703A94FF0E0
:1061A0009040CDE90339CDE90585079702F0F0FA73
:1061B0004FF4805303A94FF09040CDE90339CDE966
:1061C0000585079702F0E4FAA36D43F48003A36505
:1061D000A36D03F4800301933046019BFFF77EFF1C
:1061E000014610B16FF00700B0E7304602F07BFFC8
:1061F0000028AAD0F6E700BFACD60020B0D6002019
:106200000058004040F201124FF47A63C1E90023C4
:1062100000201023C1E90230024B0B614B610023C7
:106220008B6170470058D04510B44469007BA44688
:1062300010BC604710B40469007BA44610BC6047E2
:1062400010B590F83130012B044608D090F8331087
:10625000203000F07FFE20B9012384F83130002087
:1062600010BD4FF0FF30FBE770B590F831500C4691
:10627000012D06464649204647D1FAF773FF00280C
:106280002BD144492046FAF76DFF00282FD142490F
:106290002046FAF767FF60BB40492046FAF762FFE5
:1062A00048BB3F492046FAF75DFF30BB3D492046D9
:1062B000FAF758FF18BB3C492046FAF753FF00BBDA
:1062C0003A492046FAF74EFFE8B939492046FAF72D
:1062D00049FF002814BF09250A25294606F1200098
:1062E00000F038FE003818BF0120404270BD022582
:1062F000F3E70325F1E70425EFE70525EDE706259C
:10630000EBE70725E9E70825E7E7FAF72BFF002881
:106310002ED120492046FAF725FF58BB1E492046BA
:10632000FAF720FF40BB1D492046FAF71BFF28BBA8
:106330001B492046FAF716FF10BB1A492046FAF708
:1063400011FFF8B918492046FAF70CFFE0B91749D0
:106350002046FAF707FFC8B915492046FAF702FFA9
:10636000002814BF09230A2386F833300020BDE734
:106370000123F9E70223F7E70323F5E70423F3E713
:106380000523F1E70623EFE70723EDE70823EBE713
:10639000000048410000D041000050420000D042BF
:1063A000000050430000D043004050440040D0441F
:1063B00000405045022908B50DDD04290DDD0829EE
:1063C000CCBF01210321203000F0C0FB003818BFF2
:1063D0000120404208BD0021F5E70221F3E710B596
:1063E00090F83230012B044608D090F83410203059
:1063F00000F050FE20B9012384F83230002010BD97
:106400004FF0FF30FBE7000070B590F832500C46BB
:10641000012D06464649204647D1FAF7A3FE00283B
:106420002BD144492046FAF79DFE00282FD142493E
:106430002046FAF797FE60BB40492046FAF792FEE5
:1064400048BB3F492046FAF78DFE30BB3D49204608
:10645000FAF788FE18BB3C492046FAF783FE00BBDA
:106460003A492046FAF77EFEE8B939492046FAF75C
:1064700079FE002814BF09250A25294606F12000C7
:1064800000F008FE003818BF0120404270BD022510
:10649000F3E70325F1E70425EFE70525EDE70625FA
:1064A000EBE70725E9E70825E7E7FAF75BFE0028B1
:1064B0002ED120492046FAF755FE58BB1E492046EA
:1064C000FAF750FE40BB1D492046FAF74BFE28BBA9
:1064D0001B492046FAF746FE10BB1A492046FAF738
:1064E00041FEF8B918492046FAF73CFEE0B91749D1
:1064F0002046FAF737FEC8B915492046FAF732FEAA
:10650000002814BF09230A2386F834300020BDE791
:106510000123F9E70223F7E70323F5E70423F3E771
:106520000523F1E70623EFE70723EDE70823EBE771
:10653000000048410000D041000050420000D0421D
:10654000000050430000D043004050440040D0447D
:106550000040504570B500F1200405460121204659
:1065600000F009FC10B14FF0FF3070BD0121204652
:1065700000F04DFC0028F6D10121204600F030FC4F
:106580000028F0D10121204600F041FC0028EAD18A
:106590000121204600F09CFB01460028E3D1204663
:1065A00000F04CFC01460028DDD1042685F833605C
:1065B000204600F0CFFC01460028D4D1204600F050
:1065C000C5FA01460028CED185F83460204600F097
:1065D00061FD0028C7D10C21204600F012FB0028E5
:1065E000C1D1012385F83030BFE77D2908B514DD1E
:1065F000FA2914DDB1F5FA7F13DDB1F57A7F12DDEA
:10660000B1F5FA6FCCBF01210C21203000F0F9FA6E
:10661000003818BF0120404208BD0221F5E70021E3
:10662000F3E70421F1E70821EFE708B5203000F097
:10663000D0FB003818BF0120404208BD38B590F8A3
:106640003130044693B100F1200500F133012846B2
:1066500000F0A8FA014610B14FF0FF3038BD2846CF
:1066600000F078FC0028F7D184F831000020F5E72D
:1066700013B50C4620300DF1070100F093FA18BB5A
:106680009DF807300A2B1FD8DFE803F0060A0C0E2E
:1066900010121416181A1C000023236002B010BD3B
:1066A0000B4BFAE70B4BF8E70B4BF6E70B4BF4E71A
:1066B0000B4BF2E70B4BF0E70B4BEEE70B4BECE72A
:1066C0000B4BEAE70B4BE8E74FF0FF30E6E700BF84
:1066D000000048410000D041000050420000D0427C
:1066E000000050430000D043004050440040D044DC
:1066F000004050450058D04513B50C4620300DF1F0
:10670000070100F03AFA88B99DF80730032B0DD83D
:10671000DFE803F0020A0608064B236002B010BD52
:10672000054BFAE7054BF8E7054BF6E74FF0FF306E
:10673000F4E700BF23DB793D23DBF93D23DB793E22
:1067400023DBF93E13B50C4620300DF1070100F0B4
:1067500014FA88B99DF80730032B0DD8DFE803F051
:10676000020A06080223236002B010BD0423FAE7E0
:106770000823F8E71023F6E74FF0FF30F4E713B5EE
:106780000C462030694600F0D8FA50B9BDF8003008
:106790002380BDF802306380BDF80430A38002B0CE
:1067A00010BD4FF0FF30FAE77FB504460D460023D9
:1067B00002A92030019300F0C0FA20B14FF0FF345D
:1067C000204604B070BD204601A9FFF795FF04469E
:1067D0000028F3D1019EBDF90800FAF7C7FA314647
:1067E000FAF718FBFAF7F2FC2860BDF90A00FAF78D
:1067F000BDFA3146FAF70EFBFAF7E8FC6860BDF91E
:106800000C00FAF7B3FA3146FAF704FBFAF7DEFCAC
:10681000A860D5E738B590F83230044693B100F15E
:10682000200500F13401284600F026FA014610B197
:106830004FF0FF3038BD284600F02CFC0028F7D17F
:1068400084F832000020F5E710B50446FFF7F6FEA5
:1068500010B14FF0FF3010BD2046FFF7DBFF0028DE
:10686000F7D184F8330084F8340084F83000F2E77C
:1068700013B50C4620300DF1070100F0FDF918BBEF
:106880009DF807300A2B1FD8DFE803F0060A0C0E2C
:1068900010121416181A1C000023236002B010BD39
:1068A0000B4BFAE70B4BF8E70B4BF6E70B4BF4E718
:1068B0000B4BF2E70B4BF0E70B4BEEE70B4BECE728
:1068C0000B4BEAE70B4BE8E74FF0FF30E6E700BF82
:1068D000000048410000D041000050420000D0427A
:1068E000000050430000D043004050440040D044DA
:1068F000004050450058D04513B50C4620300DF1EE
:10690000070100F095F9D0B99DF807300C2B16D887
:10691000DFE803F00B1307150D1515150F151515E9
:106920001100084B236002B010BD074BFAE7074B7C
:10693000F8E7074BF6E7074BF4E7074BF2E74FF0B2
:10694000FF30F0E700008C4000000C4100008C415B
:1069500000000C4200008C4200000C4313B50C46B2
:1069600020300DF1070100F063F9F0B99DF8073010
:106970000C2B1AD8DFE803F00B1607190D1919199B
:106980001019191913007D23236002B010BDFA23DA
:10699000FAE74FF4FA73F7E74FF47A73F4E74FF43A
:1069A000FA63F1E74FF47A63EEE74FF0FF30ECE77C
:1069B00013B50C462030694600F0A1F950B9BDF876
:1069C00000302380BDF802306380BDF80430A3801E
:1069D00002B010BD4FF0FF30FAE77FB504460D4618
:1069E000203002A900F08BF920B14FF0FF3420468F
:1069F00004B070BD204601A9FFF77EFF04460028C1
:106A0000F3D1019EBDF90800FAF7B0F93146FAF763
:106A100001FAFAF7DBFB2860BDF90A00FAF7A6F9DC
:106A20003146FAF7F7F9FAF7D1FB6860BDF90C00C7
:106A3000FAF79CF93146FAF7EDF9FAF7C7FBA860C7
:106A4000D5E708B52030012300F04CF8003818BF16
:106A50000120404208BD07B501238DF807202030F2
:106A60000DF1070200F044F8003818BF0120404241
:106A700003B05DF804FB000010B5044610B94FF0F8
:106A8000FF3010BD4A680B6842608A68036082600C
:106A90000A7B02730A6902614A6942618A698261FA
:106AA0000E4A42620E4A0262CA69C0E90A20002BFD
:106AB000E5D098470028E2D1A368022BE1D194F8F1
:106AC0003030002BDDD10C2212212046FFF7C3FF0E
:106AD000003818BF01204042D3E700BF29620008F8
:106AE0003562000810B44468C068A44610BC604712
:106AF00010B40468C068A44610BC604708B5FAF733
:106B000035F90249FAF786F908BD00BF23DB793D64
:106B100008B5FAF72BF90249FAF77CF908BD00BF6E
:106B200023DBF93D08B5FAF721F90249FAF772F9C2
:106B300008BD00BF23DB793E08B5FAF717F9024913
:106B4000FAF768F908BD00BF23DBF93E37B501232A
:106B50000D4601AA10210446FFF7C4FF58B99DF85D
:106B6000043065F383038DF8043001AA012310215A
:106B70002046FFF7BDFF03B030BD13B501230C461F
:106B800001AA1021FFF7AEFF9DF80430C3F3810383
:106B9000022B04D0032B02D05A1E534253412370C0
:106BA00002B010BD13B501230C4601AA1021FFF756
:106BB00099FF9DF804301B09013B0A2B1FD8DFE821
:106BC00003F0060A0C0E10121416181A1C000123EA
:106BD000237002B010BD0223FAE70323F8E7042371
:106BE000F6E70523F4E70623F2E70723F0E7082397
:106BF000EEE70923ECE70A23EAE70B23E8E70023A3
:106C0000E6E737B501230D4601AA11210446FFF737
:106C100069FF58B99DF8043065F303038DF804301B
:106C200001AA012311212046FFF762FF03B030BD06
:106C300013B501230C4601AA1121FFF753FF9DF85C
:106C4000043003F00F030C2B14D8DFE803F0071116
:106C500013130B1313130D1313130F0000232370BF
:106C600002B010BD0423FAE70823F8E70C23F6E787
:106C70000123F4E70223F2E713B501230C4601AA2E
:106C80001121FFF72FFF9DF804301B09013B092B51
:106C90001CD8DFE803F005090B0D0F1113151719A8
:106CA0000123237002B010BD0223FAE70323F8E7A3
:106CB0000423F6E70523F4E70623F2E70723F0E7CA
:106CC0000823EEE70923ECE70A23EAE70023E8E7D5
:106CD00037B501230D4601AA12210446FFF702FF32
:106CE00058B99DF8043065F386138DF8043001AA75
:106CF000012312212046FFF7FBFE03B030BD13B580
:106D000006230C466A462221FFF7ECFE9DF801207F
:106D10009DF8003003EB022323809DF803209DF8AB
:106D2000023003EB022363809DF805209DF80430B8
:106D300003EB0223A38002B010BD13B506230C465B
:106D40006A462821FFF7CEFE9DF801209DF800300D
:106D500003EB022323809DF803209DF8023003EB10
:106D6000022363809DF805209DF8043003EB022385
:106D7000A38002B010BD37B501230D4601AA18212A
:106D80000446FFF7AFFE58B99DF8043065F34103A0
:106D90008DF8043001AA012318212046FFF7A8FE30
:106DA00003B030BD37B501230D4601AA194604468C
:106DB000FFF798FE58B99DF8043065F387138DF8F6
:106DC0000430012301AA19462046FFF791FE03B0C3
:106DD00030BD08B50A4601230F21FFF783FE08BD29
:106DE00037B501230D4601AA12210446FFF77AFEAA
:106DF00058B99DF8043065F300038DF8043001AAFA
:106E0000012312212046FFF773FE03B030BD37B5D2
:106E100001230D4601AA12210446FFF763FE58B96B
:106E20009DF8043065F382038DF8043001AA012334
:106E300012212046FFF75CFE03B030BD37B50123B9
:106E40000D4601AA0A210446FFF74CFE58B99DF8E9
:106E5000043065F302038DF8043001AA01230A21EE
:106E60002046FFF745FE03B030BD38B50D46022180
:106E70000446FFF797FF98B901232A46462120468A
:106E8000FFF730FE60B90123EA1847212046FFF7DB
:106E900029FE28B901462046BDE83840FFF782BFE9
:106EA00038BD37B50C4602210546FFF77BFF50B9C8
:106EB000012301AA5F212846FFF714FE18B90146F5
:106EC0002846FFF76FFF9DF80430C3F3C103022B80
:106ED00004D0032B02D05A1E53425341237003B0F7
:106EE00030BD37B50D4602210446FFF75BFF78B988
:106EF000012301AA05212046FFF7F4FD40B9014610
:106F00002046FFF74FFF9DF80430C3F300132B70AA
:106F100003B030BD37B50D4602210446FFF742FFEE
:106F2000B0B9012301AA60212046FFF7DBFD78B943
:106F30009DF80430C3F30113022B04D0032B02D0BD
:106F40005A1E534253412B7000212046FFF72AFF5F
:106F500003B030BD73B50D4601A90446FFF785FFA8
:106F600000286ED19DF80420C2F34001C2F3000353
:106F70000B43C2F380010B43C2F3C0010B43C2F3C6
:106F800000110B43C2F340110B43C2F380110B43BA
:106F900043EAD2139DF80520C2F300010B43C2F36C
:106FA00040010B43C2F380010B43C2F3C0010B430A
:106FB000C2F300110B43C2F340110B43C2F3801123
:106FC0000B4343EAD213DB073BD50DF10101204609
:106FD000FFF767FF002834D19DF801302E46032BC0
:106FE00006D8DFE803F00222262A012D38BF012649
:106FF00000238DF8023000284AD10DF1020120460D
:10700000FFF76FFF9DF80230012B2DD10DF1030129
:107010002046FFF77FFF00283AD19DF80330032B6D
:1070200014D8DFE803F01015191D022D38BF022611
:10703000DEE7032D38BF0326DAE7042D38BF042628
:10704000D6E72E46D4E7012D38BF01252E460CE0A9
:10705000022D38BF0225F9E7032D38BF0325F5E7D8
:10706000042D38BF0425F1E790B901236A461021A9
:107070002046FFF737FD58B99DF8003066F3071337
:107080008DF800306A46012310212046FFF730FDBD
:1070900002B070BD73B50D4601A90446FFF7E5FEC9
:1070A00000286ED19DF80420C2F34001C2F3000312
:1070B0000B43C2F380010B43C2F3C0010B43C2F385
:1070C00000110B43C2F340110B43C2F380110B4379
:1070D00043EAD2139DF80520C2F300010B43C2F32B
:1070E00040010B43C2F380010B43C2F3C0010B43C9
:1070F000C2F300110B43C2F340110B43C2F38011E2
:107100000B4343EAD213DB073BD50DF101012046C7
:10711000FFF7C7FE002834D19DF801302E46032B1F
:1071200006D8DFE803F00222262A012D38BF012607
:1071300000238DF8023000284AD10DF102012046CB
:10714000FFF7CFFE9DF80230012B2DD10DF1030189
:107150002046FFF7DFFE00283AD19DF80330032BCD
:1071600014D8DFE803F01015191D022D38BF0226D0
:10717000DEE7032D38BF0326DAE7042D38BF0426E7
:10718000D6E72E46D4E7012D38BF01252E460CE068
:10719000022D38BF0225F9E7032D38BF0325F5E797
:1071A000042D38BF0425F1E790B901236A46112167
:1071B0002046FFF797FC58B99DF8003066F3071397
:1071C0008DF800306A46012311212046FFF790FC1C
:1071D00002B070BD0123054A0B6000200023087136
:1071E0008B60CA600B614B61704700BF0000484371
:1071F0002DE9F84384680546884691461E466CB1E1
:107200000020BDE8F88308EB040109EB04026F6974
:10721000287B012389B2B847013410B9B442F2D1B6
:10722000EEE74FF0FF30ECE72DE9F84384680546C0
:10723000884691461E466CB10020BDE8F88308EBF5
:10724000040109EB04022F69287B012389B2B847A6
:10725000013410B9B442F2D1EEE74FF0FF30ECE761
:1072600038B590F83030044623B1012384F830302B
:10727000002038BD4FF07E5300F12005436301210B
:10728000284600F0B5F910B14FF0FF30F1E70121C9
:10729000284600F0DBF901460028F5D1284600F029
:1072A000F9F80028E1D0EFE738B50C4605464FF075
:1072B0007E512046F9F756FFD0B910492046F9F71C
:1072C00051FFB8B90E492046F9F74CFFA0B90D4956
:1072D0002046F9F747FF002814BF2221322105F18B
:1072E000200000F0D7F8003818BF0120404238BD18
:1072F0000421F4E70221F2E71221F0E70000C8417F
:10730000000048420000C84210B590F83130012B0F
:10731000044606D0416BFFF7C7FF20B9012384F86C
:107320003130002010BD4FF0FF30FBE713B50C46A5
:1073300020300DF1070100F082F920B99DF80730E7
:10734000237002B010BD4FF0FF30FAE713B50C46C2
:1073500020300DF1070100F025F948B99DF80730FC
:10736000122B10D007D8022B0FD010D9042B10D01D
:107370004FF0FF3005E0222B0ED0322BF8D1074B17
:10738000236002B010BD064BFAE7064BF8E7002376
:10739000F6E74FF07E53F3E7034BF1E70000484375
:1073A000000048420000C8410000C84210B590F8F3
:1073B0003130044683B100F13401FFF7C7FF0146C5
:1073C00010B14FF0FF3010BD04F1200000F062F862
:1073D0000028F6D184F831000020F4E710B590F8C9
:1073E0003030012B044603D0002084F8300010BD5B
:1073F000FFF7DCFF0028F7D04FF0FF30F7E737B595
:107400000D4620300DF1060100F009F9044638B9A7
:10741000BDF9060000F034F82860204603B030BD06
:107420004FF0FF34F9E70000B0B14A680B684260E2
:107430008A68036082600A7B02730A6902614A6992
:1074400042618A698261064A4262064A0262CA69E8
:10745000C0E90A2003B118474FF0FF30704700BF62
:10746000F17100082972000810B44468C068A4468D
:1074700010BC604710B40468C068A44610BC6047E4
:1074800008B5F9F773FC0249F9F778FD08BD00BFAC
:107490000000C84237B501230C4601AA0421054665
:1074A000FFF7E2FF28B901236A460C212846FFF7BF
:1074B000DBFF012C35D190BB9DF8003043F0020377
:1074C0008DF800306A4623460C212846FFF7D2FF8C
:1074D00028BB9DF8003060F341038DF800306A4608
:1074E00001230C212846FFF7C5FFC0B9C4F34002B1
:1074F00004F0010343EA820304F0300213439DF8D1
:107500000420A40802F04A0243EAC41313438DF88E
:10751000043001AA012304212846FFF7ABFF03B082
:1075200030BD04F0DF03022B01D0122B1FD19DF8D8
:1075300004305B071BD40028F1D19DF8003043F0E4
:1075400002038DF800306A4601230C212846FFF71C
:1075500091FF0028E3D19DF8003060F341038DF8DE
:1075600000306A4601230C212846FFF783FF042CD4
:10757000BBD10028D3D19DF8003023F0420343F063
:1075800042038DF800306A4601230C212846FFF79C
:1075900071FF0028C3D19DF8003023F0420343F06F
:1075A00040039AE713B5012301AA0C460421FFF713
:1075B0005BFF9DF80430DA09C3F38001920042EAD0
:1075C000410203F031031343122B07D009DC022BD5
:1075D00004D0042B02D05A1E53425341237002B0F0
:1075E00010BD222BFAD0322B0CBF32230023F5E73B
:1075F00037B501230D4601AA04210446FFF734FFE5
:1076000058B99DF8043065F386138DF8043001AA4B
:10761000012304212046FFF72DFF03B030BD13B531
:1076200002230C4601AA0621FFF71EFF9DF8052044
:107630009DF8043003EB0223238002B010BD08B58F
:1076400001230A461946FFF70FFF08BD37B501238E
:107650000D4601AA04210446FFF706FF58B99DF81C
:10766000043065F3C3038DF8043001AA012304211B
:107670002046FFF7FFFE03B030BD704738B5104C11
:10768000237805460BB9012038BD01F0E7FE2278CA
:107690004FF47A73B3FBF2F3B0FBF3F000F03CFD70
:1076A00004460028EFD10F2DEDD8024629464FF0B1
:1076B000FF3000F0DFFC034B20461D60E4E700BF15
:1076C00070B3002074B3002010B5032000F0C0FC9C
:1076D00001F0C4FE064B18600020FFF7CFFF044600
:1076E00018B9FDF726FC204610BD0124FBE700BFBA
:1076F0006CB300204FF0E022136923F00203136102
:1077000070474FF0E022136943F0020313617047A2
:10771000014BD3F8900570470070FF1F014BD3F861
:10772000940570470070FF1F014BD3F89805704710
:107730000070FF1F024A536843F001035360704713
:10774000002004E0024A536843F00203536070478C
:10775000002004E0024A536843F00403536070477A
:10776000002004E04FF0B04330B5DA6C114842F02D
:107770000402DA64DB6C87B003F004030093009B1F
:10778000382501230022CDE9015301A90323CDE9C6
:10779000032300F0FDFF0748294601F022F90446C3
:1077A00020B902462946034801F012F9204607B0E5
:1077B00030BD00BF0008004808B5032815D8DFE831
:1077C00000F002090B1100220948382101F000F9EC
:1077D000002008BD0122F7E718222021044801F00B
:1077E000FCF8F5E728221021F8E70120F1E700BFB7
:1077F000000800480120704701207047002814BF8E
:1078000016200F2070478068C0F38000704700008A
:10781000F7B5002301930446002800F0E980856D48
:1078200025B9FCF7AFFFE56584F8545023689A68E2
:10783000D00040F1A1809A68D10000F1B480A26D1F
:1078400042F01002A265E26D42F00102E2650125FC
:107850001846FFF7D8FFA26D02F01002024340F075
:10786000C980A26D206922F4817242F00202A265F1
:107870009A68D2075DD4226BA67E94F82CC0003A99
:1078800018BF01221703D4E902120A43217E42EAFB
:107890008132617E42EAC13242EA4632002842EA3F
:1078A0004C02B4BF20F000414FF400113A430A43A8
:1078B00094F82010012903D1002E76D142F48032B1
:1078C000616A21B1A66A01F4E07131430A43D968C3
:1078D000E66C21F4FE3121F4FF711143D96094F874
:1078E0003C206168012A01F0404C4CEA060609D1AF
:1078F000D4E910273A433243A66C324342EA0C02E1
:1079000042F001061F693E4A3A4032431A6121F0B3
:107910000042B2F1804F0CD0B1F1004F09D0394E86
:10792000D6F8082701F4701122F470120A43C6F841
:1079300008275A69666BA16B22F0070232435A612D
:107940005A6922F0700242EA01125A61002835D1C8
:107950009A6A62F00F029A625B6903F007039E4223
:107960003CD10023E365A36D23F0030343F001033F
:10797000A365284603B0F0BD9A68234922F010425F
:1079800022F0170242F080529A60204A1268B2FB3D
:10799000F1F2013252000192019A002A3FF44BAFFA
:1079A000019A013AF7E7002552E7A16D41F0200165
:1079B000A165E16D41F00101E16581E7B0F5001FCE
:1079C000CAD19A6AE269013A92006FF00F0102F09F
:1079D0001C0201FA02F2216E0A43BCE7A36D23F0F8
:1079E000120343F01003A365E36D43F00103E36565
:1079F0000125BEE7A36D43F01003A365F8E700BFC0
:107A000002FCFF1F00200140400D03006CB300206A
:107A1000F8B54569082D04460E460AD00368DB68B0
:107A2000D80705D5A36D43F02003A3650120F8BD59
:107A30000425FDF7B9FB074623681A682A4220D0BF
:107A4000A26D42F40072A265DA6812F4406F14D19C
:107A5000A27E92B91A6812070FD51846FFF7D3FE17
:107A600020BB5A6822F00C025A60A26D22F4807288
:107A700022F0010242F00102A265227EFAB100204A
:107A8000D5E7711CD9D0FDF78FFBC01BB04201D8E0
:107A9000002ED1D123681B682B40CDD1A26D84F874
:107AA000543042F00402A2650320C0E7A26D42F008
:107AB0002002A265E26D42F00102E265DDE70C22E0
:107AC0001A60DCE70368186C70470000F7B5002304
:107AD000019390F85430012B044600F0C0800568F3
:107AE0000269012380F854302846FFF78CFE0028F5
:107AF00040F0AF80D1E90030022822F004027ED0AD
:107B0000B2F1004FC3F3110E35D1AA6A42EA0E0258
:107B1000AA628A68686902EA032222F07C4222F0A3
:107B2000FF0220EA03210A43002B6A611DDA4D4A55
:107B30004D4DD2F80817AB4201F0E07043D10D0271
:107B400013D4D2F8083723F0E073034343F400035F
:107B5000C2F80837454B1A68454BB2FBF3F20C23C9
:107B600002FB03330193019B53BB0020002384F8E5
:107B7000543003B0F0BD226E00F01F074FF00F0C21
:107B80000CFA07FC6FEA0C0622EA0C0CBEF1000F9F
:107B900011D1C3F38462BA4042EA0C022266800823
:107BA000E26901309042B4D8A86AC3F38362BA4054
:107BB00006403243ACE793FAA3F2B2FA82F2EAE764
:107BC000019B013BCEE72B4DAB420BD1C901CCD47D
:107BD000D2F8083723F0E073034343F08073C2F810
:107BE0000837C2E7244DAB42BFD14B02BDD4D2F817
:107BF000083723F0E073034343F48003EFE7B2F167
:107C0000004F01BFAA6AC3F311018A43AA62002B85
:107C1000ABDA154813498342D1F8082709D1D1F8C6
:107C2000083702F0A07223F0E0731A43C1F8082766
:107C30009BE71048834204D1D1F8083702F4400290
:107C4000F1E70D48834290D1D1F8083702F0C072B5
:107C5000E9E7A26D42F02002A265184686E70220FD
:107C600087E700BF00200140001000B06CB3002087
:107C7000400D0300004000B8002000B4026838B591
:107C800004461046FFF7BFFD08B9002038BD9368D1
:107C9000990707D4936823F0004323F0170343F0B8
:107CA00010039360FDF780FA054623689B685B0725
:107CB000EBD5FDF779FA401B0228F6D923689B68BB
:107CC0005A07F2D5A36D43F01003A365E36D43F0AB
:107CD0000103E3650120D9E773B50023026801932E
:107CE0009368DD07044602D5002002B070BD91689C
:107CF000214B194209D0A36D43F01003A365E36D36
:107D000043F00103E3650120EFE7936823F00043AC
:107D100023F0170343F001039360184BD3F808379F
:107D200018021CD4637E012BDED0FDF73DFA144E01
:107D3000054622681368DB07D6D49368D9075FBF6E
:107D40009368334043F001039360FDF72DFA401B25
:107D50000228EED923681B68DA07EAD4CBE7094B7F
:107D6000094A1B68B3FBF2F301330193019B002B1B
:107D7000D8D0019B013BF8E71700008000200140AC
:107D8000E8FFFF7F6CB30020400D030038B50446C8
:107D90000068FFF738FD054620BB94F85430012BEE
:107DA00020D0012384F854302046FFF795FFB0B966
:107DB000A36D226823F4706323F0010343F48073FE
:107DC000A3651C23E065136084F85400936823F0D6
:107DD000004323F0170343F00403936038BD84F895
:107DE0005450FBE70220F9E7026838B593689168C0
:107DF0000446C80701D4002038BD9907FBD4936816
:107E000003F00503012B19D1936823F0004323F0FD
:107E1000170343F00203936003231360FDF7C4F9D3
:107E2000054623689B68DB07E5D5FDF7BDF9401BD8
:107E30000228F6D923689B68DA07F2D5A36D43F0D0
:107E40001003A365E36D43F00103E3650120D3E76D
:107E500070B5044600284BD0836D43F00203836560
:107E6000FFF70CFF054668B92046FFF7BDFF054642
:107E700008B90123A3652268936823F0104323F017
:107E80001703936023685A6822F4677222F0030292
:107E90005A6040F29F321A60D968164A0A40DA6086
:107EA0005A6922F007025A6100269A6A9E621A6A8B
:107EB00002F0F0221A625A6A02F0F0225A62DA6A7A
:107EC00002F0F022DA621A6922F040421A610A4A8C
:107ED000D2F8083723F0FE73C2F808372046FCF7C3
:107EE00065FCE6652666A66584F85460284670BD84
:107EF0000125FBE700023E830020014010B590F809
:107F00005430012B044615D0012380F85430FFF77C
:107F1000B5FE58B92046FFF767FF38B9A36D23F4C3
:107F2000807323F0010343F00103A365002384F869
:107F3000543010BD0220FCE7F7B50023019390F800
:107F40005430012B04467FD0012380F85430FFF7D2
:107F50004BFF23689A6812F00102054607D0A36D13
:107F600043F01003A365002384F854302DE0A16D85
:107F7000364F21F4817141F00201A165DE68D968B4
:107F800026F4FF4626F07C0621F40041360421F059
:107F90000301360CD96008209968394041F000414E
:107FA00099609968002913DA0199013101910199C9
:107FB000B1F52E3FF5D3A36D23F0120343F0100368
:107FC000A365002384F854300125284603B0F0BD92
:107FD000D3F8B410013801F07F010A44DCD199686C
:107FE0001A48014041F001019960D3F8B41021F022
:107FF0007F0141EAD202C3F8B4209A68024042F0FD
:1080000002029A60FDF7D0F8074623689A68D20703
:1080100008D4DA683243DA60A36D23F0030343F037
:1080200001039FE7FDF7C0F8C01B0228EDD92368C4
:108030009B68D907E9D5A36D43F01003A365E36DF1
:1080400043F00103E365BFE70225BEE7E8FFFF7FDA
:108050000749CA6822F4E0620302120403F4E063F1
:10806000120C134343F0BF6343F40033CB607047FB
:1080700000ED00E0164B30B5DC68C4F30224C4F117
:108080000703251D042B28BF0423062D4FF0FF35C1
:108090008CBF033C002405FA03F321EA0303A54047
:1080A00022EA0502A340002843EA0203ACBF00F124
:1080B0006040084A4FEA0313B8BF00F00F00DBB27C
:1080C000AABF00F56140135480F8003330BD00BFF3
:1080D00000ED00E014ED00E0002807DB044A410950
:1080E000012300F01F00834042F82130704700BF99
:1080F00000E100E000280CDB4309064900F01F0006
:1081000020330122824041F82320BFF34F8FBFF379
:108110006F8F704700E100E00138B0F1807F0BD233
:108120004FF0E023054A5861F02182F82310002027
:10813000072298611A6170470120704700ED00E046
:1081400070B5D0E913456560446D14B1D0E91645AA
:108150006560D0E9105404F01C060124B4406C6042
:10816000046863608368102B0BBFA260A160E160AC
:10817000E26070BD0268416CD3B210B5083B1424B4
:10818000B3FBF4F30B4CA24288BF0B4A21F003016E
:1081900099BF01F1804202F502325218073382641E
:1081A000064AC26403F01F03012202FA03F30365C7
:1081B00010BD00BF070402401C08024080080240B6
:1081C00038B500285CD002682E4B9A424FF014015B
:1081D0004AD82D4B1344B3FBF1F32C499B00C0E963
:1081E0001013022380F825301368056923F4FF4338
:1081F00023F070031360D0E9024323432B43456906
:1082000011682B4385692B43C5692B43056A2B43B2
:108210000B431360FFF7AEFFB4F5804F04BF00239C
:1082200043604368816C03F07F020A60D0E9131455
:10823000013B032B4C601ED8154B16498165134436
:108240009B000121013A01FA02F200214365C26557
:108250001960114B5A6400230122C36380F8243053
:1082600080F82520184638BD0C4B1344B3FBF1F3BE
:108270000B499B00B3E70023C0E91533C365EAE768
:108280000120F0E707040240F8FFFDBF00000240B4
:108290003F8200104009024000090240F8FBFDBF88
:1082A0000004024038B5002841D00268136823F06A
:1082B000010313601F4B9A424FF0140130D81E4B3C
:1082C0001344B3FBF1F31D499B00C0E910130124D3
:1082D00003F01C0304FA03F3002515604B60FFF75D
:1082E00049FF836C41681D60D0E913325A604A1E11
:1082F000032A06D8124B0B449B0094401D60114B7F
:108300005C640023C363C0E91533C0E90B33C0E9E3
:108310000D33C36580F8253080F82430184638BD09
:10832000094B1344B3FBF1F308499B00CDE701204F
:10833000F5E700BF07040240F8FFFDBF0000024060
:108340003F82001000090240F8FBFDBF000402401C
:1083500070B590F82450012D04463BD090F825606C
:108360000125AE4280F824504FF000062CD10225A2
:1083700080F825500568C6632E6826F001062E6039
:10838000FFF7DEFE036BBBB12B6843F00E032B60DF
:10839000A36C1A68D20342BF1A6842F480721A6052
:1083A000636D1BB11A6842F480721A602B6843F047
:1083B00001032B60002070BD2B6823F004032B60A9
:1083C0002B6843F00A03E2E78023C36380F824604C
:1083D0002846F0E70220EEE7034640B190F825205A
:1083E000022A06D00422C263002280F82420012041
:1083F00070470268806C116821F00E0111600168FD
:1084000021F480710160116821F001011160D3E94C
:10841000100202F01C0101228A404260D3E91321BC
:1084200051605A6D32B1116821F480711160D3E945
:10843000162151600122002083F8252083F82400B2
:10844000704708B590F82530022B03D00423C3638E
:10845000012008BD03681A6822F00E021A601A682B
:1084600022F001021A60826C136823F48073136097
:10847000D0E9101303F01C02012393404B60D0E9B4
:1084800013325A60436D33B11A6822F480721A6055
:10849000D0E916325A60012380F82530002380F895
:1084A0002430836B03B198470020D2E770B4426C4C
:1084B000046C036826681D6802F01C0204219140C8
:1084C00031420FD015F0040F0CD01A6892065EBF2F
:1084D0001A6822F004021A60036B6160002B33D02B
:1084E00070BC184702219140314217D015F0020F9D
:1084F00014D01A68940606D41A6822F00A021A6088
:10850000012280F82520114A93428CBF104B114B59
:108510005960002380F82430C36ADFE708219140C6
:10852000314211D029070FD5196821F00E011960C9
:10853000012303FA02F26260C36380F8253000234E
:1085400080F82430436BC9E770BC7047800002405C
:10855000000402400000024060B10268C8061368CF
:1085600005D5C9024CBF43F4801323F48013136074
:108570000020704701207047036803F01F01C3F318
:1085800000435B0103F1B04301228A40D3F80C1889
:10859000114204D0C3F80C28436803B11847704750
:1085A0000A4A536943F4802330B55361EFF31084D2
:1085B00072B60023CD58C5500433B3F5807FF9D18E
:1085C0001369DB03FCD484F3108830BD00400058ED
:1085D000064B5A69002ABFBF054A9A6002F18832E9
:1085E0009A60BABF5869C00F002070470040005819
:1085F00023016745044B5A6942F000425A615869A9
:10860000C043C00F704700BF0040005870B505461A
:10861000FCF7CAFD124E04463369D90313D43369FB
:10862000DA0744BF012232614CF2FA32134011D111
:108630000B4E306910F480200BD0FCF7B5FD001B09
:10864000A842F6D304E0FCF7AFFD001BA842E3D339
:10865000032070BD024A1361024A01205360F8E70B
:108660000040005808D700202DE9F041184D9846E9
:108670002B78012B06460C46174626D001232B707B
:108680004FF47A7000236B60FFF7C0FFA0B9012E92
:1086900016D1104A536943F0010353612760BFF3B9
:1086A0006F8FC4F804804FF47A70FFF7AFFF094A68
:1086B000536923EA0603536100232B70BDE8F08160
:1086C00039462046FFF76CFFEDE70220F6E700BFD2
:1086D00008D7002000400058054A536923F47E73F0
:1086E00043EAC00040F4803040F00200506170471F
:1086F000004000582DE9F041234F3B78012B0546FF
:1087000088463FD001233B704FF47A7000237B6092
:10871000FFF77CFF044688B92B68042B13D11B4A52
:10872000536943F4803343F0040353614FF47A7088
:10873000FFF76CFF0446154B1A681B6800233B705B
:108740002046BDE8F0814FF0FF33C8F800306E6876
:10875000D5E901321344B3420AD93046FFF7BCFFD2
:108760004FF47A70FFF752FF50B1C8F8006004462A
:10877000064A536923F47E7323F002035361DAE758
:108780000136E5E70224DBE708D700200040005867
:108790002DE9F04F524C00234FF00F090A6832FACE
:1087A00003F501D1BDE8F08F012505FA03F818EAB9
:1087B000020200F08E804E68032706F003054FEAA0
:1087C000430E07FA0EFC6F1E012F6FEA0C0C32D815
:1087D000876807EA0C0ACF6807FA0EF747EA0A0724
:1087E0008760476827EA0808C6F300179F4047EAF2
:1087F00008074760C76807EA0C088F6807FA0EF792
:1088000047EA0807022DC76017D14FEAD30800EBEB
:10881000880803F0070AD8F820704FEA8A0A09FA94
:108820000AFB27EA0B0B0F6907FA0AF747EA0B075F
:10883000C8F8207001E0032DDCD1076805FA0EF5B9
:1088400007EA0C073D4316F4403F056041D023F092
:10885000030707F1804707F5803703F0030CBD6875
:108860004FEA8C0C4FF0070E0EFA0CFEB0F1904F51
:1088700025EA0E0E2FD01B4DA8422ED005F580659F
:10888000A84214BF0725022505FA0CF545EA0E0596
:10889000BD602568D74316F4801F0CBF3D401543CB
:1088A0002560656816F4001F0CBF3D4015436560E8
:1088B000D4F8805016F4803F0CBF3D401543C4F8F7
:1088C0008050D4F88450B60354BF3D401543C4F8DB
:1088D0008450013362E70025D6E70125D4E700BFC5
:1088E0000008005800040048374A2DE9F04F0023E3
:1088F0004FF0010A4FF0070B4FF00F0931FA03F464
:1089000001D1BDE8F08F0AFA03FC1CEA010654D03D
:1089100023F0030404F1804404F5803403F00307DA
:10892000A568BF000BFA07F8B0F1904F08EA050EF2
:1089300045D0264DA84244D005F58065A8420CBF1D
:1089400002250725BD40754517D1D2F8805025EA8C
:108950000605C2F88050D2F8845025EA0605C2F810
:108960008450156825EA06051560556825EA060550
:108970005560A56825EA0805A560056803265C0022
:1089800006FA04F423FA06F6254300EB8606056092
:1089900003F00705376AAD0009FA05F527EA050770
:1089A0003762856825EA04058560456825EA0C0577
:1089B0004560C56825EA0404C46001339EE70025CC
:1089C000C0E70125BEE700BF0008005800040048CA
:1089D0000AB1816170478162704742EA0142826157
:1089E000704782B04FF480330193019B0B43019396
:1089F000019BC361C161019BC361C3690193C069EC
:108A000080F48030C0F3004002B07047044AD1685F
:108A1000014208B502D0D060FDF7B4FA08BD00BF2E
:108A20000008005803689A69910744BF00229A62BF
:108A30009A69D2075EBF9A6942F001029A61704753
:108A400030B5039D04682B4343EA0243064A60683D
:108A5000C1F309010B4342EA555223F0004320EAD7
:108A600002000343636030BDFF63FF0303682DE929
:108A7000F0419C6914F0100405460F4616466FD06D
:108A800010220024DA61A0462B689A69900661D40E
:108A9000B8F1000F35D044F0040401202E68B3690A
:108AA000D90541BF4FF48072F26144F00104012006
:108AB0005A0541BF4FF4806244F00804F26101207E
:108AC0009B054FD54FF4007344F00204F361284630
:108AD000FFF7A8FF736823F0FF7323F48B3323F4AD
:108AE000FF7323F0010373606B6C23436B642023DB
:108AF00085F84130002385F8423085F84030012068
:108B000032E07A1CC1D0FCF74FFB801BB84201D881
:108B1000002FB9D12B68596895F842209869000454
:108B2000D2B20AD5490408D4202A06D05A6842F4A1
:108B300080425A60FCF738FB06462B689B699B060F
:108B4000A2D4FCF731FB801B1928F6D920244FF062
:108B5000010899E7B8F1000F9DD12022DA619AE768
:108B600020469BE70028B2D1BDE8F08170B50446ED
:108B70000D46164623689B699B0701D500201FE020
:108B8000324629462046FFF771FFC0B96A1CF1D072
:108B9000FCF70AFB801BA84201D8002DEAD123680C
:108BA0009B6913F00203E5D1626C84F8403042F017
:108BB00020026264202284F8412084F8423001209F
:108BC00070BD2DE9F041DDF8188004460F461646C9
:108BD0001D4623689B6937EA03030CBF012300236A
:108BE000B34201D0002025E0424629462046FFF747
:108BF0003DFFF0B96B1CECD0FCF7D6FAA0EB0800F7
:108C0000A84201D8002DE4D123689B6937EA030309
:108C10000CBF01230023B342DBD1636C43F020037C
:108C20006364202384F84130002384F8423084F8C0
:108C300040300120BDE8F08170B504460D4616466F
:108C400023689B699B0601D500201DE0324629461A
:108C50002046FFF70BFFB0B9FCF7A6FA801BA8422D
:108C600001D8002DECD123689B6913F02003E7D1D4
:108C7000626C84F8403042F020026264202284F862
:108C8000412084F84230012070BD704710B5044681
:108C900000284ED090F8413003F0FF021BB980F855
:108CA0004020FFF7F2FF242384F8413023681A683C
:108CB00022F001021A60626822F070621A619A68FA
:108CC00022F400429A60D4E90221012906D142F43B
:108CD00000429A605A6822F4006207E042F40442BB
:108CE00002299A60F6D15A6842F400625A605A68C2
:108CF00042F0007242F400425A60DA6822F4004204
:108D0000DA60D4E904210A43A16942EA0122DA6067
:108D1000D4E907210A431A601A6842F001021A6076
:108D200000202023606484F84130206384F84200EE
:108D300010BD0120FCE7704710B5044698B10268E9
:108D4000242380F84130136823F001031360FFF7F8
:108D5000F2FF0020606484F8400084F84100206342
:108D600084F8420010BD0120FCE700002DE9F74F18
:108D7000994690F84130BDF834A0DDF83880202BBA
:108D800004460F46164640F0C6800C9B13B1BAF15C
:108D9000000F06D14FF400736364012003B0BDE8F7
:108DA000F08F90F84030012B00F0B5804FF0010BB0
:108DB00080F840B0FCF7F8F91923054600905A46B0
:108DC0004FF400412046FFF7FCFE0028E5D12123A7
:108DD00084F84130402384F842300C9B63624F4B4F
:108DE00060646063A4F82AA05FFA89F200933946B0
:108DF00020464FF08073FFF723FE2A464146204667
:108E0000FFF7B4FE18BBB9F1010F236815D1F6B214
:108E10009E6200220095434680212046FFF7D1FE46
:108E2000A8B9638D9BB2FF2B15D8628D92B22285B3
:108E30004FF000730090D2B212E0320A9A624146BB
:108E40002A462046FFF792FE08B92368DFE7002391
:108E500084F84030A1E7FF2222854FF08073009014
:108E600039462046FFF7ECFD2A4641462046FFF7EB
:108E70007DFE002891D1636A226813F8011B91627C
:108E80006362638D228D013B9BB26385638D013AE2
:108E900092B29BB22285B3B1AAB900954346802114
:108EA0002046FFF78EFE00287FF477AF638D9BB2DC
:108EB000FF2B28D9FF2222854FF08073009039467E
:108EC0002046FFF7BDFD638D9BB2002BCCD12A4617
:108ED00041462046FFF7B0FE00287FF45EAF2368CE
:108EE0002021D9615A6822F0FF7222F48B3222F4D9
:108EF000FF7222F001025A6084F8411084F84000A9
:108F000084F842004AE7628D92B222854FF00073E6
:108F10000090D2B2D3E7022040E700BF00200080DB
:108F20002DE9F74F994690F84130BDF834A0DDF8AF
:108F30003880202B04460F46164640F0C9800C9B13
:108F400013B1BAF1000F06D14FF40073636401202E
:108F500003B0BDE8F08F90F84030012B00F0B880EE
:108F60004FF0010B80F840B0FCF71EF91923009078
:108F700005465A464FF400412046FFF722FE0346BD
:108F80000028E4D1222284F84120402284F84220A3
:108F90000C9A62624F4A60646063A4F82AA0394662
:108FA000009220465FFA89F2FFF74AFD2A464146C1
:108FB0002046FFF7DBFD20BBB9F1010F236816D176
:108FC000F6B29E6200220095434640212046FFF7FC
:108FD000F8FDB0B9638D9BB2FF2B3F4B15D8628D66
:108FE00092B222850093D2B24FF0007312E0320A9F
:108FF0009A6241462A462046FFF7B8FD08B9236821
:10900000DEE7002384F84030A1E7FF2222850093A9
:109010004FF0807339462046FFF712FD0095434616
:10902000002204212046FFF7CCFD00288FD12368C1
:109030005A6A636A1A70636A228D01336362638DB0
:10904000013B9BB26385638D013A92B29BB222854C
:10905000B3B1AAB90095434680212046FFF7B1FD80
:1090600000287FF474AF638D9BB2FF2B28D9FF22B9
:1090700022854FF08073009039462046FFF7E0FCD0
:10908000638D9BB2002BC9D12A4641462046FFF78B
:10909000D3FD00287FF45BAF23682021D9615A6893
:1090A00022F0FF7222F48B3222F4FF7222F00102CE
:1090B0005A6084F8411084F8400084F8420047E781
:1090C000628D92B222854FF000730090D2B2D3E746
:1090D00002203DE7002000800024008090F841003D
:1090E0007047406C704710B590F84120202A034625
:1090F000D4B21CD190F84020012A18D0242280F844
:1091000041200268106820F001001060106820F40F
:10911000805010601068014311601168002041F018
:109120000101116083F8414083F8400010BD022026
:10913000FCE710B590F84120202A0346D4B21BD199
:1091400090F84020012A17D0242280F8412002689C
:10915000106820F001001060106820F4706040EA90
:10916000012111601168002041F00101116083F8B4
:10917000414083F8400010BD0220FCE7024A5368DA
:1091800003435360704700BF00000140024A136868
:1091900043F4807313607047000400580D4B10B502
:1091A0005B690C4628B99A0507D500F027F820B16D
:1091B00010BD9B0501D400F019F8074A1369012C72
:1091C00023F00403136101D130BFF1E740BF20BF9A
:1091D00020BFEDE70004005800ED00E0024B1868E6
:1091E00000F4C060704700BF00040058024A1368D2
:1091F00043F4804313607047000400580C4A13681E
:1092000023F4804313600B4B1B6832214B430A4904
:10921000B3FBF1F35169890500D533B9536913F4F0
:10922000007F14BF032000207047013BF2E700BF1E
:10923000000400586CB3002040420F000B4A136832
:1092400023F0070343F002031360094B1A69012856
:1092500042F004021A6105D130BF1A6922F00402FB
:109260001A61704740BF20BF20BFF6E700040058D6
:1092700000ED00E04FF0B0431868C0F34040704785
:109280004FF0B0431868C0F3400070474FF0B04251
:10929000536823F47F4343EA0023536070474FF041
:1092A000B0431868C0F34060704700007FB54FF0CE
:1092B000B0432C4AD3F80831C0F3031003F00F0376
:1092C00052F82040284A52F82330B4FBF3F4FFF759
:1092D00085FF264B054693E80700B5F5007F04ABF4
:1092E00003E9070010D0224B9C4218D303F5B703C3
:1092F00003F67F539C4229D903F5741303F51063D9
:109300009C4225D802230BE01A4B9C4207D91A4BEA
:109310009C421BD903F5370303F5D853F0E700232C
:1093200004AA02EB830353F80C4C144D2B6823F072
:10933000070323432B60FBF737FF06462B6803F038
:1093400007039C4206D1002004B070BD0123E7E76B
:109350000024EAE7FBF728FF801B0228EED9032050
:10936000F2E700BF48900108A8900108688701084B
:10937000C0CF6A00BFEA21013F9334020040005889
:109380004FF0B04310B59A68D96812F00C0205D0BE
:109390000C2A4AD101F00303012B51D14FF0B04107
:1093A0002B480B6813F0080306D00B6813F0080372
:1093B00037D1D1F8941007E00C68240756BFD1F8D4
:1093C00094300968C3F3032350F82330002A0CBFFC
:1093D000184600204FF0B0418A6802F00C020C2AB7
:1093E0001ED1CA6802F00302022A2ED0032A06D137
:1093F0000B68184A13F4801F174B18BF13464FF021
:10940000B042D068D168D268C0F306205843C1F397
:1094100002130133B0FBF3F0530F0133B0FBF3F051
:1094200010BD0B68C3F30313CEE7042A05D0082A46
:1094300006D11B6813F4801305D006480023C9E742
:1094400000231846C6E70448C4E7024BD7E700BF2D
:10945000489001080024F4000048E80108B5FFF72F
:109460008FFF4FF0B043044A9B68C3F3031352F8D5
:109470002330B0FBF3F008BDA89001082DE9F041BE
:109480000446002853D04FF0B0439D68DE6803685F
:109490009B0605F00C0506F0030668D5026A1DB1AF
:1094A0000C2D46D1012E44D1002A40D04FF0B043BC
:1094B000A16A1A68170756BFD3F894301B681B09B6
:1094C00003F0F00399421FD90846FFF7EFFE00288A
:1094D0002DD14FF0B042136843F0080313601368B6
:1094E000A16A23F0F0030B431360606AFFF7CEFE1E
:1094F000FFF7B4FFAB4B1860AB4B1868FEF7BEF834
:10950000002834D0BDE8F0814FF0B042136843F03A
:1095100008031360136823F0F0030B431360606AC1
:10952000FFF7B4FE0846FFF7C1FE0028E0D0012097
:10953000E8E74FF0B043002A54D01A6842F0010225
:109540001A60FBF731FE0746FFF79AFE002842D06B
:109550004FF0B042136843F0080313601368A16A28
:1095600023F0F0030B431360606AFFF78FFE23685C
:10957000D80748D42368990700F18C8023681E0718
:1095800040F1FA80A3694FF0B046002B00F0E18073
:10959000D6F89430E16903F01002914200F0C480E3
:1095A00003F00302022AC2D0D80740F1B380D6F8F4
:1095B000943023F00103C6F89430FBF7F5FD07461D
:1095C000D6F89430990740F1A580FBF7EDFDC31B59
:1095D000112BF5D904E0FBF7E7FDC01B0228B3D936
:1095E00003208FE71A6822F001021A60FBF7DCFD06
:1095F0000746FFF745FE0028B9D0FBF7D5FDC01B95
:109600000228F6D9ECE7082D03D00C2D05D1032E46
:1096100003D16368002BADD189E74FF0B043A16857
:109620001A6822F480120A431A606268B2F5803F19
:1096300010D11A6842F480321A60FBF7B5FD074674
:10964000FFF718FE002895D1FBF7AEFDC01B64287C
:10965000F6D9C5E7B2F5041F04D11A6842F4001226
:109660001A60E6E7196821F480311960196821F45D
:1096700000111960002AE0D1FBF796FD0746FFF7BD
:10968000F9FD00283FF476AFFBF78EFDC01B642880
:10969000F5D9A5E7042D236903D00C2D0ED1022E98
:1096A0000CD1002B3FF443AF4FF0B04261695368D7
:1096B00023F0FE4343EA016353605FE74FF0B04697
:1096C000BBB1336843F480733360FBF76DFD07462D
:1096D00033685A0505D4FBF767FDC31B022BF7D986
:1096E0007EE77368626923F0FE4343EA02637360B6
:1096F00044E7336823F480733360FBF755FD074676
:1097000033685B057FF53AAFFBF74EFDC31B022BB9
:10971000F6D965E74FF0B042E169D2F8943023F012
:1097200010030B43C2F894304FF0B047D7F8943091
:1097300043F00103C7F89430FBF736FD0646D7F82F
:1097400094309A0718D4FBF72FFD831B112BF6D901
:1097500046E7D6F8943023F00103C6F89430FBF7BF
:1097600023FD0746D6F894309B0705D5FBF71CFD73
:10977000C31B112BF6D933E72368580754D50B4F79
:109780003B68D90514D4FFF701FDFBF70DFD064634
:109790003B68DA050CD4FBF707FD831B022BF7D9D6
:1097A0001EE700BF6CB3002074B300200004005813
:1097B000E3684FF0B046002B58D023F08003052B10
:1097C00002BFD6F8903043F00403C6F890304FF053
:1097D000B046FBF7E9FCD6F8903043F001030746AA
:1097E000C6F8903041F28838D6F890309B0705D4FF
:1097F000FBF7DAFCC31B4345F6D9F1E6E36823F037
:109800000403812B1BD1FBF7CFFCD6F8903043F03B
:109810008003C6F8903007464FF0B04641F28838D2
:10982000D6F89030180504D5E36A002B4AD1002001
:1098300068E6FBF7B9FCC01B4045F1D9D0E6FBF761
:10984000B3FCD6F8903023F08003C6F8903007467A
:109850004FF0B04641F28838D6F890301905E3D57C
:10986000FBF7A2FCC01B4045F6D9B9E6FBF79CFC10
:10987000D6F8903023F080030746C6F8903041F2C6
:109880008838D6F890301A0516D4FBF78DFCD6F838
:10989000903023F00103C6F8903007464FF0B048EF
:1098A00041F28836D8F890309B07BDD5FBF77CFC99
:1098B000C31BB342F6D993E6FBF776FCC01B4045C9
:1098C000DFD98DE60C2D4ED0022B4FF0B0431A6835
:1098D00022F080721A6033D1FBF766FC0546FFF771
:1098E000DEFC38BBD4E90C314FF0B0420B43D068FA
:1098F0002D4901400B43E16B0B43216C0B43616C21
:109900000B43A16B43EA0123D360136843F08073D8
:109910001360D36843F08053D360FBF745FC0446E3
:10992000FFF7BDFC002882D1FBF73EFC001B0A2894
:10993000F6D955E6FBF738FC401B0A28CFD94FE68D
:10994000FBF732FC0446FFF7AAFC30B94FF0B042F7
:10995000164BD1680B40D36069E7FBF725FC001B71
:109960000A28F0D93CE6012B3FF4E1AD4FF0B043BB
:10997000D868236B00F003029A427FF4D8AD626B83
:1099800000F0700393427FF4D2ADA26B00F4FE436B
:10999000B3EB022F7FF4CBAD636C00F06040C01AD4
:1099A00018BF0120AEE500BF8C80C111FCFFFEEEA8
:1099B0002DE9F0410D46044610B90120BDE8F081C3
:1099C000754E336803F007038B4216D3236898075C
:1099D00027D54FF0B047A268BB6823F0F0031343CC
:1099E000BB60FBF7E1FB0646BB68D90319D4FBF764
:1099F000DBFB831B022BF7D911E0336823F007034D
:109A00000B433360FBF7D0FB0746336803F00703D3
:109A1000AB42DBD0FBF7C8FBC01B0228F5D9032003
:109A2000CCE723689A0616D54FF0B0476269D7F89D
:109A3000083123F0F0031343C7F80831FBF7B4FBF8
:109A40000646D7F808319B0305D4FBF7ADFB831B13
:109A5000022BF6D9E3E72368580617D54FF0B04735
:109A6000A269D7F8083123F00F0343EA1213C7F8AD
:109A70000831FBF799FB0646D7F80831D90305D41E
:109A8000FBF792FB831B022BF6D9C8E723685A0722
:109A900013D54FF0B047E268BB6823F4E06313438B
:109AA000BB60FBF781FB0646BB689B0305D4FBF755
:109AB0007BFB831B022BF7D9B1E72368180714D56A
:109AC0004FF0B0472269BB6823F4605343EAC203F6
:109AD000BB60FBF769FB0646BB68590305D4FBF77F
:109AE00063FB831B022BF7D999E72368DA070FD4AE
:109AF000294C236803F00703AB4239D8FFF7AEFCCB
:109B0000264B1860264BBDE8F0411868FDF7B6BD3E
:109B10006268022A1DD1FFF7ADFB00283FF44DAF6C
:109B20004FF0B04641F28838B36823F00303134383
:109B3000B360FBF739FB0746B368626803F00C03B8
:109B4000B3EB820FD4D0FBF72FFBC01B4045F3D9FA
:109B500065E7032A02D1FFF7A2FBDEE712B9FFF7A0
:109B60008FFBDAE74FF0B0431B685B05D8D424E7DE
:109B7000236823F007032B432360FBF715FB0646FE
:109B8000236803F00703AB42B8D0FBF70DFB801B43
:109B90000228F5D943E700BF004000586CB300200D
:109BA00074B3002008B5FFF759FC4FF0B043044AE6
:109BB0009B68C3F3022352F82330D84008BD00BF8E
:109BC0008890010808B5FFF749FC4FF0B043044AFC
:109BD0009B68C3F3C22352F82330D84008BD00BFAE
:109BE000889001084FF0B043D3F89000C0F34000D4
:109BF00070474FF0B0410209D1F8883002F47F225B
:109C0000000123EA020300F47F200343C1F88830F7
:109C100070474FF0B041020CD1F88830120423EAAB
:109C2000020343EA0040C1F8880070470368DA0382
:109C300070B5044639D5FFF7A9FAFBF7B5FA614EBE
:109C400005463368DB0532D54FF0B043616BD3F87E
:109C5000902002F4407291421DD0D3F89010D3F8B6
:109C6000902042F48032C3F89020D3F8902021F461
:109C7000407022F480328D07C3F89020C3F8900022
:109C800009D5FBF791FA41F288360546FFF7AAFF9E
:109C9000012840F090804FF0B042616BD2F89030D4
:109CA00023F440730B43C2F89030002605E0FBF725
:109CB0007BFA401B0228C4D903262568E8070AD589
:109CC0004FF0B0416268D1F8883023EA124392B273
:109CD0001343C1F88830A9070AD54FF0B041A268F4
:109CE000D1F8883023EA124392B21343C1F8883086
:109CF000AA0609D54FF0B0422169D2F8883023F482
:109D000040630B43C2F88830AB0502D5206AFFF7E9
:109D100080FF680502D5606AFFF77BFF290502D541
:109D2000A06AFFF776FF6A0602D56069FFF761FF58
:109D30002B0602D5A069FFF75CFFE80502D5E069B4
:109D4000FFF757FFE90610D54FF0B042E168D2F8AF
:109D5000883023F440730B43C2F88830B1F5807F1C
:109D600002BFD36843F08073D3602A040ED54FF04E
:109D7000B042216BD2F8883023F040430B43C2F845
:109D8000883019B9D36843F08073D3606B0410D561
:109D90004FF0B042E16AD2F8883023F040530B43D1
:109DA000B1F1005FC2F8883003D1D36843F4803347
:109DB000D360304670BDFBF7F7F9401BB0427FF629
:109DC00065AF79E70004005830B590F82C30012BCE
:109DD00002464FF0020022D0174B82F82D00CA2411
:109DE000012582F82C505C6253245C62B1F5807FBF
:109DF000146B996914D121F488519961596C24F03C
:109E0000010421F0004159641463DD650A4BFF2110
:109E100059620020012382F82D3082F82C0030BDD9
:109E200021F408519961D96C24F0020421F0004119
:109E3000D9641463D865E9E70028004070B50B4E7B
:109E4000036B756D1D40EA07044603D50123F365D6
:109E5000FBF79FFBAB0704D50223F365204600F018
:109E6000C9F9012384F82D3070BD00BF00280040DF
:109E700038B50A4CE36823F02003E360FBF794F95C
:109E80000546E3689B0601D5002038BDFBF78CF939
:109E9000401BB0F57A7FF4D90320F6E70028004094
:109EA000F8B5114DEC6814F0400406461AD1EB6881
:109EB00043F08003EB60FBF777F923460746EC6835
:109EC00014F0400401D1032B01D11846F8BDFBF773
:109ED0006BF9C01BB0F57A7F234684BF032386F855
:109EE0002D30ECE70023F0E70028004038B50F4C98
:109EF000E36823F08003E360A3699B06054606D46C
:109F0000FFF7B6FF10B1032085F82D0038BDA36917
:109F100023F02003A361FFF7ABFF10B1032085F806
:109F20002D00A36943F02003A361EFE70028004060
:109F300038B5044600284BD090F82D3003F0FF02CE
:109F40001BB980F82C20FAF793FF0223214D84F8E7
:109F50002D30EB68DB0636D4CA236B6253236B6269
:109F60002046FFF79DFF10B1FF236B6238BDAB6940
:109F700023F08E6323F04003AB6121696368AA6913
:109F80000B431343A2691343AB61D4E9022343EAB1
:109F900002432B61D4E90931EA680B4322F4F852F9
:109FA0001343EB602046FFF7A1FF0028DCD1D4E982
:109FB0000713AA690B4322F06042134362691343FB
:109FC000AB61FF236B62012384F82D300020CDE7C5
:109FD0000120CBE7002800400023092803D840EAED
:109FE0000310C0B270470A380133C0B2F5E7000071
:109FF0002DE9F04790F82C30012B05464FF0020078
:10A0000069D0012385F82C304E4B85F82D00DE6891
:10A0100006F44076B6F5807F78D04C69087891F8E0
:10A02000019091F802A091F82470002A55D19B6903
:10A0300013F0400308BFCB70FFF7CEFF80464846C1
:10A04000FFF7CAFF02465046FFF7C6FF8146384673
:10A05000FFF7C2FF0B6ACF78234343EA875343EAF3
:10A06000090343EA084343EA022343EA0063354A0B
:10A07000CA205062532050628C6A8869B4F5807F90
:10A08000946945D124F4885494610124D465B6F5CB
:10A09000807F09BFCB6913640343536418BF5064C6
:10A0A000284B4A681A672A6B42F001022A639A69B0
:10A0B00042F488529A61244AD2F8803043F4003343
:10A0C000C2F880301F4BFF225A620020012385F81E
:10A0D0002D3085F82C00BDE8F087B4F1803F07D023
:10A0E000B4F5000F04D09B6913F0400308BFCB7098
:10A0F0000B6ACA781C4344EA0A0444EA004343EA70
:10A10000092343EA825343EA0763B0E70023AEE73B
:10A1100024F4085494610224D465B6F5807F09BF05
:10A12000CB6993640343D36418BFD064054B4A687A
:10A130005A672A6B42F002022A639A6942F4085273
:10A14000B8E700BF002800400008005890F82C2015
:10A15000012A03464FF0020012D00A4A83F82D006C
:10A16000CA21516253215162916941F020019161EC
:10A17000FF2151620020012283F82D2083F82C005A
:10A18000704700BF0028004090F82C20012A0346A9
:10A190004FF0020019D00D4A83F82D00CA215162F8
:10A1A0005321516291690A4841F080019161D0F8D0
:10A1B000801041F48021C0F88010FF2151620020FE
:10A1C000012283F82D2083F82C00704700280040DE
:10A1D00000080058064B5A6D520610B5044603D5C8
:10A1E0004022DA65FBF7D8F9012384F82D3010BD41
:10A1F000002800407047890001F1804101F531419C
:10A200000A607047890001F1804101F53141086819
:10A2100070470000034AD2F8903043F40043C2F87C
:10A220009030704700040058034AD2F8903023F46D
:10A230000043C2F89030704700040058074B1A687A
:10A2400022F040021A6040F441704FF4B852186096
:10A250005A601A6842F040021A60704700000158C4
:10A2600037B5054600284ED0837903F0FF046BB163
:10A27000032C0BD0254B4FF400629A612868FFF73E
:10A28000DDFF002401232B71AC602FE000236B71F4
:10A290002846FAF7A3FE1E4AD2F8903043F48053C2
:10A2A000C2F89030002CE5D102234FF0B042AB71E0
:10A2B000D2F8943023F40043C2F89430154B1B6855
:10A2C0001C214B43DB0C64214B430193019B93B94D
:10A2D0000124AC60FFF79EFF0C4B9A6842F40062C9
:10A2E0009A604FF400629A61002CC7D00123AB71D1
:10A2F000204603B030BD019B013B0193D2F894305E
:10A300005B04E3D4E6E70124F2E700BF0004005851
:10A31000000800586CB3002037B5174D2B68024673
:10A320001C204343DB0C6420434314480193019BEE
:10A3300093B901209060114C21732B681C214B4371
:10A34000DB0C64214B430193019B6BB901209060AE
:10A350000A4BDB6803B030BD019B013B019383686E
:10A360009C07E4D50020E6E7019B013B0193A3682D
:10A37000DB07E9D5ECE700BF6CB300200000015813
:10A3800037B5184D2B6802461C204343DB0C642074
:10A39000434315480193019BA3B901209060124CDF
:10A3A000FF2323732B681C256B43DB0C64256B4355
:10A3B0000193019B73B9012090600B4BDB680B701C
:10A3C00003B030BD019B013B019383689C07E2D53C
:10A3D0000020E4E7019B013B0193A368DB07E8D57C
:10A3E000EBE700BF6CB30020000001580E4B0F4993
:10A3F0001B681822534382B01B0D64225343019300
:10A400004B69019AC3F3800322B9022383600120C0
:10A4100002B07047019A013A01924A69920701D548
:10A42000002BEDD10020F3E76CB3002000040058AE
:10A4300007B50379012B0FD10A4B1B681822534330
:10A440001B0C0193FFF7F0FE019B013B0193019B65
:10A45000002BF9D1FFF7DEFE03B05DF804EBFFF748
:10A46000C5BF00BF6CB30020F8B51E468379012B31
:10A47000154604460F46DAB22DD14379012B2AD076
:10A48000022342718371FFF7D3FF0D212046FFF7AE
:10A49000CBFEFFF741FF390A2046FFF73DFFF9B237
:10A4A0002046FFF739FF2E44B5420ED12046FFF774
:10A4B000B1FEFFF79BFFA06801230038A3714FF0A6
:10A4C000000318BF01206371F8BD15F8011B204679
:10A4D000FFF722FFE8E70220F6E7F8B51E4683798A
:10A4E000012B154604460F46DAB22FD14379012BD2
:10A4F0002CD04271FFF79CFF1D212046FFF794FEF0
:10A50000FFF70AFF390A2046FFF706FFF9B2204697
:10A51000FFF702FF00212046FFF7FEFE2E44B54262
:10A520000ED12046FFF776FEFFF760FFA0680123FB
:10A530000038A3714FF0000318BF01206371F8BD0C
:10A5400029462046FFF71CFF0135E8E70220F6E721
:10A55000F8B51F468379012B154604460E46DAB23C
:10A560002CD14379012B29D04271FFF761FF06F00E
:10A57000EF03A3F184025342534123713146204635
:10A58000FFF752FEFFF7C8FE2F44AF4210D1FFF78E
:10A5900041FE842E02D02046FFF728FFA068012349
:10A5A0000038A3714FF0000318BF01206371F8BD9C
:10A5B00015F8011B2046FFF7AFFEE6E70220F6E79D
:10A5C000F8B51E468379012B154604460F46DAB2CC
:10A5D00027D14379012B24D04271FFF729FF394657
:10A5E0002046FFF721FEFFF797FE00212046FFF7E8
:10A5F00093FE2E44B5420ED12046FFF70BFEFFF727
:10A60000F5FEA06801230038A3714FF0000318BFC6
:10A6100001206371F8BD29462046FFF7B1FE0135E0
:10A62000E8E70220F6E737B50023ADF8043001AAC9
:10A63000022312210546FFF7C3FFBDF804400223A1
:10A6400064BA1946A4B201AA2846FFF781FFE307BE
:10A6500002D5284609F0FAFB04F04203022B02D18E
:10A66000284609F0F9FB600702D5284609F01EFCD0
:10A67000210702D5284609F01FFCE20602D528462C
:10A6800009F020FCA30602D5284609F009FC600663
:10A6900002D5284609F0E6FB210606D514F48071A0
:10A6A00018BF0121284609F0E3FBA20502D5284680
:10A6B00009F0EEFB630402D5284609F009FC03B05B
:10A6C00030BDF8B51E468379012B154604460F466A
:10A6D000DAB227D14379012B24D04271FFF7A8FECB
:10A6E0000E212046FFF7A0FDFFF716FE3946204653
:10A6F000FFF712FE2E44B5420ED12046FFF78AFD29
:10A70000FFF774FEA06801230038A3714FF0000327
:10A7100018BF01206371F8BD15F8011B2046FFF733
:10A72000FBFDE8E70220F6E7F8B51E468379012B2A
:10A73000154604460F46DAB22BD14379012B28D0B7
:10A740004271FFF775FE1E212046FFF76DFDFFF7F2
:10A75000E3FD39462046FFF7DFFD00212046FFF7E5
:10A76000DBFD2E44B5420ED12046FFF753FDFFF727
:10A770003DFEA06801230038A3714FF0000318BF0D
:10A7800001206371F8BD29462046FFF7F9FD013528
:10A79000E8E70220F6E7000090F83D30012B1BD1DE
:10A7A000022380F83D300368DA6842F00102DA6083
:10A7B0000A4A934202D0B3F1804F07D19968084A00
:10A7C0000A40062A06D0B2F5803F03D01A6842F04C
:10A7D00001021A600020704701207047002C0140E0
:10A7E000070001000368DA6822F00102DA60196AE2
:10A7F00041F21112114208D1196A40F24442114249
:10A8000002BF1A6822F001021A60012380F83D306D
:10A81000002070477047704770477047036870B5F5
:10A82000DD681E69B20704460DD5A9070BD56FF088
:10A8300002021A61012202779B699A0774D0FFF71E
:10A84000EAFF00232377730710D568070ED5236826
:10A850006FF004021A61022222779B6913F4407F91
:10A86000204667D0FFF7D7FF0023237731070FD5A6
:10A870002A070DD523686FF008021A610422227797
:10A88000DB699B0720465BD0FFF7C5FF00232377DA
:10A89000F00610D5E9060ED523686FF010021A6194
:10A8A00008222277DB6913F4407F20464ED0FFF761
:10A8B000B2FF00232377F20708D5EB0706D52368FC
:10A8C0006FF001021A612046F6F7F2FE300608D555
:10A8D000290606D523686FF080021A61204600F031
:10A8E000B0F8F20508D52B0606D523686FF4807200
:10A8F0001A61204600F0A6F8700608D5690606D54C
:10A9000023686FF040021A612046FFF786FFB20607
:10A9100022D5AB0620D523686FF0200220461A61AD
:10A92000BDE8704000F08CB8FFF774FF2046FFF7D9
:10A9300073FF86E7FFF76EFF2046FFF76DFF93E793
:10A94000FFF768FF2046FFF767FF9FE7FFF762FF0B
:10A950002046FFF761FFACE770BD00001E4A0368A8
:10A96000904210B502D0B0F1804F09D14C6823F06D
:10A970007003904243EA040309D0B0F1804F06D03F
:10A98000164A904203D002F58062904203D1CA6811
:10A9900023F4407313434A6923F080031343036095
:10A9A0008B68C3620B6883620B4B984207D003F538
:10A9B000C053984203D003F58063984201D10B69DC
:10A9C0000363012343610369DB0742BF036923F08B
:10A9D0000103036110BD00BF002C01400044014091
:10A9E00010B5044650B390F83D3003F0FF021BB998
:10A9F00080F83C20FAF7AEFC0223206884F83D3052
:10AA0000211DFFF7ABFF012384F84830002084F8B4
:10AA10003E3084F83F3084F8403084F8413084F888
:10AA2000423084F8433084F8443084F8453084F868
:10AA3000463084F8473084F83D3010BD0120FCE7F3
:10AA4000704770477047026852E8003F23F0C00328
:10AA500042E8003102680029F5D102F1080353E809
:10AA6000003F23F4000302F1080C4CE800310029F8
:10AA7000F3D12023C0F888307047000010B5026879
:10AA800052E8003F23F4907342E800310268002945
:10AA9000F5D10F4C02F1080353E8003F234002F1C7
:10AAA000080C4CE800310029F4D1C36E012B07D10A
:10AAB00052E8003F23F0100342E800310029F7D1AB
:10AAC0002023C0F88C300023C366436710BD00BF4D
:10AAD000FEFFFFEFF8B504461346D4F88850202D4A
:10AAE00032D1F1B1EAB1E06FA4F85620A4F85420B5
:10AAF00000262122C4F890602165C4F888202268CD
:10AB000088B1124FC762124F0763124F2832C0E953
:10AB10000D76FDF71DFC30B11023C4F89030C4F859
:10AB200088500120F8BD236840221A62226802F191
:10AB3000080353E8003F43F0800302F1080141E8B5
:10AB400000300028F3D1EDE70220EBE759AB000815
:10AB5000A1AB0008ADAB000808B50346806A1B68CE
:10AB60001B6813F0200317D1A0F85630026802F1D9
:10AB7000080353E8003F23F08003083242E8003125
:10AB800002680029F2D152E8003F43F0400342E856
:10AB900000310029F7D108BDFAF73EFEFBE7704708
:10ABA00008B5806AFFF7FBFF08BD7047806A38B5BB
:10ABB0000468D0F88830D0F88C50A268120606D508
:10ABC000212B04D10023A0F85630FFF73CFFA368E7
:10ABD0005B0606D5222D04D10023A0F85E30FFF7D6
:10ABE0004DFFD0F8903043F01003C0F89030FFF7DD
:10ABF000DCFF38BD08B5806A0023A0F85E30A0F8FD
:10AC00005630FFF7D2FF08BD704700000368D969CE
:10AC10001A682DE9F04140F60F0631429D6804465E
:10AC200010D18E0640F1978002F0200605F0805783
:10AC30003E4300F09080436F002B00F08580BDE81C
:10AC4000F0411847AB4EAC482E401040304300F066
:10AC50008280CF0709D5D00507D501201862D4F826
:10AC6000900040F00100C4F890008F0709D5E80774
:10AC700007D502201862D4F8900040F00400C4F810
:10AC800090004F0709D5E80707D504201862D4F8CB
:10AC9000900040F00200C4F890000F070BD502F0BE
:10ACA0002000304307D008201862D4F8900040F00C
:10ACB0000800C4F890000E050AD5500108D54FF4DD
:10ACC00000601862D4F8903043F02003C4F890304C
:10ACD000D4F89030002B37D08B0609D502F0200233
:10ACE00005F080552A4303D0636F0BB12046984787
:10ACF0002668D4F89020B36802F0280203F04003DD
:10AD000053EA0205204621D0FFF7B8FEB3685F067C
:10AD100017D5226802F1080353E8003F23F04003EF
:10AD2000083242E800310029F3D1D4F8800040B164
:10AD3000724B8363FDF785FB30B1D4F88000836BE1
:10AD40007DE72046FFF731FFBDE8F081FFF72DFFDB
:10AD5000C4F89050F8E7E06E012840F08980CE06F4
:10AD600040F18680D00640F1838010221A629A68F2
:10AD700051064BD5D4F8802011684A6892B2002A57
:10AD8000E2D0B4F85C009042DED9A4F85E200A68F4
:10AD900092062FD453E8002F22F4807243E800215A
:10ADA0000029F7D103F1080252E8002F22F0010236
:10ADB00003F1080040E800210029F3D103F1080263
:10ADC00052E8002F22F0400203F1080040E8002181
:10ADD0000029F3D12022C4F88C20E16653E8002F2B
:10ADE00022F0100243E800210029F7D1D4F88000B6
:10ADF000FDF7F2FA02232367B4F85E30B4F85C1072
:10AE0000C91A89B22046FFF7FFFE9DE7B4F85E201D
:10AE1000B4F85E00B4F85C1080B292B2002893D00F
:10AE2000891A89B200298FD053E8002F22F490723A
:10AE300043E800200028F7D1314D03F1080252E821
:10AE4000002F2A4003F1080646E800200028F4D12C
:10AE50002022C4F88C206067E06653E8002F22F0BF
:10AE6000100243E800200028F7D102232367C9E736
:10AE7000CF0209D56E0207D54FF4801220461A6220
:10AE8000BDE8F04100F0A4BD08060BD502F080003B
:10AE900005F40005284305D0A36F002B3FF454AF01
:10AEA0002046CCE64F0611D556060FD553E8002FA5
:10AEB00022F0400243E800210029F7D12023C4F802
:10AEC0008830A1672046FAF7A7FC3DE70D0206D5BA
:10AED000500004D52046BDE8F04100F07BBDCB0119
:10AEE0007FF532AF002ABFF62FAF2046BDE8F04114
:10AEF00000F06FBD0100001020010004F5AB000858
:10AF0000FEFFFFEFD0F88C20B0F86010222A08B5C1
:10AF1000036855D15B6A826D0B401370836D0133FA
:10AF20008365B0F85E30013B9BB2A0F85E30B0F8AC
:10AF30005E309BB2002B42D1026852E8003F23F4FE
:10AF4000907342E8003103680029F5D103F108024B
:10AF500052E8002F22F0010203F1080C4CE8002116
:10AF60000029F3D12022C0F88C20184A416793426F
:10AF7000016705D1C26E012A0ED0FAF75BFC1EE014
:10AF80005A681102F6D553E8002F22F0806243E898
:10AF900000210029F7D1EDE70022C26653E8002F17
:10AFA00022F0100243E800210029F7D1DA69B0F855
:10AFB0005C10D20644BF10221A62FFF725FE08BDBE
:10AFC0009A6942F008029A61F9E700BF00800040E8
:10AFD000D0F88C20B0F86010222A08B5036852D14E
:10AFE0005A6A1140826D22F8021B8265B0F85E2019
:10AFF000013A92B2A0F85E20B0F85E2092B2002A28
:10B0000040D153E8002F22F4907243E80021002938
:10B01000F7D103F1080252E8002F22F0010203F1F8
:10B02000080C4CE800210029F3D12022C0F88C2024
:10B03000174A41679342016705D1C26E012A0ED0BB
:10B04000FAF7F8FB1EE05A681102F6D553E8002F14
:10B0500022F0806243E800210029F7D1EDE70022C9
:10B06000C26653E8002F22F0100243E800210029B5
:10B07000F7D1DA69B0F85C10D20644BF10221A6228
:10B08000FFF7C2FD08BD9A6942F008029A61F9E72C
:10B09000008000402DE9F84F0368B0F86060D3F8F5
:10B0A0001CB01F689D68D0F88C20222A044640F00E
:10B0B000B980B0F8683043B1DFF87491DFF874A15B
:10B0C0004FF000081BF0200F20D1B4F85E309BB287
:10B0D000D3B1B4F868209A4216D9226802F1080365
:10B0E00053E8003F23F08053083242E800312268E1
:10B0F0000029F2D1504B636752E8003F43F0200330
:10B1000042E800310029F7D1BDE8F88F2368A26D2D
:10B110005B6A33401370A36D0133A365B4F85E30EE
:10B12000013B9BB2A4F85E302368D3F81CB01BF03F
:10B13000070F2ED01BF0010F09D0F90507D501220A
:10B140001A62D4F8902042F00102C4F890201BF05B
:10B15000020F09D0EA0707D502221A62D4F890201C
:10B1600042F00402C4F890201BF0040F09D0E80755
:10B1700007D504221A62D4F8903043F00203C4F8D1
:10B180009030D4F8903023B12046FFF70EFDC4F87C
:10B190009080B4F85E309BB2002B93D1226852E8C5
:10B1A000003F23F4807342E8003123680029F5D181
:10B1B00003F1080252E8002F02EA090203F1080035
:10B1C00040E800210029F3D120225345C4F88C2007
:10B1D000616721670AD05A68110207D553E8002F2A
:10B1E00022F0806243E800210029F7D1E26E012AB3
:10B1F00014D10022E26653E8002F22F0100243E847
:10B2000000210029F7D1DA69B4F85C10D20644BFF6
:10B2100010221A622046FFF7F7FC53E72046FAF7A0
:10B2200009FB4FE79A6942F008029A616CE700BF98
:10B23000FEFFFFEF0080004005AF00082DE9F84F4A
:10B240000368B0F86060D3F81CB01F689D68D0F840
:10B250008C20222A044640F0B780B0F8683043B111
:10B26000DFF87091DFF870A14FF000081BF0200F9D
:10B2700020D1B4F85E309BB2D3B1B4F868209A42C2
:10B2800016D9226802F1080353E8003F23F08053E7
:10B29000083242E8003122680029F2D14F4B63673F
:10B2A00052E8003F43F0200342E800310029F7D183
:10B2B000BDE8F88F2368A26D596A314022F8021B5D
:10B2C000A265B4F85E20013A92B2A4F85E20D3F8E9
:10B2D0001CB01BF0070F2ED01BF0010F09D0F90591
:10B2E00007D501221A62D4F8902042F00102C4F876
:10B2F00090201BF0020F09D0EA0707D502221A623C
:10B30000D4F8902042F00402C4F890201BF0040FFF
:10B3100009D0E80707D504221A62D4F8903043F028
:10B320000203C4F89030D4F8903023B12046FFF7E0
:10B330003CFCC4F89080B4F85E309BB2002B95D1F1
:10B34000226852E8003F23F4807342E8003123680A
:10B350000029F5D103F1080252E8002F02EA0902A0
:10B3600003F1080040E800210029F3D120225345D1
:10B37000C4F88C20616721670AD05A68110207D58A
:10B3800053E8002F22F0806243E800210029F7D122
:10B39000E26E012A14D10022E26653E8002F22F067
:10B3A000100243E800210029F7D1DA69B4F85C10F3
:10B3B000D20644BF10221A622046FFF725FC55E74B
:10B3C0002046FAF737FA51E79A6942F008029A6183
:10B3D0006EE700BFFEFFFFEF00800040D1AF000826
:10B3E00038B5044603682169A2681D68C0690A432C
:10B3F00061690A437749024329400A431A605A683F
:10B40000E16822F440520A435A60734AA1699342A8
:10B410001CBF226A11439A6822F06E4222F4306205
:10B420000A439A60DA6A616A22F00F020A43DA621A
:10B430006A4A934219D14FF0B043694AD3F8883031
:10B4400003F0030343F44033934200F0B480B3F1BC
:10B45000031F24D0013A934240F0B580B0F5004F6D
:10B4600040F08F80FDF78CFF6EE05E4A93421CD166
:10B470004FF0B0435C49D3F8883003F00C0343F439
:10B4800040228A4200F0978006D8002B7CD0574B90
:10B490009A42E3D0012026E0B2F10C1FFAD1B0F5B8
:10B4A000004F53D04FF4004075E04B4A9342F1D126
:10B4B0004FF0B043D3F8883003F44063B3F5006F26
:10B4C00018D006D85BB1B3F5806FE3D1FDF758FF14
:10B4D00007E0B3F5406FDDD14FF400400BE0FEF71D
:10B4E00061FB40B900204FF00113A3660023C4E9BB
:10B4F0001D3338BD3E4865683E4B626A05EB450129
:10B5000033F81220B0FBF2F39942C3D8B3EB053FF6
:10B51000C0D800231946F5F79FFE090241EA1061E1
:10B520006B080002C0182A464FF0000341F10001E9
:10B53000F5F792FE304BA0F540729A42AAD82368E4
:10B54000D860CFE7FEF72EFB0028CBD06168294BEF
:10B55000626A33F81220B0FBF2F24B0803EB4203AD
:10B560004FF6EF72B3FBF1F3A3F11001914291D8C2
:10B5700023F00F02216892B2C3F342031343CB605E
:10B58000B0E7FDF7FDFE04E0B0F5004FDAD0FEF7BE
:10B5900009FB0028A6D06368616A164A32F81120B8
:10B5A000B0FBF2F000EB5300B0FBF3F04FF6EF739B
:10B5B000A0F11002C1E7B0F5004F0D48EBD1C5E78F
:10B5C000FEF700FBC0E7B0F5004FF9D0FEF7FAFA3E
:10B5D000DFE700BFF369FFCF008000400038014083
:10B5E000020003000044004008000C0004000C00AE
:10B5F0000024F400E8900108FFFC0F00836A1A079A
:10B6000010B506D50168846B4A6822F400422243D3
:10B610004A60DC0706D50168C46A4A6822F4003231
:10B6200022434A60990706D50168046B4A6822F4F0
:10B63000803222434A605A0706D50168446B4A6843
:10B6400022F4802222434A60DC0606D50168C46BDE
:10B650008A6822F4805222438A60990606D50168DE
:10B66000046C8A6822F4005222438A605A060FD57D
:10B670000168446C4A6822F480122243B4F5801FAA
:10B680004A6005D14A68846C22F4C00222434A60B1
:10B690001B0606D50268C16C536823F400230B43D4
:10B6A000536010BD2DE9F843DDF8209005460E46A5
:10B6B000174698462A68D36936EA03030CBF01236C
:10B6C0000023BB4201D0002029E0B9F1FF3FF2D0B6
:10B6D000F9F76AFDA0EB080048452C6802D8B9F1DB
:10B6E000000F1ED154E8003F23F4D07344E8003229
:10B6F000002AF7D104F1080353E8003F23F00103C7
:10B7000004F1080141E80032002AF3D12023C5F8F2
:10B710008830C5F88C30002385F884300320BDE8DC
:10B72000F88323685A07C5D5802EC3D0402EC1D0D8
:10B73000E3691B05BED54FF40063236254E8003F64
:10B7400023F4D07344E80032002AF7D104F108034F
:10B7500053E8003F23F0010304F1080141E80032FF
:10B76000002AF3D12023C5F88830C5F88C30C5F8FD
:10B770009030D0E773B504460026C0F89060F9F722
:10B7800013FD23681B681A07054619D423681B6834
:10B790005B070AD56FF07E43009300222B464FF4DF
:10B7A00080012046FFF77EFFB0B900202023C4F8B7
:10B7B000883084F88400C4F88C30E06620670CE0A0
:10B7C0006FF07E430093324603464FF4001120464B
:10B7D000FFF768FF0028D9D0032002B070BD10B574
:10B7E000044650B3D0F888301BB980F88430F9F79C
:10B7F00015FF22682423C4F88830136823F001035E
:10B800001360A36A13B12046FFF7F8FE2046FFF746
:10B81000E7FD012811D023685A6822F490425A604B
:10B820009A6822F02A029A601A6842F001022046C1
:10B830001A60BDE81040FFF79DBF012010BD000059
:10B8400030B581658168A0F85C200023B1F5805F88
:10B85000A0F85E20436735D10369002B40F2FF1347
:10B8600018BFFF23A0F860300023C0F890302223D7
:10B87000C0F88C30016801F1080353E8003F43F041
:10B880000103083141E800340368002CF2D1456E11
:10B8900084680169B5F1005F32D1B0F86850954213
:10B8A0002ED8B4F5805F244A03D1244C002908BF68
:10B8B00022464267B1B153E8002F42F4807243E858
:10B8C0000021F7E729B90369002B14BF7F23FF2369
:10B8D000C8E7B1F1805FC5D10369002B14BF3F23D6
:10B8E0007F23BFE703F1080252E8002F42F08052A5
:10B8F00003F1080040E800210029F3D1002030BD09
:10B90000B4F5805F0E4A03D10E4C002908BF2246D1
:10B91000426741B153E8002F42F4907243E800219E
:10B920000029F7D1EAE753E8002F42F0200243E86C
:10B9300000210029F7D1E1E795B000083DB20008E9
:10B9400005AF0008D1AF0008D0F88C30202B30B400
:10B9500015D1B9B1B2B100230468C3660A4B9C4249
:10B960000AD063681B0207D554E8003F43F08063A8
:10B9700044E80035002DF7D130BCFFF761BF02204D
:10B9800030BC70470120FBE700800040436E30B5BB
:10B990002BB90123A0F86A30A0F8683030BD0368E5
:10B9A000094D9A689968094C490FC2F342626B5C71
:10B9B000615CDB00B3FBF1F3A0F86A30AB5CA25C26
:10B9C000DB00B3FBF2F3E7E70891010800910108FF
:10B9D0007047704770471FB504AB03E9060090F845
:10B9E0008430012B04463AD0012380F8843024238C
:10B9F000C0F8883003681A6822F001021A609A6859
:10BA000022F440120A439A6071B95A68BDF80C00DA
:10BA10009DF80E1022F0100202435A605A6822F07C
:10BA20007F4242EA01625A601A6842F001021A60DB
:10BA3000F9F7BAFB6FF07E42034600924FF48001A3
:10BA400000222046FFF72EFE38B92023C4F88830A4
:10BA5000002384F8843004B010BD0320F8E70220EE
:10BA6000F9E790F88430012B0FD0012380F884305F
:10BA7000016851E8002F42F0020241E80023002B48
:10BA8000F6D180F88430184670470220704710B510
:10BA900090F88430012B044617D02423C0F8883056
:10BAA00003681A68196821F00101196042F0005218
:10BAB0004FF0005141661A60FFF768FF2023C0F87D
:10BAC0008830002084F8840010BD0220FCE770B5A7
:10BAD00090F88430012B044617D005682423C0F861
:10BAE00088302E682B6823F001032B60AB6823F0AD
:10BAF00060431943A960FFF749FF20232E60C0F877
:10BB00008830002084F8840070BD0220FCE770B506
:10BB100090F88430012B044617D005682423C0F820
:10BB200088302E682B6823F001032B60AB6823F06C
:10BB300060631943A960FFF729FF20232E60C0F836
:10BB40008830002084F8840070BD0220FCE70000EB
:10BB500038B5084D052455F8043B2BB9013C14F0C9
:10BB6000FF04F8D1204638BDDB6898470028F5D09F
:10BB7000F9E700BF5CD80020034BD870034B1B686B
:10BB80001B6C03B11847704744D8002040D80020F0
:10BB9000034B1874034B1B685B6C03B11847704769
:10BBA00044D8002040D80020F0B5314D314B95F9F4
:10BBB0000420314E91B00C46012795F905108DF8FF
:10BBC000047002288DF809208DF80A1010D18DF824
:10BBD0000800D8711C7202F091FD337803B114B1E2
:10BBE00001A803F0F3F9254B059A1A6011B0F0BDD6
:10BBF00059714FF480711A71D9801C7233788DF8A5
:10BC0000087053BB1F2306A88DF81C208DF8183030
:10BC100002F052FF20238DF8183006A82B798DF8FA
:10BC20001C3002F049FF22238DF8183006A86B79EA
:10BC30008DF81C3002F040FF21238DF8183006A843
:10BC40006B798DF81C3002F037FF29238DF81830FE
:10BC500006A80B4B079302F02FFF02F04FFD0123C4
:10BC600006A88DF818308DF81C3002F025FFB4E7D7
:10BC700044D80020A8B3002020D7002014D80020EA
:10BC8000000400017FB5092301A88DF8043003F0FA
:10BC90009DF90038044B059A1A6018BF01204042F4
:10BCA00007B05DF804FB00BF14D8002070B504464F
:10BCB0000B46144962784A700020A2780A72087014
:10BCC0001A884A729A788A72DB780B746368CB6040
:10BCD0000D4B1B68DA6A2AB1237803F0FB030A2BA9
:10BCE00000D09047094E002556F8043B1BB15B6A13
:10BCF0000BB1204698470135EBB2052B6DB2F3D15D
:10BD000070BD00BF78B3002040D800205CD8002070
:10BD100070B5044611480123037063784370A3781B
:10BD20008372E368C360E3780376236943762379FB
:10BD300043720B4B1B689B6A03B19847094E002561
:10BD400056F8043B1BB19B690BB12046984701355F
:10BD5000EBB2052B6DB2F3D170BD00BF8CB30020E8
:10BD600040D800205CD80020014B1868704700BF05
:10BD700014D8002000B58BB0012368468DF8003040
:10BD800002F074FD38B99DF80400003818BF012096
:10BD90000BB05DF804FB0020FAE7000008B501F0E5
:10BDA0005BFE40B9FFF7E6FF012806D0054B197A84
:10BDB000D879FFF7F9FE012008BDBDE80840FFF77C
:10BDC000C7BE00BFA8B300202DE9F04186B00546EC
:10BDD0000E46174601F040FE002873D101F054FED4
:10BDE000044640B9FFF7C6FF01280AD03D4B197A37
:10BDF000D879FFF7D9FE6FF00204204606B0BDE8FF
:10BE0000F081DFF8E48088F80860003E18BF012662
:10BE10008DF80460354E687833798DF812306946B4
:10BE200002F0C2FC00283FD08DF804400394ADF826
:10BE300010406FF0060495E803002D4B83E80300E3
:10BE4000337988F80A30394601A803F0EBF9294B19
:10BE5000059A1A6011283FD801A353F820F000BFBB
:10BE6000CBBE0008C5BE0008D9BE0008D9BE000878
:10BE7000D9BE0008D9BE0008D9BE0008F7BD000829
:10BE8000D9BE0008D9BE0008D9BE0008BFBE000850
:10BE9000D9BE0008D9BE0008C5BE0008C5BE00084E
:10BEA000C5BE0008DFBE00082B788DF808306B781F
:10BEB000ADF810306B6803934FF0FF34BBE76FF0C1
:10BEC00005049AE76FF0010497E70B4B00221A7004
:10BED000E31D18BF144690E74FF0FF348DE76FF075
:10BEE00004048AE7A8B300208CB3002044D80020C3
:10BEF0009CB3002014D8002013D8002037B501F0DF
:10BF0000CDFD134D052455F8043B4BB11A693AB1E8
:10BF10009B682BB1984718B155F8043C1B699847AA
:10BF2000013C14F0FF04EED1FFF712FE68B9094D91
:10BF30002B7853B1084BADF80040D97801942246D4
:10BF40006846FFF741FF00B92C7003B030BD00BF59
:10BF50005CD8002013D8002044D8002030B58BB026
:10BF6000044601F079FD0546002835D1FFF702FFB0
:10BF7000012834D168468DF8005002F077FC40BBB0
:10BF80009DF80430A34204D0012C22D0022C12D000
:10BF900014B100200BB030BD002BFAD068468DF8EC
:10BFA000044002F089FDA0B90E4B1B681B6B002BEF
:10BFB000EFD09847EDE763B968468DF8044002F08A
:10BFC0007BFD30B9074B1B681B6B002BE1D0204673
:10BFD000EFE74FF0FF30DDE76FF00100DAE76FF0D9
:10BFE0000200D7E740D8002010B504468AB018B93F
:10BFF0004FF0FF300AB010BD002368468DF80030C6
:10C0000002F034FC0028F3D19DF804302370F1E7EE
:10C010007FB500220B4620498DF8072001220A70C7
:10C0200042784A700446002A33D102790A721A888B
:10C030004A729A788A72DB780B740369CB60C37892
:10C04000164D8DF80830037B8DF809308368039313
:10C050002B68DB6A0BB102A898472B689B6B13B166
:10C06000227E02B198470E4E052556F8043B1BB1BF
:10C07000DB690BB120469847013D15F0FF05F4D16F
:10C080000DF10700FFF7B0FF637913B1054B0122F3
:10C090001A7004B070BD00BF78B3002040D80020F3
:10C0A0005CD8002013D8002010B504468AB018B917
:10C0B0004FF0FF300AB010BD202368468DF80030E5
:10C0C00002F0D4FB0028F3D1024A9DF9043023701A
:10C0D0001371EFE744D8002000B58BB02323019003
:10C0E00068468DF8003002F0E7FC003818BF0120E8
:10C0F00040420BB05DF804FB70B5694C01468EB050
:10C100001822204606F046F8664B00221A70F9F70E
:10C1100045FF23784068012202FA03F1014004D16F
:10C12000614B084607F0FAFFFEE7604960481A468F
:10C1300002F026F918B14FF0FF300EB070BD272382
:10C1400004A88DF8103002F0B7FC5A4E5A4D002862
:10C1500079D1012333702B68DB690BB1002098473C
:10C16000FFF708FE012804D101F08EFC08B102F0AF
:10C17000C5FA272304A88DF8103002F077FB059B41
:10C1800093F84820227093F8182193F81A316270BE
:10C19000A370464BD3E9020105F0ECFE05460028EA
:10C1A000C9D1464E062304A88DF8103002F05EFB7C
:10C1B000059B736104A802F07FFC022304A88DF89C
:10C1C0001030059602F052FB0836032304A88DF8C0
:10C1D0001030059602F04AFB0F2605F091FF01236F
:10C1E00004A88DF814308DF8106002F065FC10235F
:10C1F0000DEB03008DF810308DF8145002F05CFC4C
:10C2000004238DF8103004A8A3788DF8143002F0C0
:10C2100053FC3A238DF8103004A86369059302F0AB
:10C220004BFC02A920788DF8086004F0E9F800388A
:10C2300018BF0120E0711420FFF74EFFE07903F0F2
:10C24000B3F9284679E728238DF810302B681B694D
:10C2500043B104A802F00AFB2B6805981B6940F261
:10C26000C4519847272304A88DF8103002F024FC0D
:10C2700050B9012304A88DF8103002F0F7FA9DF8A8
:10C280001430002B7FF465AF3378002B7FF463AF5D
:10C29000052204A88DF81020059302F00DFC78E724
:10C2A00044D8002013D800201091010818D800208D
:10C2B00030D8002020D7002040D8002080D800208F
:10C2C00037B500230D4601930446D0B900F0A8FB12
:10C2D0000190019BD3B10F4A42F824300E4A9A6272
:10C2E0000E4A1268916B1963916C596392690C49FB
:10C2F000D9625A6128465B680A49F22298470020B1
:10C3000006E001A900F092FB0028E2D04FF0FF30D8
:10C3100003B030BD5CD80020A9BB000840D8002085
:10C3200085BC000821D70020194B07B51860194BB0
:10C33000194A1A60194A5A60194A9A60194ADA6009
:10C34000194B02681A6042685A6082689A60C26833
:10C35000DA60164A1A6182695A61154BC26B5A60DB
:10C36000144A019119609A601946134ADA60002054
:10C37000FFF7A6FF48B901A800F056FB003818BF28
:10C380000120404203B05DF804FB4FF0FF30F9E7B5
:10C3900040D8002030D8002011BD000811C000088E
:10C3A00035C40008ADBC000818D80020B10301084E
:10C3B00070D8002079BB000891BB000849B118B1C2
:10C3C000012804D000207047034B0B60FAE7034BB1
:10C3D000FBE74FF0FF30704700040001030001024B
:10C3E00008B503F0FDF8002814BF6FF0010000202D
:10C3F00008BD08B502F0AAF9002814BF6FF00100CB
:10C40000002008BD10B504468AB018B94FF0FF30BF
:10C410000AB010BD212368468DF8003002F026FADC
:10C420000028F3D1024A9DF9043023705371EFE7DD
:10C4300044D800202DE9F0412F4D304F00232B70C0
:10C4400043786B703B689B6A8AB004460BB1284600
:10C450009847DFF8AC80002658F8043B1BB11B6AF4
:10C460000BB1204698470136F3B2052B76B2F3D1D3
:10C470002378052B2FD00B2B35D0012B25D1214C28
:10C48000062368468DF8003002F0F0F90199E07952
:10C4900005F0B6FD10B91C4B019A5A611B48FFF715
:10C4A00003FE1B48FFF7AEFF6B788BB9A371194BE6
:10C4B0005878FFF753FD3B685B6A0BB1114898470A
:10C4C0006B7813B9E07905F02DFE0AB0BDE8F08174
:10C4D000FF23A371EFE7104B01225A74227A9A745A
:10C4E000627ADA74F1E76378002BEED00AB0BDE827
:10C4F000F041FFF7C7BB00BF8CB3002040D800203D
:10C500005CD80020A8B3002080D80020ACB3002065
:10C51000ADB3002044D8002078B3002030B58BB0F4
:10C52000FFF767FF0446F0B903F04AFF831C1DD0F4
:10C53000F8B9134D2B685B69DBB1272368468DF88A
:10C54000003002F093F92B6801985B694FF4B961F0
:10C55000984703F047FF78B92CB9094B1B68DB6992
:10C560000BB10120984720460BB030BD6FF0070497
:10C57000EFE74FF0FF34ECE74FF0FF34F3E700BF95
:10C5800040D80020014B1878704700BFB4D8002075
:10C59000014B5878704700BFB4D8002070470000A6
:10C5A000044B9A7A0AB101225A70034B5B6903B1BA
:10C5B00018477047B4D80020B4B3002073B5224C9C
:10C5C0006378002B33D008F053F866680546FFF710
:10C5D000CBFB0644AE4214D2A37A93B1E0228DF88D
:10C5E00000208DF80130217AE3680193012268462A
:10C5F000FFF7EAFB08B1073010D100236370A37284
:10C60000656094F83430EBB1002384F834300F4B7C
:10C610005B6BBBB102B0BDE87040184740F2DC5123
:10C620000B4808F0F1F80A4808F0B4F8E8E794F885
:10C630003520002AE5D094F8360084F83530FFF72D
:10C640008DFCDEE702B070BDB4D80020B4B300208A
:10C6500098D8002037B5104D104CC8B1C1B16272E6
:10C66000012300222860E16023700D480D4B0092E9
:10C670004FF0FF3107F0E2FF00250B482582202212
:10C68000294605F09BFD6570A574A58603B030BDF5
:10C6900000232B602370EFE7B0D80020B4D800202F
:10C6A00098D80020A1C50008C8D800202DE9F0477F
:10C6B0008E4C23788CB0002B56D0C2780AB9837B7D
:10C6C00013B1238A01332382437B002B4CD0E02A11
:10C6D0004AD10023A372876897F80080B8F1220F2F
:10C6E00027D8B8F1220F30D8DFE818F04100FB005E
:10C6F00052005A0061006E0075008E009D00B4006B
:10C70000C7002F002F002F002F002F002F002F0019
:10C710002F002F002F002F002F002F002F002F00A1
:10C720002F002F002F002F002F002F00C900D00056
:10C73000D400B8F17E0F00F0CC80B8F17F0F00F08C
:10C74000DF80B8F17D0F00F0AB80A57A002D00F0FE
:10C750005B81674C637A3BB94FF47A71204608F0ED
:10C7600053F8204608F016F80CB0BDE8F087E368EF
:10C7700001220021A2721970A37AE1689818A072B0
:10C780000620C854A37AE1689818A072CA54DCE75E
:10C79000584B9B6A002BD8D0012102209847D4E740
:10C7A0007B7884F83630012384F83530CDE70423D4
:10C7B0008DF804307B78003B18BF012301A88DF869
:10C7C000083002F079F9C0E77878003818BF012006
:10C7D00002F0EAFEB9E7484E0FCE01AD0FC50FCE0D
:10C7E0000FC596E8070085E807007B780A2BACD8D0
:10C7F000424A12685268002AA7D00CA901EB8303B1
:10C8000053F82C0C9047A0E77878431E012B9CD856
:10C810003A4B01381B6818BF012020729B68002B1F
:10C8200093D0984791E7E26801230821A372117021
:10C83000627A057BA17AAA4228BF2A46934284D213
:10C8400085685A1CEB5CE56801334E1CA6726B547C
:10C85000D3B2EDE7E3680122A27209221A70A37A2B
:10C86000E268218A581CA072D154A27A238AE16816
:10C870001B0A501CA0728B5467E7238265E70523CF
:10C880008DF8043001A802F0A1FB5EE7194BDB6ACA
:10C8900098475AE7194B78781B686075DB68BEE7E4
:10C8A000037B072B7FF451AF06238DF80430B7F8D4
:10C8B0000130ADF808307B793A791B0443EA022352
:10C8C000FA781343642253430393BB798DF81030F5
:10C8D000D8E73B2201A88DF804208DF8083002F03B
:10C8E000EBF8012384F834302FE700BFB4D80020E0
:10C8F00098D80020B4B3002074870108B0D8002075
:10C900002A2301A88DF8043001F0B0FF94F80A90B2
:10C91000E6689DF808009DF809509DF80A709DF89A
:10C920000BC09DF80D309DF80E209DF80F109DF85E
:10C930000CE009F1010A84F80AA006F80980354ED6
:10C9400094F80A903668D4F80C8009F1010A84F84A
:10C950000AA096F803A008F809A094F80A90D4F861
:10C960000C8009F1010A84F80AA096F802A008F8E0
:10C9700009A094F80A90D4F80C8009F1010A84F80F
:10C980000AA096F801A008F809A094F80A9009F105
:10C99000010A84F80AA096F80080E66806F8098083
:10C9A00094F80A80E66808F1010984F80A9006F80C
:10C9B00008C094F80AC0E6680CF1010884F80A80FF
:10C9C00006F80C70A77AE66807F1010C84F80AC033
:10C9D000F555A57AE6686F1CA7727055A07AE568D0
:10C9E000461CA6722954A17AE0684D1CA5724254D7
:10C9F000A27AE168501CA0728B54A37AE268591C99
:10CA0000A17202F803E0A0E6034807F075FE657026
:10CA1000AAE600BFB0D8002098D8002070470000D8
:10CA200000487047B4B30020002070474FF0FF303B
:10CA300070470000044B054A93F81831022B18BFC9
:10CA4000062382F8903470475CDF002020E5002048
:10CA5000034BD3F8483313B15B6903B118477047F0
:10CA600020E50020034A137843F004031370FFF716
:10CA7000EFBF00BF04D90020074BD3F8402322F4B6
:10CA80008072C3F8402393F8912442F0100283F897
:10CA90009124FFF7DDBF00BF20E500201FB50A4B42
:10CAA0008DF8090093F87C208DF80A2093F88C20EB
:10CAB00093F848000D3202A98DF8082003F0A0FC7D
:10CAC000C0B205B05DF804FB5CDF002008B5074884
:10CAD00007F012FE064B93F81A2412B1012283F8D4
:10CAE0001924BDE80840FFF7B3BF00BF20E90020CC
:10CAF00020E5002010B50C4CD4F8403343F08003FF
:10CB0000C4F8403394F81A3413B10020FFF7DEFF65
:10CB100094F8913423F0120343F0120384F8913413
:10CB2000BDE81040FFF786BF20E500202DE9F04169
:10CB3000DFF8AC8098F81831022B06460D4602D07B
:10CB4000284BDB6A984702F0E6FD044628B1022034
:10CB500002F0D7FD002002F0D9FD98F81831012B22
:10CB600017D102F0DAFD074630B1002002F0CAFD0D
:10CB7000002002F0CCFD3C4602F0D1FD48B100207F
:10CB800002F0C1FD002002F0C3FDBDE8F041FFF757
:10CB900051BF002CF9D1144C94F8902494F81A3415
:10CBA000BAB90BB184F84164304602F057FFD8F8A7
:10CBB0002C0007F067FDD4F8B4339842E5D30B4856
:10CBC00007F09AFD94F8913443F0100384F89134FF
:10CBD000DBE70BB184F84154284602F03FFFF1E750
:10CBE0005CDF00208898010820E50020B8E80020DC
:10CBF000074A10B5137843F002031370FFF728FFBC
:10CC0000BDE81040034B01220021022007F086BA44
:10CC100004D9002059910108074A10B5137843F050
:10CC200008031370FFF714FFBDE81040034B012207
:10CC30000021022007F072BA04D90020699101088E
:10CC40002DE9F0410F4616461D46804607F010FDBF
:10CC50000B4A0C4C1378278123F0110343F0110386
:10CC6000C4E90008137066812573FFF7F1FEBDE883
:10CC7000F041054B01220021022007F04FBA00BF0E
:10CC800004D90020F0D800207991010813B507F0ED
:10CC9000EFFC0D4B6C461860204607F089FC94E8C9
:10CCA00003000A4A0A4B83E80300137843F0200389
:10CCB0001370FFF7CDFE074B01220021022002B0C6
:10CCC000BDE8104007F02ABA00D9002004D900209E
:10CCD00058E80020869101082DE9F04192B00646FF
:10CCE00002F019FD002840F05881AD4D95F818313B
:10CCF000012B09D02B6BAB4C93B194F80431BBB131
:10CD0000042B6FD0032003E002F007FD18B10F20C1
:10CD100012B0BDE8F08102F002FD0028EAD0F6E78B
:10CD2000B5F82031D4F81C24013B53432B63E4E7CE
:10CD30009D4803F09CFA002840F0128194F80C31D1
:10CD400023802B6B0C930DF1180895F839308DF872
:10CD50003830404695F81C318DF83A3007F04EFCDB
:10CD6000D5F82831009302AF98E80600D5F82431B1
:10CD7000384607F0DAFB97E803000FAB83E80300BF
:10CD8000EB6A0D9300238DF844302388ADF84630CC
:10CD900095F8303101228DF839201BB98DF84420E7
:10CDA0008DF83930814B0093814B95F84800A3F101
:10CDB00079020CA903F099FBC0B10B28A8D1D4F8D3
:10CDC000941499B1002EA3D0D4F84033794843F09D
:10CDD0002003C4F8403307F017FD764807F0DAFC6B
:10CDE000002095E7704803F076FAA4E795F84870BC
:10CDF00095F9693095F9392095F87D106E4E3846D1
:10CE000003F080FB009641B2EB6C95F85020384659
:10CE1000183603F01BFB0096EB6C95F8502095F943
:10CE2000701095F8480003F011FBD4F8C413AB6DF3
:10CE3000D4F8DC230B44C4F8B033EB6D1344C4F8CE
:10CE4000B43394F80431042B07D02B6E0B44C4F890
:10CE5000B0336B6E1344C4F8B4330023089395F8D1
:10CE60003031002B40D100238DF8133095F8393044
:10CE70008DF8213095F838308DF82230D5F8803093
:10CE80000993D5F884300A932388ADF82C3095F8AF
:10CE9000303194F81B648DF82E3095F84800474BDC
:10CEA0008DF820600DF1130208A903F0E3FA0123C5
:10CEB00084F8413495F8393084F842349DF81330C1
:10CEC00084F84334D4F81C34C4F85064C4F84834AB
:10CED000C4F8583402F025FCC8B1D4F81C0402F0A0
:10CEE00032FCA0B1102013E708A802F0E7FC60B9FB
:10CEF00095F9390094F837629DF82070FFF7CEFD60
:10CF00003E44B042AFD2082002E7132000E795F874
:10CF10001831012B01D102F018FC02F005FC0023AE
:10CF2000059394F8043195F9395094F81B649BB13A
:10CF3000042B7FF4E7AE05A802F0F4FE58BB94F88A
:10CF4000183413B1059B013B0593174B05983246E6
:10CF5000E9B202F049FF02E0134802F01DFF08B1F8
:10CF60001120D5E6D4F8403394F80C11218043F019
:10CF70000203C4F8403394F8183411480133DBB28B
:10CF800084F8183484F845340E4B00259B6AC4F8A5
:10CF90009854984724E71220BAE60E20B8E600BF5E
:10CFA0005CDF002020E5002028E600208CDF002048
:10CFB000B4E9002088E80020D8E800203CE90020FF
:10CFC00022E500208898010873B5134D134E009692
:10CFD000EB6C95F8502095F9781095F8480003F01F
:10CFE00035FA95F83031337595F8480040F2012351
:10CFF00006F13C023146738203F034FA50B196F8E0
:10D000003C3086F88230064B00205B6B9847F37CFF
:10D0100086F8A83002B070BD5CDF002008E900206F
:10D0200088980108F8B5324C94F81831012B054660
:10D030000ED0022B4ED0002B57D138B9D4E91B01AA
:10D0400004F1740383E803000020F8BD012806D131
:10D0500002F06CFB0028F8D184F81851F5E702289B
:10D0600043D1244E84F8180106F5747CBCE80F0007
:10D0700006F57A770FC79CE8030094F8E92094F846
:10D08000003187E8030086F8FB53D2B1022B18D198
:10D09000D4F804316367C6F8EC3394F87D3094F823
:10D0A000082186F8F83394F88C3084F8782086F8D4
:10D0B000F93396F81B2486F8E82340F20133A6F8EA
:10D0C000FA33002386F81A340B4BDB6A9847FFF7D4
:10D0D0007BFFB9E748B9074B84F81801062283F8AB
:10D0E0009024054BDB6A9847AEE70320ADE700BF0D
:10D0F0005CDF002020E5002088980108F0B5504C46
:10D10000504EB4F8DC202287D4E92D0194F8B120E8
:10D1100084F8692004F16C0282E80300D4E92F014D
:10D1200004F1740282E80300B4F8C420A4F87C205F
:10D1300091B0D4F8CC20D4F8C810C4F884200025CD
:10D14000D4F8D020C4F888200123A4F82031C4F8F2
:10D15000801084F83051A56284F81B5184F83A504D
:10D1600084F81D5184F81E51C4F83451C6F89854FF
:10D17000A6F8185486F81A54A4F838518DF81830C7
:10D1800004F50973039304F50A7394F848000493B3
:10D1900003A92D4B84F84551C4E94F55A4F84651D5
:10D1A000059303F03BF9E36EC6F8D43394F87D3071
:10D1B00086F8E03394F88C3086F8E1334FF48073CE
:10D1C000A6F8E23386F8D05394F8303186F8E43389
:10D1D00006F574770FCF06F57A740FC497E803004D
:10D1E00040F2012384E80300A6F8FA33D6F8483366
:10D1F00086F81B54CDE901551BB15A685B69019251
:10D200000293124B0793A3F148020892A3F1140270
:10D2100009920F4A0B9229330A93A2F19C030C93B3
:10D22000A2F198030D93131D0E9301A902F14C0373
:10D2300007A802F599620F9302F062FA11B0F0BDEF
:10D240005CDF002020E5002008D9002088E90020CC
:10D2500040E00020F8B50D4F0D4E0C4607F04CFA9B
:10D260003B6B98470B4A96F84800214603F0FAF8C2
:10D2700050B1094D706D95F8243485F86A347B6B94
:10D280009847E37C85F89034F8BD00BF8898010882
:10D290005CDF002044E9002020E500200F4890F8E2
:10D2A0001B3480F8B8330E4B93F8692080F8BB2309
:10D2B00093F87D2080F8C82393F88C2080F8C92348
:10D2C00093F8303180F8CC330022A0F8CA2300F55F
:10D2D0006E7100F56070FFF7BDBF00BF20E5002054
:10D2E0005CDF0020114890F89034EBB190F81B34CB
:10D2F00080F8D0330E4BDA6EC0F8D42393F87D203B
:10D3000080F8E02393F88C2080F8E12393F8303103
:10D3100080F8E4334FF48072A0F8E22300F57471D2
:10D3200000F56670FFF796BF704700BF20E500204C
:10D330005CDF002070B5344C2421204604F040FF0F
:10D34000636A984218BF60624FF01C012F4814BFF7
:10D350000125002504F034FF636C984218BF606417
:10D360004FF480712A4818BF45F0020504F028FFE9
:10D37000D4F84831984218BFC4F848014FF0D4019E
:10D38000244818BF45F0040504F01AFFD4F82032F1
:10D39000984218BFC4F820024FF000011E4818BF81
:10D3A00045F0080504F00CFFD4F82432984218BF69
:10D3B000C4F824024FF46071184818BF45F01005F6
:10D3C00004F0FEFED4F8A835984218BFC4F8A805AA
:10D3D0004FF01401124818BF45F0200504F0F0FE8C
:10D3E000D4F8C03598420F4B18BFC4F8C005D3F825
:10D3F000483318BF45F040052BB11B691BB12846C7
:10D40000BDE87040184770BD5CDF002084DF00205D
:10D41000A4DF0020A8E0002080E1002084E10020BB
:10D4200008E5002020E500202DE9F04F8FB04FF0F7
:10D430000009012B06460F4690468DF80D90ADF879
:10D44000109002D84C46BC4202D30FB0BDE8F08F1A
:10D45000305D02F073FA2044B842F6DC335D651C9F
:10D46000023BEDB2112BF0D801A252F823F000BF1D
:10D47000B9D40008E3D40008E1D5000809D60008B3
:10D4800099D60008BFD6000825D700084DD7000858
:10D49000D5D700084BD400084BD4000829D8000881
:10D4A0004BD400084BD40008D1D80008F9D80008A4
:10D4B00031D9000865D90008052002F0E7FA70B1FB
:10D4C0000521002002F0A8FA725DBF4BE51C023472
:10D4D000E4B283F85C24325D83F85D24EDB22C461F
:10D4E000B1E700238DF80E308DF80F308DF8143031
:10D4F0008DF81830B9F1000F6DD1B44C4FF005091B
:10D5000094F87C208DF831206B1E94F839208DF82A
:10D510003320334494F838200B938DF8342094F85A
:10D520001A3194F868208DF83520D4F82C218DF824
:10D5300032300A9273B37B1C5B1BDBB28DF8303048
:10D5400006AB019305AB009394F848000DF10F036F
:10D550000DF10E020AA902F099FF8DF80D0000F0FE
:10D560000700072813D194F939209DF90E3084F86B
:10D5700039309A429DF80F3084F83830B8BF012214
:10D580009DF81430B8BF84F81D2184F868304FF03E
:10D59000000A09E00523D1E701220DF10D01032066
:10D5A00002F0E4F80AF1010A5FFA8AF29DF81830F5
:10D5B000B3FBF9F19142EFD82B44DDB26B1EDBB225
:10D5C0009F420BD9F25C032A9AD0AF4288BF1D4616
:10D5D0004FF0010983E70534E5B2F9E71D46F7E7A7
:10D5E000735D7A4903F00F03012281F81B31023485
:10D5F00002FA03F3A1F82031E4B2002204A90420C6
:10D6000002F0B4F825466AE707238DF80D30735D04
:10D61000DFF8B8A1C3F3021203F00F030F2B8DF84C
:10D62000283004BF9AF870308DF828308DF8292002
:10D63000651DA21CE31C0434DBB2E4B2F15C335D73
:10D640009AF84800D2B21B04B25C43EA01231343A8
:10D65000642253430AA90B9302F027FF00F007034B
:10D66000072BEDB28DF80D000ED19DF828308AF809
:10D6700070308AF878300B9BCAF86C30CAF8743076
:10D680009DF829308AF869308DF81000012204A92C
:10D69000052002F06BF822E74B4BD3F8483363B117
:10D6A0001B6853B1984708F03F038DF810008DF8C0
:10D6B0001130022204A90620EBE7FF20F3E7032341
:10D6C0008DF80D30735D8DF81C300AAB0693E31CAA
:10D6D000DBB2A51DF25C231DDBB206A9F35C1B04C3
:10D6E00043EA0223A21CD2B20534B25C1343642283
:10D6F0005343E4B20A9300230B93335D8DF830302B
:10D70000324B93F8480002F0D6FEC3B20028EDB2C7
:10D710008DF80D30FFF6E3AE8DF81030012204A92C
:10D720000720B6E7735D03F00F03012B4FF47A7205
:10D7300038BF01235343254A0234936503F57A73B6
:10D74000D365E4B2002204A9082059E7735D1F4D98
:10D75000C3F340128DF8152095F84800C3F300126A
:10D7600005A903F00F038DF814208DF8163002F090
:10D77000A8FE02340130E4B23FF444AFBDF81430E7
:10D78000134AA5F87C309DF816309DF814A0D05CA3
:10D79000F3F7E8FA0223C5F880000AA995F84800D3
:10D7A0008DF828308DF82AA002F02AFE95F939303C
:10D7B000069040B29842B8BF184685F8390000225A
:10D7C00004A909201CE700BF20E500205CDF002041
:10D7D0009391010803238DF80D30735D8DF8283087
:10D7E000E31CDBB2651DF25C231DDBB20234F35C8B
:10D7F000E4B21B0443EA0223325D13436422534321
:10D800000B93644B0AA993F8480002F060FEC3B280
:10D810000028EDB28DF80D30FFF661AE8DF81030B6
:10D82000012204A90A2034E7092002F02FF9DFF8C9
:10D8300068B1002849D00921002002F0EDF800234A
:10D84000ADF81E30A31CDBB2F25CE31CDBB216F8B1
:10D8500003A0735D4FEA0A4A4AEA022A4AEA030A27
:10D86000231DDBB2A51D0534F35CE4B24AEA036A6A
:10D87000335D4FF47A7253430AAC1B122046ADF865
:10D880001C3006F095FE454B53440693DBF83C33C1
:10D8900000930DF1180A9AE80600DBF8383308A85F
:10D8A00006F043FE099B009394E80600089B50464F
:10D8B00006F020FE9AE8030006F052FE01F040FF59
:10D8C0000123EDB28BF8383409E68BF8380406E60C
:10D8D0000C2002F0DBF800283FF401AE0C21002000
:10D8E00002F09AF82C4B93F89034043B012B7FF60E
:10D8F000F6AD01F021FFF2E5A31CDBB2725DF15C35
:10D90000E31CDBB2651DF35C0434E4B21B04305D40
:10D9100043EA012313436421594300F00F0001F04F
:10D920000CFFEDB28DF81000012204A91120B0E621
:10D930000D2002F0ABF800283FF4D1AD0D210020FE
:10D9400002F06AF8A31CDBB2154AF05C735D126842
:10D95000251D0334E4B243EA0020315DEDB201F04D
:10D96000EEFEBCE5725DA31C251D0334DBB2E4B200
:10D97000F15C335D1B0443EA0123134364205843E5
:10D9800001F0DFFEEDB28DF81000012204A9132092
:10D990007FE600BF5CDF002020E50020803DD5123F
:10D9A000F0D800200E4B93F89124920703D593F8FA
:10D9B0008F24012A08D90B4991F81A2122B18A6AC9
:10D9C000501C18BF01328A620022A3F8182483F881
:10D9D0001A24D3F8402322F00202C3F840237047F0
:10D9E00020E500205CDF002070B5184C1848194D68
:10D9F00006F082FED4F84033D4F89804D5F890604D
:10DA000023F02003C4F8403338B106F03BFE8642D1
:10DA100003D2002385F83A3070BD0120FFF75CF98E
:10DA20000028F9D00B28F7D095F8393084F8423423
:10DA3000092094F8183484F8453484F8410402F03D
:10DA40000DF8BDE87040FFF7ADBF00BF20E5002036
:10DA500088E800205CDF0020094BD3F84023012A2E
:10DA60000AD008490978C90708D43AB993F892044A
:10DA7000013818BF0120704700207047012070470F
:10DA800020E5002004D90020034BD3F84003431EB7
:10DA900058425841704700BF20E500202DE9F04F63
:10DAA000A9B0EFF3108272B6DFF8F0B20021DBF814
:10DAB0000030CBF8001082F31088B94C002B00F036
:10DAC000E180DAB29B06039264D5B64D95F8183121
:10DAD000022B02D0B44BDB6A9847EFF3108872B682
:10DAE000B24F06F0C5FD3E68D4F8B013361A314483
:10DAF000AF4806F089FEAE4806F04CFED4F8B413E9
:10DB0000AC48314406F080FEAA4806F043FE88F394
:10DB1000108894F81A34002B00F06B81152312A999
:10DB200095F848008DF8483002F06AFCD4F8B41338
:10DB30000F900144A04806F067FE9F4806F02AFEB9
:10DB40003B6894F81B24EB620DAF38468DF87020CB
:10DB50001D9306F053FDD5F82831009306AE97E8E3
:10DB60000600D5F82431304606F0DFFC96E80300C5
:10DB70001FAB83E80300D4F81C341E9395F83031B2
:10DB800095F84800003B18BF01231CA98DF871309F
:10DB900002F03FFC039BDF0648D5824DDFF81CA254
:10DBA000D5F8E42004929BF80020BAF90A809AF98B
:10DBB0000C90A4F88C84002363F300020A9384F889
:10DBC0004434A4F8223484F82534C4F82834A4F862
:10DBD0002C3484F82E34C4F8303484F82034C4F85B
:10DBE000343484F83834C4F83C346F4B8BF800205C
:10DBF00094F89024DB6A84F88E9484F88F24DAF801
:10DC00000470BAF80860984794F88F3413B96948DB
:10DC100006F072FD3146384601F07BFD8346002850
:10DC200000F0EA80A4F87E8484F88094039B1907AE
:10DC30001AD55C4B93F81831022B02D05A4BDB6A91
:10DC400098470220FEF7F6FE84F8410401F006FF33
:10DC500094F81A3413B1012384F8193494F89134E8
:10DC600043F0100384F89134039B5A0703D506212F
:10DC70000520FEF75BFF039B9B0703D504210320D0
:10DC8000FEF754FF01F063FD94F89124D7065FD5A9
:10DC9000002384F89234D4F840331E0644BF23F0A6
:10DCA0008203C4F8403312F0050F00F005830B2007
:10DCB00001F0ECFE002800F0FF8294F89134DD07BB
:10DCC00000F1FA82580740F11183D4F8403323F071
:10DCD0000203C4F84033D4F8402382BB94F8915433
:10DCE00015F001011EBF2B4662F3000384F8913446
:10DCF00094F891345E0744BF6FF3820384F8913443
:10DD0000012384F8923421B1D4F844332C481B68A1
:10DD100098476D070BD52B4801F0C4FE01F0F2FEC9
:10DD200028B194F8913443F0040384F8913401F05D
:10DD3000FCFC94F891346FF3041384F891340123BC
:10DD400084F8923494F8913443F0200384F89134A9
:10DD500094F8913418070AD56FF3C3031A4984F86D
:10DD60009134D4F84433A1F12400DB68984794F847
:10DD7000913499070AD56FF34103134984F891341C
:10DD8000D4F84433A1F16C005B68984794F8903460
:10DD9000022B1BD1FFF718F918E000BF04D90020AF
:10DDA00020E500205CDF00208898010800D90020D1
:10DDB000A0E80020B8E8002020E90020F0D80020EA
:10DDC00060E9002074E90020ACE9002094F8913467
:10DDD0009A0640F1CE826FF3451384F89134D4F85B
:10DDE0004033002B40F0C58229B0BDE8F04FFFF76B
:10DDF000A1BA84F84134A3E695F81831012B0CD16F
:10DE000001F08BFC804668B1584601F07BFC584617
:10DE100001F07DFC042384F88F347EB9012384F85B
:10DE2000213455E101F07BFC0028F6D0404601F09A
:10DE30006AFC404601F06CFC0523ECE73B78059357
:10DE40005B09013B062B00F22082DFE813F007009C
:10DE50001E029B001E0298001E020F02102EDDD92A
:10DE600095F830311297F6B28DF84C60002BD5D171
:10DE70001CA804F0B7F812AA1CA9FF2002F0D0F8E1
:10DE8000A0B99DF8583003F00F020F2A16D0C3F343
:10DE900003038DF82C3095F8480095F87D308DF807
:10DEA0002D3007220BA902F0BEFA38B9012001F08B
:10DEB000EDFD002850D0012107204BE09DF85330A4
:10DEC0009DF852201599C5F8E4101B0443EA02237B
:10DED0009DF8512002201343C5F8E03004F090F87B
:10DEE0009DF8583095F84800C3F3021285F8692070
:10DEF00003F00F020F2A1EBFC3F3030385F870302F
:10DF000085F878309DF85930012B38BF01234FF444
:10DF10007A725343AB651344EB650DF15A03012745
:10DF200010934FF0000894F81B348DF83C30113EEC
:10DF30000FA985F8687085F82E818DF8446002F08D
:10DF40007AFA0223384685F8303101F09FFD18B186
:10DF50003946404601F060FD94F88F34012B00F201
:10DF6000A28194F81A34002B40F0958194F89134F2
:10DF700043F0100384F89134FEF75CFD56E601236C
:10DF800084F8203495F87D308DF82E3094F82434C0
:10DF90008DF82D3095F88C3095F848000D330BA98D
:10DFA0008DF82C3002F02CFAA6F10D031BB209906B
:10DFB00023EAE37300B283423FF730AF0B2E7FF6C4
:10DFC0002DAFBC4B25931CA8FF231C978DF87460C4
:10DFD0008DF8983002F0F0F8074600287FF41EAF65
:10DFE00095F81831012B13D101F097FB002872D05E
:10DFF000384601F087FB384601F089FB04239DF881
:10E000007C101E9884F88F34C1F3001101F09EFB40
:10E010009DF87C301E99C4F8341413F00F0203D01D
:10E020009DF89000002862D19DF89800002861D0EA
:10E03000002A7FF4F3AE9DF89020002A14BF4FF021
:10E0400003084FF0020800220A92D5F8EC2095F858
:10E05000E900914251D100284FD0D5F80C1195F824
:10E06000EAB009680A9195F81811022902D1032132
:10E0700084F88F14B8F1030F7FF4D0AE13F0600F63
:10E080007FF4CCAE0492012795F82E31BBF1000F3E
:10E0900036D0BBF1010F13D1012B33D16FF009063C
:10E0A00046FA08F606F00106C6F10206F6B2BDF819
:10E0B0007E100AAA304601F041FE38B3072823D06B
:10E0C000012384F821340A9BC4F83034C4F86C343A
:10E0D000FEF710FDAAE501F022FB002898D0384693
:10E0E00001F011FB384601F013FB052387E74FF0E1
:10E0F0000008A8E74FF00108A5E74FF0010BC3E7C0
:10E100000426D4E70326D2E70823DAE71CAB009302
:10E1100004990A9B3246584601F0CEFE20B10228EF
:10E1200014BF0B230A237AE60A9BC4F83034C4F8E0
:10E130006C349DF87C3084F82104C3F3401384F8D8
:10E140002E3484F8443494F88F3484F82274012BEC
:10E150009EBF0122A86285F81E21012FC4F8280461
:10E1600084F82C0484F841043ED1022284F820244F
:10E1700095F83A20002A50D19DF87C20D6064CD440
:10E18000D4F83C2412B1012284F82524012B94F800
:10E1900040149DF87C2005D8012901D1900601D5B5
:10E1A00001F076FBB8F1020F94F88F3440D0B8F14B
:10E1B000030F0AD09DF87C10B8F1010F4A4601F018
:10E1C0000F0120A838D0FFF72FF99DF8903084F880
:10E1D0002334259BC4F828349DF8983084F82C34D7
:10E1E000012384F82D342DE0059A02F0E002A02AE4
:10E1F00018D195F82E11012285F83A2009B92799EE
:10E200006963012B84F8202407D9D5F89020C4F83D
:10E210003C24DAF80020C4F8982495F81821002A44
:10E22000B1D0ADE7002285F83A2084F82024A3E796
:10E230009DF8981025984A46FFF7F6F89DF890301B
:10E2400084F823349DF89020E02A08D195F81F31F6
:10E250002BB984F82324C4F82834A4F82C3494F877
:10E26000913443F0020384F8913475E6114D013E78
:10E27000B2B2791C284603F08DFF0323A4F82034A2
:10E28000C4F8285484F82C64E9E7012384F8213485
:10E29000FEF730FC60E694F84434002B3FF466AEA1
:10E2A0000020FEF713FC94F88F34022B3FF464AE89
:10E2B0005CE600BF58E7002094F89134590715D563
:10E2C000012001F0E3FB60B1012001F0B7FB08B9C8
:10E2D00084F81804D4F8403323F00203C4F8403320
:10E2E00004E0062001F0D2FB0028F3D194F8913429
:10E2F000DA077FF5F0AC94F840240AB1032A18D16C
:10E300001D4A94F8181492F86820914205D29B0790
:10E3100023D594F88F34012B1FD8184806F0ECF958
:10E32000D4F8403323F02003C4F84033FFF73AFB1E
:10E33000D1E4012A11D194F81924002A3FF4CBAC7E
:10E340000D4A94F8181492F868209142E5D29F077C
:10E3500003D594F84434002BDFD194F89134002095
:10E360006FF3041384F8913484F81904FFF73CFB2D
:10E37000B1E429B0BDE8F08F5CDF002088E8002020
:10E380002DE9F04F89468DB090460746002800F0F1
:10E390008F81002900F08C810368002B00F08881B8
:10E3A0004368002B00F084818368002B00F080819B
:10E3B000C368002B00F07C81104602F01DF8002895
:10E3C00000F07881BD4CBE4D384601F0DBFA40F2DA
:10E3D000C4520021204603F0F1FE40F234520021E5
:10E3E000284603F0EBFEB74BC4F82C3104F5097353
:10E3F000089304F50A7300264046099308A9B24B16
:10E4000084F848800A9384F8186184F88C608DF849
:10E410002C6002F003F80F2306A994F848008DF849
:10E42000183001F0EDFF801B18BF01204FF00A0BE0
:10E4300084F81C0106A994F848008DF818B001F082
:10E44000DFFF4FF0060A84F8DC0006A994F84800C4
:10E450008DF818A001F0D4FF102384F8DD0006A980
:10E4600094F848008DF8183001F0CAFF1123C4F861
:10E470009C0006A994F848008DF8183001F0C0FF00
:10E480001223C4F8A00006A994F848008DF81830AB
:10E4900001F0B6FF1323C4F8A40006A994F84800BD
:10E4A0008DF8183001F0ACFF1423C4F8A80006A9B9
:10E4B00094F848008DF8183001F0A2FF1623C4F834
:10E4C000AC0006A994F848008DF8183001F098FFC8
:10E4D000172384F8B10006A994F848008DF8183085
:10E4E00001F08EFF18230DEB0301C4F8B400C4F84B
:10E4F000BC0094F848008DF8183001F081FFC0B2DC
:10E500001D2384F8B80084F8C00006A994F84800D8
:10E510008DF8183001F074FF1E2384F8C40006A99A
:10E5200094F848008DF8183001F06AFF1F2384F832
:10E53000C50006A994F848008DF8183001F060FF76
:10E540002023C4F8C80006A994F848008DF81830B4
:10E5500001F056FF0B23C4F8CC0006A994F848003C
:10E560008DF8183001F04CFF0C2306A9A4F8D00058
:10E5700094F848008DF8183001F042FFD4F89C3030
:10E580006365D4F8A030A365D4F8A430E365D4F86B
:10E59000A83023664FF00108D4F8AC300590A4F8F9
:10E5A000D200636684F8B080C4F894B084F898A070
:10E5B000C4F84CB084F850A084F8688084F81F81B7
:10E5C000C5F84893FEF79AFDC5F84473C4E90B6695
:10E5D0003E4B84F8198185F89164C5F84083324632
:10E5E0004FF0FF31009605F55A7006F027F8384BCA
:10E5F000009632464FF0FF3105F5607006F01EF8C8
:10E60000344B009632464FF0FF3105F5667006F048
:10E6100015F802AF304B009632464FF0FF3105F54A
:10E62000806006F00BF8384605F0E8FF97E8030035
:10E6300004F5927383E80300284B294F1E60294B91
:10E64000C5F84C33284BC5F85433284BC5F85C3318
:10E65000274BC5F85033274BC5F8583305F5537091
:10E660003B68984704F5A67003F0E6FA20B111263E
:10E6700030460DB0BDE8F08F204601F02FFB00289A
:10E68000F5D101F065F8B8B91B4801F079FB0646F1
:10E690000028ECD17B69984703F05AFDBB6D94F8D4
:10E6A00019019847FB6A9847012385F89234DFE700
:10E6B0000326DDE70926DBE71326D9E75CDF002028
:10E6C00020E500200004000108D90020E9D9000855
:10E6D0009DD20008E5D20008CDCA000804D9002068
:10E6E000889801088DCC000841CC000865CA000854
:10E6F00019CC0008F1CB000844E0002008B5034B1A
:10E700000020C3F84003FEF795F908BD20E500207E
:10E7100010B5FFF7A1F90A4C60B90A4B93F818310C
:10E72000022B02D1084BDB6A98470123C4F840331F
:10E73000002010BDD4F84003013818BF0120F8E7CD
:10E7400020E500205CDF00208898010838B5124CD5
:10E75000204605F0D1FF04F1180005F0CDFF04F1CB
:10E76000300005F0C9FF04F1980005F0C5FF00F086
:10E77000DBFF0A4B0025DB6A984744F8285CFEF76C
:10E78000D9FD0749074840F2C45203F003FD0123B5
:10E7900044F8283C284638BD88E8002088980108BD
:10E7A0005CDF002098D9002070B52E4B8AB005465A
:10E7B00093F8DD008DF8090093F8DC008DF80A006D
:10E7C00029489A6A90F81804039200268DF80B00E5
:10E7D00004960C46002940D00692D3F88820079270
:10E7E0001A8F93F81A118DF8151052BAADF820202F
:10E7F00093F87C2093F848308DF8243003AB8DF8E3
:10E8000022008DF8232000930DF10A020DF10B0375
:10E810000DF1090105A88DF8146000F003FF9DF9C2
:10E820000900FEF73BF9607004A801F047F8B0B9A1
:10E83000049A0F2A0DD863789A420AD81544AB423D
:10E84000A3EB02012CBF002001202170C0000AB000
:10E8500070BD002323700820F9E70320F7E7132099
:10E86000F5E700BF5CDF002020E500201FB504466F
:10E87000002800F010810378412B00F20781DFE8C7
:10E8800013F0420049004D005100550059005E0050
:10E890000501050105010501050105010501050148
:10E8A000650069006D0078007F00820085008A00A5
:10E8B00088008C0090009300960099009C009F00B7
:10E8C000AE00B200BA00B600BE00C100C500CE0066
:10E8D000CA00CC000501D2000501050105010501B2
:10E8E00005010501050105010501050105010501F8
:10E8F000050105010501DA00DE00E200E700EB009A
:10E90000EF00F300FC00664B93F8183123710020F0
:10E9100004B010BD624B93F83031F7E7406803F064
:10E920001BFBF4E7406803F05DFBF0E75C4B93F8FA
:10E930001A31EBE75A4BD3F8E0306360E7E7584B06
:10E94000011D93F8300103F065FBE0E7544B93F8A9
:10E950001931DBE7524B93F88C30D7E71C238DF845
:10E9600008304F4B02A993F8480001F049FD606060
:10E97000CDE74C4B043493E8030084E80300C6E77A
:10E98000494B0434F7E7494B0434F4E7484B04346B
:10E99000F1E71A23E3E71923E1E7414B93F86830E5
:10E9A000B4E73F4B5B6DC8E73D4B9B6DC5E73C4B08
:10E9B000DB6DC2E73A4B1B6EBFE7394B5B6EBCE7C2
:10E9C00002238DF80830364B02A993F87C2093F887
:10E9D00048008DF80A2001F013FD207197E7304BB5
:10E9E00093F8DD3092E72E4B93F839308EE72C4BBD
:10E9F00093F8DC308AE72A4B93F8383086E7284BC7
:10EA0000DB6C9AE7264B93F850307FE7244BD3F822
:10EA1000843063607BE7224B8FE7264B8DE7204BEA
:10EA2000D3F8CC30F5E71E4BD3F82C31436001F01E
:10EA300075FDA0606BE71A4BD3F890307DE7184B5B
:10EA400093F81F3162E7164BB3F88830A3805EE776
:10EA5000134BB3F88A30F9E7114BB3F8D030F5E730
:10EA60000F4BB3F8D230F1E70D4B93F848200AB1C1
:10EA7000062A12D1B3F8A035E8E7094B93F84820ED
:10EA80000AB1062A09D1D3F8A43556E704B0BDE887
:10EA9000104000F04DBE03203AE7182038E700BFD1
:10EAA0005CDF0020C8DF002010E00020D0DF002065
:10EAB00018E0002098D900207FB5044610B9032043
:10EAC00004B070BDA34DD5F840339A0700F17382AE
:10EAD0000278412A00F26C82DFE812F0420047001F
:10EAE00055005B005F0064006900760081008700CC
:10EAF0008D00930099009F00A500AB00B5006A024D
:10EB0000BA00DC00EF0016013801290142014B0177
:10EB10004F01530157015B016A025F0171019901C5
:10EB20008701AB01B501BC01C101C6016A022C021B
:10EB30006A026A026A026A026A026A026A026A0275
:10EB40006A026A026A026A026A026A026A026A0265
:10EB500038023D02420247024C0251025602600254
:10EB60000079FEF75FFA30B1AAE70379022BA6D04D
:10EB7000794A82F8303195F8913443F0200385F8D2
:10EB8000913400209CE7406803F0D8F90028F2D0C7
:10EB900095E7406803F016FAF8E76F4B027983F8BF
:10EBA0001A21E8E76C4B4268C3F8E020E3E76A4EBD
:10EBB000416896F8300103F023FA00287FF47FAF14
:10EBC0006368C6F8E430D6E7416800293FF477AFC0
:10EBD000002001F005FA0028CDD0112070E741682F
:10EBE00000293FF46CAF0120F3E7416800293FF4AE
:10EBF00066AF0820EDE7416800293FF460AF0920C7
:10EC0000E7E7416800293FF45AAF0C20E1E741688B
:10EC100000293FF454AF0D20DBE7416800293FF4A1
:10EC20004EAF0E20D5E7416800293FF448AF0F20D2
:10EC3000CFE74A4C484B007983F81901A36D9847F8
:10EC4000E36A984797E7444B027983F88C2092E770
:10EC5000414E037A8DF8043096F8480096F87D30DE
:10EC60008DF80530072201A901F0DDFB00283FF4F3
:10EC700026AF636896F848000193002201A901F0CD
:10EC8000D2FB00283FF41BAF6C36D4E9010186E8C3
:10EC9000030070E7304E037A8DF8043096F8480090
:10ECA00096F87D308DF80530072201A901F0BBFBF5
:10ECB00000283FF404AFB436E7E7274E037A8DF817
:10ECC000043096F8480096F87D308DF8053007221C
:10ECD00001A901F0A8FB00283FF4F1AED4E901013D
:10ECE00006F1740383E8030096F81831022B7FF4D1
:10ECF00042AF96F83031002B3FF43DAF174BDB6A43
:10ED00009847FEF761F936E7134E037A8DF8043021
:10ED100096F8480096F87D308DF80530072201A955
:10ED200001F081FB00283FF4CAAEBC36ADE7436872
:10ED3000029301238DF80C30074B02A993F8480089
:10ED400001F07EFB00287FF416AFB8E6436802931B
:10ED50000023EFE720E500205CDF00208898010811
:10ED600003795A1E0E2A3FF6AAAE954A82F86830F9
:10ED700001E7934B42685A65FDE6914B42689A65FC
:10ED8000F9E68F4B4268DA65F5E68D4B42681A6604
:10ED9000F1E68B4B42685A66EDE6894C037994F8AC
:10EDA00048008DF80430062201A901F03CFB002840
:10EDB0003FF485AE9DF8043084F8DD30DBE6804C0E
:10EDC00003798DF8043094F8480094F87C308DF87D
:10EDD0000630052201A901F026FB00283FF46FAEA2
:10EDE0009DF8043084F83930C5E6754C037994F801
:10EDF00048008DF804300A2201A901F014FB002814
:10EE00003FF45DAE9DF8043084F8DC30B3E66C4C22
:10EE1000037994F848008DF80430092201A901F023
:10EE200002FB00283FF44BAE9DF8043084F83830E4
:10EE3000A1E64368B3F5FA7F3FF641AE604AC2F8F7
:10EE40009430D36497E65E4B027983F8982083F878
:10EE5000502090E65A4B4268C3F884208BE6584B0A
:10EE60004268C3F8CC2086E6012B40F0A480554CC4
:10EE70002421204603F0A4F9636A984201D01720A8
:10EE80001EE61C2104F1280003F09AF9636C9842F5
:10EE9000F5D14FF4807104F1480003F091F9D4F8F2
:10EEA00048319842EBD1D42104F5A67003F088F9DB
:10EEB000D4F820329842E2D1002104F5097003F021
:10EEC0007FF9D4F824329842D9D14FF4607104F517
:10EED0000A7003F075F9D4F8A8359842CFD11421FF
:10EEE00004F2AC5003F06CF9D4F8C0359842C6D1A6
:10EEF000334E2146304640F2C45203F04BF92046CF
:10EF000040F2C452002103F059F995F81B3485F8FA
:10EF1000E833736FC5F8EC3396F87D3085F8F83335
:10EF200040F20123A5F8FA33274B96F819019B6D9F
:10EF3000984720E68379012B3FF6C1AD204B42680C
:10EF40004068C3F82C2100F0E5FE44E61C4B426803
:10EF5000C3F890200FE61A4B027983F81F210AE6C6
:10EF6000174B8288A3F8882005E6154B8288A3F802
:10EF70008A2000E6124B8288A3F8D020FBE5104BD4
:10EF80008288A3F8D220F6E50D4B93F848200AB109
:10EF9000062A12D1A288A3F8A025ECE5084B93F825
:10EFA00048200AB1062A08D16268C3F8A425E2E520
:10EFB00000F0C0FBD7E5012082E5182080E500BF06
:10EFC0005CDF002098D90020889801082DE9F043E3
:10EFD00089B00023ADF808300646002800F00F8104
:10EFE0000361FEF739FD20B10127384609B0BDE8BD
:10EFF000F08300F08DFD80460028F5D100F082FD01
:10F0000020B980481422414603F0D8F87E4D95F887
:10F010009134012243F0040385F8552485F8913496
:10F0200033788DF80C300021013B8DF80D20ADF8C0
:10F030000E100C2B00F2BA80DFE803F007B8B8B866
:10F040007880B8B88FB8AC99A800D5F8407317F09D
:10F050002007C9D196F80490B9F1020F46D1DFF824
:10F06000AC916B4CFEF74AF83A4696F9051099F8C0
:10F07000480001F032FA89F83900B37989F838305C
:10F08000384607238DF80D30FDF7CCFFFF2304F53C
:10F090008670A5F80C3185F80471C5F8084102F0B6
:10F0A000A1FF04F58A7002F057FF3846FDF714FE01
:10F0B000074600284FD096F9051099F8480001221C
:10F0C00001F00BFA89F83900D5F894343361002F38
:10F0D00070D000F017FD002887D195F8913485F89D
:10F0E0001A0460F3820385F891347EE7B9F1010FC9
:10F0F0004FF002035AD1454C8DF81C3094F848006B
:10F1000084F81D7104A901F089F9337984F830314C
:10F110008DF80D708DF80E90FDF79AFC95F89134EE
:10F1200043F0100385F89134C846CDE7002202A9C8
:10F13000022000F01BFB70B11327C5E7354BB288E6
:10F14000DB6B96F90C10B0689847D5F8403343F064
:10F150000203C5F840330027B6E704A90D2000F0EC
:10F160007BFB0028F7D0002202A90D20E1E7274B06
:10F1700093F81831D3B9347904F0070000F0D3FACA
:10F180008DF80840012202A91020D2E7002202A92E
:10F190001220CEE78DF80F2000F0B6FA044638B9F9
:10F1A00000F0AFFA204600F0B1FAD4E702278BE76F
:10F1B000012789E703A800F0F9FBB8F1000F3FF43D
:10F1C00014AF154B1A784AB901221A701348144B20
:10F1D00000973A464FF0FF3105F030FAD5F840334A
:10F1E0000E4843F48073C5F8403305F085FA0A21D0
:10F1F0000A4805F009FB094805F0CCFAF5E60327B3
:10F20000F3E600BF74E9002020E500205CDF002069
:10F2100022E5002088980108ECD80020BCE90020F5
:10F2200079CA00082DE9F04F99B08046059118B9C8
:10F23000032019B0BDE8F08F00230361FEF70CFC3A
:10F240000446002840F0A58046460FCE0EAD0FC5FF
:10F250001422524898F800A0B8F80C7098F90EB033
:10F260004F4E214602F0AAFF4E4B012283F8412463
:10F2700096F83021022A25460BD196F81821022A49
:10F2800007D196F81E2122B9BAF1010F38BF4FF00D
:10F29000010ABAF1010F2BD0BAF1030F2AD0BAF14B
:10F2A000000F33D102229DF83C30DDF840900293EC
:10F2B00062F34715012496F87C108DF83210022273
:10F2C0000CA996F848008DF8302001F099F896F8CE
:10F2D0001A3196F830C196F81D1140B2002B63D058
:10F2E000BCF1010F57D1002955D1002C61D153E059
:10F2F0000422D8E70023DDF83C90BDF840709DF96A
:10F3000042B0029365F01F050124D4E74FF0000BD3
:10F31000D946CDF808B0CEE74FF0010084F81A04C2
:10F32000D2E005F2B2420BA900F0D4FA002800F0B6
:10F3300015811320049B33871A4B002283F81A246B
:10F3400023E105F2B2452A460BA900F0C3FA0028D2
:10F35000EFD10B9B84F82801C4F82C5184F830318C
:10F36000FCE0B9F1000F00F0F980002A00F0F6800F
:10F370004946E01C02F00EFF94F837320133238037
:10F38000ECE01220D6E70220D4E70720D4E71320D0
:10F39000D2E701204DE7FCB90220F6E060E9002049
:10F3A0005CDF002020E50020002CF5D05845B8BFD8
:10F3B000584696F87C308DF82000052296F84800D3
:10F3C0008DF8223008A901F02EF800283FF430AF64
:10F3D0009DF8203086F839306F4A704BD2F8980487
:10F3E000D3F8904038B105F04DF96C4B84423CBFE6
:10F3F000002283F83A20198F1A8F93F83001049174
:10F40000996A099152BA0028BFD093F81B0100B93C
:10F41000186393F81801ADF85820013893F87C2050
:10F4200093F81A411491D0F1000BD3F888108DF89D
:10F430005B204BEB000B93F8482093F83A0093F8CD
:10F4400068308DF85A3009AB0093554B03904FF05C
:10F4500001008DF84C0015918DF85C20A3F12F016F
:10F46000A3F1300213A88DF84D4000F0DBF8039BA8
:10F470004FEA0B1B4BEA431B00264BEA801B4BEA6F
:10F48000C413B145444C039308BF37463A46494636
:10F4900004F59C70CDE90A669B46268084F81A64C0
:10F4A00002F078FEE9B2A570C5F34215FAB2042D58
:10F4B0003A4E039B84F837223FF42EAF072D3FF4DA
:10F4C00050AF022D7FF45FAF364D84F80D1104204C
:10F4D000029984F80401FF2084F80C0184F82811B3
:10F4E00084F81431D6F8E410C4F8085105F59B737C
:10F4F0000AA8C4F8101184F83021C4F82C3100F0A7
:10F5000011FC00287FF43DAF0A9BA4F844040BA82B
:10F51000A4F81631C4F84C3400F0D0F900287FF478
:10F5200008AF0B9BD3B196F93900FDF7B7FA94F801
:10F530003732002B3FF405AF0B9B0F2B3FF6F1AE9C
:10F5400005F58B720BA90F2000F0C4F900287FF499
:10F55000F0AE0B9B63F3030B84F814B10598FDF731
:10F56000BBFB00287FF4E6AE099B86F83A00B36245
:10F5700000F080F900287FF40AAF94F8913484F801
:10F5800040A443F0010384F89134034BD3F894343E
:10F59000C8F810304DE600BF20E500205CDF0020F9
:10F5A000C4DF002022E5002037B50B4D8DF80400A4
:10F5B00004460F2295F8480001A900F034FF40B13D
:10F5C000064A85F81C4192F8913443F0200382F8F2
:10F5D000913403B030BD00BF5CDF002020E5002087
:10F5E00010B5FFF795F8044688B90A4805F084F885
:10F5F000094805F081F8094805F07EF800F094F814
:10F60000FDF77CFD064BDB6A9847204610BD0124C0
:10F61000FBE700BF88E80020A0E80020B8E8002051
:10F62000889801082DE9F04F8BB047780093149B20
:10F6300090F90C8090F90D6090F80EB08A46416800
:10F64000196004469146002F58D002238DF81030DF
:10F6500004A9C37B007C8DF8123000F0D1FEB4F811
:10F6600008C0618943B26068984545466144B8BFA7
:10F670001D46604534BF00270127884209D30A216F
:10F680008DF81010207C019304A900F0B9FE019BB5
:10F6900046B2B4F808C0608961680CEB400E714551
:10F6A00019D3A1EB0C01B1FBF0FC00FB1C1191B9CB
:10F6B000984503DC2378CBB94FF0010B21238DF85B
:10F6C0001030207CE37B8DF8115004A98DF81230A6
:10F6D00000F096FE45B2009B8AF80050384689F843
:10F6E000006083F800B00BB0BDE8F08F0223207CEF
:10F6F0008DF8243006A900F091FEDDE74546EAE7E3
:10F7000070477047704770470020704770477047D8
:10F71000704700207047002070470020704700208D
:10F72000704700207047704770477047022070474D
:10F7300002207047022070477047002070477047D2
:10F74000704700207047002070477047704770472F
:10F7500010B5054C4FF403722046002102F02EFD37
:10F760000020C4E9000010BD54EA00202DE9F84350
:10F770008146904600293CD01F4C2023224604F1AC
:10F78000100012F8017F6FBB8242FAD11B4E336822
:10F79000013403B93460736803B11C60002525602F
:10F7A000C4F8088074601FFA88F284F80490601D21
:10F7B00002F0F0FCB9F1110F4FF0000398BF104DAB
:10F7C0006373D6F8083298BF25FA09F503F10103EF
:10F7D00098BF05F0010543442573C6F80832384642
:10F7E000BDE8F883013B13F0FF030446C6D10227AE
:10F7F000F5E70127F3E700BF5BEA002054EA0020A9
:10F800002007020010B518B3124A1368984204D1B9
:10F8100003681360002305E00B46002BFAD019683B
:10F820008842F9D15168884208BF53600BB1016822
:10F830001960D2F808328168013B00245B1A046029
:10F840002146C2F80832102202F0B8FC204610BD52
:10F850000120FCE754EA0020054B1B6813B11A791C
:10F860008242FAD1002B0B600CBF032000207047AE
:10F8700054EA002010B5054B186800B910BD037B91
:10F8800004680BB9FFF7BEFF2046F6E754EA0020F4
:10F8900038B5084B084C186800B938BD03790568BD
:10F8A000112B05D824FA03F3DB0701D5FFF7AAFFD4
:10F8B0002846F1E754EA00202007020028B1044B53
:10F8C000D3F808320360002070470120704700BF62
:10F8D00054EA00202DE9F04107460E46154642B392
:10F8E00039B3154B1C6800232CB93046FFF7E6FFEF
:10F8F0000020BDE8F081A268F91A0132914215D3C7
:10F900002279EA54581C22895FFA80F8611D55FA61
:10F9100080F002F03FFCA368246898445FFA88F303
:10F92000E2E720462568FFF76DFF2C46002CF8D152
:10F93000DBE70120DDE700BF54EA00200238C0B257
:10F9400011289ABF014B185C00207047A391010851
:10F9500030B50B4B93F820200446084672B10021C5
:10F960001C330578A54208D001319842CDB214BFAE
:10F9700004301038AA42F4D8002030BD1046FCE70D
:10F9800060EC002010B5084C00232060142204F124
:10F990000C00FF2184F82030C4E9010002F00EFCC5
:10F9A000012384F8213010BD60EC002010B50E4A10
:10F9B00092F82010042915D8936804781C704478B4
:10F9C0005C70C478807898700131DC7082F8201007
:10F9D00002F11C018B4214BF043302F10C0393604B
:10F9E000012010BD0020FCE760EC0020094B93F8DB
:10F9F000200068B15A6803F11C018A4200F1FF300F
:10FA000014BF043203F10C0283F820005A60012075
:10FA1000704700BF60EC002010B5074B93F8202022
:10FA20000446084632B15968FFF792FF10B101232E
:10FA30004470837010BD00BF60EC002008B5064B19
:10FA400093F820202AB15968FFF782FF08B1407867
:10FA500008BD0120FCE700BF60EC002030B50A4A79
:10FA600092F82010536882F8210061B19168012456
:10FA70001C32DD78587005B99C70934214BF043372
:10FA8000103B9942F5D130BD60EC002008B5044B25
:10FA90005968FFF75DFF003818BF012008BD00BF9F
:10FAA00060EC0020F7B50422154E044600210DEB52
:10FAB000020096F8207002F081FB0025EBB29F4215
:10FAC00001D803B0F0BD7368197821705A7862705C
:10FAD000987838B1336820469B689847FFF786FFCF
:10FAE0000135EBE7DB788DF804108DF805208DF8F3
:10FAF0000730FFF77BFF01A8FFF758FFF0E700BFD3
:10FB000060EC0020014B93F82000704760EC00206F
:10FB1000034B93F82000042894BF00200120704775
:10FB200060EC00201FB50024CDE90244C41F8DF80D
:10FB300000408DF801100C0AADF80420090C120CDD
:10FB40008DF803108DF806208DF8073002461B0A49
:10FB5000012168468DF802408DF8083002F097F9CF
:10FB6000002818BF0E2004B010BD2DE9F04188B068
:10FB700090460D460F9A0746002847D000240121E1
:10FB8000CDE904448DF810109DF838108DF815104B
:10FB9000ADF81630190CCDE900441B0ECDE9024436
:10FBA0008DF81930ADF81A20130C120E07948DF849
:10FBB00018108DF81C308DF81D20E3B21E01002DA9
:10FBC000F6B203DC002008B0BDE8F081013310215B
:10FBD0008DF81F3042466B460DEB010002F0EDF848
:10FBE0000346A8B9102D28463E44A8BF10206946F8
:10FBF000327811F801CB013382EA0C02984206F800
:10FC0000012BF5DC103D2DB20134D6E70920DAE7EF
:10FC10000E20D8E70138032815D8DFE800F00208E5
:10FC20000C100A4B1B681B690B6000207047074BC8
:10FC30001B685B69F8E7054B1B689B69F4E7034B9E
:10FC40001B68DB69F0E70520704700BF84EC0020EB
:10FC50002DE9F041C4B00C464A9E17461D46804629
:10FC6000B8B3B1F5807F36D84FF48872002168466A
:10FC700002F0A4FA492300934FF48073ADF80430E6
:10FC80002B0C8DF80830330CADF80650ADF80A6037
:10FC90008DF80C3022460023414604A82D0E360E66
:10FCA0008DF80E308DF809508DF80D608DF80F40ED
:10FCB00002F070FA04F110014B9A3B4689B2684693
:10FCC00002F065F810B1012818BF0E2044B0BDE85D
:10FCD000F0810920FAE70D20F8E7000010B590B197
:10FCE0000A4C28220021206002F068FA2368084AA2
:10FCF0001A6000204FF0FF32C3E90302C3E9052276
:10FD0000C3E9072210BD0820FCE700BF84EC0020F7
:10FD100000010101024B1B6818600020704700BF02
:10FD200084EC002030B1044B1B68DB6801330360B6
:10FD3000002070470920704784EC002013B5002391
:10FD40000C460193CAB101A9FFF764FF18B9019BE2
:10FD5000591C02D1146002B010BD99B2611A002979
:10FD600001DD5C18F6E702D113600720F3E71B0CF6
:10FD70001B0403F580331C44ECE70920EBE700008B
:10FD800028B1044B1B681C334362002070470920D4
:10FD9000704700BF84EC002013B50446D8B1114B66
:10FDA0001A68938801339BB29380C38200F05FFA94
:10FDB00098B904F11803009321680123132201F07C
:10FDC000DBFF60B9204600F052FA003818BF01206E
:10FDD000000102B010BD0920FBE71020F9E70E205A
:10FDE000F7E700BF84EC0020F0B5054687B01C465D
:10FDF00013B9092007B0F0BD2E4E3368DB6883428B
:10FE000055D894F82020002A0CBF082209228342EA
:10FE100005D3204600F05FFA68B11020EAE700231E
:10FE200001900093A36894F82810606AFFF79DFE84
:10FE30000028EED0DEE723792168B4F808C0A7686F
:10FE4000043B9AB20029D4D0B2F5807F2DD8ADF80A
:10FE50000EC08DF817304FEA174C04F12C033F0EFB
:10FE60008DF8117000932F0C08234FF0490EADF858
:10FE70000C008DF814708DF816002F0E0DEB03009A
:10FE8000CDF808E08DF810C0ADF812508DF815705F
:10FE900001F072FF08B10E20ACE7204600F01BFA1B
:10FEA0000028BAD13368DD60A4E70D20A2E7062060
:10FEB000A0E700BF84EC00202DE9FF410A9D8046A9
:10FEC0000F4616461C46002D5AD0002303A91046A3
:10FED0000393FFF79FFE18B1062004B0BDE8F08140
:10FEE000039B9C4201D80133F6D1284600F064F907
:10FEF000002847D1264B1A78424503D01A7942454B
:10FF000042D10120AA68BA4240D103EB8002EB6AD9
:10FF100092F801802979CDE9004304399278286864
:10FF20003B4689B2FFF794FE0028D6D195F82030E1
:10FF30000194002B4FF00103009314BF42460822A6
:10FF400095F82810686A3B46FFF70FFE0028C4D1D9
:10FF5000013E032EC1D8DFE806F002070B0F0D4B60
:10FF60001B681C611C62B8E70A4B1B685C61F9E7FF
:10FF7000084B1B689C61F5E7064B1B68DC61ACE72E
:10FF80000920AAE70F20A8E70B20A6E70220A4E794
:10FF9000ECB3002084EC00201FB50B294FF00003C8
:10FFA000CDE90033CDE902330A4607D00C2914D03D
:10FFB0000A2910D00A2005B05DF804FB012802D1FF
:10FFC00020238DF800300021684601F060FF0028F2
:10FFD00018BF0E20EFE73023F3E70B21F4E7000012
:10FFE00038B5054601F04EFF044610B10E242046F8
:10FFF00038BD002DFBD1094B1B680B219878FFF70A
:020000040801F1
:10000000CBFF0028F2D10C21FFF7C6FF0028EDD16D
:100010000A21FFF7C1FF0028E9D0E7E784EC0020C0
:100020002DE9F04380468FB00C461746002A6BD06E
:10003000002969D0002529461D2206A8059506F04D
:1000400030FB8DF81350344D2B680DF114099E8848
:10005000CDF804900DF1130302933B7900933B68B4
:1000600032462146404601F02EFF00284ED1386826
:100070003A79494602F08EF8384600F04FF80028E9
:1000800046D13C7AFA79BB79240444EA02241C4321
:100090002B689A6894423DD99C609DF813000B210F
:1000A000FFF77AFF034658BB0C21FFF775FF0346A5
:1000B00030BB0A21FFF770FF034608BB7B7ABA7A90
:1000C000FF7A3F0447EA02271F433A463346214658
:1000D0000920FFF727FD034690B933463A462146EB
:1000E0000820FFF71FFD034650B92A689DF813103A
:1000F00091700021D1604FF0FF31C2E9041191618C
:1001000018460FB0BDE8F0830923F9E70E23F7E79F
:100110000F23F5E70323F3E784EC002010B5044632
:10012000002845D00168002942D011F8013B4371F5
:100130000322063002F02EF82046032250F8091B55
:10014000043102F027F82168CB79E3600A7A43EAA8
:100150000223E3604A7A43EA0243E3608A7A43EA8D
:100160000263E360CB7A23740B7B63742379212BC6
:100170001AD110220D3104F1120002F00BF81D22E9
:100180002168501C8B5C6362085C43EA0023901C6E
:100190006362085C033243EA004363628A5C43EAB9
:1001A00002636362002010BD112B03DC0D22E7E720
:1001B0000220F8E70120F6E710B50446002854D0E5
:1001C0000168002951D00B7843714B7883608A789D
:1001D00043EA02238360CA7843EA024383600A79D0
:1001E00043EA026383604B7903738B79C381CA79D5
:1001F00043EA0223027BC38102F00F020831103070
:1002000001F0C8FF237B002203F00F0384F82020B5
:1002100084F82820227903F10800111A04290DDD41
:1002200021680933043AD21A085C84F82000D2B25B
:10023000606A84F82820194401F0ACFF2379226811
:100240001A44002012F8043CE36212F8031C43EA4B
:100250000123E36212F8021C43EA0143E36212F84D
:10026000012C43EA0263E36210BD0220FCE710B5F3
:10027000044660B3036853B30279162A29D9427938
:100280001A700146082251F8060B013001F08CFF6C
:100290002146082251F80E0B093001F085FF236832
:1002A000E28A5A74E38A22681B0A93742368A2695B
:1002B000DA74A36922681B0A13752368628B5A7566
:1002C0002368E27E9A7517232371002010BD012058
:1002D000FCE70220FAE738B50446002863D001683D
:1002E000002960D0037B90F8282003F00F03002A38
:1002F00057D10833207904321344984255D3637997
:100300000B702368A2685A70A36822681B0A937056
:1003100023686289DA702368E27A1A712368227B83
:100320005A712368E2899A71E38922681B0A21467F
:10033000D371227B51F8100B02F00F02083001F04C
:1003400029FF237B94F8282003F00F0303F108050D
:100350002AB1226894F82010515503F1090520684C
:1003600094F82820616A284401F014FF94F828309A
:100370002268E16A2B44D1545A1CE16A206892B287
:10038000090A81549A1C2168E08D92B28854DA1CC3
:10039000216894F82F0092B204338854237100200E
:1003A00038BD0933A6E70120FAE70220F8E700008C
:1003B000024B1A8810431880704700BF88EC002059
:1003C00008B5074B1B883BB1FEF7A2F9002814BF04
:1003D0006FF00200002008BD6FF00100FBE700BFD6
:1003E00088EC002010B5034B00241C80FEF786F932
:1003F000204610BD88EC0020B0FA80F0400970471C
:1004000082B018B9084602B000F0CAB8002002B0A5
:10041000704710B9084600F079B9704710B908461E
:1004200000F090B970470346084611460BB900F03A
:10043000DDB90020704710B9084600F039BD70479B
:1004400010B9084600F0FEB90020704710B4044609
:10045000084611461A46019B14B910BC00F00CBAAC
:1004600010BC70470346084611460BB900F036BA77
:100470000020704710B40446084611461A4614B9C5
:1004800010BC00F0A3BA002010BC704730B4054681
:10049000084611461A46DDE902341DB9029430BC03
:1004A00000F022BB002030BC704710B9084600F0B5
:1004B000D3BB0020704710B9084600F037BD0020BC
:1004C000704710B9084600F0E2BB0020704710B931
:1004D000084600F0DFBB002070470346084611467F
:1004E0000BB900F0F9BB0020704710B40446084671
:1004F00011461A46019B14B910BC00F0EFBB09204D
:1005000010BC704710B40446084611461A4614B988
:1005100010BC00F02DBDC8B210BC70470048704739
:1005200003000102064B10B51B6A0446984730B120
:100530000448054B204498428CBF0020012010BD88
:1005400088980108403576C9405DC600F0B5114B6A
:1005500085B00C4610491F56054600F089FF0F4B29
:10056000E4B25E6A072D4FF00103CDE90243014674
:100570000AD105220023CDE900234FF47A727A4391
:100580001846B04705B0F0BD08220020CDE9002094
:100590003A46F5E7709201085092010888980108E0
:1005A0001FB5002300930378013B372B21D8DFE8E8
:1005B00003F01C242020201E202020204143454EF3
:1005C0002055585B5E6164206C1E6E73787A7D20C6
:1005D0007F83262020202020202020202020202053
:1005E00085878C2020858C208E92C3780BB10223C6
:1005F0000093009805B05DF804FB8378F6E7437834
:100600008DF8043007238DF805308378003B18BF40
:1006100001235B008DF8063010238DF80730314B35
:100620001B6801A803F55872CDE9022300F000FF12
:100630000090DEE74023DBE72023D9E7827890F9BA
:10064000013012B9284AD35CD2E7284AFBE7827806
:1006500090F90130002AF8D1254AF4E740F6B83382
:10066000C6E74FF47A73C3E74FF4FA63C0E741F289
:100670008833BDE741F27073BAE71E484FF47A71D0
:1006800001F06CFD00F5FA60D2E71B4BB0E7154BAB
:100690001B6803F55873ABE7124B1B6803F55B73DC
:1006A000A6E71023A4E70F4B1B68A1E701239FE7F0
:1006B0004FF0834300939CE7104BFBE7104B97E709
:1006C00040F21113ADF8003093E7032390E790F95F
:1006D00001300C4AB7E70C4990F9010000F0C8FE60
:1006E000A6E700BF90EC0020459201083592010872
:1006F0003D92010818FCFFFF00EA06379A9909406D
:1007000040F70937709201085092010837B50B4B3A
:1007100002781B680C2101FB02335B7A03EB430474
:10072000074B1D6803690093C3684278816805EB35
:10073000C40000F0A7FC03B030BD00BF90EC002067
:100740008CEC002030B587B0027B6423ADF800301C
:10075000012A4FF00003CDE90133CDE903338DF8D1
:1007600002308DF8143028D0022A2FD01ABB03682B
:100770000BB34368FBB11A4C80682360194B1822F5
:100780006946186001F006FD174B246893E80700DE
:100790000C3384E8070093E8070004F10C050323F9
:1007A00085E80700A4F86C33012204F55B7104F5B9
:1007B000587000F058FC07B030BD09490868436024
:1007C000036100F55B7100F55870F2E7044B1B689C
:1007D000B3F86023B3F86C130A43A3F86023EAE785
:1007E00090EC00208CEC0020A087010808B503469F
:1007F0000A2924D8DFE801F006232323230B161B44
:1008000023212100BDE808400068FFF78BBE90F966
:1008100000009978072271B900F0E5FB003818BF95
:10082000012008BD052293F900000021F4E790F9AA
:1008300000005978EEE70221EEE70722F3E70020F7
:10084000EFE7000008B502791AB1012A0BD00020A9
:1008500008BD084B01681B68012203F5587000F0C1
:1008600002FC0120F4E7034B01681B6803F55B7091
:10087000F5E700BF90EC0020F7B50728144D1C46A3
:10088000A8BF072058700E462946174600F0F0FD15
:1008900094F90130A070072B13D1322000F0E8FC4E
:1008A0000C4BDB6D0546984704F10C0208340346F7
:1008B000019200943A463146284600F0DEFC03B02F
:1008C000F0BD054A55F82310D05C00F0C9FCE7E7FD
:1008D0005092010888980108709201082DE9F04FA4
:1008E000344F90F901607B68D0F804908BB00446D7
:1008F000884698470546002859D1E37C73B92E4AAB
:100900002378126803EB4303990002EB8303D3F8C7
:100910000490B9F1000F01D152F80190274B4846DD
:1009200013F906B0FB689847A37C2289D7F818A072
:100930000993072E28D100230121CDE90223204A63
:100940000693CDE90431CDE907330521CDE9002136
:100950004FF47A7202FB0BF24CF250311846D0473A
:10096000637C13B3174B995D7B6D0D31C9B228467B
:100970009847E07C3246494600F08CFD88F80060DC
:1009800001200BB0BDE8F08F002101250823CDE93F
:100990000013CDE90715CDE90511CDE90311029248
:1009A000A1782B465A462846D9E7074BDBE70020BB
:1009B000E7E700BF8898010890EC002070920108DA
:1009C000854501003D920108459201082DE9F04F4F
:1009D0008DB090F90130DFF8FCA0DFF8FC90CDE994
:1009E0000A123E4A12F903B00278DAF800300C25F8
:1009F00005FB02333A4A5B7A126803EB430302EBCE
:100A0000C303044693F9021090F9020000F02BFD95
:100A10003449064694F9010000F02AFDA268616895
:100A20008046304600F051FC2178DAF80020D9F8F1
:100A30000C306943074650589847D9F81C309C46FB
:100A400094F901300025072B4FF47A63CDE9075361
:100A5000CDE905552DD10123CDE903530523CDE97A
:100A600001534FF47A7303FB0BF30093394643466B
:100A700046F2A81228466746B8472378DAF80020DD
:100A80000C214B4394F90110D05800F025FDA189A9
:100A900094F90100FFF75AFD0B9B217B1860D9F8F0
:100AA0005430284698470A9B01201E700DB0BDE8BF
:100AB000F08F01200823CDE90350CDE901032A4638
:100AC000CDF800B0654643463946A84701200546A3
:100AD000D3E700BF90EC00208898010870920108CD
:100AE0008CEC0020509201082DE9F04F8FB00024CB
:100AF00005468A46914698460494ADF81440ADF8F0
:100B0000024007264FF0010B2B7AA34206D96868F2
:100B100004A9204400F03CFB00285DD102238DF89D
:100B2000083002A86B7A8DF80A30FFF739FDAB7AEE
:100B30008DF81D309DF811308DF81E309DF8123063
:100B40008DF81F309DF810308DF82030EB7A8DF83D
:100B500021302B7B8DF822306B7B8DF823301023D6
:100B60008DF81C608DF824303A4E8DF82C000DF174
:100B700002030A93072332688DF82D30ADF8343024
:100B80002B680C9206930DF1120204AB0DF11101CA
:100B900006A800F017FB072805460BD130680C2289
:100BA000002100F5587001F009FB3368BDF8022000
:100BB000A3F860239DF811308AF800309DF81230B8
:100BC00089F800309DF8103088F80030189B2846CE
:100BD0001C700FB0BDE8F08F9DF81330BDF8147095
:100BE000ADF802702044C4B2F3B917B3194A00201B
:100BF0001168072602464FF00C0C062B1BD10CFB8C
:100C000000FE51F80EE0BEF1000F04D00BFA00F226
:100C10003A4397B2012201301028EED1002A3FF466
:100C200073AFADF802706FE75A1E042A01D9062B84
:100C3000DCD0062668E747FA00FE1EF0010FEAD076
:100C40000CFB00FE51F80EE0BEF1000F08BF0626B7
:100C5000E1E700BF90EC002038B505464068FFF79B
:100C600061FC0722841D002195F90000E4B200F028
:100C7000BAF908B904F0FD0495F901000722002132
:100C800000F0B1F908B904F0FB04204638BD00209B
:100C90007047000010B503780F2B044618D8406841
:100CA000FFF740FC22780B4902EB42020968831CE3
:100CB00001EB820051F82220DBB21AB903F0FD03E8
:100CC00058B210BD032B06BF626842600223F7E7EB
:100CD0000020F6E790EC0020022070472DE9F0415B
:100CE0003A4D0446286896B00E46904600211F46AD
:100CF0000122032300F55870CDE90411CDE9061156
:100D00008DF80C108DF80D10ADF80E3000F08DF947
:100D100030B92A68B2F8603343F00303A2F86033B5
:100D20002A68637A8DF8203002F55871CDE90912EE
:100D3000274A94F9083012680B921022ADF830203F
:100D40000DF10E020D9222680E9262680F92D4E9A4
:100D50000301A27A8DF8402001228DF8412011AACA
:100D600082E80300227DE18A8DF8213018468DF853
:100D70004C20FFF7EBFB08AB15930DF10D0314901E
:100D80000093CDF8048003AB04AA39460EA800F006
:100D90000BFB044678B99DF80C10013901F0DEF91F
:100DA00000F158030DEB030010F8483C3370204667
:100DB00016B0BDE8F0810C2801BF2A68B2F8603394
:100DC00043F00303A2F86033F1E700BF90EC00208A
:100DD0008CEC0020F8B50679012E054648D90F2E77
:100DE00048D80368187A40F303000722002140B274
:100DF00000F0F9F82B680446187A40F30310072234
:100E0000002140B200F0EFF8B8B1B4FA84F46409FC
:100E100029680B7A086843F3030243F303135BB2B8
:100E200052B29A42C8BF0124FFF77CFB80F0010355
:100E3000DBB224B10533D8B2F8BD0124E8E7DBB951
:100E40000E4F29683B6806EB460003EB80000C223E
:100E500001F0A0F93A680C2303FB062320465C72DC
:100E6000B2F860130123B3400B43A2F86033E3E709
:100E70000620E1E70320DFE70420DDE790EC002017
:100E800010B4017801290ED9084B18680C234B4384
:100E9000C4180022C250C4E9012200F5587010BCE9
:100EA000102200F0A9B8002010BC704790EC002080
:100EB0002DE9F04186B050238DF81430037A102BC1
:100EC000074630D14368DD7B6DBB0224A84664260B
:100ED000062C14D87A68535D03932A44517843EA68
:100EE00001230393927843EA02437343CDE9033825
:100EF00063B968468DF80040FFF7C2FF0DE0CDF8FA
:100F00000C808DF81480CDF81080F2E703AB01A8B7
:100F100001938DF80840FFF75DFF0134E4B2102C17
:100F200005F10305D4D106B0BDE8F0811FB5026814
:100F30000379116849B901A88DF80430FFF7A0FFC3
:100F400078B1032005B05DF804FB02A802928DF889
:100F50000C30FFF73FFF042805D0052805D00028F6
:100F6000EFD00020EEE70220ECE70120EAE70000E6
:100F7000C90020B9034B0B449856C0B27047024BCE
:100F8000F9E700BFF5910108B5910108F0B59A4263
:100F9000069D03DB9DF914309A4220DD0020F0BD50
:100FA00003EB430331F814C005EB830300264CFA2E
:100FB00006F7FF0707D51F7A07F00F0E964502DCEC
:100FC000B2EB171F0DDD0136102E03F10C03EED12D
:100FD0000134E4B22301DBB29842E1D8DEE7002419
:100FE000F8E70120DBE7884204DB9042CCBF002019
:100FF000012070470020704710B51409B4EB111F91
:1010000003464FEA11100ED391420CD202B201F006
:101010000F0133F81240012000FA01F124EA010126
:1010200023F8121010BD0020FCE7F0B528B100EB4A
:10103000410501270020914200D3F0BD002435F87E
:1010400002CB234607FA04F636EA0C0608BF013342
:1010500004F1010408BFDBB2102CF3D118440131B4
:10106000C0B2C9B2E7E710B500B149B910BD31F857
:10107000134020F813400133DCB2A242F7D8F5E761
:101080000023F9E782B0019303885AB9642B38BF73
:101090006423C26859438A428CBF521A0022C2603C
:1010A00002B07047012B38BF0123F2E72DE9F74F5B
:1010B0000C4692469846064603F0DAFA304FDFF8BF
:1010C000C4B00190182313FB0A4A00254FF0FF39E2
:1010D000544507D1002D14BF48464FF0FF3003B0F0
:1010E000BDE8F08F606803F0CDFA0D9B228876BBD7
:1010F0002549642A49F6AF2C38BF6422634598BF5E
:10110000394621616EBBB3F5616F2AD3DFF87CC02D
:1011100049F6AF2E734588BFDC46604504D2A3680C
:101120009C4501D163681BB9019BE160C4E9013CA6
:101130000F9B5A43E368934203D8B8F1000F12D1D2
:101140008EB1012323751D44EDB21834C0E7B8F108
:10115000000F04D0012A38BF01223946D1E7E760E9
:10116000F8E7BC46D9E700238A422375EDD2A2688E
:10117000824228BF131A994528BF99460135E3E7F3
:1011800080EE3600809B820770460D00803F5C0237
:101190000378032B14D1437803F00F021B098A70E4
:1011A0004B7083788B80C27843EA02238B8003796B
:1011B000C3F3021203F00F03CA700B7005207047CF
:1011C000002070472DE9F3479A464379057990F955
:1011D00007609146044690F906208846D3B190F9FD
:1011E0000870002D37D00F2A1BD194F909200F2E3B
:1011F00027D194F90A00072D02D1002F08BF01273B
:1012000088F8002089F8000028468AF8007002B0AB
:10121000BDE8F08790F90B7090F9092090F90A6009
:10122000DFE7A369019394F91530009394F9143022
:101230002169207BFFF7AAFE0028D8D105F0FD0523
:10124000D5E794F91D00B042D5DC94F91C30B342C7
:1012500003DA05F0FB053046D2E73046CBE7000065
:10126000024B03FA00F0B0FBF1F0704740420F0070
:101270004FF4FA53B3FBF0F0704730B54FF47A7582
:101280000C1F6A4300FB042252001EBF00F1FF3412
:101290001219B2FBF0F2914238BF1146039A116065
:1012A000820048431CBF013040084FF47A71121A83
:1012B00001FB1323002BCABF03F2E73393FBF1F1C9
:1012C000B3FBF1F1049B196030BD38B54000144602
:1012D0000D46EFF747FD01462846EFF791FC214602
:1012E000EFF78EFCEFF708F907F0B2F9EFF70CFC17
:1012F00040B238BD2DE9F74F019300239C469E462E
:10130000048A1E01F6B2B44246D906EB46054FEAFE
:101310004309AD000024476837F809702741FF07EB
:1013200029D5876807EB050A7F5927B3077837B9AE
:10133000476927B137F809702741FF071BD59AF88D
:10134000087090F901B047F303084FFA88F8D845C0
:1013500011DC47F303177FB25F450CDB9AF8097085
:1013600007EB4708C76807EBC8073F7D5FB90CF17B
:10137000010C5FFA8CFC0134102C05F10C05CAD16C
:101380000133DBB2BCE70EF1010706EB040801F8FC
:101390000E805FFA87FEEEE7019B82F800E083F89B
:1013A00000C003B0BDE8F08F2DE9FF470446406858
:1013B000DDE90C671D468A46914603F063F9236810
:1013C0001B1A3B604FF000080123337085F8008042
:1013D000636813B12368834224D8D4F81CC0CAF8C8
:1013E0000080A3699CF800E00393D4E9030101ABFA
:1013F00083E80300237D0093DCF80C10237A627AE3
:101400007046FFF753FE334638602A46E069494686
:10141000FFF770FF2B782BB1C7F80080002004B0D5
:10142000BDE8F0873378002B0CBF0C200B20F6E7CB
:1014300037B590F9002090F90250954204460FD03C
:10144000013A52B295420BD0A368019394F901304E
:1014500000936168E0782B46FFF798FD0028EFD0F5
:10146000104603B030BD8842B8BF08467047000040
:1014700051F82000054B984205D0054BC31A58423D
:101480005841400070470120704700BF90D00300D2
:1014900020A1070005281FB50ED80C4B53F82030AB
:1014A0000093CDE901120A4B01220021022002F033
:1014B00035FE05B05DF804FBCDE90012054B0122B5
:1014C0000021022002F02AFEF3E700BFE0920108AB
:1014D000789201089792010807B5054BCDE9000104
:1014E00001220021022002F019FE03B05DF804FB86
:1014F000B392010810B5102204460021F13000F02B
:101500005DFE0021C4F814112046F022BDE8104011
:1015100000F054BE02460846102100F0A5B92DE99E
:10152000F0430446D0F8140185B00E46154604F287
:10153000011988B3C0F110089045474628BF1746E7
:10154000BAB2484400F026FED4F814313B440F2BC5
:10155000C4F814312DD9A8452BD204F1F00304F5B9
:10156000807113F8012F187C8B4282EA00021A70F6
:10157000F7D104F1F10810224146684600F00AFE56
:1015800022466946684600F0F1F910226946404655
:1015900000F000FE3E44ED1B04F5807804F1F107F5
:1015A000102D09D8AAB23146484600F0F3FDC4F820
:1015B000145105B0BDE8F08304F1F003711E13F877
:1015C000012F11F8010F434582EA00021A70F6D18B
:1015D00010223946684600F0DDFD2246694668461D
:1015E00000F0C4F910226946384600F0D3FD1036E9
:1015F000103DD5E7F0B589B00C4610220021054614
:10160000684600F0DBFD22466946684600F0AEF908
:101610009DF90030002B6A464FF0000143DA137841
:1016200012F8010F01315B0043EAD0130F2902F8D1
:10163000013CF4D19DF80F305B0083F08703D4F8B0
:101640001401DBB210288DF80F303BD104F5807304
:10165000694604F5887013F8016F11F8012B984260
:1016600082EA06021A70F6D104F1F00304F58071E3
:1016700013F8012F187C8B4282EA00021A70F7D10E
:1016800010220DEB020004F1F10100F083FD22466F
:10169000294604A800F06AF910220021684600F0EB
:1016A0008DFD09B0F0BD137812F8010F01315B0018
:1016B00043EAD0130F2902F8013CF4D19DF80F3012
:1016C0005B00BCE79DF90030002B6A464FF000013B
:1016D00037DA137812F8016F01315B0043EAD61351
:1016E0000F2902F8013CF4D19DF80F305B0083F024
:1016F0008703471CDBB28DF80F30102F04EB00037B
:10170000C0F10F064FF0800288BF002600F58170FF
:1017100083F801210021324620443E4404F0C1FFF9
:10172000C4F8146104F58073694604F5887013F8F1
:10173000016F11F8012B984282EA06021A70F6D165
:1017400092E7137812F8016F01315B0043EAD61378
:101750000F2902F8013CF4D19DF80F305B00C8E777
:101760000A780378534003704A78437853404370B3
:101770008A78837853408370CA78C3785340C370A3
:101780000A790379534003714A794379534043718D
:101790008A79837953408371CA79C3795340C3717D
:1017A0000A7A037A534003724A7A437A5340437267
:1017B0008A7A837A53408372CA7AC37A5340C37257
:1017C0000A7B037B534003734A7B437B5340437341
:1017D0008A7B837B53408373CA7BC37B5340C37331
:1017E000704710B50B7814786340037054784B78C9
:1017F0006340437094788B7863408370D478CB785F
:101800006340C37014790B796340037154794B7949
:101810006340437194798B7963408371D479CB7938
:101820006340C371147A0B7A63400372547A4B7A23
:10183000634043728B7A947A63408372D47ACB7A12
:101840006340C372147B0B7B63400373547B4B7BFD
:1018500063404373947B8B7B63408373CB7BD27BEE
:101860005340C37310BD0000A1F11003DBB2102B75
:101870002DE9F047044604D83A4820FA03F3DB0781
:1018800005D4002382F8F030FF20BDE8F087561E13
:10189000254615F8013B06F8013F631B0B4413F086
:1018A000FF00F6D101F11C039B005FFA83FCC3F338
:1018B0000313013BDFF8B09082F8F03088465318EC
:1018C0004FF0010EB8FBF1FA01FB1A8A1AF0FF0A79
:1018D00013F8047C13F8036C13F8025C13F8014C42
:1018E00030D119F806A019F8056019F8045019F854
:1018F00007404FEADE1707EB47078EEA0A0A07EBB5
:10190000C7074FEA4E0EFFB25FFA8EFE87EA0E0E51
:10191000574692F800A087EA0A071F7057787E4062
:101920005E70967875409D70D57808F104085FFA6E
:1019300088F86C40C445DC7002F1040203F1040332
:10194000C0D8A2E71829E4D9BAF1100FE1D1DFF825
:1019500018A01AF807701AF806601AF805501AF855
:101960000440D6E701010100F89401082DE9F04F89
:10197000A3B092F8F0301D911B920193002B00F060
:10198000538101461EA8FFF72CFF1B9BA74CA84DB7
:10199000A84E10330293002303939DF87C0004901B
:1019A0009DF886000590205C06909DF87B000790CE
:1019B000205C089004989DF881C0205C099014F880
:1019C0000C000A909DF880000B909DF885009DF812
:1019D00078809DF87DE09DF882A09DF887900C901E
:1019E0009DF87A00029B1C9314F80A2014F8093021
:1019F00014F8081014F80E700D90205C0E909DF8ED
:101A00007F000F90205C10900B98205C11900C9838
:101A1000205C12909DF8840013909DF8790014903A
:101A20009DF87E001590205C16909DF8830017901D
:101A3000205C18901398205C19901498205C1A90E0
:101A40000398013003900298DDF804B01030029042
:101A50009DF80C00834536D88DF878108DF87A20E3
:101A600009990E9A8DF87C108DF882201199069AAA
:101A70008DF880108DF87E201999169A8DF88410B3
:101A80008DF886200A99189A8DF87D108DF8872098
:101A90001299109A8DF87B301B9B8DF881108DF870
:101AA00083201A99089A1D988DF885108DF87F204B
:101AB0001EA903EB0B128DF87970FFF792FE002040
:101AC00023B0BDE8F08F15F808B082EA03008BEA76
:101AD000000016F80EB080EA0B008DF8780015F8BB
:101AE0000E004B40434016F80A0043408DF8793011
:101AF00081EA070315F80A10594016F809305940D1
:101B000016F808308DF87A107A40534015F80920FD
:101B100053408DF87B30089A069B5340049AAA5C88
:101B2000534016F80C2053408DF87C30DDE9083224
:101B30005A4015F80C305340059AB25C53408DF86A
:101B40007D30DDE909325A40059BEB5C5340079A32
:101B5000B25C53408DF87E30069B0A9A5340049A3B
:101B6000B25C5A40079BEB5C5A408DF87F200E9B7D
:101B7000109A53400B9AAA5C53400C9AB25C5340A3
:101B80008DF88030DDE910325A400C9BEB5C5340FD
:101B90000D9AB25C53408DF88130DDE911325A4024
:101BA0000D9BEB5C53400F9AB25C53408DF8823032
:101BB000129A0E9B53400B9AB25C5A400F9BEB5CFF
:101BC0001C995A408DF88320169B189A5340139AFB
:101BD000AA5C5340149AB25C53408DF88430DDE91E
:101BE00018325A40149BEB5C5340159AB25C534038
:101BF0008DF88530DDE919325A40159BEB5C534076
:101C0000179AB25C53408DF886301A9A169B53404F
:101C1000139AB25C5340179AAA5C1EA853408DF8E1
:101C20008730FFF79DFDB8E6FF2049E7F8940108EB
:101C3000F8930108F892010808B538B1044A05493B
:101C40001060D82200F0A6FA002008BD0220FCE7B0
:101C500094EC0020F42D02080A4B1A6870B500239A
:101C600002F1180503EB03142E5D864204D11834EB
:101C700022440A60002070BD01330B2BF2D10320F7
:101C8000F9E700BF94EC00202DE9F041CCB0064606
:101C9000DDF8488117461C460D4631B3B8F1000FF8
:101CA00023D006A8FFF726FC204601A9FFF7D4FFA2
:101CB0000446B0B9019906A80131FFF72BFC26B103
:101CC0001022314606A8FFF72AFC3A46294606A804
:101CD000FFF725FC06A902A8FFF78CFC029BC8F8B9
:101CE000003020464CB0BDE8F0810224F9E7000046
:101CF00030B595B013A90446FFF7AEFF002830D1E8
:101D00001B4B0C2101FB00F2D5189A5CA2422AD190
:101D1000139B1A7C1092DA7B0F929A7B0E925A7B5D
:101D20000D921A7B0C92DA7A0B929A7A0A925A7A6C
:101D300009921A7A0892DA7907929A7906925A7970
:101D400005921A790492DA7803929A7802925B7873
:101D500001930022AB6800931146064B022002F06B
:101D6000DDF915B030BD01300B28CBD1F9E700BF4C
:101D700070970108F895010810B40B2B019C03D84B
:101D8000019410BCFFF780BF032010BC704730B532
:101D90000D4685B01446014668B103AA00200092A2
:101DA0002A460390FFF770FF18B90398001B18BF6D
:101DB000012005B030BD0220FBE72DE9F0430D46C0
:101DC000BFB014469946804620B31BB311F00F01F3
:101DD00022D1F02201A800F0F1F920466946FFF770
:101DE0003BFF044648B9009801AA10210130FFF7D3
:101DF0003BFD2E46AF1BFFB21EB920463FB0BDE8EB
:101E0000F08301AA09EB070108EB0700FFF7AEFD1D
:101E1000103EEFE70224F0E70524EEE7F0B5184E98
:101E20003468024685B00846002304F1180103EB2C
:101E300003154F5D97421ED10D2A05F1190513D1E7
:101E40000023CDE90033CDE902330C2210216B468B
:101E5000FFF7B3FF0446306810226946284400F0BB
:101E600099F9204605B0F0BD01461022601900F036
:101E700091F90024F5E701330B2BD8D10324F0E7C7
:101E800094EC002009B1FFF7C9BF022070471FB5CD
:101E90001446A0B10C2A01D10B2912D10023CDE99F
:101EA0000033CDE902330A466B461021FFF785FF68
:101EB00018B969462046FFF7B1FF04B010BD0220F3
:101EC000FBE70320F9E7F8B51E46DDE907479DF873
:101ED00018505BB354B34FB3212D29D819462A4665
:101EE000204600F057F90122631C691EB018FFF765
:101EF00064FFF8B9E37ADB093B70EBB9631920465C
:101F000013F8012C13F8021C120642EA014213F8DE
:101F1000041C0A4313F8031C012342EA0122291F6F
:101F2000FFF735FF003818BF0120F8BD0220FCE79D
:101F30000520FAE70720F8E70420F6E708B5014690
:101F400030B1044B0822186800F024F9002008BDC5
:101F50000220FCE794EC002008B530B1044B0822C5
:101F6000196800F017F9002008BD0220FCE700BF47
:101F700094EC00207FB5124E0023044602A8019382
:101F80000D46FFF7E9FF33685B6901936CB102AA64
:101F9000082312F8011B41B9013B13F0FF03F8D1EC
:101FA00002A8A04702A8FFF7C9FF35B1019B23B9DA
:101FB00001A8A8473368019A5A61002004B070BD97
:101FC00094EC002008B5014638B1054B186808228A
:101FD000104400F0DFF8002008BD0220FCE700BF3D
:101FE00094EC002008B538B1044B1968082211445C
:101FF00000F0D0F8002008BD0220FCE794EC00209F
:10200000034B1B6802280CBF1961596100207047FF
:1020100094EC002049B1064B1B68D3E90423022845
:1020200008BF13460B60002070470220704700BFB6
:1020300094EC002030B58FB0002405460CA809941C
:10204000FFF78AFF9DF8373007939DF836300693E7
:102050009DF8353005939DF8343004939DF8333066
:1020600003939DF8323002939DF8313001939DF82F
:1020700030300093224621461E4B022002F04EF8DB
:102080000AA8FFF7AFFF9DF82F3007939DF82E3079
:1020900006939DF82D3005939DF82C3004939DF800
:1020A0002B3003939DF82A3002939DF82930019339
:1020B0009DF82830009322460F4B2146022002F063
:1020C0002DF809A92846FFF7A5FF9DF824300393B2
:1020D0009DF8253002939DF8263001939DF8273016
:1020E00000932246054B2146022002F017F80FB05C
:1020F00030BD00BF5496010892960108D0960108A1
:1021000008B50020FFF7F4FD0120FFF7F1FD0920DD
:10211000FFF7EEFD0820FFF7EBFD0020FFF78AFF39
:10212000002008BD10B504460B20FFF7E1FD0C2090
:10213000FFF7DEFD0920FFF7DBFD0820FFF7D8FDE4
:102140000A20FFF7D5FD2046FFF774FF002010BDE1
:10215000014B1860704700BFF4B300200B4A30B544
:1021600014680B4D43F2390305FB04331360091A5D
:102170006FF00042B3FBF2F2C2EBC27201319B1A64
:1021800093FBF1F201FB1233184430BDF4B300208D
:102190006D4EC64101380A44914200D1704711F892
:1021A000013B00F8013FF7E710440A44914200D197
:1021B000704711F8013B00F8013DF7E704F071BAF0
:1021C00030B530B10A4D01444FF0FF33814201D1A7
:1021D000D84330BD10F8012B5340082243F30004CC
:1021E000013A2C4092B284EA5303002AF6D1EDE77B
:1021F0002083B8ED01207047034B1B6813B15B6867
:1022000003B11847704700BF24ED0020034B1B6843
:1022100013B1DB6803B11847704700BF24ED0020FD
:10222000012070470120704701F01EB901F008B984
:1022300010B501F0F3FD0E21044640F61F1001F029
:10224000FFF82046012101F0D3FDBDE8104001F068
:10225000B1BA000070B50C4E01EB40030D46B365FA
:102260004FF6FF71002304461A46084601F038FB7A
:1022700096F85600002101F0BBFD29462046BDE836
:10228000704001F06FBA00BFC8EC002010B50446E2
:1022900001F084FE012818D101F088FE34B1104805
:1022A000214602F0B1FA0E4802F074FA0D4C0021FA
:1022B00094F85600A16501F09BFD63786BB16FF057
:1022C0007F40BDE8104001F031BA002340F26221A6
:1022D0001A46084601F004FBE0E7A0688001F0E739
:1022E00098EC0020C8EC0020002001F09FB900000D
:1022F00008B501F09FF80438C0B2032896BF024B1E
:102300000020185C08BD00BF5298010808B501F014
:102310009AFD033008BD01F029B901F0E9B808B50C
:1023200001F0E0FC08BD000038B50D46144601F090
:102330003DFB284601F072FD0E21054640F61F10B8
:1023400001F07EF828460121074D01F051FD01F012
:1023500031FA4FF47A716143284602F055FA284663
:10236000BDE8384002F016BAB0EC002001F01EBB08
:1023700008B5084B002193F8560001F039FD002301
:102380004FF4C0711A46084601F0AAFABDE80840A9
:1023900001F004BAC8EC002010B5044601F0FEFDBF
:1023A000012818D101F002FE34B11048214602F094
:1023B0002BFA0E4802F0EEF90D4C002194F856006D
:1023C000A16501F015FD63786BB16FF07F40BDE84A
:1023D000104001F061B9002340F262211A4608461C
:1023E00001F07EFAE0E7A0688001F0E798EC0020B9
:1023F000C8EC002008B54FF0040001F0FDF8BDE87E
:1024000008400220F2F7D8BE08B500231A46194644
:10241000184601F065FABDE8084001F053B9000024
:102420001D4B73B51D4D186000241D486C70C5E927
:102430000144AC6501F07EFAAC8101F0E9F9214676
:10244000204601F031FC21460422012001F0E2FA8D
:10245000144E154D4FF6FF7123462246084601F0F3
:102460003FFAFFF7C7FF2246104B00944FF0FF31B1
:10247000304602F0E3F80E4B009422464FF0FF3155
:10248000284602F0DBF8304602F036F9284602B062
:10249000BDE8704002F030B924ED0020C8EC002007
:1024A00025340108B0EC002098EC0020F921010847
:1024B0000D2201080128084805D1084BC177197081
:1024C0000E3001F08DBB437D012B03D1034B817591
:1024D0001970F5E7704700BFC8EC0020F8B3002082
:1024E0000D4B10B5044618735873012000F016F810
:1024F0005CB134214FF4E86000F0A2FF4421BDE854
:10250000104040F2417000F09BBF14214FF4E8608E
:1025100000F096FF2421F2E7C8EC002038B5114CFA
:102520000546207001F047FD052D04D8DFE805F0D1
:10253000090B03171709032001F056FA00236373F0
:1025400038BD0020F8E7012001F04EFA207B637BC4
:102550008342F5D06073BDE83840FFF7C1BF022069
:10256000EAE700BFC8EC00202DE9F0431E4687B023
:1025700000230546CDE901330C46174601F00DFD59
:10258000032D5BD8DFE815F07A00C1000C010400D0
:10259000A27C082A69D8A16801A801F0C5FE2168BB
:1025A000002962D042F210729142E37C874D50D8EC
:1025B0000322AA7385F83820E96385F844304FF088
:1025C00002086368A17DDB002B820423AB74A37C2B
:1025D000DB00EB7402294FF000032B75637D02D002
:1025E000227D022A46D103F10F02D2B2012A01D97B
:1025F000012B3AD1764B774A196803944FF00109C1
:1026000003A88DF8149001F0C5FC70BB287685F8FE
:1026100017906875FFF768FE4046FFF77FFF6E482A
:1026200001F072FA6D4801F0DBFA01A800F070FFCA
:10263000208A00F041FFA08900F086FF384601F0B3
:10264000EDFB624C84F8560001F0ACFC66600020A3
:102650000DE04FF00008E963890885F80E8085F8E1
:10266000388085F844302964ABE74FF0FF3007B07D
:10267000BDE8F083EB7529766A75CBE72368002BFC
:10268000F3D0A27C082AF0D8504DA16801A801F02F
:102690004BFE002385F838302268EA63E27C85F837
:1026A0004420A269AB732A646268D2002A820422A1
:1026B000AA74A27C2B75D200EA74A27D022A02D0F1
:1026C000237D022B1CD1627D02F10F03DBB2012BB3
:1026D00001D9012AC9D13E4B3E4A196803944FF0F3
:1026E000010803A88DF8148001F054FC0028BCD127
:1026F000287685F817806875FFF7F6FD00208CE7CF
:10270000617DE9752A766B75F6E7304D012185F814
:102710003810227885F85020637885F85130A378F6
:1027200085F85230E3788B4202D0022B03D03BB9BC
:1027300085F8533004E00B3A012A29D885F8531064
:102740004FF0010885F80E80A388AB83A379AB779F
:10275000E37985F82030237A85F82130FFF7C4FD2E
:102760004046FFF7DBFE1C4801F0CEF91B4801F0A4
:1027700037FA95F85130062B40F689000AD100F05F
:1027800073FE00F0FB0140F6890000F059FE55E7AA
:102790000023CDE700F068FE40F00401C9B2F2E783
:1027A0002368013BB3F57A7FBFF45FAF0320FFF7E7
:1027B000B5FE0648022380F8383023688364162368
:1027C00080F84C30383001F09FF937E7C8EC002032
:1027D00024ED0020B0EC002000ED0020D6EC00201D
:1027E000F0B51E4687B00023CDE9013314460746F5
:1027F0000D4601F0D2FB002C724C16BF01230023C2
:102800000026637027B1012F7AD0002007B0F0BDF9
:10281000AB68002B00F0D380EB68002B00F0CF807A
:10282000AA7F082A00F2CB80296901A801F07CFD6B
:102830002868003818BF012000F0C6FF84F83870FF
:10284000AB68E36395F8203084F84430686801F0A1
:1028500047FBA77384F84500EB68DB002382EB7F1E
:10286000A374AB7FDB00E37495F82130237595F8F2
:102870002230002B3ED12A7D95F82410A275022922
:1028800095F8232001D0022B36D102F10F03DBB2E1
:10289000012B02D9012A40F0928000238DF81430D8
:1028A000494B4A4A1968049503A801F073FB0028B4
:1028B00040F0858001232076E3756075FFF714FDF5
:1028C0000020FFF72BFE424801F01EF9414801F0BD
:1028D00087F901A800F01CFEA88B00F0EDFD288B05
:1028E00000F032FE4FF4FA53AA687343B3FBF2F3DD
:1028F000A3608AE7FF22BFE7E27521766375DDE713
:102900002B8E002B5BD095F83230A86A012B0CBFC0
:1029100095F83370FF27003818BF012000F054FFEE
:10292000F0B200F05DFF012184F8381095F82C20FA
:1029300084F8502095F82D3084F8513095F82E30D9
:1029400084F8523095F82F308B4202D0022B03D0FE
:102950003BB984F8533004E00B3A012A27D884F8B5
:1029600053102B8EA38395F83230A3770126AB8EBC
:102970002384A673E777FFF7B7FC3046FFF7CEFD59
:10298000134801F0C1F8134801F02AF994F82130F6
:10299000B34240F236700CD100F066FD00F0FB014E
:1029A00040F2367000F04CFD4FF6FF73A0E70023B5
:1029B000CFE700F059FD40F00401C9B2F0E74FF055
:1029C000FF3023E7C8EC002024ED002098EC002025
:1029D00000ED0020D6EC00202DE9F04F85B08246B6
:1029E0000E9DBDF840809DF844709DF8489001917F
:1029F00093461E4601F0D1FABAF1010F524C54D061
:102A0000BAF1040F00F09180BAF1000F3AD10B2215
:102A1000304684F8442084F838A0E56301F060FA79
:102A20004FEAC803B9F1000F238241F60403638221
:102A30000CBF0123F223E37587F0010701232376FE
:102A400084F84500C4F840B084F80EA084F814A0BF
:102A50006775FFF749FC5046FFF760FD04F1380049
:102A600001F052F804F10E0001F0BAF8374A10688C
:102A7000516802AB03C302A800F04AFD40F2FF1008
:102A800000F01AFD019801F0C9F90E2184F85600F2
:102A900040F61F1000F0D4FC94F8560001F082FAC2
:102AA000169B636005B0BDE8F08F294984F838A013
:102AB000EAB2895D84F8502076BB0B3D012D8CBFB6
:102AC00000250125053A012A04D8B8F10C0F38BFBA
:102AD0004FF00C081F4B9DF83C201B7884F8535096
:102AE000E37701259DF8543084F8511084F8522082
:102AF00084F82130A573A4F81C80A77784F820906F
:102B0000FFF7F2FB2846FFF709FD134800F0FCFF32
:102B1000124801F065F8B5E7012E04D1A5F10C03C8
:102B20005D425D41CEE70025CCE75046FFF7F6FC5D
:102B3000022384F8383004F138001623A56484F8A1
:102B40004C3000F0E1FF9DE7C8EC0020B887010899
:102B500084980108F8B3002000ED0020D6EC002096
:102B60002DE9F04F87B0DFF8B4B29DF864A09DF86E
:102B70004C90029314469DF854309DF85020BDF8B7
:102B80004880039205468BF801A0BDF8446001938C
:102B90000F4601F002FABAF1000F18BF4FF000081B
:102BA000DFF87CA2039AB9F1000F08BFFF22012DC4
:102BB0008AF8002000F0C880052D48D0002D40F094
:102BC000C080284600F000FE0B2238468BF84420D7
:102BD0008BF83850CBF83C4001F082F9019B8BF820
:102BE000450041F60402002BABF812209AF80020B1
:102BF0008BF816200CBF0122F2228BF81720F6006A
:102C0000012289F001098BF818208BF80E50ABF8DF
:102C100010608BF814508BF81590FFF765FB284671
:102C2000FFF77CFC0BF1380000F06EFF0BF10E009B
:102C300000F0D6FF7B490868496804AA03C204A8CB
:102C400000F066FC40F2FF1000F036FC71E001205D
:102C500000F0BAFD09224FF000098BF844203846F5
:102C60004FF44872CBF840208BF83890CBF83C40BA
:102C700001F036F94FF48052ABF812209AF8002098
:102C80008BF845008BF8162028460122F6008BF8B9
:102C900017208BF80E90ABF81060ABF814908BF8FF
:102CA0001890FFF73BFC0BF1380000F02DFF0BF103
:102CB0000E0000F095FF5B498868C96804AA03C24A
:102CC00004A800F025FC40F2FF1000F0F5FB40F6F0
:102CD000B80000F0C9FB00F0EF0140F6B80000F0CA
:102CE000AFFB042140F6B90000F0AAFB40F69B00C0
:102CF00000F0BAFB00F0E30141F0080140F69B0050
:102D000000F09EFB40F2D16000F0AEFB40F01801F5
:102D1000C9B240F2D16000F093FB40F2AC6000F029
:102D2000A3FB00F08F0141F0500140F2AC6000F0D5
:102D300087FB4FF4FA5202FB08F2B2FBF4F2CBF835
:102D4000082007B0BDE8F08F002000F03DFD3649B7
:102D50008BF83850E2B2C95D8BF85020002F4DD16E
:102D60000B3C012C8CBF00240124053A012A02D817
:102D70000C2E38BF0C26029B9AF800208BF852309C
:102D80008BF85340019B8BF81F2001249DF8602095
:102D90008BF821208BF851108BF820308BF80E40E7
:102DA000ABF81C608BF81E90FFF79EFA2046FFF7E9
:102DB000B5FB1E4800F0A8FE1D4800F011FF5FFAA9
:102DC00088F000F00DFD40F6A30000F04DFB00EA96
:102DD000040140F6A30000F033FB9BF82120A2423F
:102DE00040F2367013D100F03FFB00F0FB0140F2DF
:102DF000367000F025FB4FF6FF72A0E7012F04D1DB
:102E0000A4F10C035C425C41AFE70024ADE700F0A5
:102E10002BFB40F00401C9B2E9E700BFC8EC002079
:102E2000F8B30020B88701088498010800ED00205D
:102E3000D6EC0020F0B58BB00D46044617461E4672
:102E4000FFF752FA0020FFF769FB204600F0AEFDC5
:102E500000240123CDE9084303234FF416722946C9
:102E60002046CDE90644CDE90444CDE90244CDE94C
:102E700000532346FFF774FE2046FFF78DFAFFF755
:102E800045FAF2F799F901F0F3FB0446204601F008
:102E9000F9FBB04205D30124FFF726FA20460BB018
:102EA000F0BD00F01FFF8742F0DA0024F4E70000D5
:102EB000F7B50023664D0C4640F201211A4606463E
:102EC000084600F00DFD95F85600012100F090FF36
:102ED0002B78012B40F6890013D195F85130062B41
:102EE0000FD100F0C1FA00F0FB0140F6890000F0BC
:102EF000A7FA2B78042B6CD8DFE803F0524B527FF3
:102F0000090000F0B1FA40F00401C9B2EDE7514AFE
:102F1000731E1046C6F101074FF0000CF9188C42E1
:102F20006FDC0022E7001346BA4271D19A0142EAEF
:102F3000C3125B0183F020031343661C0355F6B2F2
:102F400002234548AB73AE7600F04AFE0021F12023
:102F500000F076FA0021F02000F072FAAB6C642BDE
:102F600070D17021F32000F06BFA1D21F22000F0E7
:102F700067FAE1008C1CF420090A00F061FA04F001
:102F8000FE01F52000F05CFA32486FF07F423146D6
:102F90001DE0EC77304800F023FE0022214615E0CA
:102FA00000F0FCFF0128074625D121460DF107025C
:102FB000304600F0F8FF0446A0B99DF807302648D7
:102FC000AB7500F00DFE9DF807102246304600F06C
:102FD00059FB6968214801F017FC204801F0DAFB31
:102FE000002006E01E4B3A460021022001F096F830
:102FF000032003B0F0BDAC75CCE70223AB73AC7615
:10300000C8E713F8011FC943197002F801CB85E71F
:10301000D1106FEA020C715C0CF0070C013241FA1E
:103020000CF101F001014FEAE20C4B40D14310F8E2
:103030000CE001F0070103FA01F141EA0E0100F88A
:103040000C1071E7E121F32000F0FAF904218DE77B
:10305000C8EC002028ED0020D6EC0020B0EC0020C9
:10306000F4970108F0B5BDF814409DF818709DF86C
:103070001CE09DF8205040B1012814D0012200230B
:1030800098180138B0FBF2F0F0BD87F00107E300BB
:1030900003EBC70318330EEB450503EBC5034FF4F1
:1030A0007A714B43ECE7501F012803F1040302D867
:1030B0000C2C38BF0C24D1B9A2F10B0CBCF1010FC0
:1030C0008CBF4FF0000C4FF0010C2801002F00EBDB
:1030D000CE000CBF14250025A0EB8200062A4FEA83
:1030E00082062844A2F102070DD8354610E00129D6
:1030F00006D1A2F10C00D0F1000C4CEB000CE4E77F
:103100004FF0000CE1E70830BCF1000FEDD0BD003E
:103110000028ACBF2E182E1C701E90FBF5F003FB90
:103120000044094B062A5A5C8CBF0C340E340A2A20
:1031300009D8A30001334FF47A71BB404B430349D4
:1031400051F822209CE7FFDE849801085898010876
:1031500008B5094B012193F8560000F049FE4FF4E1
:10316000D7602D2100F06CF900F029FBBDE8084084
:10317000024800F071BA00BFC8EC0020FFFF0F004A
:1031800073B59C4CB4F854300025202B8DF80350B7
:10319000019500F00A8114D8082B0DD87BB1013BB2
:1031A000072B0CD8DFE813F03D0052000B00BC00E9
:1031B0000B000B000B00EC00102B00F0EF8002B0B6
:1031C00070BDB3F5807F00F08B8011D8402B00F0EC
:1031D000FF80802BF3D1284600F028FA864B1B682D
:1031E000002BECD09B69002BE9D028469847E6E7F6
:1031F000B3F5007FE3D1814B01222946022000F084
:103200008DFF00F017F9042878D17D4801F074FA99
:10321000284600F00BFA784B1B68002BCFD05B6878
:1032200010E0774801F068FA002000F0FFF900F0A4
:10323000B7FE012801D100F0BCFE6F4B1B68002BCC
:10324000BDD01B68002BBAD09847B8E76D4801F095
:1032500053FA657895B9284600F0E8F9294640F612
:10326000021000F0EDF840F6441000F0FDF840F0D8
:103270000201C9B240F6441000F0E2F8FF220DF15D
:10328000030161485C4D00F05DFD604800F074FD95
:103290002B68002B93D09E68002E90D094F8243099
:1032A000012B08D194F9313094F930209DF80310A6
:1032B0005548B04783E7E06B01A900F025FE019B6C
:1032C0009DF8031050484FF47A7203F5FA7393FB9C
:1032D000F2F32A685BB2956894F92920A8476EE753
:1032E000284600F0A3F9444B1B68002B3FF467AF5E
:1032F0009B69002B3FF463AF012077E700F09AF859
:1033000005287FF45CAF3F4801F0F6F9284600F04D
:103310008DF9394B1B68002B3FF451AFDB6891E707
:1033200000213B4B0122022000F0F8FEA16D002994
:103330003FF445AFC1F3074140F6031000F080F8B9
:1033400094F8591040F6041000F07AF894F85810E8
:1033500040F6051000F074F840F6021000F084F812
:1033600040F00101C9B240F6021000F069F80023F4
:1033700040F262211A460846A36500F0B1FA1EE742
:10338000244B01220021022000F0C8FE00F006FEBE
:1033900001287FF414AF00F00DFE10E71E4B012250
:1033A0000021022000F0BAFE09E7164801F0A4F956
:1033B000607808B900F03AF90F4B1B68002B3FF416
:1033C000FEAEDB68002B3FF4FAAE9847134BE6E7FE
:1033D000134B01222946022000F0A0FE607808B9B4
:1033E00000F024F9044B1B68002B3FF4E8AE1B6986
:1033F00028E700BFC8EC002024ED00200998010850
:10340000B0EC002098EC002028ED0020ECEC00202F
:103410001D9801082698010830980108399801087C
:1034200042980108024BA3F85400FFF7A9BE00BF61
:10343000C8EC0020014B1878704700BF36EE002022
:1034400013B58DF80710EFF3108472B6012301460F
:103450000DF107020348F7F707F884F3108802B06C
:1034600010BD00BF8CD2002013B50146EFF31084CD
:1034700072B601230DF107020448F7F72EF884F322
:1034800010889DF8070002B010BD00BF8CD200204C
:1034900010B50446F2F794FD01280CD140F6231034
:1034A000FFF7E2FF00F0F901214340F62310BDE8E9
:1034B0001040FFF7C5BF10BD10B50C4B1B7804467C
:1034C0009BB94FF4D760FFF7CFFFC4F3002100F0A2
:1034D000FE0001434FF4D760FFF7B2FFE1B240F2C4
:1034E000B960BDE81040FFF7ABBF10BD35EE00205E
:1034F00010B51346EFF3108472B60A46014603482E
:10350000F6F7B2FF84F3108810BD00BF8CD2002004
:1035100008B5014608224FF4D860FFF7E9FF002004
:1035200008BD000007B5074B1B7840BAADF8040092
:103530002BB9022201A940F2BC60FFF7D9FF03B00A
:103540005DF804FB35EE002007B5074B1B7840BA49
:10355000ADF804002BB9022201A940F2BE60FFF7CA
:10356000C7FF03B05DF804FB35EE002010B513462D
:10357000EFF3108472B60A4601460348F6F7ADFF32
:1035800084F3108810BD00BF8CD2002010B5134604
:10359000EFF3108472B60A4601460348F7F791F834
:1035A00084F3108810BD00BF8CD200200A4601466B
:1035B0000020FFF7EBBF000010B51346EFF31084B7
:1035C00072B60A4601460348F7F7AEF884F310884E
:1035D00010BD00BF8CD2002010B51346EFF310844D
:1035E00072B60A4601460348F6F7B2FF84F3108824
:1035F00010BD00BF8CD2002013B504460020F2F7A6
:10360000D5FC0220FFF744FF04F0070401220DF16E
:10361000070184208DF80740FFF7DEFF024B0022F0
:103620001A7002B010BD00BF36EE002007B50122AF
:103630008DF807000DF107018020FFF7CDFF9DF801
:103640000730002B034B14BF022201221A7003B073
:103650005DF804FB36EE002007B5094B8DF8060037
:1036600004221A70030C8DF804300322030A01A906
:1036700083208DF80530FFF7AFFF03B05DF804FB42
:1036800036EE002010B51446FFF790FF2046BDE847
:103690001040FFF7E1BF000007B5094B8DF80600A9
:1036A00005221A70030C8DF804300322030A01A9C5
:1036B00082208DF80530FFF78FFF03B05DF804FB23
:1036C00036EE002073B5002640F6E2000196FFF7C3
:1036D000CBFE00F0FE01054640F6E200FFF7B0FE2B
:1036E00040F6E500FFF7C0FE00F07F01044640F61B
:1036F000E500FFF7A5FE6FF07F40FFF7CDFF042246
:103700000DEB020140F61900FFF730FF3046FFF7DE
:103710008DFF294640F6E200FFF792FE214640F673
:10372000E500FFF78DFE019802B070BD13B50C4B9C
:1037300004460522972140F6AC001A70FFF780FE80
:10374000230C8DF804300322230A01A982208DF86E
:1037500005308DF80640FFF73FFF02B010BD00BFF7
:1037600036EE002007B5030C8DF80030030A8DF803
:1037700001300B0C49BA8DF80200ADF80410062296
:10378000694694208DF80330FFF726FF024B06228E
:103790001A7003B05DF804FB36EE0020002208B575
:1037A0001146C520FFF718FF014B07221A7008BD0C
:1037B00036EE002000221146D120FFF70DBF002277
:1037C0001146D220FFF708BF07B501228DF8070088
:1037D0000DF107019F20FFF7FFFE03B05DF804FB2A
:1037E00007B501228DF807000DF10701A020FFF7B2
:1037F000F3FE9DF807103F2907D901F0F8010131C8
:10380000C9B240F20670FFF71BFE03B05DF804FB7F
:1038100007B5F2F7D5FB431E584258418DF8070013
:1038200001220DF107019620FFF7D6FE03B05DF8E7
:1038300004FB07B500F07F008DF8070001220DF1B1
:1038400007018920FFF7C8FE03B05DF804FB000004
:10385000154B984207B51BD8144B98421BD8144BF4
:1038600098421BD8134B98421BD8134B98428BBFDE
:103870006B2229226F232B238DF8042001A9022219
:1038800098208DF80530FFF7A7FE03B05DF804FB24
:10389000E122E923F0E7D722DB23EDE7C122C523AC
:1038A000EAE775228123E7E700E9A43580F8A93229
:1038B0008044E52D000B6B1B40FC541907B58DF8B7
:1038C000062004228DF804008DF8051095200DEBDC
:1038D00002018DF80730FFF77FFE03B05DF804FBAF
:1038E00007B552BAADF8042040BA082249BAADF87B
:1038F0000000ADF802105BBA69461046ADF806301C
:10390000FFF76AFE03B05DF804FB07B50B0C042259
:1039100000F0070049BA8DF80400ADF806109720B2
:103920000DEB02018DF80530FFF756FE03B05DF890
:1039300004FB000010B508B1194B1860F1F740FB0B
:103940000220FFF7A5FD0024164B20461C70FFF750
:103950006DFEF2F731FB012816D14021FFF7D5FFAC
:1039600040F611102146FFF76BFD4FF07F00FFF787
:1039700060FF0E2140F61F10FFF762FDF2F712FB09
:10398000094B01221A7010BD202140F61110FFF7DB
:1039900057FD202140F61210FFF752FDE9E700BF66
:1039A00028EE00202CEE002036EE002037B50C4D1E
:1039B0002B7804461BB9FFF74BFF01232B70002324
:1039C000084A6006E109EDF747FC042200BA0190BD
:1039D0000DEB02018620FFF7FFFD03B030BD00BFF5
:1039E0002CEE00200048E80107B5094B8DF80700D0
:1039F0000146187018B940F2AC60FFF721FD0122B2
:103A00000DF107018A20FFF7E7FD03B05DF804FB25
:103A100035EE0020012873B50C46164637D100203C
:103A2000F2F7D2FAA042B8BF44B20E2805461AD126
:103A300001231A4600210420FFF740FF6FF0100316
:103A40009C42B8BF1C46182140F6E700FFF7F8FC7F
:103A5000022201A98E208DF804408DF80560FFF741
:103A6000BBFD02B070BD01230A28E4B21A464FF034
:103A7000000105D11846FFF721FF033464B2DDE7EA
:103A80000720C5F10E05FFF719FF2C44F6E740F6B5
:103A9000D800FFF7E9FC40F01E01C9B240F6D8009B
:103AA000FFF7CEFC0120F2F78FFAA042B8BF44B274
:103AB000142805464FF001034FF000020CD10521F8
:103AC0000320FFF7FBFE023464B26FF008039C4250
:103AD000B8BF1C463821B7E7112805D103210220C1
:103AE000FFF7ECFE0534EFE70E2804D1022108466B
:103AF000FFF7E4FEE9E7C5F1160507210420254498
:103B0000FFF7DCFE6CB2E0E713B5314A04465168BA
:103B100010686B4603C32F4B20781B78834201D07B
:103B2000FFF762FF2378032B27D8DFE803F0023981
:103B3000283C6268284BB3FBF2F31A0CA1688DF89D
:103B400000208DF802301A0A237B8DF80330637B46
:103B50008DF801208DF80430204A00234806C90959
:103B6000EDF77AFB030C40BA8DF80530ADF806008E
:103B7000082269468B20FFF72FFD02B010BD226995
:103B8000154BB3FBF2F31A0C8DF800208DF80230C0
:103B90001A0A237D8DF801208DF803300422E8E70E
:103BA000A3690093FAE762680B4BB3FBF2F31A0CBC
:103BB0008DF800208DF802301A0A237B8DF803302F
:103BC000637B8DF801208DF804300522D1E700BF1A
:103BD000C887010835EE00200000093D0048E801D3
:103BE0001FB52E4A0446D1689068127C01AB03C30E
:103BF0001A702B4B20781B78834201D0FFF7F4FE1C
:103C00002378032B26D8DFE803F002383302637AE7
:103C1000F12B21D14FF6FF70FFF784FC48F205002D
:103C2000FFF792FC02236288A188ADF8061052BA11
:103C3000E188ADF804208DF80B30227AA37A8DF854
:103C40000A20ADF808108DF80C30092201A98C204B
:103C5000FFF7C2FC04B010BDF22BE4D141F60F50C7
:103C6000FFF760FC41F22100FFF76EFC0623DAE764
:103C7000237B8DF804300122E8E7E389094A5BBA27
:103C8000ADF80430237C13708DF80630637C8DF81A
:103C90000730638AADF808300622D7E7C8870108E5
:103CA00035EE002034EE002007B502228DF8040026
:103CB0008DF805108F2001A9FFF78EFC03B05DF889
:103CC00004FB000010B51346EFF3108472B60A46E9
:103CD00001460348F6F774FC84F3108810BD00BF5A
:103CE0008CD2002007B5012201A91520FFF7EAFFB9
:103CF0009DF804004042401003B05DF804FB000052
:103D000037B505460C46022201A91320FFF7DAFF5A
:103D10000A4B1B78012B0DD1094B1B78012B09D1C4
:103D200040F20270FFF7A0FB9DF805302870237069
:103D300003B030BD9DF80400F6E700BF35EE00206B
:103D400034EE0020F7B50D46064600240DF10701BC
:103D5000284617468DF80740FFF7D2FF2A78BA4267
:103D600007D89DF807003146FFF726FC204603B030
:103D7000F0BD0120FBE7000013B50322044601A9B2
:103D80001420FFF79FFF184B1A7822704AB1012ABE
:103D900017D014220021204600F0D0FA0F23237000
:103DA0000DE09DF8043023719DF80530A2605B4260
:103DB0005B10A3719DF806305B425B10637102B02B
:103DC00010BD9DF804305B425B1023739DF90530F4
:103DD00002339B1063739DF806305B425B10A37344
:103DE000024B1B682361EAE735EE002030EE00202D
:103DF000012908B5034608460ED1012B07D104203E
:103E0000FFF746FB0220BDE80840F2F7CFB8022BCF
:103E100014BF08460320F6E70120F4E738B504464E
:103E2000F2F7C8F850B102280CBF02250125284638
:103E300002222146FFF7EEFD284638BD102CB4BF04
:103E400001250225F3E7012070470000014B012006
:103E50001B68184728EE0020014B02201B681847FA
:103E600028EE0020014B40201B68184728EE002058
:103E700011B1012904D07047044B1B6880201847FA
:103E8000024B4FF480701B68F9E700BF28EE00205A
:103E9000024B4FF400701B68184700BF28EE00204B
:103EA000014B20201B68184728EE0020014B0420FE
:103EB0001B68184728EE0020014B08201B68184794
:103EC00028EE0020014B10201B68184728EE002028
:103ED000024B4FF480401B68184700BF28EE0020BB
:103EE00010B568B1074A002352F83340844202EB10
:103EF000C30101D9087910BD0133162BF4D1FEE7B7
:103F00001F20F8E71499010873B51D4B019304466F
:103F100040F607000D46FFF7A7FAC0F3C1030833C8
:103F20006B4413F8042C00F00703013302FA03F387
:103F3000144AB2FBF3F2B2FBF4F007281ED840009B
:103F4000042834BF042302234FF4D66002FB03F499
:103F5000FFF78AFA060240F2B160FFF785FA06F42D
:103F600070663043030544BF6FEA00506FEA10509B
:103F700063094343DB112B6002B070BD0123E3E70B
:103F800004080A0C0048E8014FF0FF3070474FF07A
:103F9000FF3070474FF0FF30704770470020704788
:103FA0000020704770474FF0FF3070474FF0FF30F0
:103FB000704770477047704770B5EFF3108672B660
:103FC000144B5C8A1A8A944213D1C4F5806292B26F
:103FD000904206D3844218D901229A7000221C8094
:103FE0005A825A8A0A800244C2F309025A82002085
:103FF0000DE006D9C4F58065ADB28542F1D88242A4
:10400000E9E7121B92B28242EBD84FF0FF3086F301
:10401000108870BD38F40020EFF3108172B6034AA7
:10402000D38A0133D38281F31088704738F400209B
:10403000EFF3108172B6034AD38A013BD38281F336
:104040001088704738F4002010B508481822002165
:1040500000F074F906484FF48062002100F06EF918
:10406000044B05481B68BDE81040184738F4002091
:1040700037F00020308C0108E5410108014B586001
:10408000704700BF38F40020014B1872704700BF22
:1040900038F4002073B5EFF3108572B61C4CE08A3B
:1040A00000282FD1FFF7B8FF218A628A914227D0DA
:1040B000A378012B12D1238820805B1A9BB20221A6
:1040C000A382A17063B9A3702382238A9A428BBF13
:1040D000D21AC3F58063A282A38201E0002BF4D040
:1040E000268A0C4B1E4485F31088F1F755F80A4BCD
:1040F000A18ADB680193304602B0BDE870401847E2
:10410000FFF796FF85F31088002002B070BD00BF56
:1041100038F4002037F00020308C010808B4F0B5E6
:1041200086B00023ADF800302B4B0B9C1D7A8542E6
:104130004CD3D86881434CD15B681BB112B169463E
:1041400002A898470CAB22464FF400712348019314
:1041500000F0B6FBFFF760FFBDF8003018440DF12A
:10416000020180B2FFF728FF01302AD00023BDF8FA
:104170000020BDF802601A480DF1080C1F4699B2E4
:1041800016FA83F58A42ADB215D817B13244ADF8AC
:104190000220BDF80250019B22464FF400712844D2
:1041A00000F08EFBFFF744FFFFF774FF06B0BDE899
:1041B000F04001B070471CF8011B41550133012745
:1041C000DDE7FFF735FF6FF00200EFE76FF0040067
:1041D000ECE76FF00500E9E738F4002037EE002047
:1041E00037F0002013B5EFF3108472B6204B9A78A5
:1041F000588A022A1DBF1A8A998A5218002214BFAF
:10420000C2F309029A7090421A8228D0D98A0129F1
:1042100025D19978012913D119888A1A022192B2DD
:10422000997000219A82198062B99A701A821A8A4A
:1042300090428BBF801AC2F5806298829A8201E018
:104240000029F4D0188A0B4A104484F310880A4AD3
:10425000998AD368019302B0BDE81040184784F3EF
:104260001088F0F79DFF02B0BDE81040FFF7E0BEF8
:1042700038F4002037F00020308C0108024A002377
:104280001360024A1360704754F4002050F4002079
:1042900010B5EFF3108472B641B1012903D1064A7B
:1042A00013680343136084F3108810BD024A136837
:1042B00023EA0003F6E700BF54F4002010B5EFF343
:1042C000108472B641B1012903D1064A1368034331
:1042D000136084F3108810BD024A136823EA0003B8
:1042E000F6E700BF50F4002038B5EFF3108572B642
:1042F0000A4B0B4C1B6833B1236898476368984797
:1043000085F3108838BD074B1B681BB1A36898471D
:10431000E368F4E7236998476369F0E754F4002001
:10432000CC8B010850F4002001380A44914200D19E
:10433000704711F8013B00F8013FF7E702F0B1B90F
:1043400010B5EFF3108472B6064A13680343136086
:10435000054A52F83130034342F8313084F3108873
:1043600010BD00BF90F4002058F400207047704743
:10437000B0F5803F3ABF000410230023B0F1807FE6
:104380003EBF08330002DBB2B0F1805F38BF0001EE
:104390004FEA1070054A38BF0433125C38BFDBB2F5
:1043A000C3F11F03981AC0B2704700BFC499010837
:1043B0002DE9F84F3F4D404ED5F80080DFF8FCB0B6
:1043C000DFF8FCA0DFF8FC90D6F800E03E4FDBF809
:1043D00000303E4C08EA00002860DAF80000D9F806
:1043E00000102A6802EA000C1EEA0C0F43D00B40B2
:1043F00041D121680A40024201D1A368012354F847
:104400003320D90004EBC30302EA0C0258681042BF
:1044100008BF4FF0FF30214408BF58604868104083
:10442000FFF7A6FF4A683860012303FA00F022EA8A
:1044300000024A60EFF3108172B63A689340326826
:1044400022EA03023260A26822EA0302A260226822
:1044500022EA0303236081F310881D4A3B6852F867
:1044600023309847D6F800E0DBF80030DAF8000097
:10447000D9F80010B5E74FF0FF333B60FFF776FF48
:10448000EFF3108472B63368DBF80020DAF800101E
:104490000B4029680B4205D1D9F80030134201D1F5
:1044A000F0F708FE84F31088FFF761FFC5F800807D
:1044B000BDE8F88FFCB3002090F400208CF40020BD
:1044C00000B4002088F4002084F4002058F4002078
:1044D00068F4002010B51146EFF3108472B6FFF7B0
:1044E00047FF034B43F8201084F3108810BD00BF32
:1044F00068F4002082B082B00DF1080C0CE90600CF
:10450000BDF8042003930B44BDF810100A4491B287
:1045100012B2B2F57A7FA2BFA1F57A72013312B25C
:104520000360828002B002B0704782B082B00DF1A9
:10453000080C0CE90600BDF804200393CB1ABDF863
:104540001010521A91B212B2002ABEBF01F57A724F
:1045500003F1FF3312B20360828002B002B07047F1
:1045600030B585B0114D6B4683E8030000230293FC
:10457000ADF80C3003A82B699847009BBDF80440A8
:104580000290181ABDF80C30E41AA3B224B2002C21
:10459000BEBF03F57A731CB200F1FF302B68984759
:1045A000AB682046984705B030BD00BFF08B0108CE
:1045B00073B5114E002305460093ADF8043001A8F1
:1045C00033699847F36800909847736804469847A2
:1045D000009B1844BDF8043023449AB21BB2B3F5D3
:1045E0007A7FA2BF0130A2F57A731BB228602846F9
:1045F000AB8002B070BD00BFF08B010837B500235F
:104600000093ADF80430074B04461B6901A8984796
:104610006D46009095E8030084E80300204603B04F
:1046200030BD00BFF08B0108024B00221A60024B24
:104630001B68184794F40020048C0108F8B5044660
:10464000174608461E467CB173B1084B00255B6ACD
:1046500025609847069B60602581A572E66023610E
:10466000E77265612846F8BD0120FCE7048C01086B
:1046700010B5034CE3699847A36ABDE8104018479A
:10468000048C010870B5064DEB69064698476B6AC5
:10469000044630469847AB6A201ABDE87040184778
:1046A000048C0108054B1B680BB918467047834200
:1046B00001D05B69F8E70120704700BF94F4002047
:1046C0002DE9F3410B4E336A044698470123B7693D
:1046D0002372D4F800800546B8472844804502D2AA
:1046E000B84728442060B3682068019302B0BDE851
:1046F000F0411847048C010870B520B3EFF3108621
:1047000072B6124D2B680122827253B1002242729E
:1047100098425C690ED102723CB120462C60FFF7D2
:10472000CFFF86F31088002070BD094BDB689847E7
:104730002C60F6E71A465B69002BF2D09842F9D15B
:1047400043695361EDE70120EEE700BF94F40020D8
:10475000048C0108084B10B51A685369516911B9E6
:104760005061416110BD046819688C4202D91A4633
:104770005B69F3E71946F3E794F40020044A1368F1
:104780000BB10021197243611060FFF799BF00BFA0
:1047900094F400202DE9F041044600282DD0FFF7C5
:1047A00081FF50BB657A45BBEFF3108872B6144E9B
:1047B0006768336A984787422CBF27602060114F93
:1047C000A5724FF4807323813B684BB933699847D6
:1047D0002046FFF7D3FF88F310882846BDE8F08114
:1047E000B3699847236818443B6820601B68984267
:1047F0002046EED3FFF7AEFFEDE70125EDE700BF62
:10480000048C010894F4002010B5044608467CB1DD
:10481000084B5B6A984760602046FFF743FF40B152
:104820002046FFF769FF2046BDE81040FFF7B2BF02
:10483000012010BD048C01082DE9F041EFF3108731
:1048400072B61D4E1D4D73699847336904469847EB
:104850002B684BB94FF000082B688BB9286828BB30
:1048600087F31088BDE8F081011B241A1A688A4278
:104870008CBF121900221A605B69002BF6D1E9E7A0
:104880001C681CB1B36998478442E7D22C686369FD
:104890002B60A4F80880D4E9033098476389B3F506
:1048A000807FD9D12046FFF775FFD5E7037A002B2B
:1048B000D6D1FFF705FFD3E7048C010894F400205C
:1048C0002DE9F04F002997B081461E4640F3118133
:1048D00004464F1E1378A4EB090023B9002323706C
:1048E00017B0BDE8F08FB842F8DA252B05D004F8F0
:1048F000013B904608F10102ECE792F801E0AEF1CD
:10490000300102F10108AEF130034A424A41092B5D
:104910002BD8414600250A20884611F8013BA3F117
:10492000300CBCF1090F1BD998F80030692B00F04E
:104930009E801DD8632B29D0642B00F09880582BC3
:104940005AD0252B1AD198F80030002B00F0938014
:1049500004F8013BA4EB0903BB4280F28A80C9E75B
:1049600000FB0533A3F13005D6E74FF0FF35DBE759
:10497000752B7ED0782B41D0732B1CD0252304F8C7
:10498000013BA4EB0903BB4273DADCE7002D05F120
:10499000FF3AD8BF4FF0000A52462046202101F0CE
:1049A00080FEA244002D56F8043B8AF80030D8BFA0
:1049B00001252C449EE7504B56F804BBBBF1000F79
:1049C00008BF9B465846EBF72BFC2A1A8542B8BF16
:1049D0000022824620212046019201F062FE019AC7
:1049E00000232244534502DB02EB0A0482E71BF852
:1049F0000310D1540133F5E742F040021021DFF8F3
:104A0000FCB0DFF8FCA056F804CB12F0400F18BF42
:104A1000DA46BEF1300FCDF808A0A4EB09030CBFB5
:104A20004FF0300A4FF0200A9207A7EB03036046CD
:104A3000CDF80CA022D5002820DA4042013D4FF0ED
:104A40002D0C05AA019200228246B0FBF1F001FB79
:104A500010AB029810F80BB0019800F801BB51455B
:104A6000019002F10102BAFBF1F0EDD910E042F041
:104A700002020A21C3E708F1FF386BE7BCF1000F1F
:104A800002D04FF0000CDCE730228DF81420012218
:104A9000BEF1300FA5EB020504D02020002D05F15A
:104AA000FF350ADCBCF1000F05D02D21013B04F8D5
:104AB000011B3FF41FAF25440AE0013B04F8010B42
:104AC000ECD117E7039904F8011B013B3FF412AF47
:104AD000291B0029F6DC05A9114423442244A242E3
:104AE0003FF408AF11F8010D04F8010B9C42F6D118
:104AF00000E70020F4E600BFD4990108009A0108FD
:104B0000DB99010810B4B1F5807F254C8270C37029
:104B10000180446024D010D9B1F5806F2BD0B1F55D
:104B2000805F19D11F4A4FF001114FF06653C0E961
:104B300002210361002010BC7047102925D04029B4
:104B40000AD1194A4FF04011C0E902214FF07253C7
:104B5000036110BC002070474FF0FF3010BC70475D
:104B6000124A4FF01011C0E902214FF06E53036159
:104B700010BC002070470E4A4FF004114FF06A53EA
:104B8000C0E9022103610020D5E70A4A4FF0012164
:104B90004FF07653C0E9022103610020CBE700BF4C
:104BA0002CAA0108289A0108A69A0108469A010829
:104BB0002E9A0108269C01082DE9F04FA1B08C081F
:104BC00005461391E1006E1808461291C4EB44713A
:104BD0000095C9000546301847189C461F937B195D
:104BE0005918109104301690181D109B1A92043316
:104BF00015933B1D111D09930CEB4C02331D6546AB
:104C00001893D3001E932B011D93EB00009D1B9660
:104C1000CDE9011126011C932B1D00250893149446
:104C200033460A9719911790119403912E461699BD
:104C3000009A51F836A01B98089F189952F83640F0
:104C400050F836B0D25857F836900A9851F8367066
:104C50000999C55851F803800F93114620460B92CD
:104C6000EBF7D0FF294604905846EBF7CBFF5146AF
:104C700005904846EBF7C6FF414607903846EBF7EC
:104C8000C1FF0B9A069011462046EBF7B9FF294663
:104C900004465846EBF7B4FF514605464846EBF745
:104CA000AFFF414681463846EBF7AAFF0599074614
:104CB0000498EBF7A7FF039B53F804BCD3F800A0BC
:104CC000009BCDF82CA043F83600DDF81CA0069917
:104CD0005046EBF797FF089A394642F836002046CF
:104CE000EBF790FF294607904846EBF789FF0599B7
:104CF00080460498EBF784FF069904905046EBF742
:104D00007FFF394682462046EBF77AFF49460590F9
:104D10002846EBF777FF029951F8042C0D680199AA
:104D20000C9251F8047CD1F8009004461146079883
:104D3000ECF770F80C9A069011464046ECF76AF8CA
:104D400004990C905846ECF765F851460E90584679
:104D5000ECF760F8394683460598ECF75BF839467E
:104D60000D902046ECF756F85146DDF82CA007468A
:104D70005046ECF74FF80E9A1146EBF743FF0A9AAC
:104D8000049942F836005046ECF744F8014658467C
:104D9000EBF736FF099A294642F836004046ECF711
:104DA00039F80699EBF72EFF009B1A460F9B0493E8
:104DB000D05029460798ECF72DF801460C98EBF7F0
:104DC0001FFF179A494642F836002046ECF722F8B2
:104DD0000D99EBF717FF109A049B4946D0500598A0
:104DE000ECF718F801463846EBF70AFF039B1D9ACB
:104DF0000299134403931C9BCB18029301991E9BA9
:104E0000CB180193159B1A46049BD050149A013677
:104E1000B24203F108037FF40AAF1F9BBDF8502094
:104E20001B929B009BB2042A179340F221811C9293
:104E3000119B9B08DA001893009B159213449A1853
:104E4000043300210993131D0292149101931691CA
:104E500016991A98149D0A0101EB410384580D9488
:104E6000199CA2580E92024650F8330054F8333081
:104E7000109352F831300B9354F831300C93179B48
:104E8000159A0F90CB181693AB4613460099029DC6
:104E9000CE580396089E55F83B2051F83B4009999F
:104EA00056F83B90019E51F83B7056F80380ED5840
:104EB0000A93114620460792EBF7A2FE294604907A
:104EC000039856F83BA0EBF79BFE514605904846E9
:104ED000EBF796FE414606903846EBF791FE079AAF
:104EE000064611462046EBF78DFE294604460398F8
:104EF000EBF788FE514605464846EBF783FE4146F0
:104F000081463846EBF77EFE314680460498EBF743
:104F100079FE059903900698EBF772FE29460790F3
:104F20002046EBF76DFE414682464846EBF768FEA9
:104F3000314607460498EBF763FE069904900598FE
:104F4000EBF760FE294606462046EBF75BFE009B2A
:104F5000414643F83B004846EBF754FE089A0B9C49
:104F600042F83B0003992046EBF754FF079981462E
:104F70002046EBF74FFF0D9C804651462046EBF74D
:104F800049FF394606902046EBF744FF0F9C0499F1
:104F900005902046EBF73EFF314605462046EBF7ED
:104FA00039FF39460E9F04463846EBF733FF069A21
:104FB0001146EBF727FE009B1A460A9B0693D0503A
:104FC00051463846EBF726FF01460598EBF718FEE9
:104FD000099B079943F83B00DDF830A05046EBF7FA
:104FE00019FF4946EBF70EFE029F039947F83B0075
:104FF0005046EBF70FFF01464046EBF701FE314606
:10500000DDF84080019E46F83B004046EBF702FF8A
:105010002946EBF7F7FD069B0499F85040460393A9
:10502000EBF7F8FE01462046EBF7EAFD119B129ADA
:105030009B44039BF0501344139A5A453FF626AF06
:10504000159A149B08321592189A01339A421493B8
:105050007FF4FEAE179B1C9A9B0092089BB217939D
:10506000042A189B1C92119302D9DB001293DFE6ED
:10507000009E203656F8205C56F8107C56F8083C06
:1050800056F8142C0193394628460092EBF7BAFDE6
:10509000394681462846EBF7B3FD56F81C4C56F8C6
:1050A0000C8C56F818BC56F804AC05464146204610
:1050B000EBF7A8FD414607462046EBF7A1FD019915
:1050C00004465846EBF79EFD514602900098EBF7D8
:1050D00099FD019980465846EBF792FD514683466B
:1050E0000098EBF78DFD029982464846EBF78AFD62
:1050F000414646F8200C3846EBF784FD029946F805
:105100001C0C4846EBF77CFD414646F8180C384627
:10511000EBF776FD514646F8140C2846EBF772FD86
:10512000594646F8100C2046EBF76AFD514646F802
:105130000C0C2846EBF764FD594646F8080C20464F
:10514000EBF760FD1B9B46F8040C013B06F12006C3
:105150001B938FD121B0BDE8F08F00BF2DE9F04F38
:10516000A1B08C081391C4EB447100EB0415C90085
:10517000E600009068188719394496461A928A19F1
:105180000F9204319C46724616910F991B9504327A
:105190000CEB4C0304300431199215900392CDE9C5
:1051A000012200980A91DA006346391D1E921A0105
:1051B000DB0014911C93291D031D002512960893F2
:1051C000109433461897CDF87CC0179111941D9216
:1051D0002E460099089F51F803B051F836401799B0
:1051E0001B9A51F836A0159952F8362057F8369088
:1051F00051F836701499189D51F80380ED580E93AC
:10520000114620460992EBF7FDFC294604905846CA
:10521000EBF7F8FC514605904846EBF7F3FC4146A6
:1052200006903846EBF7EEFC099A079011462046A7
:10523000EBF7E6FC294604465846EBF7E1FC5146FD
:1052400083464846EBF7DCFC414605463846EBF71B
:10525000D7FCDDF810A0059907465046EBF7D2FCC5
:10526000039BD3F800C053F8049C009BCDF810C0FA
:1052700043F8360007990698EBF7C4FC089A3946BC
:1052800042F836002046EBF7BBFC29460990584609
:10529000EBF7B8FC059980465046EBF7B1FC07994F
:1052A00082460698EBF7ACFC394605902046EBF7B2
:1052B000A9FC594606902846EBF7A2FC029D0199ED
:1052C00055F804BCD1F800E051F8047CCDF81CE09E
:1052D0000446594609982D68EBF79CFD59460B90FA
:1052E0004046EBF797FD51460C904846EBF792FD90
:1052F000059983464846EBF78DFD39460D90069893
:10530000EBF788FD394681462046EBF783FD05998A
:1053100007460498EBF77EFD01465846EBF770FC14
:10532000009B51469A460E9B05934AF80300049849
:10533000EBF770FD0D9A1146EBF764FC169B2946BE
:1053400043F836004046EBF765FD01460B98EBF756
:1053500057FC29460F9D45F836000998EBF75AFD92
:105360000C99EBF74FFC0A9BDDF81C8043F83600E4
:1053700041462046EBF74EFD01464846EBF740FC20
:10538000059B0493E85041460698EBF743FD3946E8
:10539000EBF738FC039B1D9C029D019A1E991C197A
:1053A00003941C9C0A442C19019202940A9B1A46ED
:1053B000049BD050109A0136B24203F108037FF4E7
:1053C00008AF1F9BBDF840201B929B009BB2042A94
:1053D000179340F221811C92119B9B08DA001893CD
:1053E000009B159213449A18043300210993131D4E
:1053F000029214910193169116991A98149D0A011C
:1054000001EB410384580D94199CA2580E92024658
:1054100050F8330054F83330109352F831300B9376
:1054200054F831300C93179B159A0F90CB181693A4
:10543000AB4613460099029DCE580396089E55F838
:105440003B2051F83B40099956F83B90019E51F89A
:105450003B7056F80380ED580A9311462046079298
:10546000EBF7CEFB29460490039856F83BA0EBF7E8
:10547000C7FB514605904846EBF7C2FB41460690F4
:105480003846EBF7BDFB079A064611462046EBF778
:10549000B9FB294604460398EBF7B4FB5146054691
:1054A0004846EBF7AFFB414681463846EBF7AAFB8F
:1054B000314680460498EBF7A3FB069903900598C4
:1054C000EBF7A0FB294607902046EBF799FB4146F6
:1054D00082464846EBF794FB314607460498EBF7C3
:1054E00091FB059904900698EBF78AFB294606463E
:1054F0002046EBF787FB009B414643F83B004846BC
:10550000EBF780FB089A0B9C42F83B00039920467E
:10551000EBF780FC079981462046EBF77BFC0D9C5E
:10552000804651462046EBF775FC394606902046EA
:10553000EBF770FC0F9C049905902046EBF76AFC92
:10554000314605462046EBF765FC39460E9F04467A
:105550003846EBF75FFC069A01461046EBF750FB26
:10556000009B1A460A9B0693D05051463846EBF7EB
:1055700051FC0599EBF746FB099B079943F83B0063
:10558000DDF830A05046EBF745FC01464846EBF706
:1055900037FB029F039947F83B005046EBF73AFC74
:1055A0004146EBF72FFB3146DDF84080019E46F87F
:1055B0003B004046EBF72EFC01462846EBF720FB6C
:1055C000069B0499F85040460393EBF723FC2146D1
:1055D000EBF718FB119B129A9B44039BF05013446A
:1055E000139A5A453FF626AF159A149B0832159226
:1055F000189A01339A4214937FF4FEAE179B1C9ABB
:105600009B0092089BB21793042A189B1C9211933B
:1056100002D9DB001293DFE6009E2A9C2036B146B9
:1056200059F8102C59F8205C59F8143C0093114695
:1056300028460292EBF7E6FA029A019011462846B4
:10564000EBF7DEFA59F81C7C59F80C8C02904146B5
:105650003846EBF7D7FA414605463846EBF7D0FA1D
:1056600059F818BC59F8086C039031465846EBF7C6
:10567000C9FA59F804AC804651460098EBF7C2FAD3
:10568000314607465846EBF7BBFA51468346009829
:10569000EBF7B6FADDF804A0064641465046EBF7B4
:1056A000B1FA2146EBF7B6FB394649F8200C2846FB
:1056B000EBF7A8FA2146EBF7ADFB414649F81C0C85
:1056C0005046EBF79DFA2146EBF7A4FB394649F823
:1056D000180C2846EBF794FA2146EBF79BFB029F48
:1056E00049F8140C31463846EBF78AFA2146EBF7B5
:1056F00091FB49F8100C039D59462846EBF782FAB6
:105700002146EBF787FB314649F80C0C3846EBF79E
:1057100079FA2146EBF77EFB594649F8080C2846F2
:10572000EBF76EFA2146EBF775FB1B9B49F8040C6F
:10573000013B09F120091B937FF472AF21B0BDE852
:10574000F08F00BF30B5044680786268A3890128D5
:105750000D4683B0218807D02846FFF72DFAE3785D
:10576000012B09D003B030BD206900902846FFF717
:10577000F5FCE378012BF5D1A368E289218828465E
:1057800003B0BDE8304000F001B800BF2DE9F04F94
:1057900085B049085200002401928A1E029201F14C
:1057A000010A25462246039103995618013450F800
:1057B000362050F8347040F83420F200E40040F80D
:1057C0003670043404320659875807518650023522
:1057D0001A880299019CADB205EB0A0902EB0A088E
:1057E0004FEAC50E4FEAC90CD7004FEAC8068D42F2
:1057F00023440EF1040E0CF1040C07F1040706F12A
:1058000004062C4620D8AA42CED950F835B050F81C
:10581000321040F8351040F832B0C15950F80EB08F
:1058200040F80E1040F807B050F8397050F838E0E2
:1058300040F839E040F8387050F80C7050F806E045
:1058400040F80CE08751AFE705B0BDE8F08F00BF2E
:105850002DE9F04F83B05FEA920B0192074688462C
:105860007BD000F1200401F110055E4654F8201CA5
:1058700054F81CAC0846EBF7CDFA51468146504629
:10588000EBF7C8FA01464846EBF7BCF90021814620
:10589000EBF772FC002800F08B80484602F01EFEF9
:1058A00045F8100C54F8181C54F814AC0846EBF7E3
:1058B000B1FA514681465046EBF7ACFA01464846EC
:1058C000EBF7A0F900218146EBF756FC00287BD0CE
:1058D000484602F003FE45F80C0C54F8101C54F82E
:1058E0000CAC0846EBF796FA514681465046EBF76A
:1058F00091FA01464846EBF785F900218146EBF71E
:105900003BFC00285CD0484602F0E8FD45F8080C56
:1059100054F8081C54F804AC0846EBF77BFA5146DF
:1059200081465046EBF776FA01464846EBF76AF9AE
:1059300000218146EBF720FC00283DD0484602F0CC
:10594000CDFD45F8040C013E04F1200405F11005DD
:105950008CD107EB4B1708EB0B18019B13F0030AD4
:1059600023D00026083708EB8A0A57F8081C57F896
:10597000045C0846EBF74EFA294604462846EBF746
:1059800049FA01462046EBF73DF90021044608F1AB
:105990000408EBF7F1FBD8B1204602F09FFD48F870
:1059A000040CD04507F10807DFD103B0BDE8F08F44
:1059B000002345F8103C75E7002345F8043CC2E796
:1059C000002345F8083CA3E7002345F80C3C84E796
:1059D00048F8046CE5E700BFF8B52349EBF71AFA7D
:1059E0000446EBF7F3FB002105462046EBF7B0FB3E
:1059F00000B1013D2846EBF7B9F901462046EBF727
:105A0000FFF84FF08841EBF705FA0546EBF704FC89
:105A100084B2B4F5007F1DD22046EBF7A3F901460E
:105A20002846EBF7EDF8671C0546104E29464FF067
:105A30007E50EBF7E5F856F82410EBF7EBF956F843
:105A4000271004462846EBF7E5F901462046EBF718
:105A5000D9F8F8BD28464FF08841EBF7D1F8012777
:105A600005460024E1E700BF83F9223E28A2010891
:105A7000F8B52549EBF7CEF94FF07A51EBF7C2F8BC
:105A80000446EBF7A3FB002105462046EBF760FB3D
:105A900000B1013D2846EBF769F901462046EBF7D6
:105AA000AFF84FF08841EBF7B5F90546EBF7B4FBDB
:105AB00084B2B4F5007F1DD22046EBF753F90146BE
:105AC0002846EBF79DF8671C0546104E29464FF017
:105AD0007E50EBF795F856F82410EBF79BF956F843
:105AE000271004462846EBF795F901462046EBF7C8
:105AF00089F8F8BD28464FF08841EBF781F8012777
:105B000005460024E1E700BF83F9223E28A20108F0
:105B100038B5104B1D682B6B0446B3B9182001F043
:105B2000F9FC0246286320B90B4B0C48462100F0D3
:105B300039FE0B490B4BC0E900130B4B83600B2361
:105B4000838100210120C2E904012B6B00221C612A
:105B50005A6138BD10B400202C2A0208432A0208DA
:105B60000E33CDAB34126DE6ECDE0500164B10B5EE
:105B70001C68236BB3B9182001F0CCFC02462063EB
:105B800020B9124B1248522100F00CFE1149124B61
:105B9000C0E90013114B83600B2383810021012096
:105BA000C2E90401216B0E480B694C690D4A584348
:105BB00002FB0400A3FB0232013340EB0200C1E907
:105BC000043020F0004010BD10B400202C2A020840
:105BD000432A02080E33CDAB34126DE6ECDE05002D
:105BE0002DF451582D7F954C2DE9F04788B0002BAE
:105BF0001D461446BCBF03F100431446129A109E82
:105C0000DDF84CA0B6BF1D4600232D231370149B56
:105C100023F02008B8F1460F05D0B8F1450F00D1A8
:105C20000136022300E0032307AA049206AACDE965
:105C300002A2CDE9003622462B4600F059FEB8F10B
:105C4000470F074619D1119BDB070ED500EB06095C
:105C50000022002320462946EAF70EFF08B1CDF8BE
:105C60001C903022079B4B451ED3079B159ADB1BCC
:105C70003846136008B0BDE8F087B8F1460F00EB76
:105C80000609E5D10378302B0AD1002200232046F3
:105C90002946EAF7F1FE18B9C6F10106CAF8006014
:105CA000DAF800309944D3E7591C07911A70D9E704
:105CB000F7B50029BABF49422D232B2309290270C9
:105CC000437029DD0DF107031D460A271A46B1FB73
:105CD000F7F607FB1614303402F8014C0C46632C1F
:105CE00003F1FF333146F1DC3031941E03F8011C1F
:105CF000411C2346AB420AD30DF109039B1AAC4267
:105D000088BF002302330344181A03B0F0BD13F810
:105D1000016B01F8016FEDE7302330318370C17002
:105D2000031DF1E72DE9F04F91B00C46DDF86880D6
:105D300016461F46054600F0BDFC0368089318464A
:105D4000EAF76EFA00230E93D8F800300990073373
:105D500023F0070303F1080294F818A0D4F800B068
:105D6000C8F80020D3E9008929F000430B93CDF84F
:105D70002880C4E91289DDE90A019D4B4FF0FF320A
:105D8000EAF7ACFE70BBDDE90A01994B4FF0FF3238
:105D9000EAF786FE30BB0022002340464946EAF778
:105DA00075FE10B12D2384F84330924A924BBAF11C
:105DB000470F94BF90469846032323612BF00403BA
:105DC00023604FF00009009733460FAA214628466A
:105DD00000F0D4F9013040F08F804FF0FF3011B067
:105DE000BDE8F08F42464B4640464946EAF776FE0C
:105DF00040B14B46002BBCBF2D2384F843307F4A73
:105E00007F4BD4E763685A1C0AF0DF013FD10623B9
:105E100063604BF480630022236006920EAACDE9F2
:105E200004A20DAA03920DF13302CDE90132636899
:105E3000009342464B4628460A91FFF7D5FE0A9941
:105E4000472980460D9928D1C81C02DB6368994216
:105E500040DDAAF1020A5FFA8AFA0139524604F1DA
:105E600050000D91FFF724FF0E9A1318012A814666
:105E7000236102DC2268D20701D5013323619DF83A
:105E80003330002B9FD02D2384F843309BE74729E4
:105E9000BFD1002BBDD10123BAE7BAF1650FDCD920
:105EA000BAF1660F18D1002963680BDD216113B9BF
:105EB0002268D00702D501330B442361A1654FF05E
:105EC0000009DCE713B92268D20701D50233F4E7F1
:105ED0000123F2E74FF0670A0E9B994205DB236826
:105EE0002161D807EAD54B1CE7E70029D4BFC1F1EF
:105EF000020201221344E0E723685A0507D423690C
:105F0000424631462846B84701302BD165E7BAF101
:105F1000650F40F2DD80D4E9120100220023EAF788
:105F2000ABFD002833D0374A012331462846B84715
:105F300001303FF452AFDDE90D38434502DB236801
:105F4000D8070FD5DDE9082331462846B847013088
:105F50003FF443AF4FF0000908F1FF3804F11A0A8B
:105F6000C84509DC23689B0700F10381E0680F9BAB
:105F70009842B8BF184632E70123524631462846B8
:105F8000B84701303FF429AF09F10109E8E70D9B5B
:105F9000002B39DC1B4A012331462846B847013023
:105FA0003FF41BAFDDE90D3959EA030302D1236841
:105FB000D907D7D5DDE9082331462846B84701304F
:105FC0003FF40BAF4FF0000A04F11A0B0D9B5B423C
:105FD000534501DC4B4693E701235A463146284698
:105FE000B84701303FF4F9AE0AF1010AEEE700BF0D
:105FF000FFFFEF7F9B2A02089F2A0208A32A0208BC
:10600000A72A0208AB2A0208A36DDDF838A0534581
:10601000A8BF5346002B994636DC4FF0000B29EA07
:10602000E97904F11A02A36D0A93A3EB09035B4516
:1060300031DC0D9B9A453ADC2368DA0737D40D9B97
:10604000AAEB03090A9BAAEB03039945A8BF99464B
:10605000B9F1000F33DC4FF0000829EAE97904F1C7
:106060001A0B0D9BAAEB0303A3EB090343457FF730
:1060700079AF01235A4631462846B84701303FF4EC
:10608000ACAE08F10108ECE7424631462846B84775
:106090000130C2D1A1E60123314628460A92B84711
:1060A00001303FF49AAE0A9A0BF1010BBBE7DDE930
:1060B000082331462846B8470130C0D18DE60A9AF8
:1060C0004B46424431462846B8470130C3D184E6A6
:1060D000DDF838A0BAF1010F01DCDB0736D501236A
:1060E000424631462846B84701303FF476AEDDE9F6
:1060F000082331462846B84701303FF46EAED4E954
:106100001201002200230AF1FF3AEAF7B5FCC0B9F8
:10611000534608F1010231462846B84701300CD1F8
:106120005BE601235A4631462846B84701303FF422
:1061300054AE08F10108D045F3DB4B4604F15002A0
:10614000DFE64FF0000804F11A0BF4E701234246A2
:10615000E1E701234A4631462846B84701303FF47B
:106160003CAE08F10108E3680F995B1A4345F0DC87
:10617000FCE64FF0000804F11909F4E72DE9F047B7
:10618000164698468A680B69DDF820909342B8BF9E
:106190001346336091F8432007460C460AB1013399
:1061A00033602368990642BF336802333360256841
:1061B00015F0060506D104F1190AE36832689B1A46
:1061C000AB4226DC94F843302268003B18BF012321
:1061D00092062BD404F1430241463846C8470130A9
:1061E0001ED02368226903F00603042B02BFE56872
:1061F0003368ED1AA3680CBF25EAE57500259342C4
:10620000C4BF9B1AED1800261A34B5421AD10020DB
:1062100008E00123524641463846C847013003D1C1
:106220004FF0FF30BDE8F0870135C6E7E1185A1C92
:10623000302081F84300224494F8451082F843103E
:106240000233C7E70123224641463846C84701309A
:10625000E6D00136D9E700002DE9FF470F7E0C9EFE
:10626000782F914680460C469A4601F1430207D8A2
:10627000622F0AD8002F00F0D280582F00F0B9808A
:1062800004F1420684F842703AE0A7F16303152B4B
:10629000F6D801A151F823F0F16201080563010865
:1062A000816201088162010881620108816201083E
:1062B00005630108816201088162010881620108A9
:1062C00081620108056401082F630108BF630108AA
:1062D0008162010881620108276401088162010866
:1062E0002F6301088162010881620108C763010808
:1062F00033681A1D1B68326004F1420684F842308C
:1063000001239DE033682068191D3160060601D520
:106310001D6803E04506FBD5B3F90050002D03DAF4
:106320002D236D4284F8433059480A2311E0216837
:106330003368080653F8045B02D4490648BFADB27F
:106340006F2F5348336014BF0A230823002184F8B9
:1063500043106668A660002EA2BF216821F00401E8
:1063600021600DB9002E4BD01646B5FBF3F103FBAF
:106370001157C75D06F8017D2F46BB420D46F4D983
:10638000082B0BD12368DF0708D523696168994280
:10639000DEBF302306F8013C06F1FF36921B226176
:1063A000CDF800A04B4603AA21464046FFF7E6FE83
:1063B00001304AD14FF0FF3004B0BDE8F0872368C8
:1063C00043F0200323603348782784F8457023681E
:1063D00031681F0651F8045B02D45F0648BFADB2B6
:1063E0003160D90744BF43F0200323601DB110235F
:1063F000ACE72748E9E7236823F020032360F6E7AA
:106400001646BDE7336825686169181D30602E06A1
:106410001B6801D5196002E06806FBD519800023CE
:1064200023611646BCE733681A1D32601E68626835
:1064300000213046E9F7A4FE08B1801B6060636864
:106440002361002384F84330AAE723693246494692
:106450004046D0470130ADD023689B0713D4E06895
:10646000039B9842B8BF1846A6E701233246494627
:106470004046D04701309DD00135E36803995B1A4F
:10648000AB42F2DCEBE7002504F11906F5E700BFAB
:10649000AD2A0208BE2A0208002310B50446C0E94E
:1064A0000033C0E90433836081814366C281836124
:1064B000194608225C3000F0F4F80D4B63620D4B76
:1064C000A3620D4BE3620D4B23630D4B24629C4290
:1064D00006D003F16802944202D0D0339C4205D129
:1064E00004F15800BDE8104000F058B910BD00BFDD
:1064F0001D6601083F660108776601089B66010872
:1065000098F40020024A0349034800F069B800BF2C
:1065100004B40020817E010814B4002041680C4BB3
:10652000994210B5044601D001F0AAFCA168094BBC
:10653000994202D0204601F0A3FCE168064B994243
:1065400004D02046BDE8104001F09ABC10BD00BF49
:1065500098F4002000F5002068F5002010B50B4BE2
:106560000B4C0C4A1A60204600220421FFF794FFCE
:1065700004F1680001220921FFF78EFF04F1D00029
:106580000222BDE810401221FFF786BFD0F500209F
:1065900098F4002005650108014800F000B900BF2B
:1065A000D9F50020014800F0FBB800BFD9F5002064
:1065B00010B50446FFF7F0FF236A1BB1BDE8104099
:1065C000FFF7F0BF044B2362044B1B68002BF5D18F
:1065D000FFF7C4FFF2E700BF1D650108D0F50020FA
:1065E0002DE9F8430746884614460026D4E901956C
:1065F000B9F1010905D52468002CF7D13046BDE872
:10660000F883AB89012B07D9B5F90E30013303D0DC
:1066100029463846C04706436835E9E710B50C46B9
:10662000B1F90E1000F06CF80028ABBF636DA389C0
:106630001B1823F48053ACBF6365A38110BD2DE903
:10664000F0411F468B89DB0505460C46164605D5ED
:10665000B1F90E100223002200F040F8A389B4F92A
:106660000E1023F48053A38132463B462846BDE8F2
:10667000F04100F057B810B50C46B1F90E1000F01B
:106680002DF8431CA38915BF606523F4805343F4A0
:106690008053A38118BFA38110BDB1F90E1000F083
:1066A0000DB802440346934200D1704703F8011B22
:1066B000F9E700000048704750B5002038B5064D96
:1066C0000023044608462B60EEF7D8FD431C02D198
:1066D0002B6803B1236038BDD4F5002038B5074DD1
:1066E00004460846114600222A601A46EEF7D0FDFD
:1066F000431C02D12B6803B1236038BDD4F50020C0
:1067000038B5074D04460846114600222A601A464D
:10671000EEF798FD431C02D12B6803B1236038BD0E
:10672000D4F5002038B5074D04460846114600222E
:106730002A601A46EEF794FD431C02D12B6803B180
:10674000236038BDD4F50020014B1868704700BFA6
:1067500010B4002070B50D4D0D4C641BA410002624
:10676000A64209D10B4D0C4C01F0F2FF641BA410A2
:106770000026A64205D170BD55F8043B9847013666
:10678000EEE755F8043B98470136F2E7D42E0208AD
:10679000D42E0208D42E0208D82E02087047704763
:1067A000704700001FB514461A46094B1B68054682
:1067B000D86854B9074B1C46CDE9013400912B46EB
:1067C000054901F085FB01F0B3FB044BF4E700BF82
:1067D00010B40020F28A0108DC2A0208CF2A02083D
:1067E0002DE9F74F03690C69A34207467EDB013CA4
:1067F00001F11408A30000F11405009305EB8403D4
:10680000019358F8243055F8242001339A4208EBBC
:106810008409B2FBF3F62ED34FF0000AC446AE460D
:10682000D3465CF8043B98B206FB00A0020C1B0C9C
:1068300006FB0323DEF8002080B292B2121A5A44FB
:10684000DEF800004FEA134A9BB2C3EB224303EB8E
:10685000104392B242EA0342E1454EF8042B4FEA5C
:10686000234BDED2009BEB582BB9019B043B9D428E
:106870001A462FD33C61384601F07CF9002825DB0D
:106880002946002058F8042BD1F800C01FFA82FED8
:106890001FFA8CF3A3EB0E030344120CC2EB23424A
:1068A00002EB1C429BB243EA0243C14541F8043B60
:1068B0004FEA2240E6D255F8242005EB840322B9A2
:1068C000043B9D421A460BD33C610136304603B06F
:1068D000BDE8F08F1268043B002ACBD1013CC6E72B
:1068E0001268043B002AEFD1013CEAE70020EEE702
:1068F0002DE9F04FC76997B014461D46CDE9024512
:10690000239E83467FB9102000F004FE0246CBF898
:106910001C0020B9A84BEF21A848FFF743FFC0E9AE
:1069200001770760C760DBF81C30196859B15A68F5
:106930004A60012393408B60584600F0E1FEDBF88B
:106940001C3000221A602B1EB9BF23F000430393B2
:1069500000233360DDF80C80994BBCBF012232600C
:1069600033EA080312D1229A42F20F731360C8F37C
:106970001303234300F05185249BDFF848A2002B2A
:1069800000F053850AF1030300F04DBDDDE9022359
:10699000CDE90C23DDE90C0100220023EAF76CF8B5
:1069A000074658B1229A01231360249B13B1249AFD
:1069B000854B1360DFF814A200F037BD14AB0193D0
:1069C00015AB00935846DDE90C2301F081F9C8F3BB
:1069D0000A568146002E76D00D9B1297C3F31303FF
:1069E000DDE90C0143F07F5343F44013A6F2FF3678
:1069F00019460022764BE9F71FFC69A3D3E900236F
:106A0000E9F7D2FD68A3D3E90023E9F717FC0446B0
:106A100030460D46E9F75EFD65A3D3E90023E9F7AB
:106A2000C3FD02460B4620462946E9F707FC04460B
:106A30000D46EAF769F8002207460023204629465A
:106A4000EAF724F840B13846E9F744FD22462B46E0
:106A5000EAF712F800B9013F162F52D85D4B03EB4D
:106A6000C703D3E90023DDE90C01EAF70FF800289A
:106A700049D0013F00230F93149B9B1B5A1E44BF18
:106A8000C3F101080023099254BF4FF00008099395
:106A9000002F3ADB099B0E973B44099300230A938E
:106AA000209B092B65D8052BC4BF043B2093209B5A
:106AB000A3F10203CCBF00240124032B64D8DFE838
:106AC00003F02B383656DDE914631E4406F23243D8
:106AD000202BC1BFC3F1400308FA03F806F21243AA
:106AE00024FA03F3D6BFC3F1200348EA030004FAF3
:106AF00003F0E9F7DFFC0122A1F1F873013E1292E5
:106B000076E70123B7E70F90B6E77B420A930023AD
:106B1000A8EB07080E93C3E700230B93219B002BE0
:106B200035DC0123CDE907331A4621920BE001231E
:106B3000F3E700230B93219BFB1808930133012BF0
:106B40000793B8BF0123DBF81C000021042202F1E7
:106B500014059D421FD94160584600F091FD8246C0
:106B600000283BD11C4B024640F2AF11D4E6012372
:106B7000E0E70124002320930B944FF0FF33CDE98D
:106B8000073300221223D0E701230B93F5E7219B63
:106B9000CDE90733D7E701315200D8E7AFF30080E2
:106BA00061436F63A787D23FB3C8608B288AC63F13
:106BB000FB799F501344D33F2C2A0208182B02085C
:106BC0000000F07F142B0208AC2A0208AB2A02084E
:106BD0000000F83F102C0208702B0208DBF81C3074
:106BE0001860079B0E2B00F2A480002C00F0A180FF
:106BF000002F33DD864B07F00F0203EBC203D3E90E
:106C00000034F805CDE904344FEA271416D5814B3A
:106C1000DDE90C01D3E90823E9F7F0FDCDE9020134
:106C200004F00F0403267B4D54B9DDE90423DDE9AC
:106C30000201E9F7E3FDCDE9020128E00226F2E7CF
:106C4000E10708D5DDE90401D5E90023E9F7ACFC4B
:106C5000CDE90401013664100835E5E700F0D28083
:106C60007C426B4B6B4D04F00F0203EBC203D3E984
:106C70000023DDE90C01E9F797FCCDE902012411BD
:106C800000230226002C40F0B280002BD3D10F9BB2
:106C9000DDE90245002B00F0B7805F4B0022204663
:106CA0002946E9F7F3FE002800F0AE80079B002B91
:106CB00000F0AA80089B002B37DD7B1E0493204642
:106CC000564B00222946E9F76FFCCDE90201089CEA
:106CD00001363046E9F7FEFBDDE90223E9F764FC03
:106CE0004F4B0022E9F7AAFA0546A1F15076002C95
:106CF00040F09A80DDE902014A4B0022E9F79CFA54
:106D000002460B46CDE902232A463346E9F7DCFE6C
:106D1000002840F08E82DDE902012A4606F1004398
:106D2000E9F7B4FE002840F02781DDE90C34CDE915
:106D30000234159B002BC0F263810E2F00F360819B
:106D4000334B03EBC703D3E90034CDE90434219B73
:106D5000002B03DA079B002B40F30081DDE902459D
:106D60005646DDE9042320462946E9F747FDE9F7C1
:106D7000CBFE8046E9F7AEFBDDE90423E9F714FC1E
:106D800002460B462046294608F13004E9F754FA3A
:106D900006F8014B079DA6EB0A04A54202460B46E6
:106DA00040F01681E9F74AFADDE9042304460D466E
:106DB000E9F78AFE002840F0F880DDE90423204648
:106DC0002946E9F759FE18B118F0010F40F0ED809F
:106DD0004946584600F094FC00233370229B01374B
:106DE0001F60249B002B00F020831E601DE3E20740
:106DF00005D5D5E90023E9F7D7FB01360123641057
:106E000008353FE7022642E7079C049761E700BF89
:106E1000102C0208E82B02080000F03F000024407C
:106E200000001C4000001440704B0B9903EBC4039E
:106E300053E902235444002945D06D490020E9F765
:106E4000DDFC33462A46E9F7F7F9CDE9100156464D
:106E5000DDE90201E9F758FE0546E9F73BFB02468A
:106E60000B46DDE90201E9F7E7F9303502460B464A
:106E7000CDE9022306F8015BDDE91023E9F706FE00
:106E8000002863D1DDE902235A490020E9F7D4F94B
:106E9000DDE91023E9F7FAFD002840F08780A642DB
:106EA0003FF443AFDDE91001534B0022E9F77CFBCF
:106EB000514BCDE910010022DDE90201E9F774FB35
:106EC000CDE90201C4E731462846E9F76DFBCDE97B
:106ED000100113945646DDE90201E9F715FE054657
:106EE000E9F7F8FA02460B46DDE90201E9F7A4F9F1
:106EF000303506F8015B02460B46A642CDE9022377
:106F00004FF0000224D13A4BDDE91001E9F796F980
:106F100002460B46DDE90201E9F7D6FD002845D11E
:106F2000DDE9102332490020E9F786F902460B46D5
:106F3000DDE90201E9F7AAFD00283FF4F6AE139E51
:106F4000731E139316F8013C302BF8D0049F3FE7D3
:106F5000294BE9F729FBCDE90201BCE70CD1274B0E
:106F60000022DDE90401E9F71FFBDDE90223E9F76F
:106F7000A1FD002800F05B8100242546219BDB4316
:106F80000493564600272146584600F0B9FB002DD1
:106F9000DCD02FB1AF4203D03946584600F0B0FBE9
:106FA0002946584600F0ACFBD0E7049733461E460E
:106FB00013F8012D392A07D19A45F8D1049A0132E4
:106FC000049230228AF800201A7801321A70BDE744
:106FD000094B0022E9F7E8FA0022002304460D4697
:106FE000E9F74AFD00283FF4BCAEF1E6102C020898
:106FF0000000E03F0000F03F00002440000014408B
:107000000B9A002A00F0DB80209A012A00F3BF804F
:10701000129A002A00F0B78003F233430A9C4646D6
:10702000099A01211A4458469844099200F01CFC20
:1070300005465EB1099B002B08DDB342099AA8BF43
:107040003346A8EB0308F61AD31A09930A9BF3B147
:107050000B9B002B00F0B7808CB129462246584686
:1070600000F0C2FC4A4601460546584600F012FCB4
:1070700049460490584600F043FB049B99460A9BFE
:107080001A1B04D04946584600F0AEFC8146012147
:10709000584600F0E9FB0E9B0446002B00F0C98126
:1070A0001A460146584600F09FFC209B012B0446DF
:1070B00000F38F80029B002B40F08780039BC3F37B
:1070C0001303002B40F08380039B23F000431B0D30
:1070D0001B052BB1099B0133099308F1010801231A
:1070E0000A930E9B002B00F0AA81236904EB830313
:1070F000186900F06DFBC0F12000099B184410F0E6
:107100001F0071D0C0F12003042B65DD099BC0F185
:107110001C000344804406440993B8F1000F05DDC8
:1071200049464246584600F0B9FC8146099B002B6F
:1071300005DD21461A46584600F0B0FC04460F9B78
:10714000002B53D02146484600F014FD00284DDAAC
:107150007B1E0493494600230A22584600F0F2FAA7
:107160000B9B8146002B00F06C81002329460A22EC
:10717000584600F0E7FA089B002B054661DC209B8F
:10718000022B3BDC5DE0149BC3F1360346E7079B13
:107190005C1E0A9BA342BFBF0A9B0E9A0A94E31A85
:1071A000B4BFD2181C1B079BBCBF0E920024002B3F
:1071B000B5BFA8EB0306079B0023464630E70A9CB1
:1071C0000B9D464635E70A9A5CE7002388E7029B59
:1071D00086E700230A9388E79FD0099A1C331A4454
:1071E00098441E44099298E70346F6E7079B0497E4
:1071F000002B20DC0893209B022B1EDD089B002B1C
:107200007FF4BCAE21460522584600F09BFA0146A9
:107210000446484600F0AEFC00287FF7AFAE564665
:10722000312306F8013B049B01330493AAE6079C33
:1072300004972546F3E7079B08930B9B002B00F070
:107240000481002E05DD29463246584600F026FC12
:1072500005460A9B002B5AD06968584600F010FA80
:10726000064628B9844B024640F2EF21FFF754BB93
:107270002A690232920005F10C010C3000F04AFE3E
:1072800001223146584600F009FC0AF10103079338
:10729000089B53440B93029B03F001032F460A9370
:1072A0000546079B2146013B48460293FFF798FAA3
:1072B0003946089000F13008484600F05BFC2A4649
:1072C00009902146584600F071FCC268064602BB90
:1072D0000146484600F04EFC0246314658460C92A4
:1072E00000F00EFA209B0C9A079E43EA02010A9BCB
:1072F000194310D1B8F1390F29D0099B002B02DDB9
:10730000089B03F13108029B83F800803BE6284686
:10731000BBE70122E1E7099B002B04DB20990B432B
:107320000A990B4320D1002AEDDD49460122584637
:1073300000F0B4FB2146814600F01CFC002803DC71
:10734000E1D118F0010FDED0B8F1390FD8D1029A8F
:107350003923137033461E46013B16F8012C392A97
:1073600052D001321A700EE6002A07DDB8F1390F4B
:10737000EDD0029A08F10103137004E6079B079A07
:1073800003F8018C0B9B934228D0494600230A2224
:10739000584600F0D7F9AF4281464FF000034FF056
:1073A0000A023946584607D100F0CCF9074605468F
:1073B000079B0133079374E700F0C4F92946074699
:1073C00000230A22584600F0BDF90546F0E7089B65
:1073D000002BCCBF1E4601265644002749460122F9
:1073E000584600F05BFB2146814600F0C3FB0028B5
:1073F000B0DC02D118F0010FACD133461E4613F8B1
:10740000012D302AFAD0BEE59A45A4D1049B013360
:10741000049331238AF80030B5E5249BDFF85CA0A3
:107420001BB10AF10803249A1360504617B0BDE857
:10743000F08F209B012B7FF73DAE0E9B0A9301201E
:107440005BE6089B002B7FF7D6AE564621464846A2
:10745000FFF7C6F900F1300806F8018B089BA6EB90
:107460000A029342B3DD494600230A22584600F03F
:1074700069F98146EAE700BF702B02080B2B02086E
:1074800038B50546002941D051F8043C0C1F002BAB
:10749000B8BFE41800F0E8F81D4A136833B9636018
:1074A00014602846BDE8384000F0E4B8A34208D98B
:1074B000206821188B4201BF19685B680918216098
:1074C000EDE71A465B680BB1A342FAD91168501870
:1074D000A0420BD120680144501883421160E0D1D2
:1074E00018685B68536008441060DAE702D90C231F
:1074F0002B60D6E7206821188B4204BF19685B68AF
:10750000636004BF091821605460CAE738BD00BF3A
:10751000E0F50020024B0146186800F025B800BFD6
:1075200010B4002070B50F4E0C463168054611B9F5
:1075300000F0E0FC30602146284600F0DBFC431CF4
:1075400003D14FF0FF34204670BDC41C24F0030467
:10755000A042F8D0211A284600F0CCFC0130F2D12C
:10756000EFE700BFDCF500202DE9F843CD1C25F046
:10757000030508350C2D38BF0C25002D064601DB10
:10758000A94204D90C2333600020BDE8F883DFF85A
:10759000D48000F069F8D8F800301C4644BB294676
:1075A0003046FFF7BFFF431C044658D1D8F80040CF
:1075B0002746002F43D1002C4BD023683946304654
:1075C00004EB030900F096FC814542D121686D1A55
:1075D00029463046FFF7A6FF01303AD023682B44F6
:1075E0002360D8F800305A6862BBC8F800700FE01A
:1075F0002268521B20D40B2A17D96119A342256097
:1076000018BF5960636808BFC8F8001062514B602A
:10761000304600F02FF804F10B00231D20F0070086
:10762000C21A1CBF1B1AA350AFE76268A3420CBF6B
:10763000C8F800205A60EBE723466468AEE73C4692
:107640007F68B6E71A465B68A342FBD1002353600C
:10765000DEE70C233360304600F00CF894E7056059
:10766000D6E700BFE0F500200148FFF798B800BF5B
:10767000D8F500200148FFF793B800BFD8F50020E7
:1076800070B5C66904460D4676B91020FFF742FF73
:107690000246E06120B9184B18486B21FFF782F8C9
:1076A000C0E901660660C660E669F36883B1E36914
:1076B000DB6853F82500B8B9012101FA05F6721DFF
:1076C0009200204600F03BFC60B1C0E901560EE09C
:1076D00021220421204600F032FCE369F060DB68DF
:1076E000002BE4D1002070BD026843F82520002360
:1076F000C0E90333F7E700BF2C2A0208812B0208F8
:1077000070B5C66905460C4676B91020FFF702FF32
:107710000246E86120B9094B09488F21FFF742F87A
:10772000C0E901660660C6603CB1EB696268DB686F
:1077300053F82210216043F8224070BD2C2A020821
:10774000812B02082DE9F0410D6907460C461E46C3
:1077500001F1140C0020DCF8003099B202FB016149
:107760001E0C0B0C02FB063389B2013001EB034106
:1077700085424CF8041B4FEA1346ECDC0EB3A368B9
:10778000AB4219DC616838460131FFF779FF80466A
:1077900028B902460C4B0D48BA21FFF703F82269BD
:1077A000023204F10C0192000C3000F0B3FB2146D0
:1077B0003846FFF7A5FF444604EB850301355E61BB
:1077C00025612046BDE8F081702B0208812B02085C
:1077D000B0F5803F034636BF030400201020B3F10C
:1077E000807F3CBF1B020830B3F1805F3CBF1B01B0
:1077F0000430B3F1804F3CBF9B000230002B05DB0F
:1078000013F0804F00F1010008BF2020704703688B
:10781000024613F007000BD0D90721D4980749BFBF
:107820005B089B08012013605CBF13600220704757
:1078300099B209B91B0C1020D9B209B908301B0A3A
:10784000190704BF1B090430990704BF9B080230C5
:10785000D90703D45B0800F1010003D0136070471F
:10786000002070472020704710B50C460121FFF71B
:1078700007FF024628B9054B054840F24511FEF7BF
:1078800091FF01234461036110BD00BF702B02080A
:10789000812B02082DE9F04F14460A6923699A42A8
:1078A000A8BF23460F46A4BF0C461F46D4F810A01D
:1078B000D7F81090A36861680AEB0906B34285B057
:1078C000B8BF0131FFF7DCFE30B90246444B4548F2
:1078D0004FF4B171FEF766FF00F1140505EB860861
:1078E0002B460022434521D307F1140104F1140271
:1078F00002EB8A0201EB89030293131B153B23F071
:107900000303043304F11507BA4238BF042301937B
:10791000029B03918B420CD8002E03DD58F8043DE6
:10792000002B5AD0066105B0BDE8F08F43F8042B58
:10793000D8E7B1F800A0BAF1000F23D004F1140E7B
:10794000A9464FF0000C5EF8047BD9F800301FFA0E
:1079500087FB9BB20AFB0B336344D9F800C03F0C92
:107960004FEA1C4C0AFB07C707EB13479BB243EADD
:107970000743724549F8043B4FEA174CE3D8019B93
:1079800045F803C0039BB3F802900431B9F1000F2E
:1079900021D02B6804F1140CAE464FF0000ABCF85D
:1079A00000B0BEF8027009FB0B7757449BB243EA64
:1079B00007434EF8043B5CF8043B4FEA134ABEF819
:1079C000003009FB0A3303EB174362454FEA134AC1
:1079D000E5D8019FEB5104359AE7013E9CE700BFD3
:1079E000702B0208812B02082DE9F843154612F08E
:1079F000030207460E4607D0254C013A002354F8EF
:107A00002220FFF79FFE0646AD103DD0FC697CB9F1
:107A10001020FFF77FFD0246F86128B91D4B1E4874
:107A200040F2B311FEF7BEFEC0E901440460C46039
:107A3000D7F81C80D8F808404CB940F2712138467C
:107A4000FFF712FF0023C8F80800044603604FF058
:107A50000009EB070AD5314622463846FFF71AFFE0
:107A6000314680463846FFF74BFE46466D100BD038
:107A7000206838B9224621463846FFF70BFF2060C0
:107A8000C0F800900446E4E73046BDE8F88300BF44
:107A9000DC2B02082C2A0208812B02082DE9F04772
:107AA0000C464968236903EB6218A36807469146B0
:107AB0004FEA621A08F10106B3420BDB3846FFF7C2
:107AC000DFFD054648B90246284B29484FF4EF71BF
:107AD000FEF768FE01315B00EEE7002300F11401C0
:107AE00000F110021846534533DB20692AEAEA7A8E
:107AF00004F1140319F01F0901EB8A0103EB800C58
:107B00002BD0C9F1200E8A460022186800FA09F02D
:107B100010434AF8040B53F8042B9C4522FA0EF24A
:107B2000F3D8ACEB0403153B23F00303043304F157
:107B30001500844538BF0423CA500AB108F1020673
:107B4000013E38462E612146FFF7DAFD2846BDE8A2
:107B5000F08742F8040F0133C5E7043953F8042BCA
:107B600041F8042F9C45F9D8EAE700BF702B0208C2
:107B7000812B02080A6903460069801A30B50ED1CC
:107B80001433143103EB820401EB820154F8045DD9
:107B900051F8042D954203D005D24FF0FF3030BD8F
:107BA000A342F3D3FBE70120F9E700002DE9F74FEB
:107BB00089460646114648461446FFF7DBFF051E78
:107BC00012D129463046FFF75BFD024628B93E4BED
:107BD00040F237213D48FEF7E5FD0123C0E90435B9
:107BE000104603B0BDE8F08FBCBF4B46A1463046FF
:107BF000D9F80410BABF1C4601250025FFF740FD47
:107C0000024618B9304B40F24521E3E7D9F810702D
:107C10002669C56009F1100309F1140504F1140E79
:107C200000F1140B05EB87080EEB86060193D9468D
:107C30004FF0000C019B5EF8040B53F804AF019366
:107C400081B21FFA8AF35B1A000C6344C0EB1A403E
:107C500000EB23409BB243EA0043764549F8043BDE
:107C60004FEA204CE6D8331B153B23F003031534B1
:107C70000433A64238BF04231D445B441E462C46F1
:107C800044450ED308F10301491B21F00301033DD4
:107C9000A84538BF00210B4453F8041D91B117616A
:107CA0009EE754F8041BE646080C1CFA81FC71445C
:107CB00000EB2C4089B241EA004146F8041B4FEA30
:107CC000204CDDE7013FE7E7702B0208812B02081B
:107CD0002DE973430121089E90469946FFF7D0FC99
:107CE000044630B90246244B244840F20F31FEF7D7
:107CF00059FDC9F30A55C9F313030DB143F48013B9
:107D00000193B8F1000324D068460093FFF77FFD8C
:107D1000DDE90012D8B1C0F1200302FA03F30B43EE
:107D2000C24063610192019BA361002B0CBF012241
:107D300002222261ADB1A5F2334505443560C0F1A0
:107D40003500099B1860204602B0BDE87083616170
:107D5000E9E701A8FFF75BFD019B63612030012289
:107D6000E7E704EB8203A0F2324030601869FFF7C6
:107D70002FFDC0EB4210E4E7702B0208812B0208B4
:107D8000B1F90C20F8B5160705460C4654D44B68DB
:107D9000002B02DC0B6C002B48DDE66A002E45D080
:107DA000002312F480522F68216A2B6030D0626D5C
:107DB000A389590705D56368D21A636B0BB1236C8D
:107DC000D21A0023E66A216A2846B047431CA389D9
:107DD00006D129681D292BD8284A0A41D60727D45D
:107DE00000226260D9042269226004D5421C01D1BC
:107DF0002B6803B96065616B2F60B9B104F144036E
:107E0000994202D02846FFF73BFB002363630DE055
:107E100001232846B0470246501CC9D12B68002BCD
:107E2000C6D01D2B01D0162B1DD12F60002021E0C4
:107E300043F040031BB21AE00F69002FF6D09307FE
:107E40000E6808BF4B690F6018BF0023F61B8B60DC
:107E5000002EEBDD216AD4F828C033463A46284686
:107E6000E047002807DCB4F90C3043F04003A3815D
:107E70004FF0FF30F8BD0744361AE9E7FEFFBFDFD9
:107E800038B50B6905460C4613B90025284638BDA0
:107E900018B1036A0BB9FEF78BFBB4F90C30002B59
:107EA000F3D0626ED00704D4990502D4A06DFEF71A
:107EB00076FC28462146FFF763FF636EDA07054626
:107EC000E4D4A3899B05E1D4A06DFEF769FCDDE74E
:107ED0000EB403B5014603AB054853F8042B006804
:107EE000019300F087F802B05DF804EB03B070472F
:107EF00010B4002038B5064D0023044608462B6018
:107F0000EDF7C8F9431C02D12B6803B1236038BDDB
:107F1000D4F500200A44914200F1FF3300D17047AC
:107F200010B511F8014B03F8014F9142F9D110BD82
:107F300008B5062000F032FA0120EDF77DF970B5A2
:107F4000A1FB02543CB92946FFF70EFB064628B9AF
:107F50000026304670BD0C220260F9E72A46214611
:107F6000FEF79FFBF5E782B001B901A942B14BB121
:107F700013780B601278101E18BF012002B07047F2
:107F80001046FBE76FF00100F8E70346084641B1F1
:107F9000FF2A04D98A221A604FF0FF3070470A7016
:107FA000012070479368013B002B10B4936007DAFF
:107FB0009469A34201DB0A2902D110BC00F032B956
:107FC0001368581C10601970084610BC7047F8B54B
:107FD00006460F461446D518AC4201D1002007E0F2
:107FE00014F8011B3A463046FFF7DCFF431CF3D17F
:107FF000F8BD00002DE9F04F0D469DB0144698469F
:10800000064618B1036A0BB9FEF7D2FA6B6ED907B0
:1080100005D4AB899A0502D4A86DFEF7C0FBAB89E5
:108020001B0701D52B699BB92946304600F038F96A
:1080300070B16B6EDC0704D54FF0FF301DB0BDE8AA
:10804000F08FAB899805F7D4A86DFEF7A9FBF3E78D
:108050000023099320238DF82930CDF80C8030239C
:10806000DFF8AC818DF82A304FF0010923469A469B
:1080700013F8012B0AB1252AF9D1BAEB040B0BD066
:108080005B46224629463046FFF7A1FF013000F04B
:10809000A780099A5A4409929AF80030002B00F000
:1080A0009F8000234FF0FF32CDE905230AF1010A3A
:1080B000049307938DF853301A935446052214F80D
:1080C000011B5348E8F75CF8049AD8B9D10644BFBD
:1080D00020238DF85330130744BF2B238DF85330E2
:1080E0009AF800302A2B15D0079A544600204FF0FA
:1080F0000A0C214611F8013B303B092B4BD9B0B19A
:10810000079214E0A0EB080309FA03F31343049366
:10811000A246D2E7039B191D1B680391002BBBBF2E
:108120005B4242F0020207930793B8BF04922378A0
:108130002E2B0AD163782A2B32D1039B1A1D1B6880
:10814000039243EAE37302340593DFF8C8A0217871
:1081500003225046E8F714F838B1049BA0EB0A005C
:108160004022824013430134049314F8011B2A482F
:108170008DF828100622E8F703F800283FD0274B97
:108180001BBB039B073323F0070308330393099BAF
:108190003B4409936AE70CFB02320C460120A8E736
:1081A00000230134059319464FF00A0C204610F8BD
:1081B000012B303A092A03D9002BC6D00591C4E718
:1081C0000CFB012104460123F0E703AB00932A4690
:1081D000134B04A93046FDF7A5FD0746781CD6D100
:1081E0006B6ED90705D4AB899A0502D4A86DFEF74A
:1081F000D7FAAB895B063FF51FAF09981EE703ABC3
:1082000000932A46064B04A93046FEF725F8E4E71A
:10821000E12D0208E72D0208EB2D0208255D01087B
:10822000CF7F0108F8B50E461446054618B1036A1B
:108230000BB9FEF7BDF9A369A360A3891A0701D59D
:10824000236943B92146284600F02AF818B14FF0B7
:10825000FF373846F8BD23682269981A6369F6B279
:108260008342374605DC21462846FFF709FE0028F1
:10827000EDD1A368013BA36023685A1C22601E70E5
:108280006269431C9A4204D0A389DB07E1D50A2E18
:10829000DFD121462846FFF7F3FD0028D9D0D6E7E5
:1082A00038B5294B054618680C4618B1036A0BB956
:1082B000FEF77EF9B4F90C30190722D4DA0607D498
:1082C00009222A6043F04003A3814FF0FF3033E0DE
:1082D000580712D5616B41B104F14403994202D0B1
:1082E0002846FFF7CDF800236363A38923F0240316
:1082F000A3810023636023692360A38943F00803FB
:10830000A38123694BB9A38903F42073B3F5007FDC
:1083100003D02146284600F083F8B4F90C3013F05E
:1083200001020AD00022A26062695242A26122695F
:1083300042B913F08000C5D138BD990758BF6269B2
:10834000A260F4E70020F7E710B400201F2938B539
:1083500005460C4604D9162303604FF0FF3038BDA4
:10836000C26B12B152F821304BB9284600F030F8F8
:10837000224601462846BDE8384000F017B8012BD8
:108380000AD0591C03D1162303600120E7E700211E
:1083900042F82410204698470020E0E7024B0146AF
:1083A0001868FFF7D3BF00BF10B4002038B5074DE1
:1083B00000230446084611462B60ECF735FF431CAA
:1083C00002D12B6803B1236038BD00BFD4F5002073
:1083D000ECF728BF70B50C46B1F90E10002996B025
:1083E00015461E460DDAA38913F0800F4FF00001E9
:1083F00014BF40234FF48063002031602B6016B01F
:1084000070BD6A4600F048F80028ECDB019901F4E1
:108410007041A1F50053594259414FF48063EBE795
:108420008B89F7B59D0706460C4607D504F147032F
:10843000236023610123636103B0F0BD01AB6A4691
:10844000FFF7C8FF009F054639463046FFF78CF816
:1084500048B9B4F90C309A05EED423F0030343F085
:108460000203A381E2E7A389206043F08003A38194
:10847000019BC4E904075BB1B4F90E10304600F06B
:108480001DF828B1A38923F0030343F00103A3815E
:10849000A3891D43A581CFE738B5074D00230446C6
:1084A000084611462B60ECF7ECFE431C02D12B680A
:1084B00003B1236038BD00BFD4F5002038B5064DA8
:1084C0000023044608462B60ECF7E0FE431C02D173
:1084D0002B6803B1236038BDD4F5002038B50546BC
:1084E00000F046F8294604462846E8F759FE68B9E0
:1084F00000212846E8F72CFE40B1FEF725F921239C
:10850000002103600846E8F739FD0446204638BDDF
:1085100038B504460D4600F011F810B92C46204637
:1085200038BD284600F00AF80028F8D02946204631
:10853000E8F72CFE0028F1D0F1E7000030F0004011
:108540000DD0A0F50003B3F1FE4F0AD3074B421E36
:108550009A4208D9A0F1FF4358425841704702207F
:108560007047042070470320704700BFFEFF7F0064
:1085700020F00042B2F1FF4F2DE9F04103460446DE
:108580000AD30146E8F746FC01462046E8F73AFBE5
:1085900004462046BDE8F081002AFAD0002806DA19
:1085A0000146E8F72DFB0146E8F7E8FCF0E710F09C
:1085B000FF424FEAE0513DD0C3F3160343F40003FA
:1085C000CA07A1F17F0558BF5B0000246D105B0056
:1085D000192026464FF0807172189A42DDBF561856
:1085E00064189A1A1A4601384FEA42034FEA5101B9
:1085F000F2D1BAB1144E154F30683968D6F8008000
:10860000E8F7FEFA01464046E8F7ACFD50B13068A5
:1086100039683668E8F7F6FA01463046E8F798FD1B
:1086200068B10234641004F17C5404EBC554B0E723
:108630005B0001321802FBD5013A891ABCE701340C
:1086400024F00104EEE700BFD0B50020CCB5002037
:108650002DE9F041C1F30A57A7F2FF36132E024667
:108660000B460C460546804635DC002E17DA34A34F
:10867000D3E90023E7F7E2FD00220023E8F724FA1C
:1086800050B1002C57DA24F000442C430025AC42B2
:108690002D4C08BF4FF0004423462A4624E02B4FC0
:1086A000374101EA070C5CEA000C1DD024A3D3E992
:1086B0000023E7F7C3FD00220023E8F705FA0028AE
:1086C000EAD0002CBEBF4FF480133341E41824EAF3
:1086D00007040025E0E7332E0ADDB6F5806F03D1ED
:1086E000E7F7ACFD02460B4610461946BDE8F0819F
:1086F000A7F213474FF0FF3C2CFA07F70742F3D0DD
:108700000FA3D3E90023E7F799FD00220023E8F740
:10871000DBF90028C0D0002C0ADA142E01D1013474
:1087200006E0C6F134060123B3401D444545F6D3A7
:1087300025EA0705B0E700252C46ADE7AFF300803A
:108740009C7500883CE4377E0000F0BFFFFF0F00FF
:10875000F8B500BFF8BC08BC9E467047F8B500BF2E
:08876000F8BC08BC9E467047FE
:1087680000000000010000000200000000000000FE
:108778008813000010270000204E0000307500000C
:10878800409C000050C3000060EA0000C0D4010013
:1087980080A903000053070000EA06370000000024
:1087A8005000000040F709370000000050000000AA
:1087B800C194C10000000000B227000000000000C2
:1087C80000000000000000000000000000000000A1
:1087D80000232323232323205072696D75732049B6
:1087E8006E69742053746172742023232323232316
:1087F8000D00232323232323205072696D757320D2
:10880800496E697420456E64202323232323230D96
:10881800000000000000000000000000010000004F
:10882800010000000200000000000000000000003D
:108838000100000001000000020000004142500059
:108848004F544141000D0A232323232323204C6F37
:1088580052612041637469766174696F6E2054793E
:108868007065203A202573202323232323230D0A10
:10887800000D0A232323232323202055706C696EBF
:108888006B436F756E746572204C6F6164203A207B
:108898002575202323232323230D0A000D0A2323D0
:1088A80023232323204E6578742053656E64205457
:1088B800696D65203A20202564206D696E757465A0
:1088C800207C202564207365636F6E642023232336
:1088D8002323230D0A0A000D0A23232323232320FD
:1088E80054696D6572204572726F722023232323A9
:1088F80023230D0A000D0A232323232323204C6F4F
:1089080052612055706C696E6B436F756E74657239
:10891800203A202575202323232323230D0A000D25
:108928000A232323232323205478496E6465783A45
:1089380020256420202323232323230D0A000D0A46
:1089480023232323232320525353493A20256420E9
:10895800202323232323230D0A000D0A2323232363
:108968002323204C525F5374617475733A20257326
:1089780020202323232323230D0A000D0A23232346
:10898800232323204F505F5374617475733A202555
:108998007320202323232323230D0A000D0A2323D6
:1089A80023232323204A4F494E204661696C203AED
:1089B80020256420202323232323230D0A000D0AC6
:1089C8002323232323232041434B204661696C2022
:1089D8003A20256420202323232323230D0A000D76
:1089E8000A232323232323204142502041434B20A1
:1089F8004661696C203A20536C65657020202323FA
:108A0800232323230D0A000D0A23232323232320B2
:108A18004F5441412041434B204661696C203A2024
:108A28005245424F4F5420202323232323230D0A4A
:108A3800000D0A2323232323232041434B20436F84
:108A48006E6669726D203A2050617373202023236B
:108A5800232323230D0A000D0A2323232323232062
:108A68004669727374204A6F696E2020232323237A
:108A780023230D0A000D0A232323232323204D43F8
:108A880055205265626F6F74202323232323230DFF
:108A98000A000D0A232323232323204B657920432F
:108AA8006F6E666967204279205072696D75732010
:108AB8005374617274202323232323230D0A0A008D
:108AC8000D232323232323204B657920436F6E66D0
:108AD8006967204279205072696D757320456E640C
:108AE800202323232323230D0A0A002323232323BC
:108AF8002320414343454C45524F5F4759524F202D
:108B0800536C656570202323232323230D0A002338
:108B1800232323232320414343454C45524F5F479A
:108B280059524F5F4572726F72203A202564202394
:108B380023232323230D0A00232323232323204134
:108B48004343454C45524F5F4759524F5F43616C11
:108B580063756C6174696F6E202323232323230DAF
:108B68000A00202425642025642025643B00232353
:108B78002323232320414343454C45524F5F475904
:108B8800524F5F57616B6520557020436E74203AD1
:108B9800202564202323232323230D0A00232323B2
:108BA80023232320414343454C45524F5F475952A5
:108BB8004F5F57616B6520557020232323232323A0
:108BC8000D0A00001F4F00080D4F0008F14E000865
:108BD800114F0008ED4E0008314F00082564732539
:108BE8003033643A00000000695400080955000851
:108BF8007954000815550008D95400082155000873
:108C08000000000089540008415400080D54000871
:108C1800C55300081D54000831540008D1530008FA
:108C2800D5530008E95300089D570008C5570008A8
:108C380049570008355700085377697463682074EA
:108C48006F20436C61737320256320646F6E650D1C
:108C58000A00414243004E41434B000D0A2323239F
:108C6800232323203D3D3D3D3D3D3D3D3D3D204DA4
:108C78004350532D436F6E6669726D203D3D3D3DF7
:108C88003D3D3D3D3D3D3D3D3D0D0A002323232314
:108C9800232320552F4C204652414D453A25303448
:108CA80064207C20504F52543A2564207C20445242
:108CB8003A2564207C205057523A256400207C20B5
:108CC8004D534720545950453A00434F4E46495258
:108CD8004D4544205B25735D0D0A00554E434F4EAC
:108CE8004649524D45440D0A000D0A2323232323E8
:108CF80023203D204A4F494E4544203D2000414213
:108D080050203D3D3D3D3D3D3D3D3D3D3D3D3D3D95
:108D18003D3D3D3D3D3D3D3D0D0A004F5441412007
:108D28003D3D3D3D3D3D3D3D3D3D3D3D3D3D3D3D6B
:108D38003D3D3D3D3D0D0A000D0A232323232323FA
:108D4800204A4F494E204641494C45440D0A0023CC
:108D5800232323232320552F4C204652414D453AA7
:108D68004A4F494E207C2044523A2564207C2050AA
:108D780057523A25640D0A004C6D48616E646C6563
:108D8800722053746F70206F6E20676F696E672052
:108D98002E2E2E0D0A004C6D48616E646C65722093
:108DA80053746F707065640D0A004C6D48616E6491
:108DB8006C65722073776974636820746F204F54F0
:108DC8004141206D6F64650D0A004C6D48616E6409
:108DD8006C65722073776974636820746F204142F0
:108DE80050206D6F64650D0A000D0A232323232389
:108DF8002320424541434F4E204C4F53540D0A0007
:108E08000D0A23232323232320424541434F4E2089
:108E18005245434549564544207C2044523A2564EE
:108E2800207C20525353493A2564207C20534E52CB
:108E38003A2564207C2046513A2564207C205449F8
:108E48004D453A2564207C20444553433A25642007
:108E58007C20494E464F3A3032582530325825301A
:108E68003258202530325825303258253032580DA6
:108E78000A000D0A23232323232320424541434F7D
:108E88004E204E4F542052454345495645440D0AFD
:108E9800004E564D20444154412053544F524544AE
:108EA8000D0A004E564D204441544120524553541A
:108EB8004F5245440D0A005258202D20506F7274AD
:108EC800203A202564207C2042756666203A2025B9
:108ED800640D0A004C4544204F46460D0A004C4597
:108EE80044204F4E0D0A0023232323232320442FFD
:108EF8004C204652414D453A25303464207C205060
:108F08004F52543A2564207C2044523A2564207CF0
:108F180020534C4F543A2573207C20525353493ADE
:108F28002564207C20534E523A25640D0A004E5683
:108F38004D204441544120555020544F2044415421
:108F4800450D0A004E564D20444154412053544F7C
:108F58005245204641494C45440D0A0053454E446C
:108F680020524551554553540D0A004E65787420DA
:108F7800547820696E20203A207E2564207365632A
:108F88006F6E642873290D0A004150504C494341C3
:108F980054494F4E5F56455253494F4E3A20562535
:108FA800582E25582E25580D0A004D575F4C4F5204
:108FB8004157414E5F56455253494F4E3A2020562D
:108FC80025582E25582E25580D0A004D575F524119
:108FD80044494F5F56455253494F4E3A202020206E
:108FE8005625582E25582E25580D0A004C325F5309
:108FF8005045435F56455253494F4E3A2020202052
:10900800205625582E25582E25580D0A0052505FF7
:10901800535045435F56455253494F4E3A202020FE
:1090280020205625582D25582E25582E25580D0A0E
:109038000031003200435F4D4300505F4D43000054
:10904800A0860100400D0300801A060000350C00C0
:1090580040420F0080841E0000093D0000127A0083
:109068000024F40000366E010048E801006CDC02C0
:1090780000000000000000000000000000000000E8
:1090880000000000000000000000000000000000D8
:1090980001000000020000000300000004000000BE
:1090A80001000000030000000500000001000000AE
:1090B80001000000060000000A0000002000000077
:1090C800020000000400000008000000100000007A
:1090D80040000000800000000001000000020000C5
:1090E800010002000400060008000A000C0010003D
:1090F800200040008000000108040204080101016A
:1091080001010103070100006572726F723A205273
:109118006567696F6E206973206E6F742064656679
:10912800696E656420696E20746865204D573A2021
:10913800736574206C6F726177616E5F636F6E66C2
:109148002E68206163636F7264696E676C790D0ABB
:10915800004D414320727854696D654F75740D0A4E
:10916800004D414320747854696D654F75740D0A3C
:10917800004D4143207278446F6E650D0A004D41E1
:1091880043207478446F6E650D0A00080A0C0D0EB2
:1091980010121415181A1B1D1E212403050205019F
:1091A800060202050000060000010504040202028E
:1091B8000202020202020202020202020302020286
:1091C800020202030403020202020204050403026B
:1091D8000202020506050403020202060706050448
:1091E8000302020707070605040302070700000039
:1091F800000000010201000000000002030201005B
:109208000000000304030201000000040504030237
:10921800010000050605040302010006070605040F
:109228000302010707070605040302070700000BEE
:10923800357DF2F2F233337373DEDEDEDE33337301
:1092480073F2F2F2F200000048E8010048E8010079
:1092580048E8010048E8010048E8010048E8010042
:1092680090D00300000000000C0B0A090807073221
:1092780052585F2573206F6E2066726571202564D1
:1092880020487A2061742044522025640D0A005237
:1092980058206F6E206672657120256420487A20F8
:1092A80061742044522025640D0A005458206F6EC2
:1092B800206672657120256420487A2061742044F4
:1092C800522025640D0A004D756C74695F43004D8A
:1092D800756C74695F500000399001083B90010873
:1092E8005C8C0108CF92010846880108D7920108D2
:1092F800A584998D0DBDB1545003A97D1962E69AD4
:10930800459D408715EBC90BEC67FDEABFF7965BF7
:10931800C21CAE6A5A41024F5CF434089373533F3F
:109328000C52655E28A10FB509369B3D2669CD9F75
:109338001B9E742E2DB2EEFBF64D61CE7B3E7197CF
:10934800F568002C601FC8EDBE46D94BDED4E84A4C
:109358006B2AE516C5D75594CF100681F044BAE3B9
:10936800F3FEC08AADBC4804DFC17563301A0E6DC8
:109378004C14352FE1A2CC3957F28247ACE72B9534
:10938800A098D17F667EAB83CA29D33C79E21D764B
:109398003B564E1EDB0A6CE45D6EEFA6A8A4378B25
:1093A800324359B78C64D2E0B4FA0725AF8EE91876
:1093B800D5886F7224F1C751237C9C21DDDC86851A
:1093C8009042C4AAD8050112A35FF9D0915827B9D1
:1093D8003813B333BB7089A7B622922049FF787A35
:1093E8008FF88017DA31C6B8C3B07711CBFCD63AFC
:1093F800C6F8EEF6FFD6DE916002CE56E7B54DEC24
:109408008F1F89FAEFB28EFB41B35F452353E49B6C
:1094180075E13D4C6C7EF5836851D1F9E2AB622A67
:109428000895469D30370A2F0E241BDFCD4E7FEA64
:10943800121D583436DCB45BA476B77D52DD5E135A
:10944800A6B900C140E379B6D48D67729498B08507
:10945800BBC54FED869A66118AE904FEA078254BB4
:10946800A25D80053F2170F16377AF4220E5FDBF23
:10947800811826C3BE35882E9355FC7AC8BA32E6C1
:10948800C0199EA344543B0B8CC76B28A7BC16ADD0
:10949800DB647414920C48B89FBD43C43931D3F2CD
:1094A800D58B6EDA01B19C49D8ACF3CFCAF447101A
:1094B8006FF04A5C38577397CBA1E83E96610D0F61
:1094C800E07C71CC9006F71CC26AAE6917993A27FE
:1094D800D9EB2B22D2A907332D3C15C987AA50A551
:1094E8000359091A65D784D082295A1E7BA86D2C86
:1094F800637C777BF26B6FC53001672BFED7AB7649
:10950800CA82C97DFA5947F0ADD4A2AF9CA472C0F3
:10951800B7FD9326363FF7CC34A5E5F171D8311560
:1095280004C723C31896059A071280E2EB27B27581
:1095380009832C1A1B6E5AA0523BD6B329E32F84F9
:1095480053D100ED20FCB15B6ACBBE394A4C58CFF1
:10955800D0EFAAFB434D338545F9027F503C9FA8C5
:1095680051A3408F929D38F5BCB6DA2110FFF3D293
:10957800CD0C13EC5F974417C4A77E3D645D197347
:1095880060814FDC222A908846EEB814DE5E0BDB41
:10959800E0323A0A4906245CC2D3AC629195E47978
:1095A800E7C8376D8DD54EA96C56F4EA657AAE08D2
:1095B800BA78252E1CA6B4C6E8DD741F4BBD8B8A6D
:1095C800703EB5664803F60E613557B986C11D9ED3
:1095D800E1F8981169D98E949B1E87E9CE5528DF4A
:1095E8008CA1890DBFE6426841992D0FB054BB1676
:1095F80023232323232320257320253032583A257B
:109608003032583A253032583A253032583A2530D7
:1096180032583A253032583A253032583A253032C5
:10962800583A253032583A253032583A253032588F
:109638003A253032583A253032583A253032583A9D
:10964800253032583A253032580D0A002323232377
:109658002323204465764555493A202020202020A0
:10966800253032583A253032583A253032583A2582
:109678003032583A253032583A253032583A253067
:1096880032583A253032580D0A0023232323232346
:10969800204170704555493A20202020202025304F
:1096A80032583A253032583A253032583A25303235
:1096B800583A253032583A253032583A25303258FF
:1096C8003A253032580D0A0023232323232320442C
:1096D8006576416464723A20202020202530325873
:1096E8003A253032583A253032583A253032580D1A
:1096F8000A004170704B65793A2020202020004EE6
:10970800776B4B65793A2020202020004E776B53E9
:109718004B65793A2020202000417070534B6579C1
:109728003A20202020004442496E744B65793A2043
:109738002020004D43526F6F744B65793A2020000A
:109748004D434B454B65793A20202020004D43413D
:109758007070534B65795F303A004D434E776B53C9
:109768004B65795F303A0000000000004150505FBF
:10977800FA960108010000004E574B5F0797010851
:10978800080000004E574B531497010809000000C9
:1097980041505053219701080A0000004442495F94
:1097A8002E9701080B0000004D4352543B970108C7
:1097B8000C0000004D434B45489701080D00000080
:1097C8004D434B30559701080E0000004D41533072
:1097D800559701080F0000004D4E5330629701085D
:1097E800100000005A45524FF28A0108526164691C
:1097F8006F53656E64204F76657273697A650D0ADA
:10980800004952515F52585F54585F54494D454F73
:1098180055540D0A00505245204F4B0D0A0053591C
:109828004E43204F4B0D0A00484452204F4B0D0A1F
:1098380000484452204B4F0D0A004952515F435291
:10984800435F4552524F520D0A00020100030000C7
:10985800841E0000093D0000127A000024F4000074
:1098680048E8010090D0030020A107000000000094
:10987800B128000061510000C3A2000004050600E1
:1098880021240108F12201081D2501086D23010882
:10989800352E010809240108612B0108D92901087E
:1098A800F521010865300108B12E0108F5230108EA
:1098B800E9220108992301087123010829230108D5
:1098C8001F2301082D220108292201081B23010852
:1098D80017230108B5240108E12401080D23010814
:1098E800813101088D2201085522010851310108F2
:1098F80031220108E127010869250108893F01088B
:109908008F3F01082122010825220108C01200000A
:109918001F000000A816000017000000841C0000AB
:109928000F000000E42500001E000000B42D000018
:1099380016000000083900000E0000002C4C000042
:109948001D000000685B0000150000007472000034
:109958000D000000589800001C00000034B70000FB
:1099680014000000E8E400000C0000007831010059
:109978001B000000686E01001300000034CA0100DB
:109988000B000000286202001A00000040DB020001
:10999800120000003C9303000A000000C0C204004B
:1099A8001900000060B3050011000000382007000E
:1099B8000900000020A107000000000004030202C3
:1099C8000101010100000000000000003C4E554C60
:1099D8004C3E0030313233343536373839616263C2
:1099E8006465666768696A6B6C6D6E6F70717273B7
:1099F8007475767778797A00303132333435363782
:109A080038394142434445464748494A4B4C4D4EF4
:109A18004F505152535455565758595A0000000048
:109A28000004000200060001000500030007800092
:109A38008004800280068001800580038007400042
:109A48004004400240064001400540034007C00072
:109A5800C004C002C006C001C005C003C007200082
:109A68002004200220062001200520032007A00052
:109A7800A004A002A006A001A005A003A007600002
:109A88006004600260066001600560036007E00032
:109A9800E004E002E006E001E005E003E007100072
:109AA8001004100210061001100510031007900092
:109AB8009004900290069001900590039007500042
:109AC8005004500250065001500550035007D00072
:109AD800D004D002D006D001D005D003D007300082
:109AE8003004300230063001300530033007B00052
:109AF800B004B002B006B001B005B003B007700002
:109B08007004700270067001700570037007F00031
:109B1800F004F002F006F001F005F003F007080089
:109B28000804080208060801080508030807880051
:109B38008804880288068801880588038807480001
:109B48004804480248064801480548034807C80031
:109B5800C804C802C806C801C805C803C807280041
:109B68002804280228062801280528032807A80011
:109B7800A804A802A806A801A805A803A8076800C1
:109B88006804680268066801680568036807E800F1
:109B9800E804E802E806E801E805E803E807180031
:109BA8001804180218061801180518031807980051
:109BB8009804980298069801980598039807580001
:109BC8005804580258065801580558035807D80031
:109BD800D804D802D806D801D805D803D807380041
:109BE8003804380238063801380538033807B80011
:109BF800B804B802B806B801B805B803B8077800C1
:109C08007804780278067801780578037807F800F0
:109C1800F804F802F806F801F805F803F807040054
:109C28000404040204060401040504030407840070
:109C38008404840284068401840584038407440020
:109C48004404440244064401440544034407C40050
:109C5800C404C402C406C401C405C403C407240060
:109C68002404240224062401240524032407A40030
:109C7800A404A402A406A401A405A403A4076400E0
:109C88006404640264066401640564036407E40010
:109C9800E404E402E406E401E405E403E407140050
:109CA8001404140214061401140514031407940070
:109CB8009404940294069401940594039407540020
:109CC8005404540254065401540554035407D40050
:109CD800D404D402D406D401D405D403D407340060
:109CE8003404340234063401340534033407B40030
:109CF800B404B402B406B401B405B403B4077400E0
:109D08007404740274067401740574037407F4000F
:109D1800F404F402F406F401F405F403F4070C0067
:109D28000C040C020C060C010C050C030C078C002F
:109D38008C048C028C068C018C058C038C074C00DF
:109D48004C044C024C064C014C054C034C07CC000F
:109D5800CC04CC02CC06CC01CC05CC03CC072C001F
:109D68002C042C022C062C012C052C032C07AC00EF
:109D7800AC04AC02AC06AC01AC05AC03AC076C009F
:109D88006C046C026C066C016C056C036C07EC00CF
:109D9800EC04EC02EC06EC01EC05EC03EC071C000F
:109DA8001C041C021C061C011C051C031C079C002F
:109DB8009C049C029C069C019C059C039C075C00DF
:109DC8005C045C025C065C015C055C035C07DC000F
:109DD800DC04DC02DC06DC01DC05DC03DC073C001F
:109DE8003C043C023C063C013C053C033C07BC00EF
:109DF800BC04BC02BC06BC01BC05BC03BC077C009F
:109E08007C047C027C067C017C057C037C07FC00CE
:109E1800FC04FC02FC06FC01FC05FC03FC07020038
:109E2800020402020206020102050203020782007E
:109E3800820482028206820182058203820742002E
:109E48004204420242064201420542034207C2005E
:109E5800C204C202C206C201C205C203C20722006E
:109E68002204220222062201220522032207A2003E
:109E7800A204A202A206A201A205A203A2076200EE
:109E88006204620262066201620562036207E2001E
:109E9800E204E202E206E201E205E203E20712005E
:109EA800120412021206120112051203120792007E
:109EB800920492029206920192059203920752002E
:109EC8005204520252065201520552035207D2005E
:109ED800D204D202D206D201D205D203D20732006E
:109EE8003204320232063201320532033207B2003E
:109EF800B204B202B206B201B205B203B2077200EE
:109F08007204720272067201720572037207F2001D
:109F1800F204F202F206F201F205F203F2070A0075
:109F28000A040A020A060A010A050A030A078A003D
:109F38008A048A028A068A018A058A038A074A00ED
:109F48004A044A024A064A014A054A034A07CA001D
:109F5800CA04CA02CA06CA01CA05CA03CA072A002D
:109F68002A042A022A062A012A052A032A07AA00FD
:109F7800AA04AA02AA06AA01AA05AA03AA076A00AD
:109F88006A046A026A066A016A056A036A07EA00DD
:109F9800EA04EA02EA06EA01EA05EA03EA071A001D
:109FA8001A041A021A061A011A051A031A079A003D
:109FB8009A049A029A069A019A059A039A075A00ED
:109FC8005A045A025A065A015A055A035A07DA001D
:109FD800DA04DA02DA06DA01DA05DA03DA073A002D
:109FE8003A043A023A063A013A053A033A07BA00FD
:109FF800BA04BA02BA06BA01BA05BA03BA077A00AD
:10A008007A047A027A067A017A057A037A07FA00DC
:10A01800FA04FA02FA06FA01FA05FA03FA07060040
:10A02800060406020606060106050603060786005C
:10A03800860486028606860186058603860746000C
:10A048004604460246064601460546034607C6003C
:10A05800C604C602C606C601C605C603C60726004C
:10A068002604260226062601260526032607A6001C
:10A07800A604A602A606A601A605A603A6076600CC
:10A088006604660266066601660566036607E600FC
:10A09800E604E602E606E601E605E603E60716003C
:10A0A800160416021606160116051603160796005C
:10A0B800960496029606960196059603960756000C
:10A0C8005604560256065601560556035607D6003C
:10A0D800D604D602D606D601D605D603D60736004C
:10A0E8003604360236063601360536033607B6001C
:10A0F800B604B602B606B601B605B603B6077600CC
:10A108007604760276067601760576037607F600FB
:10A11800F604F602F606F601F605F603F6070E0053
:10A128000E040E020E060E010E050E030E078E001B
:10A138008E048E028E068E018E058E038E074E00CB
:10A148004E044E024E064E014E054E034E07CE00FB
:10A15800CE04CE02CE06CE01CE05CE03CE072E000B
:10A168002E042E022E062E012E052E032E07AE00DB
:10A17800AE04AE02AE06AE01AE05AE03AE076E008B
:10A188006E046E026E066E016E056E036E07EE00BB
:10A19800EE04EE02EE06EE01EE05EE03EE071E00FB
:10A1A8001E041E021E061E011E051E031E079E001B
:10A1B8009E049E029E069E019E059E039E075E00CB
:10A1C8005E045E025E065E015E055E035E07DE00FB
:10A1D800DE04DE02DE06DE01DE05DE03DE073E000B
:10A1E8003E043E023E063E013E053E033E07BE00DB
:10A1F800BE04BE02BE06BE01BE05BE03BE077E008B
:10A208007E047E027E067E017E057E037E07FE00BA
:10A21800FE04FE02FE06FE01FE05FE03FE07010027
:10A2280000000000920E493CB10AC93C2BC3163D00
:10A238002EFB483D752B7B3D04A9963D80B6AF3D6E
:10A2480036BDC83D2FBCE13D73B2FA3D87CF093E0C
:10A258008340163EB5AB223EA2102F3ECF6E3B3E4A
:10A26800C2C5473E0115543E135C603E7F9A6C3E62
:10A27800CCCF783EC07D823E938E883E229A8E3E19
:10A2880032A0943E86A09A3EE59AA03E128FA63E42
:10A29800D47CAC3EEF63B23E2A44B83E491DBE3E74
:10A2A80015EFC33E53B9C93ECA7BCF3E4136D53EB2
:10A2B80080E8DA3E4F92E03E7533E63EBBCBEB3E9C
:10A2C800EA5AF13ECBE0F63E275DFC3EE4E7003F6C
:10A2D8003D9C033F824B063F9BF5083F6B9A0B3F23
:10A2E800DA390E3FCDD3103F2A68133FD9F6153F10
:10A2F800C07F183FC6021B3FD17F1D3FCBF61F3FD3
:10A308009967223F25D2243F5636273F1594293F87
:10A318004AEB2B3FDE3B2E3FBB85303FC9C8323F5F
:10A32800F304353F233A373F4268393F3B8F3B3F81
:10A33800F9AE3D3F67C73F3F70D8413F01E2433F19
:10A3480003E4453F65DE473F12D1493FF8BB4B3F29
:10A35800029F4D3F207A4F3F3D4D513F4918533F93
:10A3680031DB543FE595563F5348583F6AF2593F11
:10A378001A945B3F532D5D3F05BE5E3F2146603F0B
:10A3880097C5613F5A3C633F59AA643F880F663FAF
:10A39800D86B673F3CBF683FA7096A3F0C4B6B3FD0
:10A3A8005E836C3F93B26D3F9ED86E3F73F56F3FEF
:10A3B8000809713F5213723F4714733FDD0B743F16
:10A3C8000BFA743FC6DE753F07BA763FC58B773FF9
:10A3D800F853783F9812793F9DC7793F02737A3FC7
:10A3E800BE147B3FCDAC7B3F283B7C3FC9BF7C3F45
:10A3F800AC3A7D3FCCAB7D3F23137E3FB0707E3FB0
:10A408006DC47E3F580E7F3F6D4E7F3FAB847F3FCC
:10A418000FB17F3F97D37F3F43EC7F3F11FB7F3FD7
:10A428000000803F11FB7F3F43EC7F3F97D37F3F86
:10A438000FB17F3FAB847F3F6D4E7F3F580E7F3F0C
:10A448006DC47E3FB0707E3F23137E3FCCAB7D3F13
:10A45800AC3A7D3FC9BF7C3F283B7C3FCDAC7B3FBE
:10A46800BE147B3F02737A3F9DC7793F9812793FAC
:10A47800F853783FC58B773F07BA763FC6DE753FFE
:10A488000BFA743FDD0B743F4714733F5213723F4E
:10A498000809713F73F56F3F9ED86E3F93B26D3FC9
:10A4A8005E836C3F0C4B6B3FA7096A3F3CBF683F1C
:10A4B800D86B673F880F663F59AA643F5A3C633F91
:10A4C80097C5613F2146603F05BE5E3F532D5D3F06
:10A4D8001A945B3F6AF2593F5348583FE595563FF7
:10A4E80031DB543F4918533F3D4D513F207A4F3F90
:10A4F800029F4D3FF8BB4B3F12D1493F65DE473FB6
:10A5080003E4453F01E2433F70D8413F67C73F3FFF
:10A51800F9AE3D3F3B8F3B3F4268393F233A373FD7
:10A52800F304353FC9C8323FBB85303FDE3B2E3F81
:10A538004AEB2B3F1594293F5636273F25D2243F17
:10A548009967223FCBF61F3FD17F1D3FC6021B3FB5
:10A55800C07F183FD9F6153F2A68133FCDD3103F67
:10A56800DA390E3F6B9A0B3F9BF5083F824B063F4B
:10A578003D9C033FE4E7003F275DFC3ECBE0F63E11
:10A58800EA5AF13EBBCBEB3E7533E63E4F92E03ED6
:10A5980080E8DA3E4136D53ECA7BCF3E53B9C93E44
:10A5A80015EFC33E491DBE3E2A44B83EEF63B23E96
:10A5B800D47CAC3E128FA63EE59AA03E86A09A3E79
:10A5C80032A0943E229A8E3E938E883EC07D823E73
:10A5D800CCCF783E7F9A6C3E135C603E0115543EAA
:10A5E800C2C5473ECF6E3B3EA2102F3EB5AB223EC2
:10A5F8008340163E87CF093E73B2FA3D2FBCE13D3A
:10A6080036BDC83D80B6AF3D04A9963D752B7B3D50
:10A618002EFB483D2BC3163DB10AC93C920E493C5E
:10A6280000000000920E49BCB10AC9BC2BC316BD7C
:10A638002EFB48BD752B7BBD04A996BD80B6AFBD6A
:10A6480036BDC8BD2FBCE1BD73B2FABD87CF09BE08
:10A65800834016BEB5AB22BEA2102FBECF6E3BBE46
:10A66800C2C547BE011554BE135C60BE7F9A6CBE5E
:10A67800CCCF78BEC07D82BE938E88BE229A8EBE15
:10A6880032A094BE86A09ABEE59AA0BE128FA6BE3E
:10A69800D47CACBEEF63B2BE2A44B8BE491DBEBE70
:10A6A80015EFC3BE53B9C9BECA7BCFBE4136D5BEAE
:10A6B80080E8DABE4F92E0BE7533E6BEBBCBEBBE98
:10A6C800EA5AF1BECBE0F6BE275DFCBEE4E700BF68
:10A6D8003D9C03BF824B06BF9BF508BF6B9A0BBF1F
:10A6E800DA390EBFCDD310BF2A6813BFD9F615BF0C
:10A6F800C07F18BFC6021BBFD17F1DBFCBF61FBFCF
:10A70800996722BF25D224BF563627BF159429BF83
:10A718004AEB2BBFDE3B2EBFBB8530BFC9C832BF5B
:10A72800F30435BF233A37BF426839BF3B8F3BBF7D
:10A73800F9AE3DBF67C73FBF70D841BF01E243BF15
:10A7480003E445BF65DE47BF12D149BFF8BB4BBF25
:10A75800029F4DBF207A4FBF3D4D51BF491853BF8F
:10A7680031DB54BFE59556BF534858BF6AF259BF0D
:10A778001A945BBF532D5DBF05BE5EBF214660BF07
:10A7880097C561BF5A3C63BF59AA64BF880F66BFAB
:10A79800D86B67BF3CBF68BFA7096ABF0C4B6BBFCC
:10A7A8005E836CBF93B26DBF9ED86EBF73F56FBFEB
:10A7B800080971BF521372BF471473BFDD0B74BF12
:10A7C8000BFA74BFC6DE75BF07BA76BFC58B77BFF5
:10A7D800F85378BF981279BF9DC779BF02737ABFC3
:10A7E800BE147BBFCDAC7BBF283B7CBFC9BF7CBF41
:10A7F800AC3A7DBFCCAB7DBF23137EBFB0707EBFAC
:10A808006DC47EBF580E7FBF6D4E7FBFAB847FBFC8
:10A818000FB17FBF97D37FBF43EC7FBF11FB7FBFD3
:10A82800000080BF11FB7FBF43EC7FBF97D37FBF82
:10A838000FB17FBFAB847FBF6D4E7FBF580E7FBF08
:10A848006DC47EBFB0707EBF23137EBFCCAB7DBF0F
:10A85800AC3A7DBFC9BF7CBF283B7CBFCDAC7BBFBA
:10A86800BE147BBF02737ABF9DC779BF981279BFA8
:10A87800F85378BFC58B77BF07BA76BFC6DE75BFFA
:10A888000BFA74BFDD0B74BF471473BF521372BF4A
:10A89800080971BF73F56FBF9ED86EBF93B26DBFC5
:10A8A8005E836CBF0C4B6BBFA7096ABF3CBF68BF18
:10A8B800D86B67BF880F66BF59AA64BF5A3C63BF8D
:10A8C80097C561BF214660BF05BE5EBF532D5DBF02
:10A8D8001A945BBF6AF259BF534858BFE59556BFF3
:10A8E80031DB54BF491853BF3D4D51BF207A4FBF8C
:10A8F800029F4DBFF8BB4BBF12D149BF65DE47BFB2
:10A9080003E445BF01E243BF70D841BF67C73FBFFB
:10A91800F9AE3DBF3B8F3BBF426839BF233A37BFD3
:10A92800F30435BFC9C832BFBB8530BFDE3B2EBF7D
:10A938004AEB2BBF159429BF563627BF25D224BF13
:10A94800996722BFCBF61FBFD17F1DBFC6021BBFB1
:10A95800C07F18BFD9F615BF2A6813BFCDD310BF63
:10A96800DA390EBF6B9A0BBF9BF508BF824B06BF47
:10A978003D9C03BFE4E700BF275DFCBECBE0F6BE0D
:10A98800EA5AF1BEBBCBEBBE7533E6BE4F92E0BED2
:10A9980080E8DABE4136D5BECA7BCFBE53B9C9BE40
:10A9A80015EFC3BE491DBEBE2A44B8BEEF63B2BE92
:10A9B800D47CACBE128FA6BEE59AA0BE86A09ABE75
:10A9C80032A094BE229A8EBE938E88BEC07D82BE6F
:10A9D800CCCF78BE7F9A6CBE135C60BE011554BEA6
:10A9E800C2C547BECF6E3BBEA2102FBEB5AB22BEBE
:10A9F800834016BE87CF09BE73B2FABD2FBCE1BD36
:10AA080036BDC8BD80B6AFBD04A996BD752B7BBD4C
:10AA18002EFB48BD2BC316BDB10AC9BC920E49BC5A
:10AA2800000000800000803F00000000ECFF7F3F36
:10AA3800D40FC93AB1FF7F3FC70F493B4EFF7F3F55
:10AA4800C1CB963BC4FE7F3F890FC93B13FE7F3FB6
:10AA58003053FB3B39FD7F3F59CB163C39FC7F3FD8
:10AA680002ED2F3C11FB7F3F900E493CC1F97F3F1F
:10AA78000030623C4AF87F3F4B517B3CACF67F3F4D
:10AA880038398A3CE6F47F3FB6C9963CF8F27F3FF6
:10AA98001C5AA33CE3F07F3F69EAAF3CA7EE7F3F37
:10AAA8009B7ABC3C43EC7F3FB00AC93CB8E97F3F86
:10AAB800A69AD53C05E77F3F7B2AE23C2BE47F3F03
:10AAC8002DBAEE3C29E17F3FB949FB3C00DE7F3FD0
:10AAD80090EC033DAFDA7F3F2F340A3D37D77F3FF5
:10AAE800B87B103D98D37F3F2CC3163DD1CF7F3F15
:10AAF800880A1D3DE2CB7F3FCC51233DCCC77F3F29
:10AB0800F698293D8FC37F3F07E02F3D2ABF7F3F3F
:10AB1800FC26363D9EBA7F3FD56D3C3DEAB57F3F6A
:10AB280091B4423D0FB17F3F2FFB483D0DAC7F3FB5
:10AB3800AF414F3DE3A67F3F0E88553D91A17F3F32
:10AB48004CCE5B3D189C7F3F6814623D78967F3FF2
:10AB5800625A683DB1907F3F38A06E3DC28A7F3F00
:10AB6800E9E5743DAB847F3F742B7B3D6D7E7F3F71
:10AB78006CB8803D08787F3F0ADB833D7B717F3F5F
:10AB880094FD863DC76A7F3F0A208A3DEC637F3F7C
:10AB98006A428D3DE95C7F3FB464903DBF557F3F7D
:10ABA800E786933D6D4E7F3F05A9963DF4467F3F6E
:10ABB8000ACB993D543F7F3FF9EC9C3D8D377F3F51
:10ABC800CF0EA03D9D2F7F3F8C30A33D87277F3F31
:10ABD8003052A63D491F7F3FBA73A93DE4167F3F17
:10ABE8002B95AC3D580E7F3F80B6AF3DA4057F3F07
:10ABF800BBD7B23DC9FC7E3FDAF8B53DC7F37E3F0F
:10AC0800DD19B93D9DEA7E3FC33ABC3D4CE17E3F2C
:10AC18008D5BBF3DD4D77E3F397CC23D34CE7E3F6D
:10AC2800C69CC53D6DC47E3F36BDC83D7FBA7E3FDC
:10AC380086DDCB3D69B07E3FB7FDCE3D2DA67E3F7C
:10AC4800C81DD23DC99B7E3FB93DD53D3D917E3F54
:10AC5800895DD83D8B867E3F377DDB3DB17B7E3F6E
:10AC6800C49CDE3DB0707E3F2EBCE13D88657E3FD2
:10AC780076DBE43D385A7E3F9AFAE73DC14E7E3F87
:10AC88009A19EB3D23437E3F7638EE3D5E377E3F93
:10AC98002E57F13D722B7E3FC075F43D5E1F7E3FFF
:10ACA8002C94F73D24137E3F73B2FA3DC2067E3FD3
:10ACB80092D0FD3D38FA7D3F4577003E88ED7D3FD7
:10ACC8002E06023EB1E07D3F0295033EB2D37D3FA2
:10ACD800C223053E8CC67D3F6EB2063E40B97D3F1D
:10ACE8000541083ECCAB7D3F86CF093E309E7D3F77
:10ACF800F35D0B3E6E907D3F4AEC0C3E85827D3FB6
:10AD08008B7A0E3E74747D3FB708103E3D667D3FDA
:10AD1800CC96113EDE577D3FCA24133E59497D3FEC
:10AD2800B2B2143EAC3A7D3F8340163ED82B7D3FED
:10AD38003DCE173EDD1C7D3FE05B193EBC0D7D3FDF
:10AD48006BE91A3E73FE7C3FDE761C3E03EF7C3FC8
:10AD580038041E3E6CDF7C3F7B911F3EAECF7C3FAC
:10AD6800A51E213EC9BF7C3FB6AB223EBDAF7C3F8E
:10AD7800AD38243E8A9F7C3F8CC5253E318F7C3F71
:10AD88005152273EB07E7C3FFCDE283E086E7C3F59
:10AD98008D6B2A3E3A5D7C3F04F82B3E444C7C3F49
:10ADA80061842D3E283B7C3FA2102F3EE5297C3F45
:10ADB800C99C303E7A187C3FD428323EE9067C3F55
:10ADC800C4B4333E31F57B3F9840353E53E37B3F77
:10ADD80050CC363E4DD17B3FEC57383E20BF7B3FB1
:10ADE8006CE3393ECDAC7B3FCF6E3B3E539A7B3F05
:10ADF80015FA3C3EB2877B3F3E853E3EEA747B3F78
:10AE08004910403EFC617B3F379B413EE74E7B3F0C
:10AE18000726433EAB3B7B3FB9B0443E48287B3FC7
:10AE28004D3B463EBE147B3FC2C5473E0E017B3FAD
:10AE38001850493E37ED7A3F4FDA4A3E3AD97A3FC1
:10AE480067644C3E16C57A3F60EE4D3ECBB07A3F04
:10AE580038784F3E599C7A3FF101513EC1877A3F7D
:10AE6800898B523E02737A3F0115543E1C5E7A3F2D
:10AE7800589E553E10497A3F8F27573EDD337A3F1B
:10AE8800A4B0583E841E7A3F97395A3E04097A3F47
:10AE98006AC25B3E5EF3793F1A4B5D3E91DD793FB6
:10AEA800A8D35E3E9DC7793F135C603E83B1793F6E
:10AEB8005CE4613E439B793F836C633EDC84793F6D
:10AEC80086F4643E4E6E793F667C663E9A57793FBB
:10AED8002204683EC040793FBA8B693EBF29793F5A
:10AEE8002F136B3E9812793F7F9A6C3E4AFB783F4E
:10AEF800AB216E3ED6E3783FB2A86F3E3BCC783F9D
:10AF0800942F713E7BB4783F51B6723E939C783F44
:10AF1800E83C743E8684783F5AC3753E526C783F4D
:10AF2800A649773EF853783FCCCF783E773B783FB9
:10AF3800CB557A3ED122783FA4DB7B3E040A783F8A
:10AF480056617D3E10F1773FE1E67E3EF7D7773FC9
:10AF58002236803EB7BE773FC0F8803E51A5773F86
:10AF68004ABB813EC58B773FC07D823E1372773FD7
:10AF78002240833E3A58773F7002843E3C3E773FFA
:10AF8800AAC4843E1724773FCE86853ECC09773FF6
:10AF9800DF48863E5BEF763FDA0A873EC4D4763FC9
:10AFA800C1CC873E07BA763F938E883E249F763F72
:10AFB8005050893E1B84763FF8118A3EEC68763FF4
:10AFC8008AD38A3E974D763F07958B3E1B32763F54
:10AFD8006E568C3E7A16763FC0178D3EB3FA753F93
:10AFE800FCD88D3EC6DE753F229A8E3EB3C2753FB1
:10AFF800325B8F3E7BA6753F2C1C903E1C8A753FAA
:10B0080010DD903E976D753FDD9D913EED50753F8B
:10B01800945E923E1D34753F351F933E2717753F4A
:10B02800BFDF933E0BFA743F31A0943EC9DC743FF6
:10B038008D60953E62BF743FD220963ED5A1743F85
:10B0480000E1963E2284743F17A1973E4966743FFB
:10B058001661983E4B48743FFE20993E272A743F5C
:10B06800CEE0993EDD0B743F86A09A3E6EED733FAD
:10B0780027609B3ED9CE733FAF1F9C3E1FB0733FE6
:10B0880020DF9C3E3F91733F789E9D3E3972733F0F
:10B09800B85D9E3E0E53733FDF1C9F3EBE33733F29
:10B0A800EEDB9F3E4714733FE59AA03EACF4723F37
:10B0B800C259A13EEBD4723F8718A23E04B5723F35
:10B0C80033D7A23EF894723FC595A33EC774723F2A
:10B0D8003F54A43E7054723F9F12A53EF433723F12
:10B0E800E5D0A53E5213723F128FA63E8CF2713FF7
:10B0F800254DA73E9FD1713F1F0BA83E8EB0713FD3
:10B10800FEC8A83E578F713FC486A93EFB6D713FAC
:10B118006F44AA3E7A4C713F0102AB3ED42A713F7C
:10B1280077BFAB3E0809713FD47CAC3E17E7703F50
:10B13800153AAD3E02C5703F3CF7AD3EC6A2703F22
:10B1480049B4AE3E6680703F3A71AF3EE15D703FF4
:10B15800102EB03E373B703FCBEAB03E6718703FC9
:10B168006BA7B13E73F56F3FEF63B23E5AD26F3FA4
:10B178005820B33E1BAF6F3FA5DCB33EB88B6F3F83
:10B18800D698B43E30686F3FEC54B53E83446F3F69
:10B19800E610B63EB0206F3FC3CCB63EBAFC6E3F59
:10B1A8008488B73E9ED86E3F2A44B83E5DB46E3F51
:10B1B800B2FFB83EF88F6E3F1EBBB93E6D6B6E3F57
:10B1C8006E76BA3EBE466E3FA031BB3EEB216E3F67
:10B1D800B6ECBB3EF2FC6D3FAFA7BC3ED5D76D3F8A
:10B1E8008B62BD3E93B26D3F4A1DBE3E2D8D6D3FB5
:10B1F800EBD7BE3EA1676D3F6F92BF3EF2416D3FF8
:10B20800D54CC03E1D1C6D3F1E07C13E24F66C3F49
:10B2180048C1C13E07D06C3F557BC23EC5A96C3FB3
:10B228004435C33E5E836C3F15EFC33ED45C6C3F30
:10B23800C8A8C43E24366C3F5C62C53E500F6C3FC4
:10B24800D21BC63E58E86B3F29D5C63E3BC16B3F73
:10B25800628EC73EFB996B3F7C47C83E95726B3F39
:10B268007700C93E0C4B6B3F53B9C93E5E236B3F19
:10B278001072CA3E8CFB6A3FAE2ACB3E95D36A3F1A
:10B288002CE3CB3E7BAB6A3F8B9BCC3E3C836A3F37
:10B29800CA53CD3ED95A6A3FEA0BCE3E52326A3F74
:10B2A800EAC3CE3EA7096A3FCA7BCF3ED7E0693FD3
:10B2B8008A33D03EE4B7693F2AEBD03ECC8E693F53
:10B2C800AAA2D13E9165693F095AD23E323C693FF4
:10B2D8004811D33EAE12693F67C8D33E07E9683FBD
:10B2E800647FD43E3CBF683F4136D53E4C95683FAD
:10B2F800FDECD53E396B683F99A3D63E0341683FC4
:10B30800135AD73EA816683F6B10D83E2AEC673F01
:10B31800A3C6D83E87C1673FB97CD93EC196673F6F
:10B32800AD32DA3ED86B673F80E8DA3ECA40673F05
:10B33800319EDB3E9915673FC153DC3E45EA663FC7
:10B348002E09DD3ECCBE663F79BEDD3E3093663FBA
:10B35800A273DE3E7167663FA928DF3E8E3B663FDB
:10B368008DDDDF3E880F663F4F92E03E5EE3653F2E
:10B37800EE46E13E10B7653F6AFBE13EA08A653FB5
:10B38800C4AFE23E0B5E653FFA63E33E5431653F6E
:10B398000E18E43E7904653FFECBE43E7BD7643F5C
:10B3A800CB7FE53E59AA643F7533E63E147D643F82
:10B3B800FBE6E63EAC4F643F5D9AE73E2122643FE0
:10B3C8009C4DE83E73F4633FB700E93EA1C6633F76
:10B3D800AEB3E93EAC98633F8166EA3E956A633F47
:10B3E8003019EB3E5A3C633FBBCBEB3EFC0D633F51
:10B3F800217EEC3E7BDF623F6330ED3ED7B0623F9B
:10B4080080E2ED3E1082623F7994EE3E2653623F21
:10B418004C46EF3E1A24623FFBF7EF3EEAF4613FE9
:10B4280085A9F03E98C5613FEA5AF13E2296613FF0
:10B43800290CF23E8A66613F43BDF23ED036613F39
:10B44800386EF33EF206613F071FF43EF2D6603FC6
:10B45800B1CFF43ECFA6603F3580F53E8976603F98
:10B468009330F63E2146603FCBE0F63E9615603FAE
:10B47800DC90F73EE9E45F3FC840F83E19B45F3F0F
:10B488008EF0F83E27835F3F2DA0F93E12525F3FB2
:10B49800A54FFA3EDB205F3FF7FEFA3E81EF5E3FA5
:10B4A80022AEFB3E05BE5E3F275DFC3E678C5E3FDD
:10B4B800040CFD3EA65A5E3FBBBAFD3EC3285E3F64
:10B4C8004A69FE3EBEF65D3FB217FF3E97C45D3F38
:10B4D800F3C5FF3E4D925D3F063A003FE15F5D3F99
:10B4E800FF90003F532D5D3FE4E7003FA3FA5C3F28
:10B4F800B53E013FD1C75C3F7395013FDD945C3F8A
:10B508001CEC013FC7615C3FB142023F8E2E5C3F9D
:10B518003299023F34FB5B3F9FEF023FB8C75B3F66
:10B52800F845033F1A945B3F3D9C033F5A605B3FDD
:10B538006DF2033F792C5B3F8948043F75F85A3F09
:10B54800919E043F50C45A3F84F4043F09905A3FE7
:10B55800624A053FA05B5A3F2CA0053F16275A3F79
:10B56800E2F5053F6AF2593F824B063F9CBD593FC1
:10B578000EA1063FAD88593F86F6063F9C53593FBA
:10B58800E84B073F6A1E593F36A1073F17E9583F66
:10B598006FF6073FA1B3583F924B083F0B7E583FC9
:10B5A800A1A0083F5348583F9BF5083F7912583FE0
:10B5B8007F4A093F7FDC573F4E9F093F63A6573FAD
:10B5C80009F4093F2670573FAD480A3FC739573F2E
:10B5D8003D9D0A3F4803573FB7F10A3FA7CC563F66
:10B5E8001C460B3FE595563F6B9A0B3F025F563F53
:10B5F800A5EE0B3FFE27563FC9420C3FD9F0553FF9
:10B60800D7960C3F93B9553FD0EA0C3F2C82553F53
:10B61800B33E0D3FA44A553F81920D3FFB12553F63
:10B6280038E60D3F31DB543FDA390E3F47A3543F2C
:10B63800658D0E3F3B6B543FDBE00E3F0F33543FAD
:10B648003B340F3FC3FA533F84870F3F55C2533FE4
:10B65800B8DA0F3FC789533FD52D103F1851533FD4
:10B66800DC80103F4918533FCDD3103F59DF523F7C
:10B67800A726113F49A6523F6B79113F186D523FDB
:10B6880019CC113FC633523FB01E123F54FA513FF6
:10B698003071123FC2C0513F9AC3123F1087513FC9
:10B6A800EE15133F3D4D513F2A68133F4A13513F52
:10B6B80050BA133F37D9503F5F0C143F039F503F98
:10B6C800585E143FAF64503F39B0143F3B2A503F97
:10B6D8000402153FA8EF4F3FB753153FF4B44F3F4F
:10B6E80054A5153F1F7A4F3FD9F6153F2B3F4F3FC3
:10B6F8004748163F17044F3F9F99163FE4C84E3FEF
:10B70800DFEA163F908D4E3F073C173F1C524E3FD5
:10B71800188D173F89164E3F12DE173FD5DA4D3F79
:10B72800F52E183F029F4D3FC07F183F10634D3FD5
:10B7380073D0183FFD264D3F0F21193FCBEA4C3FF0
:10B748009471193F79AE4C3F00C2193F08724C3FC3
:10B7580055121A3F78354C3F93621A3FC7F84B3F52
:10B76800B8B21A3FF8BB4B3FC6021B3F097F4B3F9D
:10B77800BB521B3FFA414B3F99A21B3FCC044B3FA6
:10B788005FF21B3F7FC74A3F0C421C3F138A4A3F68
:10B79800A2911C3F874C4A3F1FE11C3FDC0E4A3FE9
:10B7A80084301D3F12D1493FD17F1D3F2993493F26
:10B7B80006CF1D3F2155493F221E1E3FFA16493F1D
:10B7C800266D1E3FB3D8483F12BC1E3F4E9A483FD5
:10B7D800E50A1F3FCA5B483F9F591F3F271D483F47
:10B7E80041A81F3F65DE473FCBF61F3F849F473F79
:10B7F8003B45203F8560473F9393203F6721473F64
:10B80800D2E1203F2AE2463FF92F213FCEA2463F10
:10B81800067E213F5463463FFBCB213FBB23463F77
:10B82800D719223F03E4453F9967223F2DA4453F9E
:10B8380043B5223F3964453FD302233F2624453F81
:10B848004B50233FF5E3443FA99D233FA5A3443F25
:10B85800EEEA233F3763443F1A38243FAB22443F84
:10B868002C85243F00E2433F25D2243F38A1433FA3
:10B87800041F253F5160433FCB6B253F4C1F433F7F
:10B8880077B8253F29DE423F0A05263FE89C423F1C
:10B898008451263F895B423FE39D263F0B1A423F76
:10B8A8002AEA263F70D8413F5636273FB796413F90
:10B8B8006882273FE154413F61CE273FEC12413F68
:10B8C800401A283FDAD0403F0566283FA98E403FFE
:10B8D800B0B1283F5C4C403F41FD283FF009403F54
:10B8E800B848293F67C73F3F1594293FC0843F3F69
:10B8F80057DF293FFC413F3F802A2A3F1BFF3E3F3D
:10B908008E752A3F1BBC3E3F82C02A3FFF783E3FD0
:10B918005B0B2B3FC5353E3F1B562B3F6EF23D3F21
:10B92800BFA02B3FF9AE3D3F4AEB2B3F676B3D3F36
:10B93800B9352C3FB8273D3F0F802C3FECE33C3F07
:10B9480049CA2C3F03A03C3F69142D3FFC5B3C3F98
:10B958006F5E2D3FD9173C3F59A82D3F98D33B3FE9
:10B9680029F22D3F3B8F3B3FDE3B2E3FC14A3B3FF9
:10B9780078852E3F29063B3FF7CE2E3F75C13A3FCB
:10B988005B182F3FA47C3A3FA5612F3FB7373A3F5A
:10B99800D3AA2F3FACF2393FE6F32F3F85AD393FAD
:10B9A800DE3C303F4268393FBB85303FE122393FBA
:10B9B8007CCE303F65DD383F2217313FCB97383F8B
:10B9C800AD5F313F1652383F1DA8313F430C383F19
:10B9D80071F0313F55C6373FAA38323F4A80373F6A
:10B9E800C780323F233A373FC9C8323FDFF3363F7B
:10B9F800AF10333F7FAD363F7A58333F0467363F49
:10BA080029A0333F6C20363FBCE7333FB8D9353FD8
:10BA1800342F343FE792353F8F76343FFB4B353F29
:10BA2800CFBD343FF304353FF304353FCFBD343F3A
:10BA3800FB4B353F8F76343FE792353F342F343F09
:10BA4800B8D9353FBCE7333F6C20363F29A0333F98
:10BA58000467363F7A58333F7FAD363FAF10333FE8
:10BA6800DFF3363FC9C8323F233A373FC780323FFA
:10BA78004A80373FAA38323F55C6373F71F0313FC9
:10BA8800430C383F1DA8313F1652383FAD5F313F58
:10BA9800CB97383F2217313F65DD383F7CCE303FAA
:10BAA800E122393FBB85303F4268393FDE3C303FB9
:10BAB80085AD393FE6F32F3FACF2393FD3AA2F3F8C
:10BAC800B7373A3FA5612F3FA47C3A3F5B182F3F19
:10BAD80075C13A3FF7CE2E3F29063B3F78852E3F6A
:10BAE800C14A3B3FDE3B2E3F3B8F3B3F29F22D3F78
:10BAF80098D33B3F59A82D3FD9173C3F6F5E2D3F48
:10BB0800FC5B3C3F69142D3F03A03C3F49CA2C3FD6
:10BB1800ECE33C3F0F802C3FB8273D3FB9352C3F25
:10BB2800676B3D3F4AEB2B3FF9AE3D3FBFA02B3F34
:10BB38006EF23D3F1B562B3FC5353E3F5B0B2B3FFF
:10BB4800FF783E3F82C02A3F1BBC3E3F8E752A3F8E
:10BB58001BFF3E3F802A2A3FFC413F3F57DF293FDA
:10BB6800C0843F3F1594293F67C73F3FB848293FE6
:10BB7800F009403F41FD283F5C4C403FB0B1283FB1
:10BB8800A98E403F0566283FDAD0403F401A283F3B
:10BB9800EC12413F61CE273FE154413F6882273F85
:10BBA800B796413F5636273F70D8413F2AEA263F8D
:10BBB8000B1A423FE39D263F895B423F8451263F53
:10BBC800E89C423F0A05263F29DE423F77B8253FD9
:10BBD8004C1F433FCB6B253F5160433F041F253F1C
:10BBE80038A1433F25D2243F00E2433F2C85243F20
:10BBF800AB22443F1A38243F3763443FEEEA233FE1
:10BC0800A5A3443FA99D233FF5E3443F4B50233F61
:10BC18002624453FD302233F3964453F43B5223F9D
:10BC28002DA4453F9967223F03E4453FD719223F9A
:10BC3800BB23463FFBCB213F5463463F067E213F53
:10BC4800CEA2463FF92F213F2AE2463FD2E1203FCC
:10BC58006721473F9393203F8560473F3B45203FFF
:10BC6800849F473FCBF61F3F65DE473F41A81F3FF4
:10BC7800271D483F9F591F3FCA5B483FE50A1F3FA2
:10BC88004E9A483F12BC1E3FB3D8483F266D1E3F10
:10BC9800FA16493F221E1E3F2155493F06CF1D3F38
:10BCA8002993493FD17F1D3F12D1493F84301D3F21
:10BCB800DC0E4A3F1FE11C3F874C4A3FA2911C3FC4
:10BCC800138A4A3F0C421C3F7FC74A3F5FF21B3F23
:10BCD800CC044B3F99A21B3FFA414B3FBB521B3F41
:10BCE800097F4B3FC6021B3FF8BB4B3FB8B21A3F18
:10BCF800C7F84B3F93621A3F78354C3F55121A3FAD
:10BD080008724C3F00C2193F79AE4C3F9471193FFD
:10BD1800CBEA4C3F0F21193FFD264D3F73D0183F0A
:10BD280010634D3FC07F183F029F4D3FF52E183FCF
:10BD3800D5DA4D3F12DE173F89164E3F188D173F53
:10BD48001C524E3F073C173F908D4E3FDFEA163F8F
:10BD5800E4C84E3F9F99163F17044F3F4748163F88
:10BD68002B3F4F3FD9F6153F1F7A4F3F54A5153F3C
:10BD7800F4B44F3FB753153FA8EF4F3F0402153FA8
:10BD88003B2A503F39B0143FAF64503F585E143FD0
:10BD9800039F503F5F0C143F37D9503F50BA133FB1
:10BDA8004A13513F2A68133F3D4D513FEE15133F4B
:10BDB8001087513F9AC3123FC2C0513F3071123FA2
:10BDC80054FA513FB01E123FC633523F19CC113FAF
:10BDD800186D523F6B79113F49A6523FA726113F74
:10BDE80059DF523FCDD3103F4918533FDC80103FF5
:10BDF8001851533FD52D103FC789533FB8DA0F3F2D
:10BE080055C2533F84870F3FC3FA533F3B340F3F1C
:10BE18000F33543FDBE00E3F3B6B543F658D0E3FC5
:10BE280047A3543FDA390E3F31DB543F38E60D3F24
:10BE3800FB12553F81920D3FA44A553FB33E0D3F3B
:10BE48002C82553FD0EA0C3F93B9553FD7960C3F0B
:10BE5800D9F0553FC9420C3FFE27563FA5EE0B3F90
:10BE6800025F563F6B9A0B3FE595563F1C460B3FCA
:10BE7800A7CC563FB7F10A3F4803573F3D9D0A3FBD
:10BE8800C739573FAD480A3F2670573F09F4093F65
:10BE980063A6573F4E9F093F7FDC573F7F4A093FC4
:10BEA8007912583F9BF5083F5348583FA1A0083FD7
:10BEB8000B7E583F924B083FA1B3583F6FF6073FA0
:10BEC80017E9583F36A1073F6A1E593FE84B073F1D
:10BED8009C53593F86F6063FAD88593F0EA1063F51
:10BEE8009CBD593F824B063F6AF2593FE2F5053F38
:10BEF80016275A3F2CA0053FA05B5A3F624A053FD0
:10BF080009905A3F84F4043F50C45A3F919E043F1D
:10BF180075F85A3F8948043F792C5B3F6DF2033F1F
:10BF28005A605B3F3D9C033F1A945B3FF845033FD3
:10BF3800B8C75B3F9FEF023F34FB5B3F3299023F3C
:10BF48008E2E5C3FB142023FC7615C3F1CEC013F53
:10BF5800DD945C3F7395013FD1C75C3FB53E013F1F
:10BF6800A3FA5C3FE4E7003F532D5D3FFF90003F9D
:10BF7800E15F5D3F063A003F4D925D3FF3C5FF3EEE
:10BF880097C45D3FB217FF3EBEF65D3F4A69FE3E6D
:10BF9800C3285E3FBBBAFD3EA65A5E3F040CFD3E79
:10BFA800678C5E3F275DFC3E05BE5E3F22AEFB3ED2
:10BFB80081EF5E3FF7FEFA3EDB205F3FA54FFA3E7A
:10BFC80012525F3F2DA0F93E27835F3F8EF0F83E67
:10BFD80019B45F3FC840F83EE9E45F3FDC90F73EA4
:10BFE8009615603FCBE0F63E2146603F9330F63E23
:10BFF8008976603F3580F53ECFA6603FB1CFF43EED
:10C00800F2D6603F071FF43EF206613F386EF33EFA
:10C01800D036613F43BDF23E8A66613F290CF23E4D
:10C028002296613FEA5AF13E98C5613F85A9F03EE4
:10C03800EAF4613FFBF7EF3E1A24623F4C46EF3EBD
:10C048002653623F7994EE3E1082623F80E2ED3ED5
:10C05800D7B0623F6330ED3E7BDF623F217EEC3E2E
:10C06800FC0D633FBBCBEB3E5A3C633F3019EB3EC4
:10C07800956A633F8166EA3EAC98633FAEB3E93E9A
:10C08800A1C6633FB700E93E73F4633F9C4DE83EA9
:10C098002122643F5D9AE73EAC4F643FFBE6E63EF3
:10C0A800147D643F7533E63E59AA643FCB7FE53E75
:10C0B8007BD7643FFECBE43E7904653F0E18E43E2F
:10C0C8005431653FFA63E33E0B5E653FC4AFE23E21
:10C0D800A08A653F6AFBE13E10B7653FEE46E13E48
:10C0E8005EE3653F4F92E03E880F663F8DDDDF3EA1
:10C0F8008E3B663FA928DF3E7167663FA273DE3E2E
:10C108003093663F79BEDD3ECCBE663F2E09DD3EEC
:10C1180045EA663FC153DC3E9915673F319EDB3ED9
:10C12800CA40673F80E8DA3ED86B673FAD32DA3EF7
:10C13800C196673FB97CD93E87C1673FA3C6D83E41
:10C148002AEC673F6B10D83EA816683F135AD73EB3
:10C158000341683F99A3D63E396B683FFDECD53E55
:10C168004C95683F4136D53E3CBF683F647FD43E1E
:10C1780007E9683F67C8D33EAE12693F4811D33E0E
:10C18800323C693F095AD23E9165693FAAA2D13E25
:10C19800CC8E693F2AEBD03EE4B7693F8A33D03E64
:10C1A800D7E0693FCA7BCF3EA7096A3FEAC3CE3EC4
:10C1B80052326A3FEA0BCE3ED95A6A3FCA53CD3E45
:10C1C8003C836A3F8B9BCC3E7BAB6A3F2CE3CB3EE8
:10C1D80095D36A3FAE2ACB3E8CFB6A3F1072CA3EAB
:10C1E8005E236B3F53B9C93E0C4B6B3F7700C93E8A
:10C1F80095726B3F7C47C83EFB996B3F628EC73E8A
:10C208003BC16B3F29D5C63E58E86B3FD21BC63EA3
:10C21800500F6C3F5C62C53E24366C3FC8A8C43ED4
:10C22800D45C6C3F15EFC33E5E836C3F4435C33E20
:10C23800C5A96C3F557BC23E07D06C3F48C1C13E83
:10C2480024F66C3F1E07C13E1D1C6D3FD54CC03EF9
:10C25800F2416D3F6F92BF3EA1676D3FEBD7BE3E87
:10C268002D8D6D3F4A1DBE3E93B26D3F8B62BD3E24
:10C27800D5D76D3FAFA7BC3EF2FC6D3FB6ECBB3ED9
:10C28800EB216E3FA031BB3EBE466E3F6E76BA3E96
:10C298006D6B6E3F1EBBB93EF88F6E3FB2FFB83E66
:10C2A8005DB46E3F2A44B83E9ED86E3F8488B73E40
:10C2B800BAFC6E3FC3CCB63EB0206F3FE610B63E28
:10C2C80083446F3FEC54B53E30686F3FD698B43E18
:10C2D800B88B6F3FA5DCB33E1BAF6F3F5820B33E12
:10C2E8005AD26F3FEF63B23E73F56F3F6BA7B13E13
:10C2F8006718703FCBEAB03E373B703F102EB03E18
:10C30800E15D703F3A71AF3E6680703F49B4AE3E22
:10C31800C6A2703F3CF7AD3E02C5703F153AAD3E30
:10C3280017E7703FD47CAC3E0809713F77BFAB3E3E
:10C33800D42A713F0102AB3E7A4C713F6F44AA3E4A
:10C34800FB6D713FC486A93E578F713FFEC8A83E5A
:10C358008EB0713F1F0BA83E9FD1713F254DA73E60
:10C368008CF2713F128FA63E5213723FE5D0A53E64
:10C37800F433723F9F12A53E7054723F3F54A43E5F
:10C38800C774723FC595A33EF894723F33D7A23E57
:10C3980004B5723F8718A23EEBD4723FC259A13E42
:10C3A800ACF4723FE59AA03E4714733FEEDB9F3E24
:10C3B800BE33733FDF1C9F3E0E53733FB85D9E3EF6
:10C3C8003972733F789E9D3E3F91733F20DF9C3EBC
:10C3D8001FB0733FAF1F9C3ED9CE733F27609B3E73
:10C3E8006EED733F86A09A3EDD0B743FCEE0993E1A
:10C3F800272A743FFE20993E4B48743F1661983EA9
:10C408004966743F17A1973E2284743F00E1963E27
:10C41800D5A1743FD220963E62BF743F8D60953E91
:10C42800C9DC743F31A0943E0BFA743FBFDF933EE2
:10C438002717753F351F933E1D34753F945E923E16
:10C44800ED50753FDD9D913E976D753F10DD903E37
:10C458001C8A753F2C1C903E7BA6753F325B8F3E35
:10C46800B3C2753F229A8E3EC6DE753FFCD88D3E1C
:10C47800B3FA753FC0178D3E7A16763F6E568C3EDE
:10C488001B32763F07958B3E974D763F8AD38A3E7F
:10C49800EC68763FF8118A3E1B84763F5050893EFF
:10C4A800249F763F938E883E07BA763FC1CC873E5D
:10C4B800C4D4763FDA0A873E5BEF763FDF48863E94
:10C4C800CC09773FCE86853E1724773FAAC4843EA1
:10C4D8003C3E773F7002843E3A58773F2240833E85
:10C4E8001372773FC07D823EC58B773F4ABB813E42
:10C4F80051A5773FC0F8803EB7BE773F2236803ED1
:10C50800F7D7773FE1E67E3E10F1773F56617D3EF3
:10C51800040A783FA4DB7B3ED122783FCB557A3E94
:10C52800773B783FCCCF783EF853783FA649773EA3
:10C53800526C783F5AC3753E8684783FE83C743E17
:10C54800939C783F51B6723E7BB4783F942F713EEE
:10C558003BCC783FB2A86F3ED6E3783FAB216E3E26
:10C568004AFB783F7F9A6C3E9812793F2F136B3EB7
:10C57800BF29793FBA8B693EC040793F2204683EA3
:10C588009A57793F667C663E4E6E793F86F4643EE4
:10C59800DC84793F836C633E439B793F5CE4613E76
:10C5A80083B1793F135C603E9DC7793FA8D35E3E57
:10C5B80091DD793F1A4B5D3E5EF3793F6AC25B3E7F
:10C5C80004097A3F97395A3E841E7A3FA4B0583EF0
:10C5D800DD337A3F8F27573E10497A3F589E553EA4
:10C5E8001C5E7A3F0115543E02737A3F898B523E96
:10C5F800C1877A3FF101513E599C7A3F38784F3EC6
:10C60800CBB07A3F60EE4D3E16C57A3F67644C3E2C
:10C618003AD97A3F4FDA4A3E37ED7A3F1850493EC9
:10C628000E017B3FC2C5473EBE147B3F4D3B463E95
:10C6380048287B3FB9B0443EAB3B7B3F0726433E8F
:10C64800E74E7B3F379B413EFC617B3F4910403EB4
:10C65800EA747B3F3E853E3EB2877B3F15FA3C3EFF
:10C66800539A7B3FCF6E3B3ECDAC7B3F6CE3393E6C
:10C6780020BF7B3FEC57383E4DD17B3F50CC363EF8
:10C6880053E37B3F9840353E31F57B3FC4B4333E9E
:10C69800E9067C3FD428323E7A187C3FC99C303E5C
:10C6A800E5297C3FA2102F3E283B7C3F61842D3E2C
:10C6B800444C7C3F04F82B3E3A5D7C3F8D6B2A3E10
:10C6C800086E7C3FFCDE283EB07E7C3F5152273E00
:10C6D800318F7C3F8CC5253E8A9F7C3FAD38243EF8
:10C6E800BDAF7C3FB6AB223EC9BF7C3FA51E213EF5
:10C6F800AECF7C3F7B911F3E6CDF7C3F38041E3EF3
:10C7080003EF7C3FDE761C3E73FE7C3F6BE91A3EEE
:10C71800BC0D7D3FE05B193EDD1C7D3F3DCE173EE5
:10C72800D82B7D3F8340163EAC3A7D3FB2B2143ED3
:10C7380059497D3FCA24133EDE577D3FCC96113EB2
:10C748003D667D3FB708103E74747D3F8B7A0E3E80
:10C7580085827D3F4AEC0C3E6E907D3FF35D0B3E3B
:10C76800309E7D3F86CF093ECCAB7D3F0541083EDC
:10C7780040B97D3F6EB2063E8CC67D3FC223053E62
:10C78800B2D37D3F0295033EB1E07D3F2E06023EC7
:10C7980088ED7D3F4577003E38FA7D3F92D0FD3DDC
:10C7A800C2067E3F73B2FA3D24137E3F2C94F73DB8
:10C7B8005E1F7E3FC075F43D722B7E3F2E57F13DC4
:10C7C8005E377E3F7638EE3D23437E3F9A19EB3D38
:10C7D800C14E7E3F9AFAE73D385A7E3F76DBE43D0C
:10C7E80088657E3F2EBCE13DB0707E3FC49CDE3D37
:10C7F800B17B7E3F377DDB3D8B867E3F895DD83DB3
:10C808003D917E3FB93DD53DC99B7E3FC81DD23D78
:10C818002DA67E3FB7FDCE3D69B07E3F86DDCB3D80
:10C828007FBA7E3F36BDC83D6DC47E3FC69CC53DC0
:10C8380034CE7E3F397CC23DD4D77E3F8D5BBF3D31
:10C848004CE17E3FC33ABC3D9DEA7E3FDD19B93DD0
:10C85800C7F37E3FDAF8B53DC9FC7E3FBBD7B23D92
:10C86800A4057F3F80B6AF3D580E7F3F2B95AC3D6A
:10C87800E4167F3FBA73A93D491F7F3F3052A63D5A
:10C8880087277F3F8C30A33D9D2F7F3FCF0EA03D54
:10C898008D377F3FF9EC9C3D543F7F3F0ACB993D54
:10C8A800F4467F3F05A9963D6D4E7F3FE786933D51
:10C8B800BF557F3FB464903DE95C7F3F6A428D3D40
:10C8C800EC637F3F0A208A3DC76A7F3F94FD863D1F
:10C8D8007B717F3F0ADB833D08787F3F6CB8803DE2
:10C8E8006D7E7F3F742B7B3DAB847F3FE9E5743DD4
:10C8F800C28A7F3F38A06E3DB1907F3F625A683D43
:10C9080078967F3F6814623D189C7F3F4CCE5B3D14
:10C9180091A17F3F0E88553DE3A67F3FAF414F3D34
:10C928000DAC7F3F2FFB483D0FB17F3F91B4423D97
:10C93800EAB57F3FD56D3C3D9EBA7F3FFC26363D2C
:10C948002ABF7F3F07E02F3D8FC37F3FF698293DE1
:10C95800CCC77F3FCC51233DE2CB7F3F880A1D3DAA
:10C96800D1CF7F3F2CC3163D98D37F3FB87B103D76
:10C9780037D77F3F2F340A3DAFDA7F3F90EC033D36
:10C9880000DE7F3FB949FB3C29E17F3F2DBAEE3CF1
:10C998002BE47F3F7B2AE23C05E77F3FA69AD53C04
:10C9A800B8E97F3FB00AC93C43EC7F3F9B7ABC3C67
:10C9B800A7EE7F3F69EAAF3CE3F07F3F1C5AA33CF8
:10C9C800F8F27F3FB6C9963CE6F47F3F38398A3C97
:10C9D800ACF67F3F4B517B3C4AF87F3F0030623CCE
:10C9E800C1F97F3F900E493C11FB7F3F02ED2F3C80
:10C9F80039FC7F3F59CB163C39FD7F3F3053FB3B19
:10CA080013FE7F3F890FC93BC4FE7F3FC1CB963BD6
:10CA18004EFF7F3FC70F493BB1FF7F3FD40FC93A55
:10CA2800ECFF7F3F000000000000803FD40FC9BA30
:10CA3800ECFF7F3FC70F49BBB1FF7F3FC1CB96BB20
:10CA48004EFF7F3F890FC9BBC4FE7F3F3053FBBBFE
:10CA580013FE7F3F59CB16BC39FD7F3F02ED2FBC3B
:10CA680039FC7F3F900E49BC11FB7F3F003062BC10
:10CA7800C1F97F3F4B517BBC4AF87F3F38398ABCAC
:10CA8800ACF67F3FB6C996BCE6F47F3F1C5AA3BC00
:10CA9800F8F27F3F69EAAFBCE3F07F3F9B7ABCBC0A
:10CAA800A7EE7F3FB00AC9BC43EC7F3FA69AD5BC2E
:10CAB800B8E97F3F7B2AE2BC05E77F3F2DBAEEBC91
:10CAC8002BE47F3FB949FBBC29E17F3F90EC03BDD4
:10CAD80000DE7F3F2F340ABDAFDA7F3FB87B10BD41
:10CAE80037D77F3F2CC316BD98D37F3F880A1DBD1B
:10CAF800D1CF7F3FCC5123BDE2CB7F3FF69829BDF4
:10CB0800CCC77F3F07E02FBD8FC37F3FFC2636BDD4
:10CB18002ABF7F3FD56D3CBD9EBA7F3F91B442BDD1
:10CB2800EAB57F3F2FFB48BD0FB17F3FAF414FBDF7
:10CB38000DAC7F3F0E8855BDE3A67F3F4CCE5BBD55
:10CB480091A17F3F681462BD189C7F3F625A68BDFF
:10CB580078967F3F38A06EBDB1907F3FE9E574BD00
:10CB6800C28A7F3F742B7BBDAB847F3F6CB880BD8E
:10CB78006D7E7F3F0ADB83BD08787F3F94FD86BDCD
:10CB88007B717F3F0A208ABDC76A7F3F6A428DBD9D
:10CB9800EC637F3FB46490BDE95C7F3FE78693BD5B
:10CBA800BF557F3F05A996BD6D4E7F3F0ACB99BD06
:10CBB800F4467F3FF9EC9CBD543F7F3FCF0EA0BDAC
:10CBC8008D377F3F8C30A3BD9D2F7F3F3052A6BD50
:10CBD80087277F3FBA73A9BD491F7F3F2B95ACBDFF
:10CBE800E4167F3F80B6AFBD580E7F3FBBD7B2BDBE
:10CBF800A4057F3FDAF8B5BDC9FC7E3FDD19B9BD94
:10CC0800C7F37E3FC33ABCBD9DEA7E3F8D5BBFBD87
:10CC18004CE17E3F397CC2BDD4D77E3FC69CC5BDA2
:10CC280034CE7E3F36BDC8BD6DC47E3F86DDCBBDEC
:10CC38007FBA7E3FB7FDCEBD69B07E3FC81DD2BD6D
:10CC48002DA67E3FB93DD5BDC99B7E3F895DD8BD28
:10CC58003D917E3F377DDBBD8B867E3FC49CDEBD2C
:10CC6800B17B7E3F2EBCE1BDB0707E3F76DBE4BD7C
:10CC780088657E3F9AFAE7BD385A7E3F9A19EBBD20
:10CC8800C14E7E3F7638EEBD23437E3F2E57F1BD21
:10CC98005E377E3FC075F4BD722B7E3F2C94F7BD86
:10CCA8005E1F7E3F73B2FABD24137E3F92D0FDBD56
:10CCB800C2067E3F457700BE38FA7D3F2E0602BE8B
:10CCC80088ED7D3F029503BEB1E07D3FC22305BEDE
:10CCD800B2D37D3F6EB206BE8CC67D3F054108BE0D
:10CCE80040B97D3F86CF09BECCAB7D3FF35D0BBE1F
:10CCF800309E7D3F4AEC0CBE6E907D3F8B7A0EBE17
:10CD080085827D3FB70810BE74747D3FCC9611BEF6
:10CD18003D667D3FCA2413BEDE577D3FB2B214BEC6
:10CD280059497D3F834016BEAC3A7D3F3DCE17BE84
:10CD3800D82B7D3FE05B19BEDD1C7D3F6BE91ABE39
:10CD4800BC0D7D3FDE761CBE73FE7C3F38041EBEE4
:10CD580003EF7C3F7B911FBE6CDF7C3FA51E21BE8D
:10CD6800AECF7C3FB6AB22BEC9BF7C3FAD3824BE38
:10CD7800BDAF7C3F8CC525BE8A9F7C3F515227BEE4
:10CD8800318F7C3FFCDE28BEB07E7C3F8D6B2ABE97
:10CD9800086E7C3F04F82BBE3A5D7C3F61842DBE53
:10CDA800444C7C3FA2102FBE283B7C3FC99C30BE20
:10CDB800E5297C3FD42832BE7A187C3FC4B433BE00
:10CDC800E9067C3F984035BE31F57B3F50CC36BEF6
:10CDD80053E37B3FEC5738BE4DD17B3F6CE339BE04
:10CDE80020BF7B3FCF6E3BBECDAC7B3F15FA3CBE30
:10CDF800539A7B3F3E853EBEB2877B3F491040BE7B
:10CE0800EA747B3F379B41BEFC617B3F072643BEEC
:10CE1800E74E7B3FB9B044BEAB3B7B3F4D3B46BE84
:10CE280048287B3FC2C547BEBE147B3F185049BE49
:10CE38000E017B3F4FDA4ABE37ED7A3F67644CBE3E
:10CE48003AD97A3F60EE4DBE16C57A3F38784FBE64
:10CE5800CBB07A3FF10151BE599C7A3F898B52BEC3
:10CE6800C1877A3F011554BE02737A3F589E55BE5A
:10CE78001C5E7A3F8F2757BE10497A3FA4B058BE30
:10CE8800DD337A3F97395ABE841E7A3F6AC25BBE49
:10CE980004097A3F1A4B5DBE5EF3793FA8D35EBEA4
:10CEA80091DD793F135C60BE9DC7793F5CE461BE4C
:10CEB80083B1793F836C63BE439B793F86F464BE3C
:10CEC800DC84793F667C66BE4E6E793F220468BE7C
:10CED8009A57793FBA8B69BEC040793F2F136BBE12
:10CEE800BF29793F7F9A6CBE9812793FAB216EBEFD
:10CEF8004AFB783FB2A86FBED6E3783F942F71BE45
:10CF08003BCC783F51B672BE7BB4783FE83C74BEE8
:10CF1800939C783F5AC375BE8684783FA64977BEEE
:10CF2800526C783FCCCF78BEF853783FCB557ABE59
:10CF3800773B783FA4DB7BBED122783F56617DBE2C
:10CF4800040A783FE1E67EBE10F1773F223680BEC4
:10CF5800F7D7773FC0F880BEB7BE773F4ABB81BEE0
:10CF680051A5773FC07D82BEC58B773F224083BEE7
:10CF78001372773F700284BE3A58773FAAC484BEC2
:10CF88003C3E773FCE8685BE1724773FDF4886BE76
:10CF9800CC09773FDA0A87BE5BEF763FC1CC87BE04
:10CFA800C4D4763F938E88BE07BA763F505089BE68
:10CFB800249F763FF8118ABE1B84763F8AD38ABEA7
:10CFC800EC68763F07958BBE974D763F6E568CBEC4
:10CFD8001B32763FC0178DBE7A16763FFCD88DBEC1
:10CFE800B3FA753F229A8EBEC6DE753F325B8FBE9E
:10CFF800B3C2753F2C1C90BE7BA6753F10DD90BE5A
:10D008001C8A753FDD9D91BE976D753F945E92BEFB
:10D01800ED50753F351F93BE1D34753FBFDF93BE7E
:10D028002717753F31A094BE0BFA743F8D6095BEEB
:10D03800C9DC743FD22096BE62BF743F00E196BE41
:10D04800D5A1743F17A197BE2284743F166198BE7C
:10D058004966743FFE2099BE4B48743FCEE099BEA6
:10D06800272A743F86A09ABEDD0B743F27609BBEBB
:10D078006EED733FAF1F9CBED9CE733F20DF9CBEC1
:10D088001FB0733F789E9DBE3F91733FB85D9EBEB3
:10D098003972733FDF1C9FBE0E53733FEEDB9FBE9A
:10D0A800BE33733FE59AA0BE4714733FC259A1BE71
:10D0B800ACF4723F8718A2BEEBD4723F33D7A2BE3E
:10D0C80004B5723FC595A3BEF894723F3F54A4BE01
:10D0D800C774723F9F12A5BE7054723FE5D0A5BEBB
:10D0E800F433723F128FA6BE5213723F254DA7BE6E
:10D0F8008CF2713F1F0BA8BE9FD1713FFEC8A8BE1E
:10D108008EB0713FC486A9BE578F713F6F44AABEC7
:10D11800FB6D713F0102ABBE7A4C713F77BFABBE6E
:10D12800D42A713FD47CACBE0809713F153AADBE14
:10D1380017E7703F3CF7ADBE02C5703F49B4AEBEBD
:10D14800C6A2703F3A71AFBE6680703F102EB0BE67
:10D15800E15D703FCBEAB0BE373B703F6BA7B1BE15
:10D168006718703FEF63B2BE73F56F3F5820B3BEC8
:10D178005AD26F3FA5DCB3BE1BAF6F3FD698B4BE83
:10D18800B88B6F3FEC54B5BE30686F3FE610B6BE43
:10D1980083446F3FC3CCB6BEB0206F3F8488B7BE10
:10D1A800BAFC6E3F2A44B8BE9ED86E3FB2FFB8BEE6
:10D1B8005DB46E3F1EBBB9BEF88F6E3F6E76BABEC9
:10D1C8006D6B6E3FA031BBBEBE466E3FB6ECBBBEBC
:10D1D800EB216E3FAFA7BCBEF2FC6D3F8B62BDBEBC
:10D1E800D5D76D3F4A1DBEBE93B26D3FEBD7BEBECD
:10D1F8002D8D6D3F6F92BFBEA1676D3FD54CC0BEF0
:10D20800F2416D3F1E07C1BE1D1C6D3F48C1C1BE26
:10D2180024F66C3F557BC2BE07D06C3F4435C3BE75
:10D22800C5A96C3F15EFC3BE5E836C3FC8A8C4BEDA
:10D23800D45C6C3F5C62C5BE24366C3FD21BC6BE54
:10D24800500F6C3F29D5C6BE58E86B3F628EC7BEEB
:10D258003BC16B3F7C47C8BEFB996B3F7700C9BE9B
:10D2680095726B3F53B9C9BE0C4B6B3F1072CABE67
:10D278005E236B3FAE2ACBBE8CFB6A3F2CE3CBBE52
:10D2880095D36A3F8B9BCCBE7BAB6A3FCA53CDBE5E
:10D298003C836A3FEA0BCEBED95A6A3FEAC3CEBE88
:10D2A80052326A3FCA7BCFBEA7096A3F8A33D0BED3
:10D2B800D7E0693F2AEBD0BEE4B7693FAAA2D1BE46
:10D2C800CC8E693F095AD2BE9165693F4811D3BED9
:10D2D800323C693F67C8D3BEAE12693F647FD4BE93
:10D2E80007E9683F4136D5BE3CBF683FFDECD5BE77
:10D2F8004C95683F99A3D6BE396B683F135AD7BE81
:10D308000341683F6B10D8BEA816683FA3C6D8BEB5
:10D318002AEC673FB97CD9BE87C1673FAD32DABE18
:10D32800C196673F80E8DABED86B673F319EDBBEA7
:10D33800CA40673FC153DCBE9915673F2E09DDBE61
:10D3480045EA663F79BEDDBECCBE663FA273DEBE4F
:10D358003093663FA928DFBE7167663F8DDDDFBE6B
:10D368008E3B663F4F92E0BE880F663FEE46E1BEB9
:10D378005EE3653F6AFBE1BE10B7653FC4AFE2BE3E
:10D38800A08A653FFA63E3BE0B5E653F0E18E4BEF4
:10D398005431653FFECBE4BE7904653FCB7FE5BEE3
:10D3A8007BD7643F7533E6BE59AA643FFBE6E6BE09
:10D3B800147D643F5D9AE7BEAC4F643F9C4DE8BE68
:10D3C8002122643FB700E9BE73F4633FAEB3E9BE00
:10D3D800A1C6633F8166EABEAC98633F3019EBBED5
:10D3E800956A633FBBCBEBBE5A3C633F217EECBEE4
:10D3F800FC0D633F6330EDBE7BDF623F80E2EDBE34
:10D40800D7B0623F7994EEBE1082623F4C46EFBEC1
:10D418002653623FFBF7EFBE1A24623F85A9F0BE90
:10D42800EAF4613FEA5AF1BE98C5613F290CF2BEA1
:10D438002296613F43BDF2BE8A66613F386EF3BEF5
:10D44800D036613F071FF4BEF206613FB1CFF4BE8C
:10D45800F2D6603F3580F5BECFA6603F9330F6BE6A
:10D468008976603FCBE0F6BE2146603FDC90F7BE90
:10D478009615603FC840F8BEE9E45F3F8EF0F8BEFD
:10D4880019B45F3F2DA0F9BE27835F3FA54FFABEB1
:10D4980012525F3FF7FEFABEDB205F3F22AEFBBEB3
:10D4A80081EF5E3F275DFCBE05BE5E3F040CFDBEFE
:10D4B800678C5E3FBBBAFDBEA65A5E3F4A69FEBE98
:10D4C800C3285E3FB217FFBEBEF65D3FF3C5FFBE81
:10D4D80097C45D3F063A00BF4D925D3FFF9000BF85
:10D4E800E15F5D3FE4E700BF532D5D3FB53E01BFFF
:10D4F800A3FA5C3F739501BFD1C75C3F1CEC01BF29
:10D50800DD945C3FB14202BFC7615C3F329902BF04
:10D518008E2E5C3F9FEF02BF34FB5B3FF84503BF95
:10D52800B8C75B3F3D9C03BF1A945B3F6DF203BFD6
:10D538005A605B3F894804BF792C5B3F919E04BFCA
:10D5480075F85A3F84F404BF50C45A3F624A05BF75
:10D5580009905A3F2CA005BFA05B5A3FE2F505BFD2
:10D5680016275A3F824B06BF6AF2593F0EA106BFE3
:10D578009CBD593F86F606BFAD88593FE84B07BFAB
:10D588009C53593F36A107BF6A1E593F6FF607BF24
:10D5980017E9583F924B08BFA1B3583FA1A008BF55
:10D5A8000B7E583F9BF508BF5348583F7F4A09BF39
:10D5B8007912583F4E9F09BF7FDC573F09F409BFD6
:10D5C80063A6573FAD480ABF2670573F3D9D0ABF27
:10D5D800C739573FB7F10ABF4803573F1C460BBF2F
:10D5E800A7CC563F6B9A0BBFE595563FA5EE0BBFF0
:10D5F800025F563FC9420CBFFE27563FD7960CBF65
:10D60800D9F0553FD0EA0CBF93B9553FB33E0DBF93
:10D618002C82553F81920DBFA44A553F38E60DBF75
:10D62800FB12553FDA390EBF31DB543F658D0EBF13
:10D6380047A3543FDBE00EBF3B6B543F3B340FBF67
:10D648000F33543F84870FBFC3FA533FB8DA0FBF75
:10D6580055C2533FD52D10BFC789533FDC8010BF3B
:10D668001851533FCDD310BF4918533FA72611BFB8
:10D6780059DF523F6B7911BF49A6523F19CC11BFF0
:10D68800186D523FB01E12BFC633523F307112BFE1
:10D6980054FA513F9AC312BFC2C0513FEE1513BF8F
:10D6A8001087513F2A6813BF3D4D513F50BA13BFF1
:10D6B8004A13513F5F0C14BF37D9503F585E14BF0F
:10D6C800039F503F39B014BFAF64503F040215BFE9
:10D6D8003B2A503FB75315BFA8EF4F3F54A515BF7E
:10D6E800F4B44F3FD9F615BF1F7A4F3F474816BFCE
:10D6F8002B3F4F3F9F9916BF17044F3FDFEA16BFD6
:10D70800E4C84E3F073C17BF908D4E3F188D17BF9A
:10D718001C524E3F12DE17BF89164E3FF52E18BF1A
:10D72800D5DA4D3FC07F18BF029F4D3F73D018BF59
:10D7380010634D3F0F2119BFFD264D3F947119BF4E
:10D74800CBEA4C3F00C219BF79AE4C3F55121ABF05
:10D7580008724C3F93621ABF78354C3FB8B21ABF73
:10D76800C7F84B3FC6021BBFF8BB4B3FBB521BBFA2
:10D77800097F4B3F99A21BBFFA414B3F5FF21BBF8A
:10D78800CC044B3F0C421CBF7FC74A3FA2911CBF31
:10D79800138A4A3F1FE11CBF874C4A3F84301DBF94
:10D7A800DC0E4A3FD17F1DBF12D1493F06CF1DBFB6
:10D7B8002993493F221E1EBF2155493F266D1EBF92
:10D7C800FA16493F12BC1EBFB3D8483FE50A1FBF2F
:10D7D8004E9A483F9F591FBFCA5B483F41A81FBF89
:10D7E800271D483FCBF61FBF65DE473F3B4520BF9F
:10D7F800849F473F939320BF8560473FD2E120BF76
:10D808006721473FF92F21BF2AE2463F067E21BF05
:10D81800CEA2463FFBCB21BF5463463FD71922BF58
:10D82800BB23463F996722BF03E4453F43B522BF68
:10D838002DA4453FD30223BF3964453F4B5023BF36
:10D848002624453FA99D23BFF5E3443FEEEA23BFC5
:10D85800A5A3443F1A3824BF3763443F2C8524BF0F
:10D86800AB22443F25D224BF00E2433F041F25BF1B
:10D8780038A1433FCB6B25BF5160433F77B825BFE5
:10D888004C1F433F0A0526BF29DE423F845126BF6D
:10D89800E89C423FE39D26BF895B423F2AEA26BFB8
:10D8A8000B1A423F563627BF70D8413F688227BFC0
:10D8B800B796413F61CE27BFE154413F401A28BF88
:10D8C800EC12413F056628BFDAD0403FB0B128BF0F
:10D8D800A98E403F41FD28BF5C4C403FB84829BF56
:10D8E800F009403F159429BF67C73F3F57DF29BF5D
:10D8F800C0843F3F802A2ABFFC413F3F8E752ABF24
:10D908001BFF3E3F82C02ABF1BBC3E3F5B0B2BBFA9
:10D91800FF783E3F1B562BBFC5353E3FBFA02BBFF0
:10D928006EF23D3F4AEB2BBFF9AE3D3FB9352CBFF8
:10D93800676B3D3F0F802CBFB8273D3F49CA2CBFBE
:10D94800ECE33C3F69142DBF03A03C3F6F5E2DBF45
:10D95800FC5B3C3F59A82DBFD9173C3F29F22DBF8E
:10D9680098D33B3FDE3B2EBF3B8F3B3F78852EBF96
:10D97800C14A3B3FF7CE2EBF29063B3F5B182FBF5E
:10D9880075C13A3FA5612FBFA47C3A3FD3AA2FBFE8
:10D99800B7373A3FE6F32FBFACF2393FDE3C30BF32
:10D9A80085AD393FBB8530BF4268393F7CCE30BF3B
:10D9B800E122393F221731BF65DD383FAD5F31BF06
:10D9C800CB97383F1DA831BF1652383F71F031BF91
:10D9D800430C383FAA3832BF55C6373FC78032BFDD
:10D9E8004A80373FC9C832BF233A373FAF1033BFE9
:10D9F800DFF3363F7A5833BF7FAD363F29A033BFB8
:10DA08000467363FBCE733BF6C20363F342F34BF42
:10DA1800B8D9353F8F7634BFE792353FCFBD34BF95
:10DA2800FB4B353FF30435BFF304353FFB4B35BFA4
:10DA3800CFBD343FE79235BF8F76343FB8D935BF75
:10DA4800342F343F6C2036BFBCE7333F046736BF02
:10DA580029A0333F7FAD36BF7A58333FDFF336BF57
:10DA6800AF10333F233A37BFC9C8323F4A8037BF68
:10DA7800C780323F55C637BFAA38323F430C38BF3C
:10DA880071F0313F165238BF1DA8313FCB9738BFD0
:10DA9800AD5F313F65DD38BF2217313FE12239BF25
:10DAA8007CCE303F426839BFBB85303F85AD39BF3A
:10DAB800DE3C303FACF239BFE6F32F3FB7373ABF11
:10DAC800D3AA2F3FA47C3ABFA5612F3F75C13ABFA7
:10DAD8005B182F3F29063BBFF7CE2E3FC14A3BBFFD
:10DAE80078852E3F3B8F3BBFDE3B2E3F98D33BBF15
:10DAF80029F22D3FD9173CBF59A82D3FFC5B3CBFED
:10DB08006F5E2D3F03A03CBF69142D3FECE33CBF83
:10DB180049CA2C3FB8273DBF0F802C3F676B3DBFDC
:10DB2800B9352C3FF9AE3DBF4AEB2B3F6EF23DBFF6
:10DB3800BFA02B3FC5353EBF1B562B3FFF783EBFCE
:10DB48005B0B2B3F1BBC3EBF82C02A3F1BFF3EBF67
:10DB58008E752A3FFC413FBF802A2A3FC0843FBFC1
:10DB680057DF293F67C73FBF1594293FF00940BFDA
:10DB7800B848293F5C4C40BF41FD283FA98E40BFB3
:10DB8800B0B1283FDAD040BF0566283FEC1241BF4C
:10DB9800401A283FE15441BF61CE273FB79641BFA5
:10DBA8006882273F70D841BF5636273F0B1A42BFBD
:10DBB8002AEA263F895B42BFE39D263FE89C42BF95
:10DBC8008451263F29DE42BF0A05263F4C1F43BF2A
:10DBD80077B8253F516043BFCB6B253F38A143BF82
:10DBE800041F253F00E243BF25D2243FAB2244BF98
:10DBF8002C85243F376344BF1A38243FA5A344BF6C
:10DC0800EEEA233FF5E344BFA99D233F262445BF01
:10DC18004B50233F396445BFD302233F2DA445BF52
:10DC280043B5223F03E445BF9967223FBB2346BF64
:10DC3800D719223F546346BFFBCB213FCEA246BF34
:10DC4800067E213F2AE246BFF92F213F672147BFC1
:10DC5800D2E1203F856047BF9393203F849F47BF11
:10DC68003B45203F65DE47BFCBF61F3F271D48BF1A
:10DC780041A81F3FCA5B48BF9F591F3F4E9A48BFE4
:10DC8800E50A1F3FB3D848BF12BC1E3FFA1649BF6A
:10DC9800266D1E3F215549BF221E1E3F299349BFAD
:10DCA80006CF1D3F12D149BFD17F1D3FDC0E4ABFB1
:10DCB80084301D3F874C4ABF1FE11C3F138A4ABF6F
:10DCC800A2911C3F7FC74ABF0C421C3FCC044BBFEC
:10DCD8005FF21B3FFA414BBF99A21B3F097F4BBF25
:10DCE800BB521B3FF8BB4BBFC6021B3FC7F84BBF1D
:10DCF800B8B21A3F78354CBF93621A3F08724CBFCE
:10DD080055121A3F79AE4CBF00C2193FCBEA4CBF3F
:10DD18009471193FFD264DBF0F21193F10634DBF68
:10DD280073D0183F029F4DBFC07F183FD5DA4DBF53
:10DD3800F52E183F89164EBF12DE173F1C524EBFF4
:10DD4800188D173F908D4EBF073C173FE4C84EBF54
:10DD5800DFEA163F17044FBF9F99163F2B3F4FBF6F
:10DD68004748163F1F7A4FBFD9F6153FF4B44FBF47
:10DD780054A5153FA8EF4FBFB753153F3B2A50BFD7
:10DD88000402153FAF6450BF39B0143F039F50BF22
:10DD9800585E143F37D950BF5F0C143F4A1351BF28
:10DDA80050BA133F3D4D51BF2A68133F108751BFEA
:10DDB800EE15133FC2C051BF9AC3123F54FA51BF68
:10DDC8003071123FC63352BFB01E123F186D52BF9A
:10DDD80019CC113F49A652BF6B79113F59DF52BF89
:10DDE800A726113F491853BFCDD3103F185153BF31
:10DDF800DC80103FC78953BFD52D103F55C253BF94
:10DE0800B8DA0F3FC3FA53BF84870F3F0F3354BFAD
:10DE18003B340F3F3B6B54BFDBE00E3F47A354BF7F
:10DE2800658D0E3F31DB54BFDA390E3FFB1255BF0B
:10DE380038E60D3FA44A55BF81920D3F2C8255BF4D
:10DE4800B33E0D3F93B955BFD0EA0C3FD9F055BF4B
:10DE5800D7960C3FFE2756BFC9420C3F025F56BFFC
:10DE6800A5EE0B3FE59556BF6B9A0B3FA7CC56BF67
:10DE78001C460B3F480357BFB7F10A3FC73957BF86
:10DE88003D9D0A3F267057BFAD480A3F63A657BF5E
:10DE980009F4093F7FDC57BF4E9F093F791258BFED
:10DEA8007F4A093F534858BF9BF5083F0B7E58BF30
:10DEB800A1A0083FA1B358BF924B083F17E958BF2C
:10DEC8006FF6073F6A1E59BF36A1073F9C5359BFDB
:10DED800E84B073FAD8859BF86F6063F9CBD59BF42
:10DEE8000EA1063F6AF259BF824B063F16275ABF5A
:10DEF800E2F5053FA05B5ABF2CA0053F09905ABF29
:10DF0800624A053F50C45ABF84F4043F75F85ABFAB
:10DF1800919E043F792C5BBF8948043F5A605BBFE0
:10DF28006DF2033F1A945BBF3D9C033FB8C75BBFCC
:10DF3800F845033F34FB5BBF9FEF023F8E2E5CBF6B
:10DF48003299023FC7615CBFB142023FDD945CBFBA
:10DF58001CEC013FD1C75CBF7395013FA3FA5CBFBE
:10DF6800B53E013F532D5DBFE4E7003FE15F5DBF74
:10DF7800FF90003F4D925DBF063A003F97C45DBFDA
:10DF8800F3C5FF3EBEF65DBFB217FF3EC3285EBFB6
:10DF98004A69FE3EA65A5EBFBBBAFD3E678C5EBFAD
:10DFA800040CFD3E05BE5EBF275DFC3E81EF5EBFF3
:10DFB80022AEFB3EDB205FBFF7FEFA3E12525FBF88
:10DFC800A54FFA3E27835FBF2DA0F93E19B45FBF66
:10DFD8008EF0F83EE9E45FBFC840F83E961560BF92
:10DFE800DC90F73E214660BFCBE0F63E897660BF05
:10DFF8009330F63ECFA660BF3580F53EF2D660BFBF
:10E00800B1CFF43EF20661BF071FF43ED03661BFC0
:10E01800386EF33E8A6661BF43BDF23E229661BF09
:10E02800290CF23E98C561BFEA5AF13EEAF461BF95
:10E0380085A9F03E1A2462BFFBF7EF3E265362BF64
:10E048004C46EF3E108262BF7994EE3ED7B062BF75
:10E0580080E2ED3E7BDF62BF6330ED3EFC0D63BFC7
:10E06800217EEC3E5A3C63BFBBCBEB3E956A63BF57
:10E078003019EB3EAC9863BF8166EA3EA1C663BF28
:10E08800AEB3E93E73F463BFB700E93E212264BF33
:10E098009C4DE83EAC4F64BF5D9AE73E147D64BF7B
:10E0A800FBE6E63E59AA64BF7533E63E7BD764BFFC
:10E0B800CB7FE53E790465BFFECBE43E543165BFB6
:10E0C8000E18E43E0B5E65BFFA63E33EA08A65BFA7
:10E0D800C4AFE23E10B765BF6AFBE13E5EE365BFD1
:10E0E800EE46E13E880F66BF4F92E03E8E3B66BF2C
:10E0F8008DDDDF3E716766BFA928DF3E309366BFBE
:10E10800A273DE3ECCBE66BF79BEDD3E45EA66BF81
:10E118002E09DD3E991567BFC153DC3ECA4067BF73
:10E12800319EDB3ED86B67BF80E8DA3EC19667BF99
:10E13800AD32DA3E87C167BFB97CD93E2AEC67BFEA
:10E14800A3C6D83EA81668BF6B10D83E034168BF67
:10E15800135AD73E396B68BF99A3D63E4C9568BF12
:10E16800FDECD53E3CBF68BF4136D53E07E968BFE8
:10E17800647FD43EAE1269BF67C8D33E323C69BFE4
:10E188004811D33E916569BF095AD23ECC8E69BF0A
:10E19800AAA2D13EE4B769BF2AEBD03ED7E069BF57
:10E1A8008A33D03EA7096ABFCA7BCF3E52326ABFC4
:10E1B800EAC3CE3ED95A6ABFEA0BCE3E3C836ABF59
:10E1C800CA53CD3E7BAB6ABF8B9BCC3E95D36ABF0F
:10E1D8002CE3CB3E8CFB6ABFAE2ACB3E5E236BBFE3
:10E1E8001072CA3E0C4B6BBF53B9C93E95726BBFD8
:10E1F8007700C93EFB996BBF7C47C83E3BC16BBFEC
:10E20800628EC73E58E86BBF29D5C63E500F6CBF1B
:10E21800D21BC63E24366CBF5C62C53ED45C6CBF64
:10E22800C8A8C43E5E836CBF15EFC33EC5A96CBFCA
:10E238004435C33E07D06CBF557BC23E24F66CBF45
:10E2480048C1C13E1D1C6DBF1E07C13EF2416DBFD6
:10E25800D54CC03EA1676DBF6F92BF3E2D8D6DBF7F
:10E26800EBD7BE3E93B26DBF4A1DBE3ED5D76DBF3C
:10E278008B62BD3EF2FC6DBFAFA7BC3EEB216EBF0B
:10E28800B6ECBB3EBE466EBFA031BB3E6D6B6EBFEB
:10E298006E76BA3EF88F6EBF1EBBB93E5DB46EBFD8
:10E2A800B2FFB83E9ED86EBF2A44B83EBAFC6EBFD5
:10E2B8008488B73EB0206FBFC3CCB63E83446FBFDF
:10E2C800E610B63E30686FBFEC54B53EB88B6FBFF2
:10E2D800D698B43E1BAF6FBFA5DCB33E5AD26FBF12
:10E2E8005820B33E73F56FBFEF63B23E671870BF37
:10E2F8006BA7B13E373B70BFCBEAB03EE15D70BF64
:10E30800102EB03E668070BF3A71AF3EC6A270BF95
:10E3180049B4AE3E02C570BF3CF7AD3E17E770BFCB
:10E32800153AAD3E080971BFD47CAC3ED42A71BF02
:10E3380077BFAB3E7A4C71BF0102AB3EFB6D71BF3C
:10E348006F44AA3E578F71BFC486A93E8EB071BF75
:10E35800FEC8A83E9FD171BF1F0BA83E8CF271BFAB
:10E36800254DA73E521372BF128FA63EF43372BFDB
:10E37800E5D0A53E705472BF9F12A53EC77472BF08
:10E388003F54A43EF89472BFC595A33E04B572BF2E
:10E3980033D7A23EEBD472BF8718A23EACF472BF4B
:10E3A800C259A13E471473BFE59AA03EBE3373BF5E
:10E3B800EEDB9F3E0E5373BFDF1C9F3E397273BF67
:10E3C800B85D9E3E3F9173BF789E9D3E1FB073BF60
:10E3D80020DF9C3ED9CE73BFAF1F9C3E6EED73BF4E
:10E3E80027609B3EDD0B74BF86A09A3E272A74BF28
:10E3F800CEE0993E4B4874BFFE20993E496674BFF3
:10E408001661983E228474BF17A1973ED5A174BFA8
:10E4180000E1963E62BF74BFD220963EC9DC74BF4D
:10E428008D60953E0BFA74BF31A0943E271775BFD7
:10E43800BFDF933E1D3475BF351F933EED5075BF4A
:10E44800945E923E976D75BFDD9D913E1C8A75BFA7
:10E4580010DD903E7BA675BF2C1C903EB3C275BFE5
:10E46800325B8F3EC6DE75BF229A8E3EB3FA75BF09
:10E47800FCD88D3E7A1676BFC0178D3E1B3276BF0C
:10E488006E568C3E974D76BF07958B3EEC6876BFEF
:10E498008AD38A3E1B8476BFF8118A3E249F76BFB2
:10E4A8005050893E07BA76BF938E883EC4D476BF53
:10E4B800C1CC873E5BEF76BFDA0A873ECC0977BFCF
:10E4C800DF48863E172477BFCE86853E3C3E77BF21
:10E4D800AAC4843E3A5877BF7002843E137277BF4D
:10E4E8002240833EC58B77BFC07D823E51A577BF52
:10E4F8004ABB813EB7BE77BFC0F8803EF7D777BF2B
:10E508002236803E10F177BFE1E67E3E040A78BFEE
:10E5180056617D3ED12278BFA4DB7B3E773B78BF36
:10E52800CB557A3EF85378BFCCCF783E526C78BF43
:10E53800A649773E868478BF5AC3753E939C78BFB8
:10E54800E83C743E7BB478BF51B6723E3BCC78BF92
:10E55800942F713ED6E378BFB2A86F3E4AFB78BFCE
:10E56800AB216E3E981279BF7F9A6C3EBF2979BF66
:10E578002F136B3EC04079BFBA8B693E9A5779BF5B
:10E588002204683E4E6E79BF667C663EDC8479BFA5
:10E5980086F4643E439B79BF836C633E83B179BF45
:10E5A8005CE4613E9DC779BF135C603E91DD79BF35
:10E5B800A8D35E3E5EF379BF1A4B5D3E04097ABF6D
:10E5C8006AC25B3E841E7ABF97395A3EDD337ABFF2
:10E5D800A4B0583E10497ABF8F27573E1C5E7ABFB9
:10E5E800589E553E02737ABF0115543EC1877ABFC3
:10E5F800898B523E599C7ABFF101513ECBB07ABF0C
:10E6080038784F3E16C57ABF60EE4D3E3AD97ABF8C
:10E6180067644C3E37ED7ABF4FDA4A3E0E017BBF46
:10E628001850493EBE147BBFC2C5473E48287BBF31
:10E638004D3B463EAB3B7BBFB9B0443EE74E7BBF4C
:10E648000726433EFC617BBF379B413EEA747BBF94
:10E658004910403EB2877BBF3E853E3E539A7BBF02
:10E6680015FA3C3ECDAC7BBFCF6E3B3E20BF7BBF97
:10E678006CE3393E4DD17BBFEC57383E53E37BBF4B
:10E6880050CC363E31F57BBF9840353EE9067CBF1D
:10E69800C4B4333E7A187CBFD428323EE5297CBF07
:10E6A800C99C303E283B7CBFA2102F3E444C7CBF07
:10E6B80061842D3E3A5D7CBF04F82B3E086E7CBF1A
:10E6C8008D6B2A3EB07E7CBFFCDE283E318F7CBF3E
:10E6D8005152273E8A9F7CBF8CC5253EBDAF7CBF6B
:10E6E800AD38243EC9BF7CBFB6AB223EAECF7CBF9F
:10E6F800A51E213E6CDF7CBF7B911F3E03EF7CBFD4
:10E7080038041E3E73FE7CBFDE761C3EBC0D7DBF0A
:10E718006BE91A3EDD1C7DBFE05B193ED82B7DBF3F
:10E728003DCE173EAC3A7DBF8340163E59497DBF6A
:10E73800B2B2143EDE577DBFCA24133E3D667DBF8C
:10E74800CC96113E74747DBFB708103E85827DBF9C
:10E758008B7A0E3E6E907DBF4AEC0C3E309E7DBF9C
:10E76800F35D0B3ECCAB7DBF86CF093E40B97DBF84
:10E778000541083E8CC67DBF6EB2063EB2D37DBF52
:10E78800C223053EB1E07DBF0295033E88ED7DBF03
:10E798002E06023E38FA7DBF4577003EC2067EBF90
:10E7A80092D0FD3D24137EBF73B2FA3D5E1F7EBF3B
:10E7B8002C94F73D722B7EBFC075F43D5E377EBF4B
:10E7C8002E57F13D23437EBF7638EE3DC14E7EBFC6
:10E7D8009A19EB3D385A7EBF9AFAE73D88657EBFA5
:10E7E80076DBE43DB0707EBF2EBCE13DB17B7EBFE1
:10E7F800C49CDE3D8B867EBF377DDB3D3D917EBF71
:10E80800895DD83DC99B7EBFB93DD53D2DA67EBF4C
:10E81800C81DD23D69B07EBFB7FDCE3D7FBA7EBF71
:10E8280086DDCB3D6DC47EBF36BDC83D34CE7EBFD0
:10E83800C69CC53DD4D77EBF397CC23D4CE17EBF66
:10E848008D5BBF3D9DEA7EBFC33ABC3DC7F37EBF2B
:10E85800DD19B93DC9FC7EBFDAF8B53DA4057FBF17
:10E86800BBD7B23D580E7FBF80B6AF3DE4167FBF21
:10E878002B95AC3D491F7FBFBA73A93D87277FBF42
:10E888003052A63D9D2F7FBF8C30A33D8D377FBF73
:10E89800CF0EA03D543F7FBFF9EC9C3DF4467FBFAF
:10E8A8000ACB993D6D4E7FBF05A9963DBF557FBFE9
:10E8B800E786933DE95C7FBFB464903DEC637FBF1E
:10E8C8006A428D3DC76A7FBF0A208A3D7B717FBF40
:10E8D80094FD863D08787FBF0ADB833D6D7E7FBF50
:10E8E8006CB8803DAB847FBF742B7B3DC28A7FBFF1
:10E8F800E9E5743DB1907FBF38A06E3D78967FBF43
:10E90800625A683D189C7FBF6814623D91A17FBF21
:10E918004CCE5B3DE3A67FBF0E88553D0DAC7FBF57
:10E92800AF414F3D0FB17FBF2FFB483DEAB57FBFD9
:10E9380091B4423D9EBA7FBFD56D3C3D2ABF7FBF93
:10E94800FC26363D8FC37FBF07E02F3DCCC77FBF76
:10E95800F698293DE2CB7FBFCC51233DD1CF7FBF75
:10E96800880A1D3D98D37FBF2CC3163D37D77FBF7C
:10E97800B87B103DAFDA7FBF2F340A3D00DE7FBF82
:10E9880090EC033D29E17FBFB949FB3C2BE47FBFF5
:10E998002DBAEE3C05E77FBF7B2AE23CB8E97FBF92
:10E9A800A69AD53C43EC7FBFB00AC93CA7EE7FBF0F
:10E9B8009B7ABC3CE3F07FBF69EAAF3CF8F27FBFCB
:10E9C8001C5AA33CE6F47FBFB6C9963CACF67FBFA1
:10E9D80038398A3C4AF87FBF4B517B3CC1F97FBF2D
:10E9E8000030623C11FB7FBF900E493C39FC7FBF71
:10E9F80002ED2F3C39FD7FBF59CB163C13FE7FBF7C
:10EA08003053FB3BC4FE7FBF890FC93B4EFF7FBF1E
:10EA1800C1CB963BB1FF7FBFC70F493BECFF7FBF20
:10EA2800D40FC93A000080BF00000000ECFF7FBF90
:10EA3800D40FC9BAB1FF7FBFC70F49BB4EFF7FBF15
:10EA4800C1CB96BBC4FE7FBF890FC9BB13FE7FBF76
:10EA58003053FBBB39FD7FBF59CB16BC39FC7FBF98
:10EA680002ED2FBC11FB7FBF900E49BCC1F97FBFDF
:10EA7800003062BC4AF87FBF4B517BBCACF67FBF0D
:10EA880038398ABCE6F47FBFB6C996BCF8F27FBFB6
:10EA98001C5AA3BCE3F07FBF69EAAFBCA7EE7FBFF7
:10EAA8009B7ABCBC43EC7FBFB00AC9BCB8E97FBF46
:10EAB800A69AD5BC05E77FBF7B2AE2BC2BE47FBFC3
:10EAC8002DBAEEBC29E17FBFB949FBBC00DE7FBF90
:10EAD80090EC03BDAFDA7FBF2F340ABD37D77FBFB5
:10EAE800B87B10BD98D37FBF2CC316BDD1CF7FBFD5
:10EAF800880A1DBDE2CB7FBFCC5123BDCCC77FBFE9
:10EB0800F69829BD8FC37FBF07E02FBD2ABF7FBFFF
:10EB1800FC2636BD9EBA7FBFD56D3CBDEAB57FBF2A
:10EB280091B442BD0FB17FBF2FFB48BD0DAC7FBF75
:10EB3800AF414FBDE3A67FBF0E8855BD91A17FBFF2
:10EB48004CCE5BBD189C7FBF681462BD78967FBFB2
:10EB5800625A68BDB1907FBF38A06EBDC28A7FBFC0
:10EB6800E9E574BDAB847FBF742B7BBD6D7E7FBF31
:10EB78006CB880BD08787FBF0ADB83BD7B717FBF1F
:10EB880094FD86BDC76A7FBF0A208ABDEC637FBF3C
:10EB98006A428DBDE95C7FBFB46490BDBF557FBF3D
:10EBA800E78693BD6D4E7FBF05A996BDF4467FBF2E
:10EBB8000ACB99BD543F7FBFF9EC9CBD8D377FBF11
:10EBC800CF0EA0BD9D2F7FBF8C30A3BD87277FBFF1
:10EBD8003052A6BD491F7FBFBA73A9BDE4167FBFD7
:10EBE8002B95ACBD580E7FBF80B6AFBDA4057FBFC7
:10EBF800BBD7B2BDC9FC7EBFDAF8B5BDC7F37EBFCF
:10EC0800DD19B9BD9DEA7EBFC33ABCBD4CE17EBFEC
:10EC18008D5BBFBDD4D77EBF397CC2BD34CE7EBF2D
:10EC2800C69CC5BD6DC47EBF36BDC8BD7FBA7EBF9C
:10EC380086DDCBBD69B07EBFB7FDCEBD2DA67EBF3C
:10EC4800C81DD2BDC99B7EBFB93DD5BD3D917EBF14
:10EC5800895DD8BD8B867EBF377DDBBDB17B7EBF2E
:10EC6800C49CDEBDB0707EBF2EBCE1BD88657EBF92
:10EC780076DBE4BD385A7EBF9AFAE7BDC14E7EBF47
:10EC88009A19EBBD23437EBF7638EEBD5E377EBF53
:10EC98002E57F1BD722B7EBFC075F4BD5E1F7EBFBF
:10ECA8002C94F7BD24137EBF73B2FABDC2067EBF93
:10ECB80092D0FDBD38FA7DBF457700BE88ED7DBF97
:10ECC8002E0602BEB1E07DBF029503BEB2D37DBF62
:10ECD800C22305BE8CC67DBF6EB206BE40B97DBFDD
:10ECE800054108BECCAB7DBF86CF09BE309E7DBF37
:10ECF800F35D0BBE6E907DBF4AEC0CBE85827DBF76
:10ED08008B7A0EBE74747DBFB70810BE3D667DBF9A
:10ED1800CC9611BEDE577DBFCA2413BE59497DBFAC
:10ED2800B2B214BEAC3A7DBF834016BED82B7DBFAD
:10ED38003DCE17BEDD1C7DBFE05B19BEBC0D7DBF9F
:10ED48006BE91ABE73FE7CBFDE761CBE03EF7CBF88
:10ED580038041EBE6CDF7CBF7B911FBEAECF7CBF6C
:10ED6800A51E21BEC9BF7CBFB6AB22BEBDAF7CBF4E
:10ED7800AD3824BE8A9F7CBF8CC525BE318F7CBF31
:10ED8800515227BEB07E7CBFFCDE28BE086E7CBF19
:10ED98008D6B2ABE3A5D7CBF04F82BBE444C7CBF09
:10EDA80061842DBE283B7CBFA2102FBEE5297CBF05
:10EDB800C99C30BE7A187CBFD42832BEE9067CBF15
:10EDC800C4B433BE31F57BBF984035BE53E37BBF37
:10EDD80050CC36BE4DD17BBFEC5738BE20BF7BBF71
:10EDE8006CE339BECDAC7BBFCF6E3BBE539A7BBFC5
:10EDF80015FA3CBEB2877BBF3E853EBEEA747BBF38
:10EE0800491040BEFC617BBF379B41BEE74E7BBFCC
:10EE1800072643BEAB3B7BBFB9B044BE48287BBF87
:10EE28004D3B46BEBE147BBFC2C547BE0E017BBF6D
:10EE3800185049BE37ED7ABF4FDA4ABE3AD97ABF81
:10EE480067644CBE16C57ABF60EE4DBECBB07ABFC4
:10EE580038784FBE599C7ABFF10151BEC1877ABF3D
:10EE6800898B52BE02737ABF011554BE1C5E7ABFED
:10EE7800589E55BE10497ABF8F2757BEDD337ABFDB
:10EE8800A4B058BE841E7ABF97395ABE04097ABF07
:10EE98006AC25BBE5EF379BF1A4B5DBE91DD79BF76
:10EEA800A8D35EBE9DC779BF135C60BE83B179BF2E
:10EEB8005CE461BE439B79BF836C63BEDC8479BF2D
:10EEC80086F464BE4E6E79BF667C66BE9A5779BF7B
:10EED800220468BEC04079BFBA8B69BEBF2979BF1A
:10EEE8002F136BBE981279BF7F9A6CBE4AFB78BF0E
:10EEF800AB216EBED6E378BFB2A86FBE3BCC78BF5D
:10EF0800942F71BE7BB478BF51B672BE939C78BF04
:10EF1800E83C74BE868478BF5AC375BE526C78BF0D
:10EF2800A64977BEF85378BFCCCF78BE773B78BF79
:10EF3800CB557ABED12278BFA4DB7BBE040A78BF4A
:10EF480056617DBE10F177BFE1E67EBEF7D777BF89
:10EF5800223680BEB7BE77BFC0F880BE51A577BF46
:10EF68004ABB81BEC58B77BFC07D82BE137277BF97
:10EF7800224083BE3A5877BF700284BE3C3E77BFBA
:10EF8800AAC484BE172477BFCE8685BECC0977BFB6
:10EF9800DF4886BE5BEF76BFDA0A87BEC4D476BF89
:10EFA800C1CC87BE07BA76BF938E88BE249F76BF32
:10EFB800505089BE1B8476BFF8118ABEEC6876BFB4
:10EFC8008AD38ABE974D76BF07958BBE1B3276BF14
:10EFD8006E568CBE7A1676BFC0178DBEB3FA75BF53
:10EFE800FCD88DBEC6DE75BF229A8EBEB3C275BF71
:10EFF800325B8FBE7BA675BF2C1C90BE1C8A75BF6A
:10F0080010DD90BE976D75BFDD9D91BEED5075BF4B
:10F01800945E92BE1D3475BF351F93BE271775BF0A
:10F02800BFDF93BE0BFA74BF31A094BEC9DC74BFB6
:10F038008D6095BE62BF74BFD22096BED5A174BF45
:10F0480000E196BE228474BF17A197BE496674BFBB
:10F05800166198BE4B4874BFFE2099BE272A74BF1C
:10F06800CEE099BEDD0B74BF86A09ABE6EED73BF6D
:10F0780027609BBED9CE73BFAF1F9CBE1FB073BFA6
:10F0880020DF9CBE3F9173BF789E9DBE397273BFCF
:10F09800B85D9EBE0E5373BFDF1C9FBEBE3373BFE9
:10F0A800EEDB9FBE471473BFE59AA0BEACF472BFF7
:10F0B800C259A1BEEBD472BF8718A2BE04B572BFF5
:10F0C80033D7A2BEF89472BFC595A3BEC77472BFEA
:10F0D8003F54A4BE705472BF9F12A5BEF43372BFD2
:10F0E800E5D0A5BE521372BF128FA6BE8CF271BFB7
:10F0F800254DA7BE9FD171BF1F0BA8BE8EB071BF93
:10F10800FEC8A8BE578F71BFC486A9BEFB6D71BF6C
:10F118006F44AABE7A4C71BF0102ABBED42A71BF3C
:10F1280077BFABBE080971BFD47CACBE17E770BF10
:10F13800153AADBE02C570BF3CF7ADBEC6A270BFE2
:10F1480049B4AEBE668070BF3A71AFBEE15D70BFB4
:10F15800102EB0BE373B70BFCBEAB0BE671870BF89
:10F168006BA7B1BE73F56FBFEF63B2BE5AD26FBF64
:10F178005820B3BE1BAF6FBFA5DCB3BEB88B6FBF43
:10F18800D698B4BE30686FBFEC54B5BE83446FBF29
:10F19800E610B6BEB0206FBFC3CCB6BEBAFC6EBF19
:10F1A8008488B7BE9ED86EBF2A44B8BE5DB46EBF11
:10F1B800B2FFB8BEF88F6EBF1EBBB9BE6D6B6EBF17
:10F1C8006E76BABEBE466EBFA031BBBEEB216EBF27
:10F1D800B6ECBBBEF2FC6DBFAFA7BCBED5D76DBF4A
:10F1E8008B62BDBE93B26DBF4A1DBEBE2D8D6DBF75
:10F1F800EBD7BEBEA1676DBF6F92BFBEF2416DBFB8
:10F20800D54CC0BE1D1C6DBF1E07C1BE24F66CBF09
:10F2180048C1C1BE07D06CBF557BC2BEC5A96CBF73
:10F228004435C3BE5E836CBF15EFC3BED45C6CBFF0
:10F23800C8A8C4BE24366CBF5C62C5BE500F6CBF84
:10F24800D21BC6BE58E86BBF29D5C6BE3BC16BBF33
:10F25800628EC7BEFB996BBF7C47C8BE95726BBFF9
:10F268007700C9BE0C4B6BBF53B9C9BE5E236BBFD9
:10F278001072CABE8CFB6ABFAE2ACBBE95D36ABFDA
:10F288002CE3CBBE7BAB6ABF8B9BCCBE3C836ABFF7
:10F29800CA53CDBED95A6ABFEA0BCEBE52326ABF34
:10F2A800EAC3CEBEA7096ABFCA7BCFBED7E069BF93
:10F2B8008A33D0BEE4B769BF2AEBD0BECC8E69BF13
:10F2C800AAA2D1BE916569BF095AD2BE323C69BFB4
:10F2D8004811D3BEAE1269BF67C8D3BE07E968BF7D
:10F2E800647FD4BE3CBF68BF4136D5BE4C9568BF6D
:10F2F800FDECD5BE396B68BF99A3D6BE034168BF84
:10F30800135AD7BEA81668BF6B10D8BE2AEC67BFC1
:10F31800A3C6D8BE87C167BFB97CD9BEC19667BF2F
:10F32800AD32DABED86B67BF80E8DABECA4067BFC5
:10F33800319EDBBE991567BFC153DCBE45EA66BF87
:10F348002E09DDBECCBE66BF79BEDDBE309366BF7A
:10F35800A273DEBE716766BFA928DFBE8E3B66BF9B
:10F368008DDDDFBE880F66BF4F92E0BE5EE365BFEE
:10F37800EE46E1BE10B765BF6AFBE1BEA08A65BF75
:10F38800C4AFE2BE0B5E65BFFA63E3BE543165BF2E
:10F398000E18E4BE790465BFFECBE4BE7BD764BF1C
:10F3A800CB7FE5BE59AA64BF7533E6BE147D64BF42
:10F3B800FBE6E6BEAC4F64BF5D9AE7BE212264BFA0
:10F3C8009C4DE8BE73F463BFB700E9BEA1C663BF36
:10F3D800AEB3E9BEAC9863BF8166EABE956A63BF07
:10F3E8003019EBBE5A3C63BFBBCBEBBEFC0D63BF11
:10F3F800217EECBE7BDF62BF6330EDBED7B062BF5B
:10F4080080E2EDBE108262BF7994EEBE265362BFE1
:10F418004C46EFBE1A2462BFFBF7EFBEEAF461BFA9
:10F4280085A9F0BE98C561BFEA5AF1BE229661BFB0
:10F43800290CF2BE8A6661BF43BDF2BED03661BFF9
:10F44800386EF3BEF20661BF071FF4BEF2D660BF86
:10F45800B1CFF4BECFA660BF3580F5BE897660BF58
:10F468009330F6BE214660BFCBE0F6BE961560BF6E
:10F47800DC90F7BEE9E45FBFC840F8BE19B45FBFCF
:10F488008EF0F8BE27835FBF2DA0F9BE12525FBF72
:10F49800A54FFABEDB205FBFF7FEFABE81EF5EBF65
:10F4A80022AEFBBE05BE5EBF275DFCBE678C5EBF9D
:10F4B800040CFDBEA65A5EBFBBBAFDBEC3285EBF24
:10F4C8004A69FEBEBEF65DBFB217FFBE97C45DBFF8
:10F4D800F3C5FFBE4D925DBF063A00BFE15F5DBF59
:10F4E800FF9000BF532D5DBFE4E700BFA3FA5CBFE8
:10F4F800B53E01BFD1C75CBF739501BFDD945CBF4A
:10F508001CEC01BFC7615CBFB14202BF8E2E5CBF5D
:10F51800329902BF34FB5BBF9FEF02BFB8C75BBF26
:10F52800F84503BF1A945BBF3D9C03BF5A605BBF9D
:10F538006DF203BF792C5BBF894804BF75F85ABFC9
:10F54800919E04BF50C45ABF84F404BF09905ABFA7
:10F55800624A05BFA05B5ABF2CA005BF16275ABF39
:10F56800E2F505BF6AF259BF824B06BF9CBD59BF81
:10F578000EA106BFAD8859BF86F606BF9C5359BF7A
:10F58800E84B07BF6A1E59BF36A107BF17E958BF26
:10F598006FF607BFA1B358BF924B08BF0B7E58BF89
:10F5A800A1A008BF534858BF9BF508BF791258BFA0
:10F5B8007F4A09BF7FDC57BF4E9F09BF63A657BF6D
:10F5C80009F409BF267057BFAD480ABFC73957BFEE
:10F5D8003D9D0ABF480357BFB7F10ABFA7CC56BF26
:10F5E8001C460BBFE59556BF6B9A0BBF025F56BF13
:10F5F800A5EE0BBFFE2756BFC9420CBFD9F055BFB9
:10F60800D7960CBF93B955BFD0EA0CBF2C8255BF13
:10F61800B33E0DBFA44A55BF81920DBFFB1255BF23
:10F6280038E60DBF31DB54BFDA390EBF47A354BFEC
:10F63800658D0EBF3B6B54BFDBE00EBF0F3354BF6D
:10F648003B340FBFC3FA53BF84870FBF55C253BFA4
:10F65800B8DA0FBFC78953BFD52D10BF185153BF94
:10F66800DC8010BF491853BFCDD310BF59DF52BF3C
:10F67800A72611BF49A652BF6B7911BF186D52BF9B
:10F6880019CC11BFC63352BFB01E12BF54FA51BFB6
:10F69800307112BFC2C051BF9AC312BF108751BF89
:10F6A800EE1513BF3D4D51BF2A6813BF4A1351BF12
:10F6B80050BA13BF37D950BF5F0C14BF039F50BF58
:10F6C800585E14BFAF6450BF39B014BF3B2A50BF57
:10F6D800040215BFA8EF4FBFB75315BFF4B44FBF0F
:10F6E80054A515BF1F7A4FBFD9F615BF2B3F4FBF83
:10F6F800474816BF17044FBF9F9916BFE4C84EBFAF
:10F70800DFEA16BF908D4EBF073C17BF1C524EBF95
:10F71800188D17BF89164EBF12DE17BFD5DA4DBF39
:10F72800F52E18BF029F4DBFC07F18BF10634DBF95
:10F7380073D018BFFD264DBF0F2119BFCBEA4CBFB0
:10F74800947119BF79AE4CBF00C219BF08724CBF83
:10F7580055121ABF78354CBF93621ABFC7F84BBF12
:10F76800B8B21ABFF8BB4BBFC6021BBF097F4BBF5D
:10F77800BB521BBFFA414BBF99A21BBFCC044BBF66
:10F788005FF21BBF7FC74ABF0C421CBF138A4ABF28
:10F79800A2911CBF874C4ABF1FE11CBFDC0E4ABFA9
:10F7A80084301DBF12D149BFD17F1DBF299349BFE6
:10F7B80006CF1DBF215549BF221E1EBFFA1649BFDD
:10F7C800266D1EBFB3D848BF12BC1EBF4E9A48BF95
:10F7D800E50A1FBFCA5B48BF9F591FBF271D48BF07
:10F7E80041A81FBF65DE47BFCBF61FBF849F47BF39
:10F7F8003B4520BF856047BF939320BF672147BF24
:10F80800D2E120BF2AE246BFF92F21BFCEA246BFD0
:10F81800067E21BF546346BFFBCB21BFBB2346BF37
:10F82800D71922BF03E445BF996722BF2DA445BF5E
:10F8380043B522BF396445BFD30223BF262445BF41
:10F848004B5023BFF5E344BFA99D23BFA5A344BFE5
:10F85800EEEA23BF376344BF1A3824BFAB2244BF44
:10F868002C8524BF00E243BF25D224BF38A143BF63
:10F87800041F25BF516043BFCB6B25BF4C1F43BF3F
:10F8880077B825BF29DE42BF0A0526BFE89C42BFDC
:10F89800845126BF895B42BFE39D26BF0B1A42BF36
:10F8A8002AEA26BF70D841BF563627BFB79641BF50
:10F8B800688227BFE15441BF61CE27BFEC1241BF28
:10F8C800401A28BFDAD040BF056628BFA98E40BFBE
:10F8D800B0B128BF5C4C40BF41FD28BFF00940BF14
:10F8E800B84829BF67C73FBF159429BFC0843FBF29
:10F8F80057DF29BFFC413FBF802A2ABF1BFF3EBFFD
:10F908008E752ABF1BBC3EBF82C02ABFFF783EBF90
:10F918005B0B2BBFC5353EBF1B562BBF6EF23DBFE1
:10F92800BFA02BBFF9AE3DBF4AEB2BBF676B3DBFF6
:10F93800B9352CBFB8273DBF0F802CBFECE33CBFC7
:10F9480049CA2CBF03A03CBF69142DBFFC5B3CBF58
:10F958006F5E2DBFD9173CBF59A82DBF98D33BBFA9
:10F9680029F22DBF3B8F3BBFDE3B2EBFC14A3BBFB9
:10F9780078852EBF29063BBFF7CE2EBF75C13ABF8B
:10F988005B182FBFA47C3ABFA5612FBFB7373ABF1A
:10F99800D3AA2FBFACF239BFE6F32FBF85AD39BF6D
:10F9A800DE3C30BF426839BFBB8530BFE12239BF7A
:10F9B8007CCE30BF65DD38BF221731BFCB9738BF4B
:10F9C800AD5F31BF165238BF1DA831BF430C38BFD9
:10F9D80071F031BF55C637BFAA3832BF4A8037BF2A
:10F9E800C78032BF233A37BFC9C832BFDFF336BF3B
:10F9F800AF1033BF7FAD36BF7A5833BF046736BF09
:10FA080029A033BF6C2036BFBCE733BFB8D935BF98
:10FA1800342F34BFE79235BF8F7634BFFB4B35BFE9
:10FA2800CFBD34BFF30435BFF30435BFCFBD34BFFA
:10FA3800FB4B35BF8F7634BFE79235BF342F34BFC9
:10FA4800B8D935BFBCE733BF6C2036BF29A033BF58
:10FA5800046736BF7A5833BF7FAD36BFAF1033BFA8
:10FA6800DFF336BFC9C832BF233A37BFC78032BFBA
:10FA78004A8037BFAA3832BF55C637BF71F031BF89
:10FA8800430C38BF1DA831BF165238BFAD5F31BF18
:10FA9800CB9738BF221731BF65DD38BF7CCE30BF6A
:10FAA800E12239BFBB8530BF426839BFDE3C30BF79
:10FAB80085AD39BFE6F32FBFACF239BFD3AA2FBF4C
:10FAC800B7373ABFA5612FBFA47C3ABF5B182FBFD9
:10FAD80075C13ABFF7CE2EBF29063BBF78852EBF2A
:10FAE800C14A3BBFDE3B2EBF3B8F3BBF29F22DBF38
:10FAF80098D33BBF59A82DBFD9173CBF6F5E2DBF08
:10FB0800FC5B3CBF69142DBF03A03CBF49CA2CBF96
:10FB1800ECE33CBF0F802CBFB8273DBFB9352CBFE5
:10FB2800676B3DBF4AEB2BBFF9AE3DBFBFA02BBFF4
:10FB38006EF23DBF1B562BBFC5353EBF5B0B2BBFBF
:10FB4800FF783EBF82C02ABF1BBC3EBF8E752ABF4E
:10FB58001BFF3EBF802A2ABFFC413FBF57DF29BF9A
:10FB6800C0843FBF159429BF67C73FBFB84829BFA6
:10FB7800F00940BF41FD28BF5C4C40BFB0B128BF71
:10FB8800A98E40BF056628BFDAD040BF401A28BFFB
:10FB9800EC1241BF61CE27BFE15441BF688227BF45
:10FBA800B79641BF563627BF70D841BF2AEA26BF4D
:10FBB8000B1A42BFE39D26BF895B42BF845126BF13
:10FBC800E89C42BF0A0526BF29DE42BF77B825BF99
:10FBD8004C1F43BFCB6B25BF516043BF041F25BFDC
:10FBE80038A143BF25D224BF00E243BF2C8524BFE0
:10FBF800AB2244BF1A3824BF376344BFEEEA23BFA1
:10FC0800A5A344BFA99D23BFF5E344BF4B5023BF21
:10FC1800262445BFD30223BF396445BF43B522BF5D
:10FC28002DA445BF996722BF03E445BFD71922BF5A
:10FC3800BB2346BFFBCB21BF546346BF067E21BF13
:10FC4800CEA246BFF92F21BF2AE246BFD2E120BF8C
:10FC5800672147BF939320BF856047BF3B4520BFBF
:10FC6800849F47BFCBF61FBF65DE47BF41A81FBFB4
:10FC7800271D48BF9F591FBFCA5B48BFE50A1FBF62
:10FC88004E9A48BF12BC1EBFB3D848BF266D1EBFD0
:10FC9800FA1649BF221E1EBF215549BF06CF1DBFF8
:10FCA800299349BFD17F1DBF12D149BF84301DBFE1
:10FCB800DC0E4ABF1FE11CBF874C4ABFA2911CBF84
:10FCC800138A4ABF0C421CBF7FC74ABF5FF21BBFE3
:10FCD800CC044BBF99A21BBFFA414BBFBB521BBF01
:10FCE800097F4BBFC6021BBFF8BB4BBFB8B21ABFD8
:10FCF800C7F84BBF93621ABF78354CBF55121ABF6D
:10FD080008724CBF00C219BF79AE4CBF947119BFBD
:10FD1800CBEA4CBF0F2119BFFD264DBF73D018BFCA
:10FD280010634DBFC07F18BF029F4DBFF52E18BF8F
:10FD3800D5DA4DBF12DE17BF89164EBF188D17BF13
:10FD48001C524EBF073C17BF908D4EBFDFEA16BF4F
:10FD5800E4C84EBF9F9916BF17044FBF474816BF48
:10FD68002B3F4FBFD9F615BF1F7A4FBF54A515BFFC
:10FD7800F4B44FBFB75315BFA8EF4FBF040215BF68
:10FD88003B2A50BF39B014BFAF6450BF585E14BF90
:10FD9800039F50BF5F0C14BF37D950BF50BA13BF71
:10FDA8004A1351BF2A6813BF3D4D51BFEE1513BF0B
:10FDB800108751BF9AC312BFC2C051BF307112BF62
:10FDC80054FA51BFB01E12BFC63352BF19CC11BF6F
:10FDD800186D52BF6B7911BF49A652BFA72611BF34
:10FDE80059DF52BFCDD310BF491853BFDC8010BFB5
:10FDF800185153BFD52D10BFC78953BFB8DA0FBFED
:10FE080055C253BF84870FBFC3FA53BF3B340FBFDC
:10FE18000F3354BFDBE00EBF3B6B54BF658D0EBF85
:10FE280047A354BFDA390EBF31DB54BF38E60DBFE4
:10FE3800FB1255BF81920DBFA44A55BFB33E0DBFFB
:10FE48002C8255BFD0EA0CBF93B955BFD7960CBFCB
:10FE5800D9F055BFC9420CBFFE2756BFA5EE0BBF50
:10FE6800025F56BF6B9A0BBFE59556BF1C460BBF8A
:10FE7800A7CC56BFB7F10ABF480357BF3D9D0ABF7D
:10FE8800C73957BFAD480ABF267057BF09F409BF25
:10FE980063A657BF4E9F09BF7FDC57BF7F4A09BF84
:10FEA800791258BF9BF508BF534858BFA1A008BF97
:10FEB8000B7E58BF924B08BFA1B358BF6FF607BF60
:10FEC80017E958BF36A107BF6A1E59BFE84B07BFDD
:10FED8009C5359BF86F606BFAD8859BF0EA106BF11
:10FEE8009CBD59BF824B06BF6AF259BFE2F505BFF8
:10FEF80016275ABF2CA005BFA05B5ABF624A05BF90
:10FF080009905ABF84F404BF50C45ABF919E04BFDD
:10FF180075F85ABF894804BF792C5BBF6DF203BFDF
:10FF28005A605BBF3D9C03BF1A945BBFF84503BF93
:10FF3800B8C75BBF9FEF02BF34FB5BBF329902BFFC
:10FF48008E2E5CBFB14202BFC7615CBF1CEC01BF13
:10FF5800DD945CBF739501BFD1C75CBFB53E01BFDF
:10FF6800A3FA5CBFE4E700BF532D5DBFFF9000BF5D
:10FF7800E15F5DBF063A00BF4D925DBFF3C5FFBEAE
:10FF880097C45DBFB217FFBEBEF65DBF4A69FEBE2D
:10FF9800C3285EBFBBBAFDBEA65A5EBF040CFDBE39
:10FFA800678C5EBF275DFCBE05BE5EBF22AEFBBE92
:10FFB80081EF5EBFF7FEFABEDB205FBFA54FFABE3A
:10FFC80012525FBF2DA0F9BE27835FBF8EF0F8BE27
:10FFD80019B45FBFC840F8BEE9E45FBFDC90F7BE64
:10FFE800961560BFCBE0F6BE214660BF9330F6BEE3
:08FFF800897660BF3580F5BE7B
:020000040802F0
:10000000CFA660BFB1CFF4BEF2D660BF071FF4BE6B
:10001000F20661BF386EF3BED03661BF43BDF2BE9B
:100020008A6661BF290CF2BE229661BFEA5AF1BE10
:1000300098C561BF85A9F0BEEAF461BFFBF7EFBECA
:100040001A2462BF4C46EFBE265362BF7994EEBEBF
:10005000108262BF80E2EDBED7B062BF6330EDBEFA
:100060007BDF62BF217EECBEFC0D63BFBBCBEBBE72
:100070005A3C63BF3019EBBE956A63BF8166EABE26
:10008000AC9863BFAEB3E9BEA1C663BFB700E9BE1B
:1000900073F463BF9C4DE8BE212264BF5D9AE7BE46
:1000A000AC4F64BFFBE6E6BE147D64BF7533E6BEAD
:1000B00059AA64BFCB7FE5BE7BD764BFFECBE4BE4D
:1000C000790465BF0E18E4BE543165BFFA63E3BE20
:1000D0000B5E65BFC4AFE2BEA08A65BF6AFBE1BE2E
:1000E00010B765BFEE46E1BE5EE365BF4F92E0BE6E
:1000F000880F66BF8DDDDFBE8E3B66BFA928DFBEE1
:10010000716766BFA273DEBE309366BF79BEDDBE87
:10011000CCBE66BF2E09DDBE45EA66BFC153DCBE5C
:10012000991567BF319EDBBECA4067BF80E8DABE63
:10013000D86B67BFAD32DABEC19667BFB97CD9BE96
:1001400087C167BFA3C6D8BE2AEC67BF6B10D8BEF5
:10015000A81668BF135AD7BE034168BF99A3D6BE7D
:10016000396B68BFFDECD5BE4C9568BF4136D5BE36
:100170003CBF68BF647FD4BE07E968BF67C8D3BE11
:10018000AE1269BF4811D3BE323C69BF095AD2BE14
:10019000916569BFAAA2D1BECC8E69BF2AEBD0BE41
:1001A000E4B769BF8A33D0BED7E069BFCA7BCFBE90
:1001B000A7096ABFEAC3CEBE52326ABFEA0BCEBEFF
:1001C000D95A6ABFCA53CDBE3C836ABF8B9BCCBE93
:1001D0007BAB6ABF2CE3CBBE95D36ABFAE2ACBBE46
:1001E0008CFB6ABF1072CABE5E236BBF53B9C9BE17
:1001F0000C4B6BBF7700C9BE95726BBF7C47C8BE06
:10020000FB996BBF628EC7BE3BC16BBF29D5C6BE13
:1002100058E86BBFD21BC6BE500F6CBF5C62C5BE38
:1002200024366CBFC8A8C4BED45C6CBF15EFC3BE77
:100230005E836CBF4435C3BEC5A96CBF557BC2BECF
:1002400007D06CBF48C1C1BE24F66CBF1E07C1BE3B
:100250001D1C6DBFD54CC0BEF2416DBF6F92BFBEBD
:10026000A1676DBFEBD7BEBE2D8D6DBF4A1DBEBE53
:1002700093B26DBF8B62BDBED5D76DBFAFA7BCBEFD
:10028000F2FC6DBFB6ECBBBEEB216EBFA031BBBEB6
:10029000BE466EBF6E76BABE6D6B6EBF1EBBB9BE7C
:1002A000F88F6EBFB2FFB8BE5DB46EBF2A44B8BE51
:1002B0009ED86EBF8488B7BEBAFC6EBFC3CCB6BE34
:1002C000B0206FBFE610B6BE83446FBFEC54B5BE1E
:1002D00030686FBFD698B4BEB88B6FBFA5DCB3BE15
:1002E0001BAF6FBF5820B3BE5AD26FBFEF63B2BE11
:1002F00073F56FBF6BA7B1BE671870BFCBEAB0BE16
:10030000373B70BF102EB0BEE15D70BF3A71AFBE1B
:10031000668070BF49B4AEBEC6A270BF3CF7ADBE2A
:1003200002C570BF153AADBE17E770BFD47CACBE36
:10033000080971BF77BFABBED42A71BF0102ABBE43
:100340007A4C71BF6F44AABEFB6D71BFC486A9BE53
:10035000578F71BFFEC8A8BE8EB071BF1F0BA8BE5D
:100360009FD171BF254DA7BE8CF271BF128FA6BE63
:10037000521372BFE5D0A5BEF43372BF9F12A5BE63
:10038000705472BF3F54A4BEC77472BFC595A3BE5C
:10039000F89472BF33D7A2BE04B572BF8718A2BE4D
:1003A000EBD472BFC259A1BEACF472BFE59AA0BE35
:1003B000471473BFEEDB9FBEBE3373BFDF1C9FBE0F
:1003C0000E5373BFB85D9EBE397273BF789E9DBEDB
:1003D0003F9173BF20DF9CBE1FB073BFAF1F9CBE99
:1003E000D9CE73BF27609BBE6EED73BF86A09ABE49
:1003F000DD0B74BFCEE099BE272A74BFFE2099BEE4
:100400004B4874BF166198BE496674BF17A197BE6A
:10041000228474BF00E196BED5A174BFD22096BEDF
:1004200062BF74BF8D6095BEC9DC74BF31A094BE3D
:100430000BFA74BFBFDF93BE271775BF351F93BE7E
:100440001D3475BF945E92BEED5075BFDD9D91BEAB
:10045000976D75BF10DD90BE1C8A75BF2C1C90BEB9
:100460007BA675BF325B8FBEB3C275BF229A8EBEAC
:10047000C6DE75BFFCD88DBEB3FA75BFC0178DBE82
:100480007A1676BF6E568CBE1B3276BF07958BBE32
:10049000974D76BF8AD38ABEEC6876BFF8118ABEC4
:1004A0001B8476BF505089BE249F76BF938E88BE32
:1004B00007BA76BFC1CC87BEC4D476BFDA0A87BE7E
:1004C0005BEF76BFDF4886BECC0977BFCE8685BEA0
:1004D000172477BFAAC484BE3C3E77BF700284BE97
:1004E0003A5877BF224083BE137277BFC07D82BE69
:1004F000C58B77BF4ABB81BE51A577BFC0F880BE10
:10050000B7BE77BF223680BEF7D777BFE1E67EBEA3
:1005100010F177BF56617DBE040A78BFA4DB7BBEB5
:10052000D12278BFCB557ABE773B78BFCCCF78BE8F
:10053000F85378BFA64977BE526C78BF5AC375BED0
:10054000868478BFE83C74BE939C78BF51B672BE77
:100550007BB478BF942F71BE3BCC78BFB2A86FBE7E
:10056000D6E378BFAB216EBE4AFB78BF7F9A6CBEE4
:10057000981279BF2F136BBEBF2979BFBA8B69BEA2
:10058000C04079BF220468BE9A5779BF667C66BEB8
:100590004E6E79BF86F464BEDC8479BF836C63BE23
:1005A000439B79BF5CE461BE83B179BF135C60BEDD
:1005B0009DC779BFA8D35EBE91DD79BF1A4B5DBEE2
:1005C0005EF379BF6AC25BBE04097ABF97395ABE2F
:1005D000841E7ABFA4B058BEDD337ABF8F2757BEC2
:1005E00010497ABF589E55BE1C5E7ABF011554BE95
:1005F00002737ABF898B52BEC1877ABFF10151BEA7
:10060000599C7ABF38784FBECBB07ABF60EE4DBEF2
:1006100016C57ABF67644CBE3AD97ABF4FDA4ABE74
:1006200037ED7ABF185049BE0E017BBFC2C547BE29
:10063000BE147BBF4D3B46BE48287BBFB9B044BE0D
:10064000AB3B7BBF072643BEE74E7BBF379B41BE1C
:10065000FC617BBF491040BEEA747BBF3E853EBE55
:10066000B2877BBF15FA3CBE539A7BBFCF6E3BBEB1
:10067000CDAC7BBF6CE339BE20BF7BBFEC5738BE2F
:100680004DD17BBF50CC36BE53E37BBF984035BEC7
:1006900031F57BBFC4B433BEE9067CBFD42832BE7B
:1006A0007A187CBFC99C30BEE5297CBFA2102FBE42
:1006B000283B7CBF61842DBE444C7CBF04F82BBE1C
:1006C0003A5D7CBF8D6B2ABE086E7CBFFCDE28BE07
:1006D000B07E7CBF515227BE318F7CBF8CC525BEFA
:1006E0008A9F7CBFAD3824BEBDAF7CBFB6AB22BEF7
:1006F000C9BF7CBFA51E21BEAECF7CBF7B911FBEF4
:100700006CDF7CBF38041EBE03EF7CBFDE761CBEF0
:1007100073FE7CBF6BE91ABEBC0D7DBFE05B19BEEA
:10072000DD1C7DBF3DCE17BED82B7DBF834016BEDE
:10073000AC3A7DBFB2B214BE59497DBFCA2413BEC4
:10074000DE577DBFCC9611BE3D667DBFB70810BE9B
:1007500074747DBF8B7A0EBE85827DBF4AEC0CBE61
:100760006E907DBFF35D0BBE309E7DBF86CF09BE10
:10077000CCAB7DBF054108BE40B97DBF6EB206BEA1
:100780008CC67DBFC22305BEB2D37DBF029503BE1A
:10079000B1E07DBF2E0602BE88ED7DBF457700BE6D
:1007A00038FA7DBF92D0FDBDC2067EBF73B2FABDDE
:1007B00024137EBF2C94F7BD5E1F7EBFC075F4BDB1
:1007C000722B7EBF2E57F1BD5E377EBF7638EEBDF1
:1007D00023437EBF9A19EBBDC14E7EBF9AFAE7BD97
:1007E000385A7EBF76DBE4BD88657EBF2EBCE1BD96
:1007F000B0707EBFC49CDEBDB17B7EBF377DDBBDEC
:100800008B867EBF895DD8BD3D917EBFB93DD5BD8C
:10081000C99B7EBFC81DD2BD2DA67EBFB7FDCEBD74
:1008200069B07EBF86DDCBBD7FBA7EBF36BDC8BD99
:100830006DC47EBFC69CC5BD34CE7EBF397CC2BDF3
:10084000D4D77EBF8D5BBFBD4CE17EBFC33ABCBD7C
:100850009DEA7EBFDD19B9BDC7F37EBFDAF8B5BD2D
:10086000C9FC7EBFBBD7B2BDA4057FBF80B6AFBDFC
:10087000580E7FBF2B95ACBDE4167FBFBA73A9BDE0
:10088000491F7FBF3052A6BD87277FBF8C30A3BDD5
:100890009D2F7FBFCF0EA0BD8D377FBFF9EC9CBDD4
:1008A000543F7FBF0ACB99BDF4467FBF05A996BDD3
:1008B0006D4E7FBFE78693BDBF557FBFB46490BDCB
:1008C000E95C7FBF6A428DBDEC637FBF0A208ABDB1
:1008D000C76A7FBF94FD86BD7B717FBF0ADB83BD86
:1008E00008787FBF6CB880BD6D7E7FBF742B7BBDE9
:1008F000AB847FBFE9E574BDC28A7FBF38A06EBDFF
:10090000B1907FBF625A68BD78967FBF681462BDA0
:10091000189C7FBF4CCE5BBD91A17FBF0E8855BD9B
:10092000E3A67FBFAF414FBD0DAC7FBF2FFB48BDDE
:100930000FB17FBF91B442BDEAB57FBFD56D3CBD5D
:100940009EBA7FBFFC2636BD2ABF7FBF07E02FBD02
:100950008FC37FBFF69829BDCCC77FBFCC5123BDC5
:10096000E2CB7FBF880A1DBDD1CF7FBF2CC316BD90
:1009700098D37FBFB87B10BD37D77FBF2F340ABD58
:10098000AFDA7FBF90EC03BD00DE7FBFB949FBBC8F
:1009900029E17FBF2DBAEEBC2BE47FBF7B2AE2BCEE
:1009A00005E77FBFA69AD5BCB8E97FBFB00AC9BC2E
:1009B00043EC7FBF9B7ABCBCA7EE7FBF69EAAFBCAC
:1009C000E3F07FBF1C5AA3BCF8F27FBFB6C996BC48
:1009D000E6F47FBF38398ABCACF67FBF4B517BBC95
:1009E0004AF87FBF003062BCC1F97FBF900E49BC9E
:1009F00011FB7FBF02ED2FBC39FC7FBF59CB16BC6A
:100A000039FD7FBF3053FBBB13FE7FBF890FC9BBCE
:100A1000C4FE7FBFC1CB96BB4EFF7FBFC70F49BB94
:100A2000B1FF7FBFD40FC9BAECFF7FBF00000080C9
:100A3000000080BFD40FC93AECFF7FBFC70F493B0E
:100A4000B1FF7FBFC1CB963B4EFF7FBF890FC93B34
:100A5000C4FE7FBF3053FB3B13FE7FBF59CB163C18
:100A600039FD7FBF02ED2F3C39FC7FBF900E493C22
:100A700011FB7FBF0030623CC1F97FBF4B517B3C13
:100A80004AF87FBF38398A3CACF67FBFB6C9963C7E
:100A9000E6F47FBF1C5AA33CF8F27FBF69EAAF3C83
:100AA000E3F07FBF9B7ABC3CA7EE7FBFB00AC93C96
:100AB00043EC7FBFA69AD53CB8E97FBF7B2AE23CD6
:100AC00005E77FBF2DBAEE3C2BE47FBFB949FB3C65
:100AD00029E17FBF90EC033D00DE7FBF2F340A3D4C
:100AE000AFDA7FBFB87B103D37D77FBF2CC3163D31
:100AF00098D37FBF880A1D3DD1CF7FBFCC51233D06
:100B0000E2CB7FBFF698293DCCC77FBF07E02F3DE2
:100B10008FC37FBFFC26363D2ABF7FBFD56D3C3DCE
:100B20009EBA7FBF91B4423DEAB57FBF2FFB483DDF
:100B30000FB17FBFAF414F3D0DAC7FBF0E88553D1C
:100B4000E3A67FBF4CCE5B3D91A17FBF6814623DA1
:100B5000189C7FBF625A683D78967FBF38A06E3D73
:100B6000B1907FBFE9E5743DC28A7FBF742B7B3DA6
:100B7000AB847FBF6CB8803D6D7E7FBF0ADB833D59
:100B800008787FBF94FD863D7B717FBF0A208A3D38
:100B9000C76A7FBF6A428D3DEC637FBFB464903DFE
:100BA000E95C7FBFE786933DBF557FBF05A9963DB2
:100BB0006D4E7FBF0ACB993DF4467FBFF9EC9C3D5B
:100BC000543F7FBFCF0EA03D8D377FBF8C30A33DFC
:100BD0009D2F7FBF3052A63D87277FBFBA73A93DA7
:100BE000491F7FBF2B95AC3DE4167FBF80B6AF3D5C
:100BF000580E7FBFBBD7B23DA4057FBFDAF8B53D25
:100C0000C9FC7EBFDD19B93DC7F37EBFC33ABC3D09
:100C10009DEA7EBF8D5BBF3D4CE17EBF397CC23D0E
:100C2000D4D77EBFC69CC53D34CE7EBF36BDC83D41
:100C30006DC47EBF86DDCB3D7FBA7EBFB7FDCE3DA6
:100C400069B07EBFC81DD23D2DA67EBFB93DD53D42
:100C5000C99B7EBF895DD83D3D917EBF377DDB3D21
:100C60008B867EBFC49CDE3DB17B7EBF2EBCE13D4A
:100C7000B0707EBF76DBE43D88657EBF9AFAE73DC3
:100C8000385A7EBF9A19EB3DC14E7EBF7638EE3D95
:100C900023437EBF2E57F13D5E377EBFC075F43DC6
:100CA000722B7EBF2C94F73D5E1F7EBF73B2FA3D60
:100CB00024137EBF92D0FD3DC2067EBF4577003E25
:100CC00038FA7DBF2E06023E88ED7DBF0295033EB9
:100CD000B1E07DBFC223053EB2D37DBF6EB2063EFA
:100CE0008CC67DBF0541083E40B97DBF86CF093E19
:100CF000CCAB7DBFF35D0B3E309E7DBF4AEC0C3E1E
:100D00006E907DBF8B7A0E3E85827DBFB708103E08
:100D100074747DBFCC96113E3D667DBFCA24133EE0
:100D2000DE577DBFB2B2143E59497DBF8340163EA7
:100D3000AC3A7DBF3DCE173ED82B7DBFE05B193E60
:100D4000DD1C7DBF6BE91A3EBC0D7DBFDE761C3E0F
:100D500073FE7CBF38041E3E03EF7CBF7B911F3EB9
:100D60006CDF7CBFA51E213EAECF7CBFB6AB223E62
:100D7000C9BF7CBFAD38243EBDAF7CBF8CC5253E0E
:100D80008A9F7CBF5152273E318F7CBFFCDE283EBC
:100D9000B07E7CBF8D6B2A3E086E7CBF04F82B3E74
:100DA0003A5D7CBF61842D3E444C7CBFA2102F3E37
:100DB000283B7CBFC99C303EE5297CBFD428323E0D
:100DC0007A187CBFC4B4333EE9067CBF9840353EF8
:100DD00031F57BBF50CC363E53E37BBFEC57383EFA
:100DE0004DD17BBF6CE3393E20BF7BBFCF6E3B3E16
:100DF000CDAC7BBF15FA3C3E539A7BBF3E853E3E51
:100E0000B2877BBF4910403EEA747BBF379B413EAF
:100E1000FC617BBF0726433EE74E7BBFB9B0443E33
:100E2000AB3B7BBF4D3B463E48287BBFC2C5473EE0
:100E3000BE147BBF1850493E0E017BBF4FDA4A3EBD
:100E400037ED7ABF67644C3E3AD97ABF60EE4D3ECB
:100E500016C57ABF38784F3ECBB07ABFF101513E0C
:100E6000599C7ABF898B523EC1877ABF0115543E87
:100E700002737ABF589E553E1C5E7ABF8F27573E3D
:100E800010497ABFA4B0583EDD337ABF97395A3E35
:100E9000841E7ABF6AC25B3E04097ABF1A4B5D3E6C
:100EA0005EF379BFA8D35E3E91DD79BF135C603EEF
:100EB0009DC779BF5CE4613E83B179BF836C633EBB
:100EC000439B79BF86F4643EDC8479BF667C663ED2
:100ED0004E6E79BF2204683E9A5779BFBA8B693E3D
:100EE000C04079BF2F136B3EBF2979BF7F9A6C3EFC
:100EF000981279BFAB216E3E4AFB78BFB2A86F3E15
:100F0000D6E378BF942F713E3BCC78BF51B6723E8A
:100F10007BB478BFE83C743E939C78BF5AC3753E5F
:100F2000868478BFA649773E526C78BFCCCF783E96
:100F3000F85378BFCB557A3E773B78BFA4DB7B3E36
:100F4000D12278BF56617D3E040A78BFE1E67E3E3D
:100F500010F177BF2236803EF7D777BFC0F8803ECA
:100F6000B7BE77BF4ABB813E51A577BFC07D823EE9
:100F7000C58B77BF2240833E137277BF7002843ED9
:100F80003A5877BFAAC4843E3C3E77BFCE86853EA2
:100F9000172477BFDF48863ECC0977BFDA0A873E41
:100FA0005BEF76BFC1CC873EC4D476BF938E883EBC
:100FB00007BA76BF5050893E249F76BFF8118A3E0B
:100FC0001B8476BF8AD38A3EEC6876BF07958B3E3A
:100FD000974D76BF6E568C3E1B3276BFC0178D3E46
:100FE0007A1676BFFCD88D3EB3FA75BF229A8E3E34
:100FF000C6DE75BF325B8F3EB3C275BF2C1C903E00
:101000007BA675BF10DD903E1C8A75BFDD9D913EAD
:10101000976D75BF945E923EED5075BF351F933E40
:101020001D3475BFBFDF933E271775BF31A0943EB7
:101030000BFA74BF8D60953EC9DC74BFD220963E1A
:1010400062BF74BF00E1963ED5A174BF17A1973E61
:10105000228474BF1661983E496674BFFE20993E93
:101060004B4874BFCEE0993E272A74BF86A09A3EB3
:10107000DD0B74BF27609B3E6EED73BFAF1F9C3EC0
:10108000D9CE73BF20DF9C3E1FB073BF789E9D3EBC
:101090003F9173BFB85D9E3E397273BFDF1C9F3EA8
:1010A0000E5373BFEEDB9F3EBE3373BFE59AA03E87
:1010B000471473BFC259A13EACF472BF8718A23E59
:1010C000EBD472BF33D7A23E04B572BFC595A33E21
:1010D000F89472BF3F54A43EC77472BF9F12A53EDE
:1010E000705472BFE5D0A53EF43372BF128FA63E96
:1010F000521372BF254DA73E8CF271BF1F0BA83E45
:101100009FD171BFFEC8A83E8EB071BFC486A93EF4
:10111000578F71BF6F44AA3EFB6D71BF0102AB3E9A
:101120007A4C71BF77BFAB3ED42A71BFD47CAC3E42
:10113000080971BF153AAD3E17E770BF3CF7AD3EE9
:1011400002C570BF49B4AE3EC6A270BF3A71AF3E91
:10115000668070BF102EB03EE15D70BFCBEAB03E3E
:10116000373B70BF6BA7B13E671870BFEF63B23EED
:1011700073F56FBF5820B33E5AD26FBFA5DCB33EA4
:101180001BAF6FBFD698B43EB88B6FBFEC54B53E63
:1011900030686FBFE610B63E83446FBFC3CCB63E27
:1011A000B0206FBF8488B73EBAFC6EBF2A44B83EF9
:1011B0009ED86EBFB2FFB83E5DB46EBF1EBBB93ED7
:1011C000F88F6EBF6E76BA3E6D6B6EBFA031BB3EC0
:1011D000BE466EBFB6ECBB3EEB216EBFAFA7BC3EBA
:1011E000F2FC6DBF8B62BD3ED5D76DBF4A1DBE3EC2
:1011F00093B26DBFEBD7BE3E2D8D6DBF6F92BF3EDC
:10120000A1676DBFD54CC03EF2416DBF1E07C13E08
:101210001D1C6DBF48C1C13E24F66CBF557BC23E4C
:1012200007D06CBF4435C33EC5A96CBF15EFC33EA4
:101230005E836CBFC8A8C43ED45C6CBF5C62C53E14
:1012400024366CBFD21BC63E500F6CBF29D5C63E9C
:1012500058E86BBF628EC73E3BC16BBF7C47C83E40
:10126000FB996BBF7700C93E95726BBF53B9C93EFE
:101270000C4B6BBF1072CA3E5E236BBFAE2ACB3ED7
:101280008CFB6ABF2CE3CB3E95D36ABF8B9BCC3ED5
:101290007BAB6ABFCA53CD3E3C836ABFEA0BCE3EEE
:1012A000D95A6ABFEAC3CE3E52326ABFCA7BCF3E2A
:1012B000A7096ABF8A33D03ED7E069BF2AEBD03E88
:1012C000E4B769BFAAA2D13ECC8E69BF095AD23E0B
:1012D000916569BF4811D33E323C69BF67C8D33EB0
:1012E000AE1269BF647FD43E07E968BF4136D53E80
:1012F0003CBF68BFFDECD53E4C9568BF99A3D63E78
:10130000396B68BF135AD73E034168BF6B10D83E94
:10131000A81668BFA3C6D83E2AEC67BFB97CD93EE1
:1013200087C167BFAD32DA3EC19667BF80E8DA3E5B
:10133000D86B67BF319EDB3ECA4067BFC153DC3EFE
:10134000991567BF2E09DD3E45EA66BF79BEDD3ED1
:10135000CCBE66BFA273DE3E309366BFA928DF3ED7
:10136000716766BF8DDDDF3E8E3B66BF4F92E03E0C
:10137000880F66BFEE46E13E5EE365BF6AFBE13E75
:1013800010B765BFC4AFE23EA08A65BFFA63E33E13
:101390000B5E65BF0E18E43E543165BFFECBE43EE4
:1013A000790465BFCB7FE53E7BD764BF7533E63EEE
:1013B00059AA64BFFBE6E63E147D64BF5D9AE73E32
:1013C000AC4F64BF9C4DE83E212264BFB700E93EAC
:1013D00073F463BFAEB3E93EA1C663BF8166EA3E64
:1013E000AC9863BF3019EB3E956A63BFBBCBEB3E55
:1013F0005A3C63BF217EEC3EFC0D63BF6330ED3E83
:101400007BDF62BF80E2ED3ED7B062BF7994EE3EF3
:10141000108262BF4C46EF3E265362BFFBF7EF3EA1
:101420001A2462BF85A9F03EEAF461BFEA5AF13E90
:1014300098C561BF290CF23E229661BF43BDF23EC2
:101440008A6661BF386EF33ED03661BF071FF43E37
:10145000F20661BFB1CFF43EF2D660BF3580F53EF3
:10146000CFA660BF9330F63E897660BFCBE0F63EF4
:10147000214660BFDC90F73E961560BFC840F83E3D
:10148000E9E45FBF8EF0F83E19B45FBF2DA0F93ECE
:1014900027835FBFA54FFA3E12525FBFF7FEFA3EA9
:1014A000DB205FBF22AEFB3E81EF5EBF275DFC3ECF
:1014B00005BE5EBF040CFD3E678C5EBFBBBAFD3E41
:1014C000A65A5EBF4A69FE3EC3285EBFB217FF3E02
:1014D000BEF65DBFF3C5FF3E97C45DBF063A003F51
:1014E0004D925DBFFF90003FE15F5DBFE4E7003FCD
:1014F000532D5DBFB53E013FA3FA5CBF7395013F1D
:10150000D1C75CBF1CEC013FDD945CBFB142023F20
:10151000C7615CBF3299023F8E2E5CBF9FEF023FD6
:1015200034FB5BBFF845033FB8C75BBF3D9C033F3F
:101530001A945BBF6DF2033F5A605BBF8948043F5A
:10154000792C5BBF919E043F75F85ABF84F4043F29
:1015500050C45ABF624A053F09905ABF2CA0053FAC
:10156000A05B5ABFE2F5053F16275ABF824B063FE4
:101570006AF259BF0EA1063F9CBD59BF86F6063FD1
:10158000AD8859BFE84B073F9C5359BF36A1073F71
:101590006A1E59BF6FF6073F17E958BF924B083FC5
:1015A000A1B358BFA1A0083F0B7E58BF9BF5083FD1
:1015B000534858BF7F4A093F791258BF4E9F093F91
:1015C0007FDC57BF09F4093F63A657BFAD480A3F08
:1015D000267057BF3D9D0A3FC73957BFB7F10A3F35
:1015E000480357BF1C460B3FA7CC56BF6B9A0B3F17
:1015F000E59556BFA5EE0B3F025F56BFC9420C3FB3
:10160000FE2756BFD7960C3FD9F055BFD0EA0C3F06
:1016100093B955BFB33E0D3F2C8255BF81920D3F0C
:10162000A44A55BF38E60D3FFB1255BFDA390E3FCD
:1016300031DB54BF658D0E3F47A354BFDBE00E3F47
:101640003B6B54BF3B340F3F0F3354BF84870F3F76
:10165000C3FA53BFB8DA0F3F55C253BFD52D103F61
:10166000C78953BFDC80103F185153BFCDD3103F03
:10167000491853BFA726113F59DF52BF6B79113F5D
:1016800049A652BF19CC113F186D52BFB01E123F70
:10169000C63352BF3071123F54FA51BF9AC3123F42
:1016A000C2C051BFEE15133F108751BF2A68133FC8
:1016B0003D4D51BF50BA133F4A1351BF5F0C143F09
:1016C00037D950BF585E143F039F50BF39B0143F05
:1016D000AF6450BF0402153F3B2A50BFB753153FBC
:1016E000A8EF4FBF54A5153FF4B44FBFD9F6153F2F
:1016F0001F7A4FBF4748163F2B3F4FBF9F99163F5A
:1017000017044FBFDFEA163FE4C84EBF073C173F40
:10171000908D4EBF188D173F1C524EBF12DE173FE3
:1017200089164EBFF52E183FD5DA4DBFC07F183F42
:10173000029F4DBF73D0183F10634DBF0F21193F5B
:10174000FD264DBF9471193FCBEA4CBF00C2193F33
:1017500079AE4CBF55121A3F08724CBF93621A3FC4
:1017600078354CBFB8B21A3FC7F84BBFC6021B3F13
:10177000F8BB4BBFBB521B3F097F4BBF99A21B3F1E
:10178000FA414BBF5FF21B3FCC044BBF0C421C3FE6
:101790007FC74ABFA2911C3F138A4ABF1FE11C3F6B
:1017A000874C4ABF84301D3FDC0E4ABFD17F1D3FAE
:1017B00012D149BF06CF1D3F299349BF221E1E3FAC
:1017C000215549BF266D1E3FFA1649BF12BC1E3F68
:1017D000B3D848BFE50A1F3F4E9A48BF9F591F3FE5
:1017E000CA5B48BF41A81F3F271D48BFCBF61F3F1C
:1017F00065DE47BF3B45203F849F47BF9393203F13
:10180000856047BFD2E1203F672147BFF92F213FC5
:101810002AE246BF067E213FCEA246BFFBCB213F38
:10182000546346BFD719223FBB2346BF9967223F67
:1018300003E445BF43B5223F2DA445BFD302233F58
:10184000396445BF4B50233F262445BFA99D233F04
:10185000F5E344BFEEEA233FA5A344BF1A38243F73
:10186000376344BF2C85243FAB2244BF25D2243F9D
:1018700000E243BF041F253F38A143BFCB6B253F88
:10188000516043BF77B8253F4C1F43BF0A05263F31
:1018900029DE42BF8451263FE89C42BFE39D263F9C
:1018A000895B42BF2AEA263F0B1A42BF5636273FC2
:1018B00070D841BF6882273FB79641BF61CE273FAE
:1018C000E15441BF401A283FEC1241BF0566283F52
:1018D000DAD040BFB0B1283FA98E40BF41FD283FBC
:1018E0005C4C40BFB848293FF00940BF1594293FE0
:1018F00067C73FBF57DF293FC0843FBF802A2A3FC9
:10190000FC413FBF8E752A3F1BFF3EBF82C02A3F6E
:101910001BBC3EBF5B0B2B3FFF783EBF1B562B3FD4
:10192000C5353EBFBFA02B3F6EF23DBF4AEB2B3FFC
:10193000F9AE3DBFB9352C3F676B3DBF0F802C3FE3
:10194000B8273DBF49CA2C3FECE33CBF69142D3F8B
:1019500003A03CBF6F5E2D3FFC5B3CBF59A82D3FF1
:10196000D9173CBF29F22D3F98D33BBFDE3B2E3F1A
:101970003B8F3BBF78852E3FC14A3BBFF7CE2E3F02
:1019800029063BBF5B182F3F75C13ABFA5612F3FAA
:10199000A47C3ABFD3AA2F3FB7373ABFE6F32F3F15
:1019A000ACF239BFDE3C303F85AD39BFBB85303F3F
:1019B000426839BF7CCE303FE12239BF2217313F28
:1019C00065DD38BFAD5F313FCB9738BF1DA8313FD4
:1019D000165238BF71F0313F430C38BFAA38323F3E
:1019E00055C637BFC780323F4A8037BFC9C8323F6C
:1019F000233A37BFAF10333FDFF336BF7A58333F58
:101A00007FAD36BF29A0333F046736BFBCE7333F05
:101A10006C2036BF342F343FB8D935BF8F76343F72
:101A2000E79235BFCFBD343FFB4B35BFF304353FA5
:101A3000F30435BFFB4B353FCFBD34BFE792353F95
:101A40008F7634BFB8D9353F342F34BF6C20363F42
:101A5000BCE733BF0467363F29A033BF7FAD363FB5
:101A60007A5833BFDFF3363FAF1033BF233A373FE7
:101A7000C9C832BF4A80373FC78032BF55C6373FDB
:101A8000AA3832BF430C383F71F031BF1652383F8D
:101A90001DA831BFCB97383FAD5F31BF65DD383F03
:101AA000221731BFE122393F7CCE30BF4268393F37
:101AB000BB8530BF85AD393FDE3C30BFACF2393F2E
:101AC000E6F32FBFB7373A3FD3AA2FBFA47C3A3FE4
:101AD000A5612FBF75C13A3F5B182FBF29063B3F59
:101AE000F7CE2EBFC14A3B3F78852EBF3B8F3B3F91
:101AF000DE3B2EBF98D33B3F29F22DBFD9173C3F89
:101B000059A82DBFFC5B3C3F6F5E2DBF03A03C3F3F
:101B100069142DBFECE33C3F49CA2CBFB8273D3FB9
:101B20000F802CBF676B3D3FB9352CBFF9AE3D3FF1
:101B30004AEB2BBF6EF23D3FBFA02BBFC5353E3FEA
:101B40001B562BBFFF783E3F5B0B2BBF1BBC3E3FA2
:101B500082C02ABF1BFF3E3F8E752ABFFC413F3F1C
:101B6000802A2ABFC0843F3F57DF29BF67C73F3F56
:101B7000159429BFF009403FB84829BF5C4C403F4D
:101B800041FD28BFA98E403FB0B128BFDAD0403F09
:101B9000056628BFEC12413F401A28BFE154413F7F
:101BA00061CE27BFB796413F688227BF70D8413FBB
:101BB000563627BF0B1A423F2AEA26BF895B423FAF
:101BC000E39D26BFE89C423F845126BF29DE423F69
:101BD0000A0526BF4C1F433F77B825BF5160433FDE
:101BE000CB6B25BF38A1433F041F25BF00E2433F15
:101BF00025D224BFAB22443F2C8524BF3763443F0A
:101C00001A3824BFA5A3443FEEEA23BFF5E3443FBF
:101C1000A99D23BF2624453F4B5023BF3964453F30
:101C2000D30223BF2DA4453F43B522BF03E4453F64
:101C3000996722BFBB23463FD71922BF5463463F53
:101C4000FBCB21BFCEA2463F067E21BF2AE2463F04
:101C5000F92F21BF6721473FD2E120BF8560473F71
:101C6000939320BF849F473F3B4520BF65DE473F9E
:101C7000CBF61FBF271D483F41A81FBFCA5B483F87
:101C80009F591FBF4E9A483FE50A1FBFB3D8483F30
:101C900012BC1EBFFA16493F266D1EBF2155493F93
:101CA000221E1EBF2993493F06CF1DBF12D1493FB7
:101CB000D17F1DBFDC0E4A3F84301DBF874C4A3F99
:101CC0001FE11CBF138A4A3FA2911CBF7FC74A3F36
:101CD0000C421CBFCC044B3F5FF21BBFFA414B3F91
:101CE00099A21BBF097F4B3FBB521BBFF8BB4B3FA9
:101CF000C6021BBFC7F84B3FB8B21ABF78354C3F7E
:101D000093621ABF08724C3F55121ABF79AE4C3F0E
:101D100000C219BFCBEA4C3F947119BFFD264D3F5D
:101D20000F2119BF10634D3F73D018BF029F4D3F65
:101D3000C07F18BFD5DA4D3FF52E18BF89164E3F2C
:101D400012DE17BF1C524E3F188D17BF908D4E3FAD
:101D5000073C17BFE4C84E3FDFEA16BF17044F3FEA
:101D60009F9916BF2B3F4F3F474816BF1F7A4F3FE3
:101D7000D9F615BFF4B44F3F54A515BFA8EF4F3F98
:101D8000B75315BF3B2A503F040215BFAF64503F05
:101D900039B014BF039F503F585E14BF37D9503F2E
:101DA0005F0C14BF4A13513F50BA13BF3D4D513F12
:101DB0002A6813BF1087513FEE1513BFC2C0513FB1
:101DC0009AC312BF54FA513F307112BFC633523F0B
:101DD000B01E12BF186D523F19CC11BF49A6523F19
:101DE0006B7911BF59DF523FA72611BF4918533FE6
:101DF000CDD310BF1851533FDC8010BFC789533F6C
:101E0000D52D10BF55C2533FB8DA0FBFC3FA533FA9
:101E100084870FBF0F33543F3B340FBF3B6B543F9E
:101E2000DBE00EBF47A3543F658D0EBF31DB543F4F
:101E3000DA390EBFFB12553F38E60DBFA44A553FB5
:101E400081920DBF2C82553FB33E0DBF93B9553FD4
:101E5000D0EA0CBFD9F0553FD7960CBFFE27563FAE
:101E6000C9420CBF025F563FA5EE0BBFE595563F3A
:101E70006B9A0BBFA7CC563F1C460BBF4803573F7E
:101E8000B7F10ABFC739573F3D9D0ABF2670573F7C
:101E9000AD480ABF63A6573F09F409BF7FDC573F2F
:101EA0004E9F09BF7912583F7F4A09BF5348583F98
:101EB0009BF508BF0B7E583FA1A008BFA1B3583FB8
:101EC000924B08BF17E9583F6FF607BF6A1E593F8C
:101ED00036A107BF9C53593FE84B07BFAD88593F18
:101EE00086F606BF9CBD593F0EA106BF6AF2593F58
:101EF000824B06BF16275A3FE2F505BFA05B5A3F4B
:101F00002CA005BF09905A3F624A05BF50C45A3FF2
:101F100084F404BF75F85A3F919E04BF792C5B3F4F
:101F2000894804BF5A605B3F6DF203BF1A945B3F60
:101F30003D9C03BFB8C75B3FF84503BF34FB5B3F25
:101F40009FEF02BF8E2E5C3F329902BFC7615C3F9C
:101F5000B14202BFDD945C3F1CEC01BFD1C75C3FC6
:101F6000739501BFA3FA5C3FB53E01BF532D5D3FA2
:101F7000E4E700BFE15F5D3FFF9000BF4D925D3F32
:101F8000063A00BF97C45D3FF3C5FFBEBEF65D3F96
:101F9000B217FFBEC3285E3F4A69FEBEA65A5E3F27
:101FA000BBBAFDBE678C5E3F040CFDBE05BE5E3F46
:101FB000275DFCBE81EF5E3F22AEFBBEDB205F3FB4
:101FC000F7FEFABE12525F3FA54FFABE27835F3F6E
:101FD0002DA0F9BE19B45F3F8EF0F8BEE9E45F3F73
:101FE000C840F8BE9615603FDC90F7BE2146603FC2
:101FF000CBE0F6BE8976603F9330F6BECFA6603F59
:102000003580F5BEF2D6603FB1CFF4BEF206613F37
:10201000071FF4BED036613F386EF3BE8A66613F5B
:1020200043BDF2BE2296613F290CF2BE98C5613FC6
:10203000EA5AF1BEEAF4613F85A9F0BE1A24623F74
:10204000FBF7EFBE2653623F4C46EFBE1082623F65
:102050007994EEBED7B0623F80E2EDBE7BDF623F97
:102060006330EDBEFC0D633F217EECBE5A3C633F06
:10207000BBCBEBBE956A633F3019EBBEAC98633FB8
:102080008166EABEA1C6633FAEB3E9BE73F4633FA7
:10209000B700E9BE2122643F9C4DE8BEAC4F643FCF
:1020A0005D9AE7BE147D643FFBE6E6BE59AA643F35
:1020B0007533E6BE7BD7643FCB7FE5BE7904653FD1
:1020C000FECBE4BE5431653F0E18E4BE0B5E653FA7
:1020D000FA63E3BEA08A653FC4AFE2BE10B7653FB6
:1020E0006AFBE1BE5EE3653FEE46E1BE880F663FF8
:1020F0004F92E0BE8E3B663F8DDDDFBE7167663F6F
:10210000A928DFBE3093663FA273DEBECCBE663F19
:1021100079BEDDBE45EA663F2E09DDBE9915673FF3
:10212000C153DCBECA40673F319EDBBED86B673F00
:1021300080E8DABEC196673FAD32DABE87C1673F3D
:10214000B97CD9BE2AEC673FA3C6D8BEA816683FA3
:102150006B10D8BE0341683F135AD7BE396B683F36
:1021600099A3D6BE4C95683FFDECD5BE3CBF683FF9
:102170004136D5BE07E9683F647FD4BEAE12693FE1
:1021800067C8D3BE323C693F4811D3BE9165693FF1
:10219000095AD2BECC8E693FAAA2D1BEE4B7693F2C
:1021A0002AEBD0BED7E0693F8A33D0BEA7096A3F89
:1021B000CA7BCFBE52326A3FEAC3CEBED95A6A3F0B
:1021C000EA0BCEBE3C836A3FCA53CDBE7BAB6A3FAF
:1021D0008B9BCCBE95D36A3F2CE3CBBE8CFB6A3F76
:1021E000AE2ACBBE5E236B3F1072CABE0C4B6B3F58
:1021F00053B9C9BE95726B3F7700C9BEFB996B3F5F
:102200007C47C8BE3BC16B3F628EC7BE58E86B3F80
:1022100029D5C6BE500F6C3FD21BC6BE24366C3FBC
:102220005C62C5BED45C6C3FC8A8C4BE5E836C3F14
:1022300015EFC3BEC5A96C3F4435C3BE07D06C3F84
:10224000557BC2BE24F66C3F48C1C1BE1D1C6D3F0C
:102250001E07C1BEF2416D3FD54CC0BEA1676D3FA8
:102260006F92BFBE2D8D6D3FEBD7BEBE93B26D3F5B
:102270004A1DBEBED5D76D3F8B62BDBEF2FC6D3F21
:10228000AFA7BCBEEB216E3FB6ECBBBEBE466E3FF9
:10229000A031BBBE6D6B6E3F6E76BABEF88F6E3FDF
:1022A0001EBBB9BE5DB46E3FB2FFB8BE9ED86E3FD6
:1022B0002A44B8BEBAFC6E3F8488B7BEB0206F3FD8
:1022C000C3CCB6BE83446F3FE610B6BE30686F3FE6
:1022D000EC54B5BEB88B6F3FD698B4BE1BAF6F3F02
:1022E000A5DCB3BE5AD26F3F5820B3BE73F56F3F23
:1022F000EF63B2BE6718703F6BA7B1BE373B703F4C
:10230000CBEAB0BEE15D703F102EB0BE6680703F7C
:102310003A71AFBEC6A2703F49B4AEBE02C5703FAF
:102320003CF7ADBE17E7703F153AADBE0809713FE7
:10233000D47CACBED42A713F77BFABBE7A4C713F20
:102340000102ABBEFB6D713F6F44AABE578F713F58
:10235000C486A9BE8EB0713FFEC8A8BE9FD1713F92
:102360001F0BA8BE8CF2713F254DA7BE5213723FC2
:10237000128FA6BEF433723FE5D0A5BE7054723FF3
:102380009F12A5BEC774723F3F54A4BEF894723F1B
:10239000C595A3BE04B5723F33D7A2BEEBD4723F3E
:1023A0008718A2BEACF4723FC259A1BE4714733F56
:1023B000E59AA0BEBE33733FEEDB9FBE0E53733F64
:1023C000DF1C9FBE3972733FB85D9EBE3F91733F65
:1023D000789E9DBE1FB0733F20DF9CBED9CE733F59
:1023E000AF1F9CBE6EED733F27609BBEDD0B743F3D
:1023F00086A09ABE272A743FCEE099BE4B48743F10
:10240000FE2099BE4966743F166198BE2284743FCF
:1024100017A197BED5A1743F00E196BE62BF743F7D
:10242000D22096BEC9DC743F8D6095BE0BFA743F16
:1024300031A094BE2717753FBFDF93BE1D34753F93
:10244000351F93BEED50753F945E92BE976D753FFC
:10245000DD9D91BE1C8A753F10DD90BE7BA6753F49
:102460002C1C90BEB3C2753F325B8FBEC6DE753F7B
:10247000229A8EBEB3FA753FFCD88DBE7A16763F8F
:10248000C0178DBE1B32763F6E568CBE974D763F81
:1024900007958BBEEC68763F8AD38ABE1B84763F55
:1024A000F8118ABE249F763F505089BE07BA763F06
:1024B000938E88BEC4D4763FC1CC87BE5BEF763F97
:1024C000DA0A87BECC09773FDF4886BE1724773FFC
:1024D000CE8685BE3C3E773FAAC484BE3A58773F3D
:1024E000700284BE1372773F224083BEC58B773F54
:1024F000C07D82BE51A5773F4ABB81BEB7BE773F44
:10250000C0F880BEF7D7773F223680BE10F1773F04
:10251000E1E67EBE040A783F56617DBED122783F57
:10252000A4DB7BBE773B783FCB557ABEF853783F30
:10253000CCCF78BE526C783FA64977BE8684783F70
:102540005AC375BE939C783FE83C74BE7BB4783F19
:1025500051B672BE3BCC783F942F71BED6E3783F24
:10256000B2A86FBE4AFB783FAB216EBE9812793F8E
:102570007F9A6CBEBF29793F2F136BBEC040793F55
:10258000BA8B69BE9A57793F220468BE4E6E793F76
:10259000667C66BEDC84793F86F464BE439B793FEB
:1025A000836C63BE83B1793F5CE461BE9DC7793FB4
:1025B000135C60BE91DD793FA8D35EBE5EF3793FC8
:1025C0001A4B5DBE04097A3F6AC25BBE841E7A3F25
:1025D00097395ABEDD337A3FA4B058BE10497A3FCE
:1025E0008F2757BE1C5E7A3F589E55BE02737A3FB6
:1025F000011554BEC1877A3F898B52BE599C7A3FE0
:10260000F10151BECBB07A3F38784FBE16C57A3F44
:1026100060EE4DBE3AD97A3F67644CBE37ED7A3FE3
:102620004FDA4ABE0E017B3F185049BEBE147B3FB5
:10263000C2C547BE48287B3F4D3B46BEAB3B7B3FB8
:10264000B9B044BEE74E7B3F072643BEFC617B3FEB
:10265000379B41BEEA747B3F491040BEB2877B3F47
:102660003E853EBE539A7B3F15FA3CBECDAC7B3FC8
:10267000CF6E3BBE20BF7B3F6CE339BE4DD17B3F6D
:10268000EC5738BE53E37B3F50CC36BE31F57B3F31
:10269000984035BEE9067C3FC4B433BE7A187C3F0F
:1026A000D42832BEE5297C3FC99C30BE283B7C3F04
:1026B000A2102FBE444C7C3F61842DBE3A5D7C3F0E
:1026C00004F82BBE086E7C3F8D6B2ABEB07E7C3F2B
:1026D000FCDE28BE318F7C3F515227BE8A9F7C3F53
:1026E0008CC525BEBDAF7C3FAD3824BEC9BF7C3F85
:1026F000B6AB22BEAECF7C3FA51E21BE6CDF7C3FB9
:102700007B911FBE03EF7C3F38041EBE73FE7C3FEF
:10271000DE761CBEBC0D7D3F6BE91ABEDD1C7D3F25
:10272000E05B19BED82B7D3F3DCE17BEAC3A7D3F56
:10273000834016BE59497D3FB2B214BEDE577D3F7D
:10274000CA2413BE3D667D3FCC9611BE74747D3F96
:10275000B70810BE85827D3F8B7A0EBE6E907D3F9E
:102760004AEC0CBE309E7D3FF35D0BBECCAB7D3F93
:1027700086CF09BE40B97D3F054108BE8CC67D3F6E
:102780006EB206BEB2D37D3FC22305BEB1E07D3F2F
:10279000029503BE88ED7D3F2E0602BE38FA7D3FCE
:1027A000457700BEC2067E3F92D0FDBD24137E3F1A
:1027B00073B2FABD5E1F7E3F2C94F7BD722B7E3F35
:1027C000C075F4BD5E377E3F2E57F1BD23437E3F7B
:1027D0007638EEBDC14E7E3F9A19EBBD385A7E3F2A
:1027E0009AFAE7BD88657E3F76DBE4BDB0707E3F38
:1027F0002EBCE1BDB17B7E3FC49CDEBD8B867E3F9F
:10280000377DDBBD3D917E3F895DD8BDC99B7E3F55
:10281000B93DD5BD2DA67E3FC81DD2BD69B07E3F56
:10282000B7FDCEBD7FBA7E3F86DDCBBD6DC47E3F9A
:1028300036BDC8BD34CE7E3FC69CC5BDD4D77E3F15
:10284000397CC2BD4CE17E3F8D5BBFBD9DEA7E3FC2
:10285000C33ABCBDC7F37E3FDD19B9BDC9FC7E3F9D
:10286000DAF8B5BDA4057F3FBBD7B2BD580E7F3F98
:1028700080B6AFBDE4167F3F2B95ACBD491F7F3FAF
:10288000BA73A9BD87277F3F3052A6BD9D2F7F3FDA
:102890008C30A3BD8D377F3FCF0EA0BD543F7F3F0F
:1028A000F9EC9CBDF4467F3F0ACB99BD6D4E7F3F4E
:1028B00005A996BDBF557F3FE78693BDE95C7F3F85
:1028C000B46490BDEC637F3F6A428DBDC76A7F3FB1
:1028D0000A208ABD7B717F3F94FD86BD08787F3FCB
:1028E0000ADB83BD6D7E7F3F6CB880BDAB847F3FCC
:1028F000742B7BBDC28A7F3FE9E574BDB1907F3FF9
:1029000038A06EBD78967F3F625A68BD189C7F3FA5
:10291000681462BD91A17F3F4CCE5BBDE3A67F3FB3
:102920000E8855BD0DAC7F3FAF414FBD0FB17F3F0E
:102930002FFB48BDEAB57F3F91B442BD9EBA7F3FB1
:10294000D56D3CBD2ABF7F3FFC2636BD8FC37F3F80
:1029500007E02FBDCCC77F3FF69829BDE2CB7F3F74
:10296000CC5123BDD1CF7F3F880A1DBD98D37F3F77
:102970002CC316BD37D77F3FB87B10BDAFDA7F3F82
:102980002F340ABD00DE7F3F90EC03BD29E17F3F7D
:10299000B949FBBC2BE47F3F2DBAEEBC05E77F3F76
:1029A0007B2AE2BCB8E97F3FA69AD5BC43EC7F3FC7
:1029B000B00AC9BCA7EE7F3F9B7ABCBCE3F07F3F67
:1029C00069EAAFBCF8F27F3F1C5AA3BCE6F47F3F34
:1029D000B6C996BCACF67F3F38398ABC4AF87F3F0F
:1029E0004B517BBCC1F97F3F003062BC11FB7F3F84
:1029F000900E49BC39FC7F3F02ED2FBC39FD7F3F73
:102A000059CB16BC13FE7F3F3053FBBBC4FE7F3F48
:102A1000890FC9BB4EFF7F3FC1CB96BBB1FF7F3F44
:102A2000C70F49BBECFF7F3FD40FC9BA5245454E93
:102A300054206D616C6C6F632073756363656564AE
:102A40006564002F6275696C642F676E752D746FF5
:102A50006F6C732D666F722D73746D33325F31320C
:102A60002E332E72656C312E32303234303932369C
:102A70002D313731352F7372632F6E65776C696234
:102A80002F6E65776C69622F6C6962632F73746453
:102A90006C69622F72616E642E6300494E46006954
:102AA0006E66004E414E006E616E00300030313275
:102AB00033343536373839414243444546003031A6
:102AC0003233343536373839616263646566002CD9
:102AD0002066756E6374696F6E3A2000617373656A
:102AE0007274696F6E2022257322206661696C659D
:102AF000643A2066696C6520222573222C206C695B
:102B00006E65202564257325730A00496E66696E1B
:102B1000697479004E614E002F6275696C642F678D
:102B20006E752D746F6F6C732D666F722D73746D6F
:102B300033325F31322E332E72656C312E323032A9
:102B400034303932362D313731352F7372632F6E71
:102B500065776C69622F6E65776C69622F6C69624C
:102B6000632F7374646C69622F64746F612E6300E9
:102B700042616C6C6F632073756363656564656443
:102B8000002F6275696C642F676E752D746F6F6CA2
:102B9000732D666F722D73746D33325F31322E3345
:102BA0002E72656C312E32303234303932362D315E
:102BB0003731352F7372632F6E65776C69622F6EB4
:102BC00065776C69622F6C6962632F7374646C69DA
:102BD000622F6D707265632E6300000005000000B7
:102BE000190000007D0000000080E03779C34143F8
:102BF000176E05B5B5B89346F5F93FE9034F384D63
:102C0000321D30F94877825A3CBF737FDD4F15750E
:102C1000000000000000F03F000000000000244021
:102C200000000000000059400000000000408F40FC
:102C3000000000000088C34000000000006AF84067
:102C40000000000080842E4100000000D01263418B
:102C50000000000084D797410000000065CDCD4101
:102C6000000000205FA00242000000E876483742E2
:102C7000000000A2941A6D42000040E59C30A24280
:102C80000000901EC4BCD64200003426F56B0C43F5
:102C90000080E03779C3414300A0D885573476439C
:102CA00000C84E676DC1AB43003D9160E458E143FD
:102CB000408CB5781DAF154450EFE2D6E41A4B4472
:102CC00092D54D06CFF08044F64AE1C7022DB544B7
:102CD000B49DD9794378EA44504F534958002E00A7
:102CE00000202020202020202020282828282820DC
:102CF00020202020202020202020202020202020D4
:102D0000208810101010101010101010101010103B
:102D1000100404040404040404040410101010102B
:102D200010104141414141410101010101010101F5
:102D30000101010101010101010101011010101047
:102D400010104242424242420202020202020202C7
:102D5000020202020202020202020202101010101B
:102D60002000000000000000000000000000000043
:102D70000000000000000000000000000000000053
:102D80000000000000000000000000000000000043
:102D90000000000000000000000000000000000033
:102DA0000000000000000000000000000000000023
:102DB0000000000000000000000000000000000013
:102DC0000000000000000000000000000000000003
:102DD00000000000000000000000000000000000F3
:102DE00000232D302B2000686C4C0065666745463B
:042DF0004700000098
:102DF40000000000000000000101010101010101C7
:102E04000000000000000000002B7E151628AED242
:102E1400A6ABF7158809CF4F3C012B7E151628AEBB
:102E2400D2A6ABF7158809CF4F3C082B7E15162880
:102E3400AED2A6ABF7158809CF4F3C092B7E1516E9
:102E440028AED2A6ABF7158809CF4F3C0A00000084
:102E5400000000000000000000000000000B000063
:102E640000000000000000000000000000000C0052
:102E74000000000000000000000000000000000D41
:102E8400000000000000000000000000000000003E
:102E94000E00000000000000000000000000000020
:102EA400000F00000000000000000000000000000F
:102EB40000001000000000000000000000000000FE
:082EC400000000000000000006
:082ECC00B4D2FD7F01000000FB
:042ED400650100088C
:042ED80041010008AC
:102EDC004F6E4A6F696E0000000000000000000099
:102EEC0000000000536C6565705F4D6F64650000F9
:102EFC00000000000000000041434B0000000000F7
:102F0C000000000000000000000000004E41434B98
:102F1C0000000000000000000000000000000000A5
:102F2C004A6F696E5F52657175657374730000004A
:102F3C00000000004A6F696E5F4661696C0000001A
:102F4C0000000000000000004A6F696E656400001C
:102F5C000000000000000000000000004C6F5261F7
:102F6C005F53656E6400000000000000000000006C
:102F7C00204E000002020000E803000000000000E8
:102F8C000000000000000000000000000000000035
:102F9C000000000000000000000000000000000025
:102FAC000000000000000000000000000000000015
:102FBC000000000000000000000000000000000005
:102FCC0000000000000000000000000000000000F5
:102FDC0000000000000000000000000000000000E5
:102FEC0000000000000000000000000000000000D5
:102FFC0000000000000000000000000000000000C5
:10300C0000000000000000000000000000000000B4
:10301C0000000000000000000000000000000000A4
:10302C000000000000000000000000000000000094
:10303C000000000000000000000000000000000084
:10304C000000000000000000000000000000000074
:10305C000000000000000000000000000000000064
:10306C000000000000000000000000000000000054
:10307C000000000000000000000000000000000044
:10308C000000000000000000000000000000000034
:10309C000000000000000000000000000000000024
:1030AC000000000000000000000000000000000014
:1030BC000000000000000000000000000000000004
:1030CC0000000000000000000000000000000000F4
:1030DC0000000000000000000000000000000000E4
:1030EC0000000000000000000000000000000000D4
:1030FC0000000000000000000000000000000000C4
:10310C0000000000000000000000000000000000B3
:10311C0000000000000000000000000000000000A3
:10312C000000000000000000000000000000000093
:10313C000000000000000040000000000000803F84
:10314C000000000000000000000000000000000073
:10315C000000000000000000000000000000000063
:10316C000000000000000000000000000000000053
:10317C000000000000000000000000000000000043
:10318C000000000000000000000000000000000033
:10319C000000000000000000000000000000000023
:1031AC000000000000000000000000000000000013
:1031BC000000000000000000000000000000000003
:1031CC0000000000000000000000000000000000F3
:1031DC0000000000000000000000000000000000E3
:1031EC0000000000000000000000000000000000D3
:1031FC0000000000000000000000000000000000C3
:10320C0000000000000000000000000000000000B2
:10321C0000000000000000000000000000000000A2
:10322C000000000000000000000000000000000092
:10323C000000000000000000000000000000000082
:10324C000000000000000000000000000000000072
:10325C000000000000000000000000000000000062
:10326C000000000000000000000000000000000052
:10327C000000000000000000000000000000000042
:10328C000000000000000000000000000000000032
:10329C000000000000000000000000000000000022
:1032AC000000000000000000000000000000000012
:1032BC000000000000000000000000000000000002
:1032CC0000000000000000000000000000000000F2
:1032DC0000000000000000000000000000000000E2
:1032EC0000000000000000000000000000000000D2
:1032FC0000000000000000000000000000000000C2
:10330C0000000000000000000000000000000000B1
:10331C00B13D0008000000000000000000000000AB
:10332C000000000000000000000000000000000091
:10333C000000000000000000000000000000000081
:10334C000000000000000000000000000000000071
:10335C000000000000000000000000000000000061
:10336C000000000000000000000000000000000051
:10337C000000000000000000000000000000000041
:10338C000000000000000000000000000000000031
:10339C000000000000000000000000000000000021
:1033AC000000000000000000000000000000000011
:1033BC000000000000000000000000000000000001
:1033CC0000000000000000000000000000000000F1
:1033DC0000000000000000000000000000000000E1
:1033EC0000000000000000000000000000000000D1
:1033FC0000000000000000000000000000000000C1
:10340C0000000000000000000000000000000000B0
:10341C0000000000000000000000000000000000A0
:10342C000000000000000000000000000000000090
:10343C000000000000000000000000000000000080
:10344C000000000000000000000000000000000070
:10345C000000000000000000000000000000000060
:10346C000000000000000000000000000000000050
:10347C000000000000000000000000000000000040
:10348C000000000000000000000000000000000030
:10349C000000000000000000000000000000000020
:1034AC000000000000000000000000000000000010
:1034BC000000000000000000000000000000000000
:1034CC0000000000000000000000000000000000F0
:1034DC0000000000000000000000000000000000E0
:1034EC000000000000000000ED3C0008000000009F
:1034FC000000000000000000004015460000000025
:10350C00020000000000000000000000152200086E
:10351C00BD430008AD440008512400080000000021
:10352C00000000000000000000000000000000008F
:10353C00000000000000000000000000000000007F
:10354C00000000000000000000000000000000006F
:10355C00000000000000903F000000000000000090
:10356C00000000000000000000000000000000004F
:10357C00000000000000000000000000000000003F
:10358C00000000000000000000000000000000002F
:10359C00000000000000000000000000000000001F
:1035AC00000000000000000000000000000000000F
:1035BC0000000000000000000000000000000000FF
:1035CC0000000000000000000000000000000000EF
:1035DC0000000000000000000000000000000000DF
:1035EC0000000000000000000000000000000000CF
:1035FC0000000000000000000000000000000000BF
:10360C0000000000000000000000000000000000AE
:10361C00000000000000000000000000000000009E
:10362C00000000000000000000000000000000008E
:10363C00000000000000000000000000000000007E
:10364C00000000000000000000000000000000006E
:10365C00000000000000000000000000000000005E
:10366C00000000000000000000000000000000004E
:10367C00000000000000000000000000000000003E
:10368C00000000000000000000000000000000002E
:10369C00000000000000000000000000000000001E
:1036AC00000000000000000000000000000000000E
:1036BC0000000000000000000000000000000000FE
:1036CC0000000000000000000000000000000000EE
:1036DC0000000000000000000000000000000000DE
:1036EC0000000000000000000000000000000000CE
:1036FC0000000000000000000000000000000000BE
:10370C0000000000000000000000000000000000AD
:10371C00000000000000000000000000000000009D
:10372C00000000000000000000000000000000008D
:10373C00000000000000000000000000000000007D
:10374C00000000000000000000000000000000006D
:10375C00000000000000000000000000000000005D
:10376C00000000000000000000000000000000004D
:10377C00000000000000000000000000000000003D
:10378C00000000000000000000000000000000002D
:10379C00000000000000000000000000000000001D
:1037AC00000000000000000000000000000000000D
:1037BC0000000000000000000000000000000000FD
:1037CC0000000000000000000000000000000000ED
:1037DC0000000000000000000000000000000000DD
:1037EC0000000000000000000000000000000000CD
:1037FC0000000000000000000000000000000000BD
:10380C0000000000000000000000000000000000AC
:10381C00000000000000000000000000000000009C
:10382C00000000000000000000000000000000008C
:10383C00000000000000000000000000000000007C
:10384C00000000000000000000000000000000006C
:10385C00000000000000000000000000000000005C
:10386C00000000000000000000000000000000004C
:10387C00000000000000000000000000000000003C
:10388C00F1340008000000000000000000000000FF
:10389C00000000000000000000000000000000001C
:1038AC00000000000000000000000000000000000C
:1038BC0000000000000000000000000000000000FC
:1038CC0000000000000000000000000000000000EC
:1038DC0000000000000000000000000000000000DC
:1038EC0000000000000000000000000000000000CC
:1038FC0000000000000000000000000000000000BC
:10390C0000000000000000000000000000000000AB
:10391C00000000000000000000000000000000009B
:10392C00000000000000000000000000000000008B
:10393C00000000000000000000000000000000007B
:10394C00000000000000000000000000000000006B
:10395C00000000000000000000000000000000005B
:10396C00000000000000000000000000000000004B
:10397C00000000000000000000000000000000003B
:10398C00000000000000000000000000000000002B
:10399C00000000000000000000000000000000001B
:1039AC00000000000000000000000000000000000B
:1039BC0000000000000000000000000000000000FB
:1039CC0000000000000000000000000000000000EB
:1039DC0000000000000000000000000000000000DB
:1039EC0000000000000000000000000000000000CB
:1039FC0000000000000000000000000000000000BB
:103A0C0000000000000000000000000000000000AA
:103A1C00000000000000000000000000000000009A
:103A2C00000000000000000000000000000000008A
:103A3C00000000000000000000000000000000007A
:103A4C00000000000000000000000000000000006A
:103A5C00000000000000000000000000000000005A
:103A6C00000000000000000000000000000000004A
:103A7C00000000000000000000000000000000003A
:103A8C00000000000000000000000000000000002A
:103A9C00000000000000000000000000000000001A
:103AAC00000000000000000000000000000000000A
:103ABC0000000000000000000000000000000000FA
:103ACC0000000000000000000000000000000000EA
:103ADC0000000000000000000000000000000000DA
:103AEC0000000000000000000000000000000000CA
:103AFC0000000000000000000000000000000000BA
:103B0C0000000000000000000000000000000000A9
:103B1C000000000000000000000000000000000099
:103B2C000000000000000000000000000000000089
:103B3C000000000000000000000000000000000079
:103B4C000000000000000000000000000000000069
:103B5C000000000000000000000000000000000059
:103B6C000000000000000000000000000000000049
:103B7C000000000000000000000000000000000039
:103B8C000000000000000000000000000000000029
:103B9C000000000000000000000000000000000019
:103BAC000000000000000000000000000000000009
:103BBC0000000000000000000000000000000000F9
:103BCC0000000000000000000000000000000000E9
:103BDC0000000000000000000000000000000000D9
:103BEC0000000000000000000000000000000000C9
:103BFC0000000000000000000000000000000000B9
:103C0C0000000000000000000000000000000000A8
:103C1C000000000000000000000000000000000098
:103C2C000000000000000000000000000000000088
:103C3C000000000000000000000000000000000078
:103C4C000000000000000000000000000000000068
:103C5C000000000000000000000000000000000058
:103C6C000000000000000000000000000000000048
:103C7C000000000000000000000000000000000038
:103C8C000000000000000000000000000000000028
:103C9C000000000000000000000000000000000018
:103CAC000000000000000000000000000000000008
:103CBC0000000000000000000000000000000000F8
:103CCC0000000000000000000000000000000000E8
:103CDC0000000000000000000000000000000000D8
:103CEC0000000000000000000000000000000000C8
:103CFC0000000000000000000000000000000000B8
:103D0C0000000000000000000000000000000000A7
:103D1C000000000000000000000000000000000097
:103D2C000000000000000000000000000000000087
:103D3C000000000000000000000000000000000077
:103D4C000000000000000000000000000000000067
:103D5C000000000000000000000000000000000057
:103D6C000000000000000000000000000000000047
:103D7C000000000000000000000000000000000037
:103D8C000000000000000000000000000000000027
:103D9C000000000000000000000000000000000017
:103DAC000000000000000000000000000000000007
:103DBC0000000000000000000000000000000000F7
:103DCC0000000000000000000000000000000000E7
:103DDC0000000000000000000000000000000000D7
:103DEC0000000000000000000000000000000000C7
:103DFC0000000000000000000000000000000000B7
:103E0C0000000000000000000000000000000000A6
:103E1C000000000000000000000000000000000096
:103E2C000000000000000000000000000000000086
:103E3C000000000000000000000000000000000076
:103E4C000000000000000000000000000000000066
:103E5C000000000000000000000000000000000056
:103E6C000000000000000000000000000000000046
:103E7C000000000000000000000000000000000036
:103E8C000000000000000000000000000000000026
:103E9C000000000000000000000000000000000016
:103EAC000000000000000000000000000000000006
:103EBC0000000000000000000000000000000000F6
:103ECC0000000000000000000000000000000000E6
:103EDC0000000000000000000000000000000000D6
:103EEC0000000000000000000000000000000000C6
:103EFC0000000000000000000000000000000000B6
:103F0C0000000000000000000000000000000000A5
:103F1C000000000000000000000000000000000095
:103F2C000000000000000000000000000000000085
:103F3C000000000000000000000000000000000075
:103F4C000000000000000000000000000000000065
:103F5C000000000000000000000000000000000055
:103F6C000000000000000000000000000000000045
:103F7C000000000000000000000000000000000035
:103F8C000000000000000000000000000000000025
:103F9C000000000000000000000000000000000015
:103FAC000000000000000000000000000000000005
:103FBC0000000000000000000000000000000000F5
:103FCC0000000000000000000000000000000000E5
:103FDC0000000000000000000000000000000000D5
:103FEC0000000000000000000000000000000000C5
:103FFC0000000000000000000000000000000000B5
:10400C0000000000000000000000000000000000A4
:10401C000000000000000000000000000000000094
:10402C000000000000000000000000000000000084
:10403C000000000000000000000000000000000074
:10404C000000000000000000000000000000000064
:10405C000000000000000000000000000000000054
:10406C000000000000000000000000000000000044
:10407C000000000000000000000000000000000034
:10408C000000000000000000000000000000000024
:10409C000000000000000000000000000000000014
:1040AC000000000000000000000000000000000004
:1040BC0000000000000000000000000000000000F4
:1040CC0000000000000000000000000000000000E4
:1040DC0000000000000000000000000000000000D4
:1040EC0000000000000000000000000000000000C4
:1040FC0000000000000000000000000000000000B4
:10410C0000000000000000000000000000000000A3
:10411C000000000000000000000000000000000093
:10412C000000000000000000000000000000000083
:10413C000000000000000000000000000000000073
:10414C000000000000000000000000000000000063
:10415C000000000000000000000000000000000053
:10416C000000000000000000000000000000000043
:10417C000000000000000000000000000000000033
:10418C000000000000000000000000000000000023
:10419C000000000000000000000000000000000013
:1041AC000000000000000000000000000000000003
:1041BC0000000000000000000000000000000000F3
:1041CC0000000000000000000000000000000000E3
:1041DC0000000000000000000000000000000000D3
:1041EC0000000000000000000000000000000000C3
:1041FC0000000000000000000000000000000000B3
:10420C0000000000000000000000000000000000A2
:10421C000000000000000000000000000000000092
:10422C000000000000000000000000000000000082
:10423C000000000000000000000000000000000072
:10424C000000000000000000000000000000000062
:10425C000000000000000000000000000000000052
:10426C000000000000000000000000000000000042
:10427C000000000000000000000000000000000032
:10428C000000000000000000000000000000000022
:10429C000000000000000000000000000000000012
:1042AC000000000000000000000000000000000002
:1042BC0000000000000000000000000000000000F2
:1042CC0000000000000000000000000000000000E2
:1042DC0000000000000000000000000000000000D2
:1042EC0000000000000000000000000000000000C2
:1042FC0000000000000000000000000000000000B2
:10430C0000000000000000000000000000000000A1
:10431C000000000000000000000000000000000091
:10432C000000000000000000000000000000000081
:10433C000000000000000000000000000000000071
:10434C000000000000000000000000000000000061
:10435C000000000000000000000000000000000051
:10436C000000000000000000000000000000000041
:10437C000000000000000000000000000000000031
:10438C000000000000000000000000000000000021
:10439C000000000000000000000000000000000011
:1043AC000000000000000000000000000000000001
:1043BC0000000000000000000000000000000000F1
:1043CC0000000000000000000000000000000000E1
:1043DC0000000000000000000000000000000000D1
:1043EC0000000000000000000000000000000000C1
:1043FC0000000000000000000000000000000000B1
:10440C0000000000000000000000000000000000A0
:10441C000000000000000000000000000000000090
:10442C000000000000000000000000000000000080
:10443C000000000000000000000000000000000070
:10444C000000000000000000000000000000000060
:10445C000000000000000000000000000000000050
:10446C000000000000000000000000000000000040
:10447C000000000000000000000000000000000030
:10448C000000000000000000000000000000000020
:10449C000000000000000000000000000000000010
:1044AC000000000000000000000000000000000000
:1044BC0000000000000000000000000000000000F0
:1044CC0000000000000000000000000000000000E0
:1044DC0000000000000000000000000000000000D0
:1044EC0000000000000000000000000000000000C0
:1044FC0000000000000000000000000000000000B0
:10450C00000000000000000000000000000000009F
:10451C00000000000000000000000000000000008F
:10452C00000000000000000000000000000000007F
:10453C00000000000000000000000000000000006F
:10454C00000000000000000000000000000000005F
:10455C00000000000000000000000000000000004F
:10456C00000000000000000000000000000000003F
:10457C00000000000000000000000000000000002F
:10458C00000000000000000000000000000000001F
:10459C00000000000000000000000000000000000F
:1045AC0000000000000000000000000000000000FF
:1045BC0000000000000000000000000000000000EF
:1045CC0000000000000000000000000000000000DF
:1045DC0000000000000000000000000000000000CF
:1045EC0000000000000000000000000000000000BF
:1045FC0000000000000000000000000000000000AF
:10460C00000000000000000000000000000000009E
:10461C00000000000000000000000000000000008E
:10462C00000000000000000000000000000000007E
:10463C00000000000000000000000000000000006E
:10464C00000000000000000000000000000000005E
:10465C00000000000000000000000000000000004E
:10466C00000000000000000000000000000000003E
:10467C00000000000000000000000000000000002E
:10468C00000000000000000000000000000000001E
:10469C00000000000000000000000000000000000E
:1046AC0000000000000000000000000000000000FE
:1046BC0000000000000000000000000000000000EE
:1046CC0000000000000000000000000000000000DE
:1046DC0000000000000000000000000000000000CE
:1046EC0000000000000000000000000000000000BE
:1046FC0000000000000000000000000000000000AE
:10470C00000000000000000000000000000000009D
:10471C00000000000000000000000000000000008D
:10472C00000000000000000000000000000000007D
:10473C00000000000000000000000000000000006D
:10474C00000000000000000000000000000000005D
:10475C00000000000000000000000000000000004D
:10476C00000000000000000000000000000000003D
:10477C00000000000000000000000000000000002D
:10478C00000000000000000000000000000000001D
:10479C00000000000000000000000000000000000D
:1047AC0000000000000000000000000000000000FD
:1047BC0000000000000000000000000000000000ED
:1047CC0000000000000000000000000000000000DD
:1047DC0000000000000000000000000000000000CD
:1047EC0000000000000000000000000000000000BD
:1047FC0000000000000000000000000000000000AD
:10480C00000000000000000000000000000000009C
:10481C00000000000000000000000000000000008C
:10482C00000000000000000000000000000000007C
:10483C00000000000000000000000000000000006C
:10484C00000000000000000000000000000000005C
:10485C00000000000000000000000000000000004C
:10486C00000000000000000000000000000000003C
:10487C00000000000000000000000000000000002C
:10488C00000000000000000000000000000000001C
:10489C00000000000000000000000000000000000C
:1048AC0000000000000000000000000000000000FC
:1048BC0000000000000000000000000000000000EC
:1048CC0000000000000000000000000000000000DC
:1048DC0000000000000000000000000000000000CC
:1048EC0000000000000000000000000000000000BC
:1048FC0000000000000000000000000000000000AC
:10490C00000000000000000000000000000000009B
:10491C00000000000000000000000000000000008B
:10492C00000000000000000000000000000000007B
:10493C00000000000000000000000000000000006B
:10494C00000000000000000000000000000000005B
:10495C00000000000000000000000000000000004B
:10496C00000000000000000000000000000000003B
:10497C00000000000000000000000000000000002B
:10498C00000000000000000000000000000000001B
:10499C00000000000000000000000000000000000B
:1049AC0000000000000000000000000000000000FB
:1049BC0000000000000000000000000000000000EB
:1049CC0000000000000000000000000000000000DB
:1049DC0000000000000000000000000000000000CB
:1049EC0000000000000000000000000000000000BB
:1049FC0000000000000000000000000000000000AB
:104A0C00000000000000000000000000000000009A
:104A1C00000000000000000000000000000000008A
:104A2C00000000000000000000000000000000007A
:104A3C00000000000000000000000000000000006A
:104A4C00000000000000000000000000000000005A
:104A5C00000000000000000000000000000000004A
:104A6C00000000000000000000000000000000003A
:104A7C00000000000000000000000000000000002A
:104A8C00000000000000000000000000000000001A
:104A9C00000000000000000000000000000000000A
:104AAC0000000000000000000000000000000000FA
:104ABC0000000000000000000000000000000000EA
:104ACC0000000000000000000000000000000000DA
:104ADC0000000000000000000000000000000000CA
:104AEC0000000000000000000000000000000000BA
:104AFC0000000000000000000000000000000000AA
:104B0C000000000000000000000000000000000099
:104B1C000000000000000000000000000000000089
:104B2C000000000000000000000000000000000079
:104B3C000000000000000000000000000000000069
:104B4C000000000000000000000000000000000059
:104B5C000000000000000000000000000000000049
:104B6C000000000000000000000000000000000039
:104B7C000000000000000000000000000000000029
:104B8C000000000000000000000000000000000019
:104B9C000000000000000000000000000000000009
:104BAC0000000000000000000000000000000000F9
:104BBC0000000000000000000000000000000000E9
:104BCC0000000000000000000000000000000000D9
:104BDC0000000000000000000000000000000000C9
:104BEC0000000000000000000000000000000000B9
:104BFC0000000000000000000000000000000000A9
:104C0C000000000000000000000000000000000098
:104C1C000000000000000000000000000000000088
:104C2C000000000000000000000000000000000078
:104C3C000000000000000000000000000000000068
:104C4C000000000000000000000000000000000058
:104C5C000000000000000000000000000000000048
:104C6C000000000000000000000000000000000038
:104C7C000000000000000000000000000000000028
:104C8C000000000000000000000000000000000018
:104C9C000000000000000000000000000000000008
:104CAC0000000000000000000000000000000000F8
:104CBC0000000000000000000000000000000000E8
:104CCC0000000000000000000000000000000000D8
:104CDC0000000000000000000000000000000000C8
:104CEC0000000000000000000000000000000000B8
:104CFC0000000000000000000000000000000000A8
:104D0C000000000000000000000000000000000097
:104D1C000000000000000000000000000000000087
:104D2C000000000000000000000000000000000077
:104D3C000000000000000000000000000000000067
:104D4C000000000000000000000000000000000057
:104D5C000000000000000000000000000000000047
:104D6C000000000000000000000000000000000037
:104D7C000000000000000000000000000000000027
:104D8C000000000000000000000000000000000017
:104D9C000000000000000000000000000000000007
:104DAC0000000000000000000000000000000000F7
:104DBC0000000000000000000000000000000000E7
:104DCC0000000000000000000000000000000000D7
:104DDC0000000000000000000000000000000000C7
:104DEC0000000000000000000000000000000000B7
:104DFC0000000000000000000000000000000000A7
:104E0C000000000000000000000000000000000096
:104E1C000000000000000000000000000000000086
:104E2C000000000000000000000000000000000076
:104E3C000000000000000000000000000000000066
:104E4C000000000000000000000000000000000056
:104E5C000000000000000000000000000000000046
:104E6C000000000000000000000000000000000036
:104E7C000000000000000000000000000000000026
:104E8C000000000000000000000000000000000016
:104E9C000000000000000000000000000000000006
:104EAC0000000000000000000000000000000000F6
:104EBC0000000000000000000000000000000000E6
:104ECC0000000000000000000000000000000000D6
:104EDC0000000000000000000000000000000000C6
:104EEC0000000000000000000000000000000000B6
:104EFC0000000000000000000000000000000000A6
:104F0C000000000000000000000000000000000095
:104F1C000000000000000000000000000000000085
:104F2C000000000000000000000000000000000075
:104F3C000000000000000000000000000000000065
:104F4C000000000000000000000000000000000055
:104F5C000000000000000000000000000000000045
:104F6C000000000000000000000000000000000035
:104F7C000000000000000000000000000000000025
:104F8C000000000000000000000000000000000015
:104F9C000000000000000000000000000000000005
:104FAC0000000000000000000000000000000000F5
:104FBC0000000000000000000000000000000000E5
:104FCC0000000000000000000000000000000000D5
:104FDC0000000000000000000000000000000000C5
:104FEC0000000000000000000000000000000000B5
:104FFC0000000000000000000000000000000000A5
:10500C000000000000000000000000000000000094
:10501C000000000000000000000000000000000084
:10502C000000000000000000000000000000000074
:10503C000000000000000000000000000000000064
:10504C000000000000000000000000000000000054
:10505C000000000000000000000000000000000044
:10506C000000000000000000000000000000000034
:10507C000000000000000000000000000000000024
:10508C000000000000000000000000000000000014
:10509C000000000000000000000000000000000004
:1050AC0000000000000000000000000000000000F4
:1050BC0000000000000000000000000000000000E4
:1050CC00393A000800000000000000000000000059
:1050DC0000000000010000000000000000000000C3
:1050EC0000000000000000000000000000000000B4
:1050FC00000000000000000040060000000000005E
:10510C009D230008AD2100080000000000000000F5
:10511C000000000000000000000000000000000083
:10512C000000000000000000000000000000000073
:10513C000000000000000000000000000000000063
:10514C000000000000000000000000000000000053
:10515C000000000000000000000000000000000043
:10516C000000000000000000000000000000000033
:10517C000000000000000000000000000000000023
:10518C000000000000000000000000000000000013
:10519C000000000000000000000000000000000003
:1051AC0000000000000000000000000000000000F3
:1051BC0000000000000000000000000000000000E3
:1051CC0000000000000000000000000000000000D3
:1051DC0000000000000000000000000000000000C3
:1051EC0000000000000000000000000000000000B3
:1051FC0000000000000000000000000000000000A3
:10520C000000000000000000000000000000000092
:10521C000000000000000000000000000000000082
:10522C000000000000000000000000000000000072
:10523C000000000000000000000000000000000062
:10524C000000000000000000000000000000000052
:10525C000000000000000000000000000000000042
:10526C000000000000000000000000000000000032
:10527C000000000000000000000000000000000022
:10528C000000000000000000000000000000000012
:10529C000000000000000000000000000000000002
:1052AC0000000000000000000000000000000000F2
:1052BC0000000000000000000000000000000000E2
:1052CC0000000000000000000000000000000000D2
:1052DC0000000000000000000000000000000000C2
:1052EC0000000000000000000000000000000000B2
:1052FC0000000000000000000000000000000000A2
:10530C000000000000000000000000000000000091
:10531C000000000000000000000000000000000081
:10532C000000000000000000000000000000000071
:10533C000000000000000000000000000000000061
:10534C000000000000000000000000000000000051
:10535C000000000000000000000000000000000041
:10536C000000000000000000000000000000000031
:10537C000000000000000000000000000000000021
:10538C000000000000000000000000000000000011
:10539C000000000000000000000000000000000001
:1053AC0000000000000000000000000000000000F1
:1053BC0000000000000000000000000000000000E1
:1053CC0000000000000000000000000000000000D1
:1053DC0000000000000000000000000000000000C1
:1053EC0000000000000000000000000000000000B1
:1053FC0000000000000000000000000000000000A1
:10540C000000000000000000000000000000000090
:10541C000000000000000000000000000000000080
:10542C000000000000000000000000000000000070
:10543C000000000000000000000000000000000060
:10544C000000000000000000000000000000000050
:10545C000000000000000000000000000000000040
:10546C000000000000000000000000000000000030
:10547C000000000000000000000000000000000020
:10548C000000000000000000000000000000000010
:10549C000000000000000000000000000000000000
:1054AC0000000000000000000000000000000000F0
:1054BC0000000000000000000000000000000000E0
:1054CC0000000000000000000000000000000000D0
:1054DC0000000000000000000000000000000000C0
:1054EC0000000000000000000000000000000000B0
:1054FC0000000000000000000000000000000000A0
:10550C00000000000000000000000000000000008F
:10551C00000000000000000000000000000000007F
:10552C00000000000000000000000000000000006F
:10553C00000000000000000000000000000000005F
:10554C00000000000000000000000000000000004F
:10555C00000000000000000000000000000000003F
:10556C00000000000000000000000000000000002F
:10557C00000000000000000000000000000000001F
:10558C00000000000000000000000000000000000F
:10559C0000000000000000000000000000000000FF
:1055AC0000000000000000000000000000000000EF
:1055BC0000000000000000000000000000000000DF
:1055CC0000000000000000000000000000000000CF
:1055DC0000000000000000000000000000000000BF
:1055EC0000000000000000000000000000000000AF
:1055FC00000000000000000000000000000000009F
:10560C00000000000000000000000000000000008E
:10561C00000000000000000000000000000000007E
:10562C00000000000000000000000000000000006E
:10563C00000000000000000000000000000000005E
:10564C00000000000000000000000000000000004E
:10565C00000000000000000000000000000000003E
:10566C00000000000000000000000000000000002E
:10567C00000000000000000000000000000000001E
:10568C00000000000000000000000000000000000E
:10569C0000000000000000000000000000000000FE
:1056AC0000000000000000000000000000000000EE
:1056BC0000000000000000000000000000000000DE
:1056CC0000000000000000000000000000000000CE
:1056DC0000000000000000000000000000000000BE
:1056EC0000000000000000000000000000000000AE
:1056FC00000000000000000000000000000000009E
:10570C00000000000000000000000000000000008D
:10571C00000000000000000000000000000000007D
:10572C00000000000000000000000000000000006D
:10573C00000000000000000000000000000000005D
:10574C00000000000000000000000000000000004D
:10575C00000000000000000000000000000000003D
:10576C00000000000000000000000000000000002D
:10577C00000000000000000000000000000000001D
:10578C00000000000000000000000000000000000D
:10579C0000000000000000000000000000000000FD
:1057AC0000000000000000000000000000000000ED
:1057BC0000000000000000000000000000000000DD
:1057CC0000000000000000000000000000000000CD
:1057DC0000000000000000000000000000000000BD
:1057EC0000000000000000000000000000000000AD
:1057FC00000000000000000000000000000000009D
:10580C00000000000000000000000000000000008C
:10581C00000000000000000000000000000000007C
:10582C00000000000000000000000000000000006C
:10583C00000000000000000000000000000000005C
:10584C00000000000000000000000000000000004C
:10585C00000000000000000000000000000000003C
:10586C00000000000000000000000000000000002C
:10587C00000000000000000000000000000000001C
:10588C00000000000000000000000000000000000C
:10589C0000000000000000000000000000000000FC
:1058AC0000000000000000000000000000000000EC
:1058BC0000000000000000000000000000000000DC
:1058CC0000000000000000000000000000000000CC
:1058DC0000000000000000000000000000000000BC
:1058EC0000000000000000000000000000000000AC
:1058FC00000000000000000000000000000000009C
:10590C00000000000000000000000000000000008B
:10591C00000000000000000000000000000000007B
:10592C00000000000000000000000000000000006B
:10593C00000000000000000000000000000000005B
:10594C00000000000000000000000000000000004B
:10595C00000000000000000000000000000000003B
:10596C00000000000000000000000000000000002B
:10597C00000000000000000000000000000000001B
:10598C00000000000000000000000000000000000B
:10599C0000000000000000000000000000000000FB
:1059AC0000000000000000000000000000000000EB
:1059BC0000000000000000000000000000000000DB
:1059CC0000000000000000000000000000000000CB
:1059DC0000000000000000000000000000000000BB
:1059EC0000000000000000000000000000000000AB
:1059FC00000000000000000000000000000000009B
:105A0C00000000000000000000000000000000008A
:105A1C00000000000000000000000000000000007A
:105A2C00000000000000000000000000000000006A
:105A3C00000000000000000000000000000000005A
:105A4C00000000000000000000000000000000004A
:105A5C00000000000000000000000000000000003A
:105A6C00000000000000000000000000000000002A
:105A7C00000000000000000000000000000000001A
:105A8C00000000000000000000000000000000000A
:105A9C0000000000000000000000000000000000FA
:105AAC0000000000000000000000000000000000EA
:105ABC0000000000000000000000000000000000DA
:105ACC0000000000000000000000000000000000CA
:105ADC0000000000000000000000000000000000BA
:105AEC0000000000000000000000000000000000AA
:105AFC00000000000000000000000000000000009A
:105B0C000000000000000000000000000000000089
:105B1C000000000000000000000000000000000079
:105B2C000000000000000000000000000000000069
:105B3C000000000000000000000000000000000059
:105B4C000000000000000000000000000000000049
:105B5C000000000000000000000000000000000039
:105B6C000000000000000000000000000000000029
:105B7C000000000000000000000000000000000019
:105B8C000000000000000000000000000000000009
:105B9C0000000000000000000000000000000000F9
:105BAC0000000000000000000000000000000000E9
:105BBC0000000000000000000000000000000000D9
:105BCC0000000000000000000000000000000000C9
:105BDC0000000000000000000000000000000000B9
:105BEC0000000000000000000000000000000000A9
:105BFC000000000000000000000000000000000099
:105C0C000000000000000000000000000000000088
:105C1C000000000000000000000000000000000078
:105C2C000000000000000000000000000000000068
:105C3C000000000000000000000000000000000058
:105C4C000000000000000000000000000000000048
:105C5C000000000000000000000000000000000038
:105C6C000000000000000000000000000000000028
:105C7C000000000000000000000000000000000018
:105C8C000000000000000000000000000000000008
:105C9C0000000000000000000000000000000000F8
:105CAC0000000000000000000000000000000000E8
:105CBC0000000000000000000000000000000000D8
:105CCC0000000000000000000000000000000000C8
:105CDC0000000000000000000000000000000000B8
:105CEC0000000000000000000000000000000000A8
:105CFC000000000000000000000000000000000098
:105D0C000000000000000000000000000000000087
:105D1C000000000000000000000000000000000077
:105D2C000000000000000000000000000000000067
:105D3C000000000000000000000000000000000057
:105D4C000000000000000000000000000000000047
:105D5C000000000000000000000000000000000037
:105D6C000000000000000000000000000000000027
:105D7C000000000000000000000000000000000017
:105D8C000000000000000000000000000000000007
:105D9C0000000000000000000000000000000000F7
:105DAC0000000000000000000000000000000000E7
:105DBC0000000000000000000000000000000000D7
:105DCC0000000000000000000000000000000000C7
:105DDC0000000000000000000000000000000000B7
:105DEC0000000000000000000000000000000000A7
:105DFC000000000000000000000000000000000097
:105E0C000000000000000000000000000000000086
:105E1C000000000000000000000000000000000076
:105E2C000000000000000000000000000000000066
:105E3C000000000000000000000000000000000056
:105E4C000000000000000000000000000000000046
:105E5C000000000000000000000000000000000036
:105E6C000000000000000000000000000000000026
:105E7C000000000000000000000000000000000016
:105E8C000000000000000000000000000000000006
:105E9C0000000000000000000000000000000000F6
:105EAC0000000000000000000000000000000000E6
:105EBC0000000000000000000000000000000000D6
:105ECC0000000000000000000000000000000000C6
:105EDC0000000000000000000000000000000000B6
:105EEC0000000000000000000000000000000000A6
:105EFC000000000000000000000000000000000096
:105F0C000000000000000000000000000000000085
:105F1C000000000000000000000000000000000075
:105F2C000000000000000000000000000000000065
:105F3C000000000000000000000000000000000055
:105F4C000000000000000000000000000000000045
:105F5C000000000000000000000000000000000035
:105F6C000000000000000000000000000000000025
:105F7C000000000000000000000000000000000015
:105F8C000000000000000000000000000000000005
:105F9C0000000000000000000000000000000000F5
:105FAC0000000000000000000000000000000000E5
:105FBC0000000000000000000000000000000000D5
:105FCC0000000000000000000000000000000000C5
:105FDC0000000000000000000000000000000000B5
:105FEC0000000000000000000000000000000000A5
:105FFC000000000000000000000000000000000095
:10600C000000000000000000000000000000000084
:10601C000000000000000000000000000000000074
:10602C000000000000000000000000000000000064
:10603C000000000000000000000000000000000054
:10604C000000000000000000000000000000000044
:10605C000000000000000000000000000000000034
:10606C000000000000000000000000000000000024
:10607C000000000000000000000000000000000014
:10608C000000000000000000000000000000000004
:10609C0000000000000000000000000000000000F4
:1060AC0000000000000000000000000000000000E4
:1060BC0000000000000000000000000000000000D4
:1060CC0000000000000000000000000000000000C4
:1060DC0000000000000000000000000000000000B4
:1060EC0000000000000000000000000000000000A4
:1060FC000000000000000000000000000000000094
:10610C000000000000000000000000000000000083
:10611C000000000000000000000000000000000073
:10612C000000000000000000000000000000000063
:10613C000000000000000000000000000000000053
:10614C000000000000000000000000000000000043
:10615C000000000000000000000000000000000033
:10616C000000000000000000000000000000000023
:10617C000000000000000000000000000000000013
:10618C000000000000000000000000000000000003
:10619C0000000000000000000000000000000000F3
:1061AC0000000000000000000000000000000000E3
:1061BC0000000000000000000000000000000000D3
:1061CC0000000000000000000000000000000000C3
:1061DC0000000000000000000000000000000000B3
:1061EC0000000000000000000000000000000000A3
:1061FC000000000000000000000000000000000093
:10620C000000000000000000000000000000000082
:10621C000000000000000000000000000000000072
:10622C000000000000000000000000000000000062
:10623C000000000000000000000000000000000052
:10624C000000000000000000000000000000000042
:10625C000000000000000000000000000000000032
:10626C000000000000000000000000000000000022
:10627C000000000000000000000000000000000012
:10628C000000000000000000000000000000000002
:10629C0000000000000000000000000000000000F2
:1062AC0000000000000000000000000000000000E2
:1062BC0000000000000000000000000000000000D2
:1062CC0000000000000000000000000000000000C2
:1062DC0000000000000000000000000000000000B2
:1062EC0000000000000000000000000000000000A2
:1062FC000000000000000000000000000000000092
:10630C000000000000000000000000000000000081
:10631C000000000000000000000000000000000071
:10632C000000000000000000000000000000000061
:10633C000000000000000000000000000000000051
:10634C000000000000000000000000000000000041
:10635C000000000000000000000000000000000031
:10636C000000000000000000000000000000000021
:10637C000000000000000000000000000000000011
:10638C000000000000000000000000000000000001
:10639C0000000000000000000000000000000000F1
:1063AC0000000000000000000000000000000000E1
:1063BC0000000000000000000000000000000000D1
:1063CC0000000000000000000000000000000000C1
:1063DC0000000000000000000000000000000000B1
:1063EC0000000000000000000000000000000000A1
:1063FC000000000000000000000000000000000091
:10640C000000000000000000000000000000000080
:10641C000000000000000000000000000000000070
:10642C000000000000000000000000000000000060
:10643C000000000000000000000000000000000050
:10644C000000000000000000000000000000000040
:10645C000000000000000000000000000000000030
:10646C000000000000000000000000000000000020
:10647C000000000000000000000000000000000010
:10648C000000000000000000000000000000000000
:10649C0000000000000000000000000000000000F0
:1064AC0000000000000000000000000000000000E0
:1064BC0000000000000000000000000000000000D0
:1064CC0000000000000000000000000000000000C0
:1064DC0000000000000000000000000000000000B0
:1064EC0000000000000000000000000000000000A0
:1064FC000000000000000000000000000000000090
:10650C00000000000000000000000000000000007F
:10651C00000000000000000000000000000000006F
:10652C00000000000000000000000000000000005F
:10653C00000000000000000000000000000000004F
:10654C00000000000000000000000000000000003F
:10655C00000000000000000000000000000000002F
:10656C00000000000000000000000000000000001F
:10657C00000000000000000000000000000000000F
:10658C0000000000000000000000000000000000FF
:10659C0000000000000000000000000000000000EF
:1065AC0000000000000000000000000000000000DF
:1065BC0000000000000000000000000000000000CF
:1065CC0000000000000000000000000000000000BF
:1065DC0000000000000000000000000000000000AF
:1065EC00000000000000000000000000000000009F
:1065FC00000000000000000000000000000000008F
:10660C00000000000000000000000000000000007E
:10661C00000000000000000000000000000000006E
:10662C00000000000000000000000000000000005E
:10663C00000000000000000000000000000000004E
:10664C00000000000000000000000000000000003E
:10665C00000000000000000000000000000000002E
:10666C00000000000000000000000000000000001E
:10667C00000000000000000000000000000000000E
:10668C0000000000000000000000000000000000FE
:10669C0000000000000000000000000000000000EE
:1066AC0000000000000000000000000000000000DE
:1066BC0000000000000000000000000000000000CE
:1066CC0000000000000000000000000000000000BE
:1066DC0000000000000000000000000000000000AE
:1066EC00000000000000000000000000000000009E
:1066FC00000000000000000000000000000000008E
:10670C00000000000000000000000000000000007D
:10671C00000000000000000000000000000000006D
:10672C00000000000000000000000000000000005D
:10673C00000000000000000000000000000000004D
:10674C00000000000000000000000000000000003D
:10675C00000000000000000000000000000000002D
:10676C00000000000000000000000000000000001D
:10677C00000000000000000000000000000000000D
:10678C0000000000000000000000000000000000FD
:10679C0000000000000000000000000000000000ED
:1067AC0000000000000000000000000000000000DD
:1067BC0000000000000000000000000000000000CD
:1067CC0000000000000000000000000000000000BD
:1067DC0000000000000000000000000000000000AD
:1067EC00000000000000000000000000000000009D
:1067FC00000000000000000000000000000000008D
:10680C00000000000000000000000000000000007C
:10681C00000000000000000000000000000000006C
:10682C00000000000000000000000000000000005C
:10683C00000000000000000000000000000000004C
:10684C00000000000000000000000000000000003C
:10685C00000000000000000000000000000000002C
:10686C00000000000000000000000000000000001C
:10687C00000000000000000000000000000000000C
:10688C0000000000000000000000000000000000FC
:10689C0000000000000000000000000000000000EC
:1068AC0000000000000000000000000000000000DC
:1068BC0000000000000000000000000000000000CC
:1068CC0000000000000000000000000000000000BC
:1068DC0000000000000000000000000000000000AC
:1068EC00000000000000000000000000000000009C
:1068FC00000000000000000000000000000000008C
:10690C00000000000000000000000000000000007B
:10691C00000000000000000000000000000000006B
:10692C00000000000000000000000000000000005B
:10693C00000000000000000000000000000000004B
:10694C00000000000000000000000000000000003B
:10695C00000000000000000000000000000000002B
:10696C00000000000000000000000000000000001B
:10697C00000000000000000000000000000000000B
:10698C0000000000000000000000000000000000FB
:10699C0000000000000000000000000000000000EB
:1069AC0000000000000000000000000000000000DB
:1069BC0000000000000000000000000000000000CB
:1069CC0000000000000000000000000000000000BB
:1069DC0000000000000000000000000000000000AB
:1069EC00000000000000000000000000000000009B
:1069FC00000000000000000000000000000000008B
:106A0C00000000000000000000000000000000007A
:106A1C00000000000000000000000000000000006A
:106A2C00000000000000000000000000000000005A
:106A3C00000000000000000000000000000000004A
:106A4C00000000000000000000000000000000003A
:106A5C00000000000000000000000000000000002A
:106A6C00000000000000000000000000000000001A
:106A7C00000000000000000000000000000000000A
:106A8C0000000000000000000000000000000000FA
:106A9C0000000000000000000000000000000000EA
:106AAC0000000000000000000000000000000000DA
:106ABC0000000000000000000000000000000000CA
:106ACC0000000000000000000000000000000000BA
:106ADC0000000000000000000000000000000000AA
:106AEC00000000000000000000000000000000009A
:106AFC00000000000000000000000000000000008A
:106B0C000000000000000000000000000000000079
:106B1C000000000000000000000000000000000069
:106B2C000000000000000000000000000000000059
:106B3C000000000000000000000000000000000049
:106B4C000000000000000000000000000000000039
:106B5C000000000000000000000000000000000029
:106B6C000000000000000000000000000000000019
:106B7C000000000000000000000000000000000009
:106B8C0000000000000000000000000000000000F9
:106B9C0000000000000000000000000000000000E9
:106BAC0000000000000000000000000000000000D9
:106BBC0000000000000000000000000000000000C9
:106BCC0000000000000000000000000000000000B9
:106BDC0000000000000000000000000000000000A9
:106BEC000000000000000000000000000000000099
:106BFC000000000000000000000000000000000089
:106C0C000000000000000000000000000000000078
:106C1C000000000000000000000000000000000068
:106C2C000000000000000000000000000000000058
:106C3C000000000000000000000000000000000048
:106C4C000000000000000000000000000000000038
:106C5C000000000000000000000000000000000028
:106C6C000000000000000000000000000000000018
:106C7C000000000000000000000000000000000008
:106C8C0000000000000000000000000000000000F8
:106C9C0000000000000000000000000000000000E8
:106CAC0000000000000000000000000000000000D8
:106CBC0000000000000000000000000000000000C8
:106CCC0000000000000000000000000000000000B8
:106CDC0000000000000000000000000000000000A8
:106CEC000000000000000000000000000000000098
:106CFC000000000000000000000000000000000088
:106D0C000000000000000000000000000000000077
:106D1C000000000000000000000000000000000067
:106D2C000000000000000000000000000000000057
:106D3C000000000000000000000000000000000047
:106D4C000000000000000000000000000000000037
:106D5C000000000000000000000000000000000027
:106D6C000000000000000000000000000000000017
:106D7C000000000000000000000000000000000007
:106D8C0000000000000000000000000000000000F7
:106D9C0000000000000000000000000000000000E7
:106DAC0000000000000000000000000000000000D7
:106DBC0000000000000000000000000000000000C7
:106DCC0000000000000000000000000000000000B7
:106DDC0000000000000000000000000000000000A7
:106DEC000000000000000000000000000000000097
:106DFC000000000000000000000000000000000087
:106E0C000000000000000000000000000000000076
:106E1C000000000000000000000000000000000066
:106E2C000000000000000000000000000000000056
:106E3C000000000000000000000000000000000046
:106E4C000000000000000000000000000000000036
:106E5C000000000000000000000000000000000026
:106E6C000000000000000000000000000000000016
:106E7C000000000000000000000000000000000006
:106E8C0000000000000000000000000000000000F6
:106E9C0000000000000000000000000000000000E6
:106EAC0000000000000000000000000000000000D6
:106EBC0000000000000000000000000000000000C6
:106ECC0000000000000000000000000000000000B6
:106EDC0000000000000000000000000000000000A6
:106EEC000000000000000000000000000000000096
:106EFC000000000000000000000000000000000086
:106F0C000000000000000000000000000000000075
:106F1C000000000000000000000000000000000065
:106F2C000000000000000000000000000000000055
:106F3C000000000000000000000000000000000045
:106F4C000000000000000000000000000000000035
:106F5C000000000000000000000000000000000025
:106F6C000000000000000000000000000000000015
:106F7C000000000000000000000000000000000005
:106F8C0000000000000000000000000000000000F5
:106F9C0000000000000000000000000000000000E5
:106FAC0000000000000000000000000000000000D5
:106FBC0000000000000000000000000000000000C5
:106FCC0000000000000000000000000000000000B5
:106FDC0000000000000000000000000000000000A5
:106FEC000000000000000000000000000000000095
:106FFC000000000000000000000000000000000085
:10700C000000000000000000000000000000000074
:10701C000000000000000000000000000000000064
:10702C000000000000000000000000000000000054
:10703C000000000000000000000000000000000044
:10704C000000000000000000000000000000000034
:10705C000000000000000000000000000000000024
:10706C000000000000000000000000000000000014
:10707C000000000000000000000000000000000004
:10708C0000000000000000000000000000000000F4
:10709C0000000000000000000000000000000000E4
:1070AC0000000000000000000000000000000000D4
:1070BC0000000000000000000000000000000000C4
:1070CC0000000000000000000000000000000000B4
:1070DC0000000000000000000000000000000000A4
:1070EC000000000000000000000000000000000094
:1070FC000000000000000000000000000000000084
:10710C000000000000000000000000000000000073
:10711C000000000000000000000000000000000063
:10712C000000000000000000000000000000000053
:10713C000000000000000000000000000000000043
:10714C000000000000000000000000000000000033
:10715C000000000000000000000000000000000023
:10716C000000000000000000000000000000000013
:10717C000000000000000000000000000000000003
:10718C0000000000000000000000000000000000F3
:10719C0000000000000000000000000000000000E3
:1071AC0000000000000000000000000000000000D3
:1071BC0000000000000000000000000000000000C3
:1071CC0000000000000000000000000000000000B3
:1071DC0000000000000000000000000000000000A3
:1071EC000000000000000000000000000000000093
:1071FC000000000000000000000000000000000083
:10720C000000000000000000000000000000000072
:10721C000000000000000000000000000000000062
:10722C000000000000000000000000000000000052
:10723C000000000000000000000000000000000042
:10724C000000000000000000000000000000000032
:10725C000000000000000000000000000000000022
:10726C000000000000000000000000000000000012
:10727C000000000000000000000000000000000002
:10728C0000000000000000000000000000000000F2
:10729C0000000000000000000000000000000000E2
:1072AC0000000000000000000000000000000000D2
:1072BC0000000000000000000000000000000000C2
:1072CC0000000000000000000000000000000000B2
:1072DC0000000000000000000000000000000000A2
:1072EC000000000000000000000000000000000092
:1072FC000000000000000000000000000000000082
:10730C000000000000000000000000000000000071
:10731C000000000000000000000000000000000061
:10732C000000000000000000000000000000000051
:10733C000000000000000000000000000000000041
:10734C000000000000000000000000000000000031
:10735C000000000000000000000000000000000021
:10736C000000000000000000000000000000000011
:10737C000000000000000000000000000000000001
:10738C0000000000000000000000000000000000F1
:10739C0000000000000000000000000000000000E1
:1073AC0000000000000000000000000000000000D1
:1073BC0000000000000000000000000000000000C1
:1073CC0000000000000000000000000000000000B1
:1073DC0000000000000000000000000000000000A1
:1073EC000000000000000000000000000000000091
:1073FC000000000000000000000000000000000081
:10740C000000000000000000000000000000000070
:10741C000000000000000000000000000000000060
:10742C000000000000000000000000000000000050
:10743C000000000000000000000000000000000040
:10744C000000000000000000000000000000000030
:10745C000000000000000000000000000000000020
:10746C000000000000000000000000000000000010
:10747C000000000000000000000000000000000000
:10748C0000000000000000000000000000000000F0
:10749C0000000000000000000000000000000000E0
:1074AC0000000000000000000000000000000000D0
:1074BC0000000000000000000000000000000000C0
:1074CC0000000000000000000000000000000000B0
:1074DC0000000000000000000000000000000000A0
:1074EC000000000000000000000000000000000090
:1074FC000000000000000000000000000000000080
:10750C00000000000000000000000000000000006F
:10751C00000000000000000000000000000000005F
:10752C00000000000000000000000000000000004F
:10753C00000000000000000000000000000000003F
:10754C00000000000000000000000000000000002F
:10755C00000000000000000000000000000000001F
:10756C00000000000000000000000000000000000F
:10757C0000000000000000000000000000000000FF
:10758C0000000000000000000000000000000000EF
:10759C0000000000000000000000000000000000DF
:1075AC0000000000000000000000000000000000CF
:1075BC0000000000000000000000000000000000BF
:1075CC0000000000000000000000000000000000AF
:1075DC00000000000000000000000000000000009F
:1075EC00000000000000000000000000000000008F
:1075FC00000000000000000000000000000000007F
:10760C00000000000000000000000000000000006E
:10761C00000000000000000000000000000000005E
:10762C00000000000000000000000000000000004E
:10763C00000000000000000000000000000000003E
:10764C00000000000000000000000000000000002E
:10765C00000000000000000000000000000000001E
:10766C00000000000000000000000000000000000E
:10767C0000000000000000000000000000000000FE
:10768C0000000000000000000000000000000000EE
:10769C0000000000000000000000000000000000DE
:1076AC0000000000000000000000000000000000CE
:1076BC0000000000000000000000000000000000BE
:1076CC0000000000000000000000000000000000AE
:1076DC00000000000000000000000000000000009E
:1076EC00000000000000000000000000000000008E
:1076FC00000000000000000000000000000000007E
:10770C00000000000000000000000000000000006D
:10771C00000000000000000000000000000000005D
:10772C00000000000000000000000000000000004D
:10773C00000000000000000000000000000000003D
:10774C00000000000000000000000000000000002D
:10775C00000000000000000000000000000000001D
:10776C00000000000000000000000000000000000D
:10777C0000000000000000000000000000000000FD
:10778C0000000000000000000000000000000000ED
:10779C0000000000000000000000000000000000DD
:1077AC0000000000000000000000000000000000CD
:1077BC0000000000000000000000000000000000BD
:1077CC0000000000000000000000000000000000AD
:1077DC00000000000000000000000000000000009D
:1077EC00000000000000000000000000000000008D
:1077FC00000000000000000000000000000000007D
:10780C00000000000000000000000000000000006C
:10781C00000000000000000000000000000000005C
:10782C00000000000000000000000000000000004C
:10783C00000000000000000000000000000000003C
:10784C00000000000000000000000000000000002C
:10785C00000000000000000000000000000000001C
:10786C00000000000000000000000000000000000C
:10787C0000000000000000000000000000000000FC
:10788C0000000000000000000000000000000000EC
:10789C0000000000000000000000000000000000DC
:1078AC0000000000000000000000000000000000CC
:1078BC0000000000000000000000000000000000BC
:1078CC0000000000000000000000000000000000AC
:1078DC00000000000000000000000000000000009C
:1078EC00000000000000000000000000000000008C
:1078FC00000000000000000000000000000000007C
:10790C00000000000000000000000000000000006B
:10791C00000000000000000000000000000000005B
:10792C00000000000000000000000000000000004B
:10793C00000000000000000000000000000000003B
:10794C00000000000000000000000000000000002B
:10795C00000000000000000000000000000000001B
:10796C00000000000000000000000000000000000B
:10797C0000000000000000000000000000000000FB
:10798C0000000000000000000000000000000000EB
:10799C0000000000000000000000000000000000DB
:1079AC0000000000000000000000000000000000CB
:1079BC0000000000000000000000000000000000BB
:1079CC0000000000000000000000000000000000AB
:1079DC00000000000000000000000000000000009B
:1079EC00000000000000000000000000000000008B
:1079FC00000000000000000000000000000000007B
:107A0C00000000000000000000000000000000006A
:107A1C00000000000000000000000000000000005A
:107A2C00000000000000000000000000000000004A
:107A3C00000000000000000000000000000000003A
:107A4C00000000000000000000000000000000002A
:107A5C00000000000000000000000000000000001A
:107A6C00000000000000000000000000000000000A
:107A7C0000000000000000000000000000000000FA
:107A8C0000000000000000000000000000000000EA
:107A9C0000000000000000000000000000000000DA
:107AAC0000000000000000000000000000000000CA
:107ABC0000000000000000000000000000000000BA
:107ACC0000000000000000000000000000000000AA
:107ADC00000000000000000000000000000000009A
:107AEC00000000000000000000000000000000008A
:107AFC00000000000000000000000000000000007A
:107B0C000000000000000000000000000000000069
:107B1C000000000000000000000000000000000059
:107B2C000000000000000000000000000000000049
:107B3C000000000000000000000000000000000039
:107B4C000000000000000000000000000000000029
:107B5C000000000000000000000000000000000019
:107B6C000000000000000000000000000000000009
:107B7C0000000000000000000000000000000000F9
:107B8C0000000000000000000000000000000000E9
:107B9C0000000000000000000000000000000000D9
:107BAC0000000000000000000000000000000000C9
:107BBC0000000000000000000000000000000000B9
:107BCC0000000000000000000000000000000000A9
:107BDC000000000000000000000000000000000099
:107BEC000000000000000000000000000000000089
:107BFC000000000000000000000000000000000079
:107C0C000000000000000000000000000000000068
:107C1C000000000000000000000000000000000058
:107C2C000000000000000000000000000000000048
:107C3C000000000000000000000000000000000038
:107C4C000000000000000000000000000000000028
:107C5C000000000000000000000000000000000018
:107C6C000000000000000000000000000000000008
:107C7C0000000000000000000000000000000000F8
:107C8C0000000000000000000000000000000000E8
:107C9C0000000000000000000000000000000000D8
:107CAC0000000000000000000000000000000000C8
:107CBC0000000000000000000000000000000000B8
:107CCC0000000000000000000000000000000000A8
:107CDC000000000000000000000000000000000098
:107CEC000000000000000000000000000000000088
:107CFC000000000000000000000000000000000078
:107D0C000000000000000000000000000000000067
:107D1C000000000000000000000000000000000057
:107D2C000000000000000000000000000000000047
:107D3C000000000000000000000000000000000037
:107D4C000000000000000000000000000000000027
:107D5C000000000000000000000000000000000017
:107D6C000000000000000000000000000000000007
:107D7C0000000000000000000000000000000000F7
:107D8C0000000000000000000000000000000000E7
:107D9C0000000000000000000000000000000000D7
:107DAC0000000000000000000000000000000000C7
:107DBC0000000000000000000000000000000000B7
:107DCC0000000000000000000000000000000000A7
:107DDC000000000000000000000000000000000097
:107DEC000000000000000000000000000000000087
:107DFC000000000000000000000000000000000077
:107E0C000000000000000000000000000000000066
:107E1C000000000000000000000000000000000056
:107E2C000000000000000000000000000000000046
:107E3C000000000000000000000000000000000036
:107E4C000000000000000000000000000000000026
:107E5C000000000000000000000000000000000016
:107E6C000000000000000000000000000000000006
:107E7C0000000000000000000000000000000000F6
:107E8C0000000000000000000000000000000000E6
:107E9C0000000000000000000000000000000000D6
:107EAC0000000000000000000000000000000000C6
:107EBC0000000000000000000000000000000000B6
:107ECC0000000000000000000000000000000000A6
:107EDC000000000000000000000000000000000096
:107EEC000000000000000000000000000000000086
:107EFC000000000000000000000000000000000076
:107F0C000000000000000000000000000000000065
:107F1C000000000000000000000000000000000055
:107F2C000000000000000000000000000000000045
:107F3C000000000000000000000000000000000035
:107F4C000000000000000000000000000000000025
:107F5C000000000000000000000000000000000015
:107F6C000000000000000000000000000000000005
:107F7C0000000000000000000000000000000000F5
:107F8C0000000000000000000000000000000000E5
:107F9C0000000000000000000000000000000000D5
:107FAC0000000000000000000000000000000000C5
:107FBC0000000000000000000000000000000000B5
:107FCC0000000000000000000000000000000000A5
:107FDC000000000000000000000000000000000095
:107FEC000000000000000000000000000000000085
:107FFC000000000000000000000000000000000075
:10800C000000000000000000000000000000000064
:10801C000000000000000000000000000000000054
:10802C000000000000000000000000000000000044
:10803C000000000000000000000000000000000034
:10804C000000000000000000000000000000000024
:10805C000000000000000000000000000000000014
:10806C000000000000000000000000000000000004
:10807C0000000000000000000000000000000000F4
:10808C0000000000000000000000000000000000E4
:10809C0000000000000000000000000000000000D4
:1080AC0000000000000000000000000000000000C4
:1080BC0000000000000000000000000000000000B4
:1080CC0000000000000000000000000000000000A4
:1080DC000000000000000000000000000000000094
:1080EC000000000000000000000000000000000084
:1080FC000000000000000000000000000000000074
:10810C000000000000000000000000000000000063
:10811C000000000000000000000000000000000053
:10812C000000000000000000000000000000000043
:10813C000000000000000000000000000000000033
:10814C000000000000000000000000000000000023
:10815C000000000000000000000000000000000013
:10816C000000000000000000000000000000000003
:10817C0000000000000000000000000000000000F3
:10818C0000000000000000000000000000000000E3
:10819C0000000000000000000000000000000000D3
:1081AC0000000000000000000000000000000000C3
:1081BC0000000000000000000000000000000000B3
:1081CC0000000000000000000000000000000000A3
:1081DC000000000000000000000000000000000093
:1081EC000000000000000000000000000000000083
:1081FC000000000000000000000000000000000073
:10820C000000000000000000000000000000000062
:10821C000000000000000000000000000000000052
:10822C000000000000000000000000000000000042
:10823C000000000000000000000000000000000032
:10824C000000000000000000000000000000000022
:10825C000000000000000000000000000000000012
:10826C000000000000000000000000000000000002
:10827C0000000000000000000000000000000000F2
:10828C0000000000000000000000000000000000E2
:10829C0000000000000000000000000000000000D2
:1082AC0000000000000000000000000000000000C2
:1082BC0000000000000000000000000000000000B2
:1082CC0000000000000000000000000000000000A2
:1082DC000000000000000000000000000000000092
:1082EC000000000000000000000000000000000082
:1082FC000000000000000000000000000000000072
:10830C000000000000000000000000000000000061
:10831C000000000000000000000000000000000051
:10832C000000000000000000000000000000000041
:10833C000000000000000000000000000000000031
:10834C000000000000000000000000000000000021
:10835C000000000000000000000000000000000011
:10836C000000000000000000000000000000000001
:10837C0000000000000000000000000000000000F1
:10838C0000000000000000000000000000000000E1
:10839C0000000000000000000000000000000000D1
:1083AC0000000000000000000000000000000000C1
:1083BC0000000000000000000000000000000000B1
:1083CC0000000000000000000000000000000000A1
:1083DC000000000000000000000000000000000091
:1083EC000000000000000000000000000000000081
:1083FC000000000000000000000000000000000071
:10840C000000000000000000000000000000000060
:10841C000000000000000000000000000000000050
:10842C000000000000000000000000000000000040
:10843C000000000000000000000000000000000030
:10844C000000000000000000000000000000000020
:10845C000000000000000000000000000000000010
:10846C000000000000000000000000000000000000
:10847C0000000000000000000000000000000000F0
:10848C0000000000000000000000000000000000E0
:10849C0000000000000000000000000000000000D0
:1084AC0000000000000000000000000000000000C0
:1084BC0000000000000000000000000000000000B0
:1084CC0000000000000000000000000000000000A0
:1084DC000000000000000000000000000000000090
:1084EC000000000000000000000000000000000080
:1084FC000000000000000000000000000000000070
:10850C00000000000000000000000000000000005F
:10851C00000000000000000000000000000000004F
:10852C00000000000000000000000000000000003F
:10853C00000000000000000000000000000000002F
:10854C00000000000000000000000000000000001F
:10855C00000000000000000000000000000000000F
:10856C0000000000000000000000000000000000FF
:10857C0000000000000000000000000000000000EF
:10858C0000000000000000000000000000000000DF
:10859C0000000000000000000000000000000000CF
:1085AC0000000000000000000000000000000000BF
:1085BC0000000000000000000000000000000000AF
:1085CC00000000000000000000000000000000009F
:1085DC00000000000000000000000000000000008F
:1085EC00000000000000000000000000000000007F
:1085FC00000000000000000000000000000000006F
:10860C00000000000000000000000000000000005E
:10861C00000000000000000000000000000000004E
:10862C00000000000000000000000000000000003E
:10863C00000000000000000000000000000000002E
:10864C00000000000000000000000000000000001E
:10865C00000000000000000000000000000000000E
:10866C0000000000000000000000000000000000FE
:10867C0000000000000000000000000000000000EE
:10868C0000000000000000000000000000000000DE
:10869C0000000000000000000000000000000000CE
:1086AC0000000000000000000000000000000000BE
:1086BC0000000000000000000000000000000000AE
:1086CC00000000000000000000000000000000009E
:1086DC00000000000000000000000000000000008E
:1086EC00000000000000000000000000000000007E
:1086FC00000000000000000000000000000000006E
:10870C00000000000000000000000000000000005D
:10871C00000000000000000000000000000000004D
:10872C00000000000000000000000000000000003D
:10873C00000000000000000000000000000000002D
:10874C00000000000000000000000000000000001D
:10875C00000000000000000000000000000000000D
:10876C0000000000000000000000000000000000FD
:10877C0000000000000000000000000000000000ED
:10878C0000000000000000000000000000000000DD
:10879C0000000000000000000000000000000000CD
:1087AC0000000000000000000000000000000000BD
:1087BC0000000000000000000000000000000000AD
:1087CC00000000000000000000000000000000009D
:1087DC00000000000000000000000000000000008D
:1087EC00000000000000000000000000000000007D
:1087FC00000000000000000000000000000000006D
:10880C00000000000000000000000000000000005C
:10881C00000000000000000000000000000000004C
:10882C00000000000000000000000000000000003C
:10883C00000000000000000000000000000000002C
:10884C00000000000000000000000000000000001C
:10885C00000000000000000000000000000000000C
:10886C0000000000000000000000000000000000FC
:10887C0000000000000000000000000000000000EC
:10888C0000000000000000000000000000000000DC
:10889C0000000000000000000000000000000000CC
:1088AC0000000000000000000000000000000000BC
:1088BC0000000000000000000000000000000000AC
:1088CC00000000000000000000000000000000009C
:1088DC00000000000000000000000000000000008C
:1088EC00000000000000000000000000000000007C
:1088FC00000000000000000000000000000000006C
:10890C00000000000000000000000000000000005B
:10891C00000000000000000000000000000000004B
:10892C00000000000000000000000000000000003B
:10893C00000000000000000000000000000000002B
:10894C00000000000000000000000000000000001B
:10895C00000000000000000000000000000000000B
:10896C0000000000000000000000000000000000FB
:10897C0000000000000000000000000000000000EB
:10898C0000000000000000000000000000000000DB
:10899C0000000000000000000000000000000000CB
:1089AC0000000000000000000000000000000000BB
:1089BC0000000000000000000000000000000000AB
:1089CC00000000000000000000000000000000009B
:1089DC00000000000000000000000000000000008B
:1089EC00000000000000000000000000000000007B
:1089FC00000000000000000000000000000000006B
:108A0C00000000000000000000000000000000005A
:108A1C00000000000000000000000000000000004A
:108A2C00000000000000000000000000000000003A
:108A3C00000000000000000000000000000000002A
:108A4C00000000000000000000000000000000001A
:108A5C00000000000000000000000000000000000A
:108A6C0000000000000000000000000000000000FA
:108A7C0000000000000000000000000000000000EA
:108A8C0000000000000000000000000000000000DA
:108A9C0000000000000000000000000000000000CA
:108AAC0000000000000000000000000000000000BA
:108ABC0000000000000000000000000000000000AA
:108ACC00000000000000000000000000000000009A
:108ADC00000000000000000000000000000000008A
:108AEC00000000000000000000000000000000007A
:108AFC00000000000000000000000000000000006A
:108B0C000000000000000000000000000000000059
:108B1C000000000000000000000000000000000049
:108B2C000000000000000000000000000000000039
:108B3C000000000000000000000000000000000029
:108B4C000000000000000000000000000000000019
:108B5C000000000000000000000000000000000009
:108B6C0000000000000000000000000000000000F9
:108B7C0000000000000000000000000000000000E9
:108B8C0000000000000000000000000000000000D9
:108B9C0000000000000000000000000000000000C9
:108BAC0000000000000000000000000000000000B9
:108BBC0000000000000000000000000000000000A9
:108BCC000000000000000000000000000000000099
:108BDC000000000000000000000000000000000089
:108BEC000000000000000000000000000000000079
:108BFC000000000000000000000000000000000069
:108C0C000000000000000000000000000000000058
:108C1C000000000000000000000000000000000048
:108C2C000000000000000000000000000000000038
:108C3C000000000000000000000000000000000028
:108C4C000000000000000000000000000000000018
:108C5C000000000000000000000000000000000008
:108C6C0000000000000000000000000000000000F8
:108C7C0000000000000000000000000000000000E8
:108C8C0000000000000000000000000000000000D8
:108C9C0000000000000000000000000000000000C8
:108CAC0000000000000000000000000000000000B8
:108CBC0000000000000000000000000000000000A8
:108CCC000000000000000000000000000000000098
:108CDC000000000000000000000000000000000088
:108CEC000000000000000000000000000000000078
:108CFC000000000000000000000000000000000068
:108D0C000000000000000000000000000000000057
:108D1C000000000000000000000000000000000047
:108D2C000000000000000000000000000000000037
:108D3C000000000000000000000000000000000027
:108D4C000000000000000000000000000000000017
:108D5C000000000000000000000000000000000007
:108D6C0000000000000000000000000000000000F7
:108D7C0000000000000000000000000000000000E7
:108D8C0000000000000000000000000000000000D7
:108D9C0000000000000000000000000000000000C7
:108DAC0000000000000000000000000000000000B7
:108DBC0000000000000000000000000000000000A7
:108DCC000000000000000000000000000000000097
:108DDC000000000000000000000000000000000087
:108DEC000000000000000000000000000000000077
:108DFC000000000000000000000000000000000067
:108E0C000000000000000000000000000000000056
:108E1C000000000000000000000000000000000046
:108E2C000000000000000000000000000000000036
:108E3C000000000000000000000000000000000026
:108E4C000000000000000000000000000000000016
:108E5C000000000000000000000000000000000006
:108E6C0000000000000000000000000000000000F6
:108E7C0000000000000000000000000000000000E6
:108E8C0000000000000000000000000000000000D6
:108E9C0000000000000000000000000000000000C6
:108EAC0000000000000000000000000000000000B6
:108EBC0000000000000000000000000000000000A6
:108ECC000000000000000000000000000000000096
:108EDC000000000000000000000000000000000086
:108EEC000000000000000000000000000000000076
:108EFC000000000000000000000000000000000066
:108F0C000000000000000000000000000000000055
:108F1C000000000000000000000000000000000045
:108F2C000000000000000000000000000000000035
:108F3C000000000000000000000000000000000025
:108F4C000000000000000000000000000000000015
:108F5C000000000000000000000000000000000005
:108F6C0000000000000000000000000000000000F5
:108F7C0000000000000000000000000000000000E5
:108F8C0000000000000000000000000000000000D5
:108F9C0000000000000000000000000000000000C5
:108FAC0000000000000000000000000000000000B5
:108FBC0000000000000000000000000000000000A5
:108FCC000000000000000000000000000000000095
:108FDC000000000000000000000000000000000085
:108FEC000000000000000000000000000000000075
:108FFC000000000000000000000000000000000065
:10900C000000000000000000000000000000000054
:10901C000000000000000000000000000000000044
:10902C000000000000000000000000000000000034
:10903C000000000000000000000000000000000024
:10904C000000000000000000000000000000000014
:10905C000000000000000000000000000000000004
:10906C0000000000000000000000000000000000F4
:10907C0000000000000000000000000000000000E4
:10908C0000000000000000000000000000000000D4
:10909C0000000000000000000000000000000000C4
:1090AC0000000000000000000000000000000000B4
:1090BC0000000000000000000000000000000000A4
:1090CC000000000000000000000000000000000094
:1090DC000000000000000000000000000000000084
:1090EC000000000000000000000000000000000074
:1090FC000000000000000000000000000000000064
:10910C000000000000000000000000000000000053
:10911C000000000000000000000000000000000043
:10912C000000000000000000000000000000000033
:10913C000000000000000000000000000000000023
:10914C000000000000000000000000000000000013
:10915C000000000000000000000000000000000003
:10916C0000000000000000000000000000000000F3
:10917C0000000000000000000000000000000000E3
:10918C0000000000000000000000000000000000D3
:10919C0000000000000000000000000000000000C3
:1091AC0000000000000000000000000000000000B3
:1091BC0000000000000000000000000000000000A3
:1091CC000000000000000000000000000000000093
:1091DC000000000000000000000000000000000083
:1091EC000000000000000000000000000000000073
:1091FC000000000000000000000000000000000063
:10920C000000000000000000000000000000000052
:10921C000000000000000000000000000000000042
:10922C000000000000000000000000000000000032
:10923C000000000000000000000000000000000022
:10924C000000000000000000000000000000000012
:10925C000000000000000000000000000000000002
:10926C0000000000000000000000000000000000F2
:10927C0000000000000000000000000000000000E2
:10928C0000000000000000000000000000000000D2
:10929C0000000000000000000000000000000000C2
:1092AC0000000000000000000000000000000000B2
:1092BC0000000000000000000000000000000000A2
:1092CC000000000000000000000000000000000092
:1092DC000000000000000000000000000000000082
:1092EC000000000000000000000000000000000072
:1092FC000000000000000000000000000000000062
:10930C000000000000000000000000000000000051
:10931C000000000000000000000000000000000041
:10932C000000000000000000000000000000000031
:10933C000000000000000000000000000000000021
:10934C000000000000000000000000000000000011
:10935C000000000000000000000000000000000001
:10936C0000000000000000000000000000000000F1
:10937C0000000000000000000000000000000000E1
:10938C0000000000000000000000000000000000D1
:10939C0000000000000000000000000000000000C1
:1093AC0000000000000000000000000000000000B1
:1093BC0000000000000000000000000000000000A1
:1093CC000000000000000000000000000000000091
:1093DC000000000000000000000000000000000081
:1093EC000000000000000000000000000000000071
:1093FC000000000000000000000000000000000061
:10940C000000000000000000000000000000000050
:10941C000000000000000000000000000000000040
:10942C000000000000000000000000000000000030
:10943C000000000000000000000000000000000020
:10944C000000000000000000000000000000000010
:10945C000000000000000000000000000000000000
:10946C0000000000000000000000000000000000F0
:10947C0000000000000000000000000000000000E0
:10948C0000000000000000000000000000000000D0
:10949C0000000000000000000000000000000000C0
:1094AC0000000000000000000000000000000000B0
:1094BC0000000000000000000000000000000000A0
:1094CC000000000000000000000000000000000090
:1094DC000000000000000000000000000000000080
:1094EC000000000000000000000000000000000070
:1094FC000000000000000000000000000000000060
:10950C00000000000000000000000000000000004F
:10951C00000000000000000000000000000000003F
:10952C00000000000000000000000000000000002F
:10953C00000000000000000000000000000000001F
:10954C00000000000000000000000000000000000F
:10955C0000000000000000000000000000000000FF
:10956C0000000000000000000000000000000000EF
:10957C0000000000000000000000000000000000DF
:10958C0000000000000000000000000000000000CF
:10959C0000000000000000000000000000000000BF
:1095AC0000000000000000000000000000000000AF
:1095BC00000000000000000000000000000000009F
:1095CC00000000000000000000000000000000008F
:1095DC00000000000000000000000000000000007F
:1095EC00000000000000000000000000000000006F
:1095FC00000000000000000000000000000000005F
:10960C00000000000000000000000000000000004E
:10961C00000000000000000000000000000000003E
:10962C00000000000000000000000000000000002E
:10963C00000000000000000000000000000000001E
:10964C00000000000000000000000000000000000E
:10965C0000000000000000000000000000000000FE
:10966C0000000000000000000000000000000000EE
:10967C0000000000000000000000000000000000DE
:10968C0000000000000000000000000000000000CE
:10969C0000000000000000000000000000000000BE
:1096AC0000000000000000000000000000000000AE
:1096BC00000000000000000000000000000000009E
:1096CC00000000000000000000000000000000008E
:1096DC00000000000000000000000000000000007E
:1096EC00000000000000000000000000000000006E
:1096FC00000000000000000000000000000000005E
:10970C00000000000000000000000000000000004D
:10971C00000000000000000000000000000000003D
:10972C00000000000000000000000000000000002D
:10973C00000000000000000000000000000000001D
:10974C00000000000000000000000000000000000D
:10975C0000000000000000000000000000000000FD
:10976C0000000000000000000000000000000000ED
:10977C0000000000000000000000000000000000DD
:10978C0000000000000000000000000000000000CD
:10979C0000000000000000000000000000000000BD
:1097AC0000000000000000000000000000000000AD
:1097BC00000000000000000000000000000000009D
:1097CC00000000000000000000000000000000008D
:1097DC00000000000000000000000000000000007D
:1097EC00000000000000000000000000000000006D
:1097FC00000000000000000000000000000000005D
:10980C00000000000000000000000000000000004C
:10981C00000000000000000000000000000000003C
:10982C00000000000000000000000000000000002C
:10983C00000000000000000000000000000000001C
:10984C00000000000000000000000000000000000C
:10985C0000000000000000000000000000000000FC
:10986C0000000000000000000000000000000000EC
:10987C0000000000000000000000000000000000DC
:10988C0000000000000000000000000000000000CC
:10989C0000000000000000000000000000000000BC
:1098AC0000000000000000000000000000000000AC
:1098BC00000000000000000000000000000000009C
:1098CC00000000000000000000000000000000008C
:1098DC00000000000000000000000000000000007C
:1098EC00000000000000000000000000000000006C
:1098FC00000000000000000000000000000000005C
:10990C00000000000000000000000000000000004B
:10991C00000000000000000000000000000000003B
:10992C00000000000000000000000000000000002B
:10993C00000000000000000000000000000000001B
:10994C00000000000000000000000000000000000B
:10995C0000000000000000000000000000000000FB
:10996C0000000000000000000000000000000000EB
:10997C0000000000000000000000000000000000DB
:10998C0000000000000000000000000000000000CB
:10999C0000000000000000000000000000000000BB
:1099AC0000000000000000000000000000000000AB
:1099BC00000000000000000000000000000000009B
:1099CC00000000000000000000000000000000008B
:1099DC00000000000000000000000000000000007B
:1099EC00000000000000000000000000000000006B
:1099FC00000000000000000000000000000000005B
:109A0C00000000000000000000000000000000004A
:109A1C00000000000000000000000000000000003A
:109A2C00000000000000000000000000000000002A
:109A3C00000000000000000000000000000000001A
:109A4C00000000000000000000000000000000000A
:109A5C0000000000000000000000000000000000FA
:109A6C0000000000000000000000000000000000EA
:109A7C0000000000000000000000000000000000DA
:109A8C0000000000000000000000000000000000CA
:109A9C0000000000000000000000000000000000BA
:109AAC0000000000000000000000000000000000AA
:109ABC00000000000000000000000000000000009A
:109ACC00000000000000000000000000000000008A
:109ADC00000000000000000000000000000000007A
:109AEC00000000000000000000000000000000006A
:109AFC00000000000000000000000000000000005A
:109B0C000000000000000000000000000000000049
:109B1C000000000000000000000000000000000039
:109B2C000000000000000000000000000000000029
:109B3C000000000000000000000000000000000019
:109B4C000000000000000000000000000000000009
:109B5C0000000000000000000000000000000000F9
:109B6C0000000000000000000000000000000000E9
:109B7C0000000000000000000000000000000000D9
:109B8C0000000000000000000000000000000000C9
:109B9C0000000000000000000000000000000000B9
:109BAC0000000000000000000000000000000000A9
:109BBC000000000000000000000000000000000099
:109BCC000000000000000000000000000000000089
:109BDC000000000000000000000000000000000079
:109BEC000000000000000000000000000000000069
:109BFC000000000000000000000000000000000059
:109C0C000000000000000000000000000000000048
:109C1C000000000000000000000000000000000038
:109C2C000000000000000000000000000000000028
:109C3C000000000000000000000000000000000018
:109C4C000000000000000000000000000000000008
:109C5C0000000000000000000000000000000000F8
:109C6C0000000000000000000000000000000000E8
:109C7C0000000000000000000000000000000000D8
:109C8C0000000000000000000000000000000000C8
:109C9C0000000000000000000000000000000000B8
:109CAC0000000000000000000000000000000000A8
:109CBC000000000000000000000000000000000098
:109CCC000000000000000000000000000000000088
:109CDC000000000000000000000000000000000078
:109CEC000000000000000000000000000000000068
:109CFC000000000000000000000000000000000058
:109D0C000000000000000000000000000000000047
:109D1C000000000000000000000000000000000037
:109D2C000000000000000000000000000000000027
:109D3C000000000000000000000000000000000017
:109D4C000000000000000000000000000000000007
:109D5C0000000000000000000000000000000000F7
:109D6C0000000000000000000000000000000000E7
:109D7C0000000000000000000000000000000000D7
:109D8C0000000000000000000000000000000000C7
:109D9C0000000000000000000000000000000000B7
:109DAC0000000000000000000000000000000000A7
:109DBC000000000000000000000000000000000097
:109DCC000000000000000000000000000000000087
:109DDC000000000000000000000000000000000077
:109DEC000000000000000000000000000000000067
:109DFC000000000000000000000000000000000057
:109E0C000000000000000000000000000000000046
:109E1C000000000000000000000000000000000036
:109E2C000000000000000000000000000000000026
:109E3C000000000000000000000000000000000016
:109E4C000000000000000000000000000000000006
:109E5C0000000000000000000000000000000000F6
:109E6C0000000000000000000000000000000000E6
:109E7C0000000000000000000000000000000000D6
:109E8C0000000000000000000000000000000000C6
:109E9C0000000000000000000000000000000000B6
:109EAC0000000000000000000000000000000000A6
:109EBC000000000000000000000000000000000096
:109ECC000000000000000000000000000000000086
:109EDC000000000000000000000000000000000076
:109EEC000000000000000000000000000000000066
:109EFC000000000000000000000000000000000056
:109F0C000000000000000000000000000000000045
:109F1C000000000000000000000000000000000035
:109F2C000000000000000000000000000000000025
:109F3C000000000000000000000000000000000015
:109F4C000000000000000000000000000000000005
:109F5C0000000000000000000000000000000000F5
:109F6C0000000000000000000000000000000000E5
:109F7C0000000000000000000000000000000000D5
:109F8C0000000000000000000000000000000000C5
:109F9C0000000000000000000000000000000000B5
:109FAC0000000000000000000000000000000000A5
:109FBC000000000000000000000000000000000095
:109FCC000000000000000000000000000000000085
:109FDC000000000000000000000000000000000075
:109FEC000000000000000000000000000000000065
:109FFC000000000000000000000000000000000055
:10A00C000000000000000000000000000000000044
:10A01C000000000000000000000000000000000034
:10A02C000000000000000000000000000000000024
:10A03C000000000000000000000000000000000014
:10A04C000000000000000000000000000000000004
:10A05C0000000000000000000000000000000000F4
:10A06C0000000000000000000000000000000000E4
:10A07C0000000000000000000000000000000000D4
:10A08C0000000000000000000000000000000000C4
:10A09C0000000000000000000000000000000000B4
:10A0AC0000000000000000000000000000000000A4
:10A0BC000000000000000000000000000000000094
:10A0CC000000000000000000000000000000000084
:10A0DC000000000000000000000000000000000074
:10A0EC000000000000000000000000000000000064
:10A0FC000000000000000000000000000000000054
:10A10C000000000000000000000000000000000043
:10A11C000000000000000000000000000000000033
:10A12C000000000000000000000000000000000023
:10A13C000000000000000000000000000000000013
:10A14C000000000000000000000000000000000003
:10A15C0000000000000000000000000000000000F3
:10A16C0000000000000000000000000000000000E3
:10A17C0000000000000000000000000000000000D3
:10A18C0000000000000000000000000000000000C3
:10A19C0000000000000000000000000000000000B3
:10A1AC0000000000000000000000000000000000A3
:10A1BC000000000000000000000000000000000093
:10A1CC000000000000000000000000000000000083
:10A1DC000000000000000000000000000000000073
:10A1EC000000000000000000000000000000000063
:10A1FC000000000000000000000000000000000053
:10A20C000000000000000000000000000000000042
:10A21C000000000000000000000000000000000032
:10A22C000000000000000000000000000000000022
:10A23C000000000000000000000000000000000012
:10A24C000000000000000000000000000000000002
:10A25C0000000000000000000000000000000000F2
:10A26C0000000000000000000000000000000000E2
:10A27C0000000000000000000000000000000000D2
:10A28C0000000000000000000000000000000000C2
:10A29C0000000000000000000000000000000000B2
:10A2AC0000000000000000000000000000000000A2
:10A2BC000000000000000000000000000000000092
:10A2CC000000000000000000000000000000000082
:10A2DC000000000000000000000000000000000072
:10A2EC000000000000000000000000000000000062
:10A2FC000000000000000000000000000000000052
:10A30C000000000000000000000000000000000041
:10A31C000000000000000000000000000000000031
:10A32C000000000000000000000000000000000021
:10A33C000000000000000000000000000000000011
:10A34C000000000000000000000000000000000001
:10A35C0000000000000000000000000000000000F1
:10A36C0000000000000000000000000000000000E1
:10A37C0000000000000000000000000000000000D1
:10A38C0000000000000000000000000000000000C1
:10A39C0000000000000000000000000000000000B1
:10A3AC0000000000000000000000000000000000A1
:10A3BC000000000000000000000000000000000091
:10A3CC000000000000000000000000000000000081
:10A3DC000000000000000000000000000000000071
:10A3EC000000000000000000000000000000000061
:10A3FC000000000000000000000000000000000051
:10A40C000000000000000000000000000000000040
:10A41C000000000000000000000000000000000030
:10A42C000000000000000000000000000000000020
:10A43C000000000000000000000000000000000010
:10A44C000000000000000000000000000000000000
:10A45C0000000000000000000000000000000000F0
:10A46C0000000000000000000000000000000000E0
:10A47C0000000000000000000000000000000000D0
:10A48C0000000000000000000000000000000000C0
:10A49C0000000000000000000000000000000000B0
:10A4AC0000000000000000000000000000000000A0
:10A4BC000000000000000000000000000000000090
:10A4CC000000000000000000000000000000000080
:10A4DC000000000000000000000000000000000070
:10A4EC000000000000000000000000000000000060
:10A4FC000000000000000000000000000000000050
:10A50C00000000000000000000000000000000003F
:10A51C00000000000000000000000000000000002F
:10A52C00000000000000000000000000000000001F
:10A53C00000000000000000000000000000000000F
:10A54C0000000000000000000000000000000000FF
:10A55C0000000000000000000000000000000000EF
:10A56C0000000000000000000000000000000000DF
:10A57C0000000000000000000000000000000000CF
:10A58C0000000000000000000000000000000000BF
:10A59C0000000000000000000000000000000000AF
:10A5AC00000000000000000000000000000000009F
:10A5BC00000000000000000000000000000000008F
:10A5CC00000000000000000000000000000000007F
:10A5DC00000000000000000000000000000000006F
:10A5EC00000000000000000000000000000000005F
:10A5FC00000000000000000000000000000000004F
:10A60C00000000000000000000000000000000003E
:10A61C00000000000000000000000000000000002E
:10A62C00000000000000000000000000000000001E
:10A63C00000000000000000000000000000000000E
:10A64C0000000000000000000000000000000000FE
:10A65C0000000000000000000000000000000000EE
:10A66C0000000000000000000000000000000000DE
:10A67C0000000000000000000000000000000000CE
:10A68C0000000000000000000000000000000000BE
:10A69C0000000000000000000000000000000000AE
:10A6AC00000000000000000000000000000000009E
:10A6BC00000000000000000000000000000000008E
:10A6CC00000000000000000000000000000000007E
:10A6DC00000000000000000000000000000000006E
:10A6EC00000000000000000000000000000000005E
:10A6FC00000000000000000000000000000000004E
:10A70C00000000000000000000000000000000003D
:10A71C00000000000000000000000000000000002D
:10A72C00000000000000000000000000000000001D
:10A73C00000000000000000000000000000000000D
:10A74C0000000000000000000000000000000000FD
:10A75C0000000000000000000000000000000000ED
:10A76C0000000000000000000000000000000000DD
:10A77C0000000000000000000000000000000000CD
:10A78C0000000000000000000000000000000000BD
:10A79C0000000000000000000000000000000000AD
:10A7AC00000000000000000000000000000000009D
:10A7BC00000000000000000000000000000000008D
:10A7CC00000000000000000000000000000000007D
:10A7DC00000000000000000000000000000000006D
:10A7EC00000000000000000000000000000000005D
:10A7FC00000000000000000000000000000000004D
:10A80C00000000000000000000000000000000003C
:10A81C00000000000000000000000000000000002C
:10A82C00000000000000000000000000000000001C
:10A83C00000000000000000000000000000000000C
:10A84C0000000000000000000000000000000000FC
:10A85C0000000000000000000000000000000000EC
:10A86C0000000000000000000000000000000000DC
:10A87C0000000000000000000000000000000000CC
:10A88C0000000000000000000000000000000000BC
:10A89C0000000000000000000000000000000000AC
:10A8AC00000000000000000000000000000000009C
:10A8BC00000000000000000000000000000000008C
:10A8CC00000000000000000000000000000000007C
:10A8DC00000000000000000000000000000000006C
:10A8EC00000000000000000000000000000000005C
:10A8FC00000000000000000000000000000000004C
:10A90C00000000000000000000000000000000003B
:10A91C00000000000000000000000000000000002B
:10A92C00000000000000000000000000000000001B
:10A93C00000000000000000000000000000000000B
:10A94C0000000000000000000000000000000000FB
:10A95C0000000000000000000000000000000000EB
:10A96C0000000000000000000000000000000000DB
:10A97C0000000000000000000000000000000000CB
:10A98C0000000000000000000000000000000000BB
:10A99C0000000000000000000000000000000000AB
:10A9AC00000000000000000000000000000000009B
:10A9BC00000000000000000000000000000000008B
:10A9CC00000000000000000000000000000000007B
:10A9DC00000000000000000000000000000000006B
:10A9EC00000000000000000000000000000000005B
:10A9FC00000000000000000000000000000000004B
:10AA0C00000000000000000000000000000000003A
:10AA1C00000000000000000000000000000000002A
:10AA2C00000000000000000000000000000000001A
:10AA3C00000000000000000000000000000000000A
:10AA4C0000000000000000000000000000000000FA
:10AA5C0000000000000000000000000000000000EA
:10AA6C0000000000000000000000000000000000DA
:10AA7C0000000000000000000000000000000000CA
:10AA8C0000000000000000000000000000000000BA
:10AA9C0000000000000000000000000000000000AA
:10AAAC00000000000000000000000000000000009A
:10AABC00000000000000000000000000000000008A
:10AACC00000000000000000000000000000000007A
:10AADC00000000000000000000000000000000006A
:10AAEC00000000000000000000000000000000005A
:10AAFC00000000000000000000000000000000004A
:10AB0C000000000000000000000000000000000039
:10AB1C000000000000000000000000000000000029
:10AB2C000000000000000000000000000000000019
:10AB3C000000000000000000000000000000000009
:10AB4C0000000000000000000000000000000000F9
:10AB5C0000000000000000000000000000000000E9
:10AB6C0000000000000000000000000000000000D9
:10AB7C0000000000000000000000000000000000C9
:10AB8C0000000000000000000000000000000000B9
:10AB9C0000000000000000000000000000000000A9
:10ABAC000000000000000000000000000000000099
:10ABBC000000000000000000000000000000000089
:10ABCC000000000000000000000000000000000079
:10ABDC000000000000000000000000000000000069
:10ABEC000000000000000000000000000000000059
:10ABFC000000000000000000000000000000000049
:10AC0C000000000000000000000000000000000038
:10AC1C000000000000000000000000000000000028
:10AC2C000000000000000000000000000000000018
:10AC3C000000000000000000000000000000000008
:10AC4C0000000000000000000000000000000000F8
:10AC5C0000000000000000000000000000000000E8
:10AC6C0000000000000000000000000000000000D8
:10AC7C0000000000000000000000000000000000C8
:10AC8C0000000000000000000000000000000000B8
:10AC9C0000000000000000000000000000000000A8
:10ACAC000000000000000000000000000000000098
:10ACBC000000000000000000000000000000000088
:10ACCC000000000000000000000000000000000078
:10ACDC000000000000000000000000000000000068
:10ACEC000000000000000000000000000000000058
:10ACFC000000000000000000000000000000000048
:10AD0C000000000000000000000000000000000037
:10AD1C000000000000000000000000000000000027
:10AD2C000000000000000000000000000000000017
:10AD3C000000000000000000000000000000000007
:10AD4C0000000000000000000000000000000000F7
:10AD5C0000000000000000000000000000000000E7
:10AD6C0000000000000000000000000000000000D7
:10AD7C0000000000000000000000000000000000C7
:10AD8C0000000000000000000000000000000000B7
:10AD9C0000000000000000000000000000000000A7
:10ADAC000000000000000000000000000000000097
:10ADBC000000000000000000000000000000000087
:10ADCC000000000000000000000000000000000077
:10ADDC000000000000000000000000000000000067
:10ADEC000000000000000000000000000000000057
:10ADFC000000000000000000000000000000000047
:10AE0C000000000000000000000000000000000036
:10AE1C000000000000000000000000000000000026
:10AE2C000000000000000000000000000000000016
:10AE3C000000000000000000000000000000000006
:10AE4C0000000000000000000000000000000000F6
:10AE5C0000000000000000000000000000000000E6
:10AE6C0000000000000000000000000000000000D6
:10AE7C0000000000000000000000000000000000C6
:10AE8C0000000000000000000000000000000000B6
:10AE9C0000000000000000000000000000000000A6
:10AEAC000000000000000000000000000000000096
:10AEBC000000000000000000000000000000000086
:10AECC000000000000000000000000000000000076
:10AEDC000000000000000000000000000000000066
:10AEEC000000000000000000000000000000000056
:10AEFC000000000000000000000000000000000046
:10AF0C000000000000000000000000000000000035
:10AF1C000000000000000000000000000000000025
:10AF2C000000000000000000000000000000000015
:10AF3C000000000000000000000000000000000005
:10AF4C0000000000000000000000000000000000F5
:10AF5C0000000000000000000000000000000000E5
:10AF6C0000000000000000000000000000000000D5
:10AF7C0000000000000000000000000000000000C5
:10AF8C0000000000000000000000000000000000B5
:10AF9C0000000000000000000000000000000000A5
:10AFAC000000000000000000000000000000000095
:10AFBC000000000000000000000000000000000085
:10AFCC000000000000000000000000000000000075
:10AFDC000000000000000000000000000000000065
:10AFEC000000000000000000000000000000000055
:10AFFC000000000000000000000000000000000045
:10B00C000000000000000000000000000000000034
:10B01C000000000000000000000000000000000024
:10B02C000000000000000000000000000000000014
:10B03C000000000000000000000000000000000004
:10B04C0000000000000000000000000000000000F4
:10B05C0000000000000000000000000000000000E4
:10B06C0000000000000000000000000000000000D4
:10B07C0000000000000000000000000000000000C4
:10B08C0000000000000000000000000000000000B4
:10B09C0000000000000000000000000000000000A4
:10B0AC000000000000000000000000000000000094
:10B0BC000000000000000000000000000000000084
:10B0CC000000000000000000000000000000000074
:10B0DC000000000000000000000000000000000064
:10B0EC000000000000000000000000000000000054
:10B0FC000000000000000000000000000000000044
:10B10C000000000000000000000000000000000033
:10B11C000000000000000000000000000000000023
:10B12C000000000000000000000000000000000013
:10B13C000000000000000000000000000000000003
:10B14C0000000000000000000000000000000000F3
:10B15C0000000000000000000000000000000000E3
:10B16C0000000000000000000000000000000000D3
:10B17C0000000000000000000000000000000000C3
:10B18C0000000000000000000000000000000000B3
:10B19C0000000000000000000000000000000000A3
:10B1AC000000000000000000000000000000000093
:10B1BC000000000000000000000000000000000083
:10B1CC000000000000000000000000000000000073
:10B1DC000000000000000000000000000000000063
:10B1EC000000000000000000000000000000000053
:10B1FC000000000000000000000000000000000043
:10B20C000000000000000000000000000000000032
:10B21C000000000000000000000000000000000022
:10B22C000000000000000000000000000000000012
:10B23C000000000000000000000000000000000002
:10B24C0000000000000000000000000000000000F2
:10B25C0000000000000000000000000000000000E2
:10B26C0000000000000000000000000000000000D2
:10B27C0000000000000000000000000000000000C2
:10B28C0000000000000000000000000000000000B2
:10B29C0000000000000000000000000000000000A2
:10B2AC000000000000000000000000000000000092
:10B2BC000000000000000000000000000000000082
:10B2CC000000000000000000000000000000000072
:10B2DC000000000000000000000000000000000062
:10B2EC000000000000000000000000000000000052
:10B2FC000000000000000000000000000000000042
:10B30C000000000000000000000000000000000031
:10B31C000000000000000000000000000000000021
:10B32C000000000000000000000000000000000011
:10B33C000000000000000000000000000000000001
:10B34C0000000000000000000000000000000000F1
:10B35C0000000000000000000000000000000000E1
:10B36C0000000000000000000000000000000000D1
:10B37C0000000000000000000000000000000000C1
:10B38C0000000000000000000000000000000000B1
:10B39C0000000000000000000000000000000000A1
:10B3AC000000000000000000000000000000000091
:10B3BC000000000000000000000000000000000081
:10B3CC000000000000000000000000000000000071
:10B3DC000000000000000000000000000000000061
:10B3EC000000000000000000000000000000000051
:10B3FC000000000000000000000000000000000041
:10B40C000000000000000000000000000000000030
:10B41C000000000000000000000000000000000020
:10B42C000000000000000000000000000000000010
:10B43C000000000000000000000000000000000000
:10B44C0000000000000000000000000000000000F0
:10B45C0000000000000000000000000000000000E0
:10B46C0000000000000000000000000000000000D0
:10B47C0000000000000000000000000000000000C0
:10B48C0000000000000000000000000000000000B0
:10B49C0000000000000000000000000000000000A0
:10B4AC000000000000000000000000000000000090
:10B4BC000000000000000000000000000000000080
:10B4CC000000000000000000000000000000000070
:10B4DC000000000000000000000000000000000060
:10B4EC000000000000000000000000000000000050
:10B4FC000000000000000000000000000000000040
:10B50C00000000000000000000000000000000002F
:10B51C00000000000000000000000000000000001F
:10B52C00000000000000000000000000000000000F
:10B53C0000000000000000000000000000000000FF
:10B54C0000000000000000000000000000000000EF
:10B55C0000000000000000000000000000000000DF
:10B56C0000000000000000000000000000000000CF
:10B57C0000000000000000000000000000000000BF
:10B58C0000000000000000000000000000000000AF
:10B59C00000000000000000000000000000000009F
:10B5AC00000000000000000000000000000000008F
:10B5BC00000000000000000000000000000000007F
:10B5CC00000000000000000000000000000000006F
:10B5DC00000000000000000000000000000000005F
:10B5EC00000000000000000000000000000000004F
:10B5FC00000000000000000000000000000000003F
:10B60C00000000000000000000000000000000002E
:10B61C00000000000000000000000000000000001E
:10B62C00000000000000000000000000000000000E
:10B63C0000000000000000000000000000000000FE
:10B64C0000000000000000000000000000000000EE
:10B65C0000000000000000000000000000000000DE
:10B66C0000000000000000000000000000000000CE
:10B67C0000000000000000000000000000000000BE
:10B68C0000000000000000000000000000000000AE
:10B69C00000000000000000000000000000000009E
:10B6AC00000000000000000000000000000000008E
:10B6BC00000000000000000000000000000000007E
:10B6CC00000000000000000000000000000000006E
:10B6DC00000000000000000000000000000000005E
:10B6EC00000000000000000000000000000000004E
:10B6FC00000000000000000000000000000000003E
:10B70C00000000000000000000000000000000002D
:10B71C00000000000000000000000000000000001D
:10B72C00000000000000000000000000000000000D
:10B73C0000000000000000000000000000000000FD
:10B74C0000000000000000000000000000000000ED
:10B75C0000000000000000000000000000000000DD
:10B76C0000000000000000000000000000000000CD
:10B77C0000000000000000000000000000000000BD
:10B78C0000000000000000000000000000000000AD
:10B79C00000000000000000000000000000000009D
:10B7AC00000000000000000000000000000000008D
:10B7BC00000000000000000000000000000000007D
:10B7CC00000000000000000000000000000000006D
:10B7DC00000000000000000000000000000000005D
:10B7EC00000000000000000000000000000000004D
:10B7FC00000000000000000000000000000000003D
:10B80C00000000000000000000000000000000002C
:10B81C00000000000000000000000000000000001C
:10B82C00000000000000000000000000000000000C
:10B83C0000000000000000000000000000000000FC
:10B84C0000000000000000000000000000000000EC
:10B85C0000000000000000000000000000000000DC
:10B86C0000000000000000000000000000000000CC
:10B87C0000000000000000000000000000000000BC
:10B88C0000000000000000000000000000000000AC
:10B89C00000000000000000000000000000000009C
:10B8AC00000000000000000000000000000000008C
:10B8BC00000000000000000000000000000000007C
:10B8CC00000000000000000000000000000000006C
:10B8DC00000000000000000000000000000000005C
:10B8EC00000000000000000000000000000000004C
:10B8FC00000000000000000000000000000000003C
:10B90C00000000000000000000000000000000002B
:10B91C00000000000000000000000000000000001B
:10B92C00000000000000000000000000000000000B
:10B93C0000000000000000000000000000000000FB
:10B94C0000000000000000000000000000000000EB
:10B95C0000000000000000000000000000000000DB
:10B96C0000000000000000000000000000000000CB
:10B97C0000000000000000000000000000000000BB
:10B98C0000000000000000000000000000000000AB
:10B99C00000000000000000000000000000000009B
:10B9AC00000000000000000000000000000000008B
:10B9BC00000000000000000000000000000000007B
:10B9CC00000000000000000000000000000000006B
:10B9DC00000000000000000000000000000000005B
:10B9EC00000000000000000000000000000000004B
:10B9FC00000000000000000000000000000000003B
:10BA0C00000000000000000000000000000000002A
:10BA1C00000000000000000000000000000000001A
:10BA2C00000000000000000000000000000000000A
:10BA3C0000000000000000000000000000000000FA
:10BA4C0000000000000000000000000000000000EA
:10BA5C0000000000000000000000000000000000DA
:10BA6C0000000000000000000000000000000000CA
:10BA7C0000000000000000000000000000000000BA
:10BA8C0000000000000000000000000000000000AA
:10BA9C00000000000000000000000000000000009A
:10BAAC00000000000000000000000000000000008A
:10BABC00000000000000000000000000000000007A
:10BACC00000000000000000000000000000000006A
:10BADC00000000000000000000000000000000005A
:10BAEC00000000000000000000000000000000004A
:10BAFC00000000000000000000000000000000003A
:10BB0C000000000000000000000000000000000029
:10BB1C000000000000000000000000000000000019
:10BB2C000000000000000000000000000000000009
:10BB3C0000000000000000000000000000000000F9
:10BB4C0000000000000000000000000000000000E9
:10BB5C0000000000000000000000000000000000D9
:10BB6C0000000000000000000000000000000000C9
:10BB7C0000000000000000000000000000000000B9
:10BB8C0000000000000000000000000000000000A9
:10BB9C000000000000000000000000000000000099
:10BBAC000000000000000000000000000000000089
:10BBBC000000000000000000000000000000000079
:10BBCC000000000000000000000000000000000069
:10BBDC000000000000000000000000000000000059
:10BBEC000000000000000000000000000000000049
:10BBFC000000000000000000000000000000000039
:10BC0C000000000000000000000000000000000028
:10BC1C000000000000000000000000000000000018
:10BC2C000000000000000000000000000000000008
:10BC3C0000000000000000000000000000000000F8
:10BC4C0000000000000000000000000000000000E8
:10BC5C0000000000000000000000000000000000D8
:10BC6C0000000000000000000000000000000000C8
:10BC7C0000000000000000000000000000000000B8
:10BC8C0000000000000000000000000000000000A8
:10BC9C000000000000000000000000000000000098
:10BCAC000000000000000000000000000000000088
:10BCBC000000000000000000000000000000000078
:10BCCC000000000000000000000000000000000068
:10BCDC000000000000000000000000000000000058
:10BCEC000000000000000000000000000000000048
:10BCFC000000000000000000000000000000000038
:10BD0C000000000000000000000000000000000027
:10BD1C000000000000000000000000000000000017
:10BD2C000000000000000000000000000000000007
:10BD3C0000000000000000000000000000000000F7
:10BD4C0000000000000000000000000000000000E7
:10BD5C0000000000000000000000000000000000D7
:10BD6C0000000000000000000000000000000000C7
:10BD7C0000000000000000000000000000000000B7
:10BD8C0000000000000000000000000000000000A7
:10BD9C000000000000000000000000000000000097
:10BDAC000000000000000000000000000000000087
:10BDBC000000000000000000000000000000000077
:10BDCC000000000000000000000000000000000067
:10BDDC000000000000000000000000000000000057
:10BDEC000000000000000000000000000000000047
:10BDFC000000000000000000000000000000000037
:10BE0C000000000000000000000000000000000026
:10BE1C000000000000000000000000000000000016
:10BE2C000000000000000000000000000000000006
:10BE3C0000000000000000000000000000000000F6
:10BE4C0000000000000000000000000000000000E6
:10BE5C0000000000000000000000000000000000D6
:10BE6C0000000000000000000000000000000000C6
:10BE7C0000000000000000000000000000000000B6
:10BE8C0000000000000000000000000000000000A6
:10BE9C000000000000000000000000000000000096
:10BEAC000000000000000000000000000000000086
:10BEBC000000000000000000000000000000000076
:10BECC000000000000000000000000000000000066
:10BEDC000000000000000000000000000000000056
:10BEEC000000000000000000000000000000000046
:10BEFC000000000000000000000000000000000036
:10BF0C000000000000000000000000000000000025
:10BF1C000000000000000000000000000000000015
:10BF2C000000000000000000000000000000000005
:10BF3C0000000000000000000000000000000000F5
:10BF4C0000000000000000000000000000000000E5
:10BF5C0000000000000000000000000000000000D5
:10BF6C0000000000000000000000000000000000C5
:10BF7C0000000000000000000000000000000000B5
:10BF8C0000000000000000000000000000000000A5
:10BF9C000000000000000000000000000000000095
:10BFAC000000000000000000000000000000000085
:10BFBC000000000000000000000000000000000075
:10BFCC000000000000000000000000000000000065
:10BFDC000000000000000000000000000000000055
:10BFEC000000000000000000000000000000000045
:10BFFC000000000000000000000000000000000035
:10C00C000000000000000000000000000000000024
:10C01C000000000000000000000000000000000014
:10C02C000000000000000000000000000000000004
:10C03C0000000000000000000000000000000000F4
:10C04C0000000000000000000000000000000000E4
:10C05C0000000000000000000000000000000000D4
:10C06C0000000000000000000000000000000000C4
:10C07C0000000000000000000000000000000000B4
:10C08C0000000000000000000000000000000000A4
:10C09C000000000000000000000000000000000094
:10C0AC000000000000000000000000000000000084
:10C0BC000000000000000000000000000000000074
:10C0CC000000000000000000000000000000000064
:10C0DC000000000000000000000000000000000054
:10C0EC000000000000000000000000000000000044
:10C0FC000000000000000000000000000000000034
:10C10C000000000000000000000000000000000023
:10C11C000000000000000000000000000000000013
:10C12C000000000000000000000000000000000003
:10C13C0000000000000000000000000000000000F3
:10C14C0000000000000000000000000000000000E3
:10C15C0000000000000000000000000000000000D3
:10C16C0000000000000000000000000000000000C3
:10C17C0000000000000000000000000000000000B3
:10C18C0000000000000000000000000000000000A3
:10C19C000000000000000000000000000000000093
:10C1AC000000000000000000000000000000000083
:10C1BC000000000000000000000000000000000073
:10C1CC000000000000000000000000000000000063
:10C1DC000000000000000000000000000000000053
:10C1EC000000000000000000000000000000000043
:10C1FC000000000000000000000000000000000033
:10C20C000000000000000000000000000000000022
:10C21C000000000000000000000000000000000012
:10C22C000000000000000000000000000000000002
:10C23C0000000000000000000000000000000000F2
:10C24C0000000000000000000000000000000000E2
:10C25C0000000000000000000000000000000000D2
:10C26C0000000000000000000000000000000000C2
:10C27C0000000000000000000000000000000000B2
:10C28C0000000000000000000000000000000000A2
:10C29C000000000000000000000000000000000092
:10C2AC000000000000000000000000000000000082
:10C2BC000000000000000000000000000000000072
:10C2CC000000000000000000000000000000000062
:10C2DC000000000000000000000000000000000052
:10C2EC000000000000000000000000000000000042
:10C2FC000000000000000000000000000000000032
:10C30C000000000000000000000000000000000021
:10C31C000000000000000000000000000000000011
:10C32C000000000000000000000000000000000001
:10C33C0000000000000000000000000000000000F1
:10C34C0000000000000000000000000000000000E1
:10C35C0000000000000000000000000000000000D1
:10C36C0000000000000000000000000000000000C1
:10C37C0000000000000000000000000000000000B1
:10C38C0000000000000000000000000000000000A1
:10C39C000000000000000000000000000000000091
:10C3AC000000000000000000000000000000000081
:10C3BC000000000000000000000000000000000071
:10C3CC000000000000000000000000000000000061
:10C3DC000000000000000000000000000000000051
:10C3EC000000000000000000000000000000000041
:10C3FC000000000000000000000000000000000031
:10C40C000000000000000000000000000000000020
:10C41C000000000000000000000000000000000010
:10C42C000000000000000000000000000000000000
:10C43C0000000000000000000000000000000000F0
:10C44C0000000000000000000000000000000000E0
:10C45C0000000000000000000000000000000000D0
:10C46C0000000000000000000000000000000000C0
:10C47C0000000000000000000000000000000000B0
:10C48C0000000000000000000000000000000000A0
:10C49C000000000000000000000000000000000090
:10C4AC000000000000000000000000000000000080
:10C4BC000000000000000000000000000000000070
:10C4CC000000000000000000000000000000000060
:10C4DC000000000000000000000000000000000050
:10C4EC000000000000000000000000000000000040
:10C4FC000000000000000000000000000000000030
:10C50C00000000000000000000000000000000001F
:10C51C00000000000000000000000000000000000F
:10C52C0000000000000000000000000000000000FF
:10C53C0000000000000000000000000000000000EF
:10C54C0000000000000000000000000000000000DF
:10C55C0000000000000000000000000000000000CF
:10C56C0000000000000000000000000000000000BF
:10C57C0000000000000000000000000000000000AF
:10C58C00000000000000000000000000000000009F
:10C59C00000000000000000000000000000000008F
:10C5AC00000000000000000000000000000000007F
:10C5BC00000000000000000000000000000000006F
:10C5CC00000000000000000000000000000000005F
:10C5DC00000000000000000000000000000000004F
:10C5EC00000000000000000000000000000000003F
:10C5FC00000000000000000000000000000000002F
:10C60C00000000000000000000000000000000001E
:10C61C00000000000000000000000000000000000E
:10C62C0000000000000000000000000000000000FE
:10C63C0000000000000000000000000000000000EE
:10C64C0000000000000000000000000000000000DE
:10C65C0000000000000000000000000000000000CE
:10C66C0000000000000000000000000000000000BE
:10C67C0000000000000000000000000000000000AE
:10C68C00000000000000000000000000000000009E
:10C69C00000000000000000000000000000000008E
:10C6AC00000000000000000000000000000000007E
:10C6BC00000000000000000000000000000000006E
:10C6CC00000000000000000000000000000000005E
:10C6DC00000000000000000000000000000000004E
:10C6EC00000000000000000000000000000000003E
:10C6FC00000000000000000000000000000000002E
:10C70C00000000000000000000000000000000001D
:10C71C00000000000000000000000000000000000D
:10C72C0000000000000000000000000000000000FD
:10C73C0000000000000000000000000000000000ED
:10C74C0000000000000000000000000000000000DD
:10C75C0000000000000000000000000000000000CD
:10C76C0000000000000000000000000000000000BD
:10C77C0000000000000000000000000000000000AD
:10C78C00000000000000000000000000000000009D
:10C79C00000000000000000000000000000000008D
:10C7AC00000000000000000000000000000000007D
:10C7BC00000000000000000000000000000000006D
:10C7CC00000000000000000000000000000000005D
:10C7DC00000000000000000000000000000000004D
:10C7EC00000000000000000000000000000000003D
:10C7FC00000000000000000000000000000000002D
:10C80C00000000000000000000000000000000001C
:10C81C00000000000000000000000000000000000C
:10C82C0000000000000000000000000000000000FC
:10C83C0000000000000000000000000000000000EC
:10C84C0000000000000000000000000000000000DC
:10C85C0000000000000000000000000000000000CC
:10C86C0000000000000000000000000000000000BC
:10C87C0000000000000000000000000000000000AC
:10C88C00000000000000000000000000000000009C
:10C89C00000000000000000000000000000000008C
:10C8AC00000000000000000000000000000000007C
:10C8BC00000000000000000000000000000000006C
:10C8CC00000000000000000000000000000000005C
:10C8DC00000000000000000000000000000000004C
:10C8EC00000000000000000000000000000000003C
:10C8FC00000000000000000000000000000000002C
:10C90C00000000000000000000000000000000001B
:10C91C00000000000000000000000000000000000B
:10C92C0000000000000000000000000000000000FB
:10C93C0000000000000000000000000000000000EB
:10C94C0000000000000000000000000000000000DB
:10C95C0000000000000000000000000000000000CB
:10C96C0000000000000000000000000000000000BB
:10C97C0000000000000000000000000000000000AB
:10C98C00000000000000000000000000000000009B
:10C99C00000000000000000000000000000000008B
:10C9AC00000000000000000000000000000000007B
:10C9BC00000000000000000000000000000000006B
:10C9CC00000000000000000000000000000000005B
:10C9DC00000000000000000000000000000000004B
:10C9EC00000000000000000000000000000000003B
:10C9FC00000000000000000000000000000000002B
:10CA0C00000000000000000000000000000000001A
:10CA1C00000000000000000000000000000000000A
:10CA2C0000000000000000000000000000000000FA
:10CA3C0000000000000000000000000000000000EA
:10CA4C0000000000000000000000000000000000DA
:10CA5C0000000000000000000000000000000000CA
:10CA6C0000000000000000000000000000000000BA
:10CA7C0000000000000000000000000000000000AA
:10CA8C00000000000000000000000000000000009A
:10CA9C00000000000000000000000000000000008A
:10CAAC00000000000000000000000000000000007A
:10CABC00000000000000000000000000000000006A
:10CACC00000000000000000000000000000000005A
:10CADC00000000000000000000000000000000004A
:10CAEC00000000000000000000000000000000003A
:10CAFC00000000000000000000000000000000002A
:10CB0C000000000000000000000000000000000019
:10CB1C000000000000000000000000000000000009
:10CB2C0000000000000000000000000000000000F9
:10CB3C0000000000000000000000000000000000E9
:10CB4C0000000000000000000000000000000000D9
:10CB5C0000000000000000000000000000000000C9
:10CB6C0000000000000000000000000000000000B9
:10CB7C0000000000000000000000000000000000A9
:10CB8C000000000000000000000000000000000099
:10CB9C000000000000000000000000000000000089
:10CBAC000000000000000000000000000000000079
:10CBBC000000000000000000000000000000000069
:10CBCC000000000000000000000000000000000059
:10CBDC000000000000000000000000000000000049
:10CBEC000000000000000000000000000000000039
:10CBFC000000000000000000000000000000000029
:10CC0C000000000000000000000000000000000018
:10CC1C000000000000000000000000000000000008
:10CC2C0000000000000000000000000000000000F8
:10CC3C0000000000000000000000000000000000E8
:10CC4C0000000000000000000000000000000000D8
:10CC5C0000000000000000000000000000000000C8
:10CC6C0000000000000000000000000000000000B8
:10CC7C0000000000000000000000000000000000A8
:10CC8C000000000000000000000000000000000098
:10CC9C000000000000000000000000000000000088
:10CCAC000000000000000000000000000000000078
:10CCBC000000000000000000000000000000000068
:10CCCC000000000000000000000000000000000058
:10CCDC000000000000000000000000000000000048
:10CCEC000000000000000000000000000000000038
:10CCFC000000000000000000000000000000000028
:10CD0C000000000000000000000000000000000017
:10CD1C000000000000000000000000000000000007
:10CD2C0000000000000000000000000000000000F7
:10CD3C0000000000000000000000000000000000E7
:10CD4C0000000000000000000000000000000000D7
:10CD5C0000000000000000000000000000000000C7
:10CD6C0000000000000000000000000000000000B7
:10CD7C0000000000000000000000000000000000A7
:10CD8C000000000000000000000000000000000097
:10CD9C000000000000000000000000000000000087
:10CDAC000000000000000000000000000000000077
:10CDBC000000000000000000000000000000000067
:10CDCC000000000000000000000000000000000057
:10CDDC000000000000000000000000000000000047
:10CDEC000000000000000000000000000000000037
:10CDFC000000000000000000000000000000000027
:10CE0C000000000000000000000000000000000016
:10CE1C000000000000000000000000000000000006
:10CE2C0000000000000000000000000000000000F6
:10CE3C0000000000000000000000000000000000E6
:10CE4C0000000000000000000000000000000000D6
:10CE5C0000000000000000000000000000000000C6
:10CE6C0000000000000000000000000000000000B6
:10CE7C0000000000000000000000000000000000A6
:10CE8C000000000000000000000000000000000096
:10CE9C000000000000000000000000000000000086
:10CEAC000000000000000000000000000000000076
:10CEBC000000000000000000000000000000000066
:10CECC000000000000000000000000000000000056
:10CEDC000000000000000000000000000000000046
:10CEEC000000000000000000000000000000000036
:10CEFC000000000000000000000000000000000026
:10CF0C000000000000000000000000000000000015
:10CF1C000000000000000000000000000000000005
:10CF2C0000000000000000000000000000000000F5
:10CF3C0000000000000000000000000000000000E5
:10CF4C0000000000000000000000000000000000D5
:10CF5C0000000000000000000000000000000000C5
:10CF6C0000000000000000000000000000000000B5
:10CF7C0000000000000000000000000000000000A5
:10CF8C000000000000000000000000000000000095
:10CF9C000000000000000000000000000000000085
:10CFAC000000000000000000000000000000000075
:10CFBC000000000000000000000000000000000065
:10CFCC000000000000000000000000000000000055
:10CFDC000000000000000000000000000000000045
:10CFEC000000000000000000000000000000000035
:10CFFC000000000000000000000000000000000025
:10D00C000000000000000000000000000000000014
:10D01C000000000000000000000000000000000004
:10D02C0000000000000000000000000000000000F4
:10D03C0000000000000000000000000000000000E4
:10D04C0000000000000000000000000000000000D4
:10D05C0000000000000000000000000000000000C4
:10D06C0000000000000000000000000000000000B4
:10D07C0000000000000000000000000000000000A4
:10D08C000000000000000000000000000000000094
:10D09C000000000000000000000000000000000084
:10D0AC000000000000000000000000000000000074
:10D0BC000000000000000000000000000000000064
:10D0CC000000000000000000000000000000000054
:10D0DC000000000000000000000000000000000044
:10D0EC000000000000000000000000000000000034
:10D0FC000000000000000000000000000000000024
:10D10C000000000000000000000000000000000013
:10D11C000000000000000000000000000000000003
:10D12C0000000000000000000000000000000000F3
:10D13C0000000000000000000000000000000000E3
:10D14C0000000000000000000000000000000000D3
:10D15C0000000000000000000000000000000000C3
:10D16C0000000000000000000000000000000000B3
:10D17C0000000000000000000000000000000000A3
:10D18C000000000000000000000000000000000093
:10D19C000000000000000000000000000000000083
:10D1AC000000000000000000000000000000000073
:10D1BC000000000000000000000000000000000063
:10D1CC000000000000000000000000000000000053
:10D1DC000000000000000000000000000000000043
:10D1EC000000000000000000000000000000000033
:10D1FC000000000000000000000000000000000023
:10D20C000000000000000000000000000000000012
:10D21C000000000000000000000000000000000002
:10D22C0000000000000000000000000000000000F2
:10D23C0000000000000000000000000000000000E2
:10D24C0000000000000000000000000000000000D2
:10D25C0000000000000000000000000000000000C2
:10D26C0000000000000000000000000000000000B2
:10D27C0000000000000000000000000000000000A2
:10D28C000000000000000000000000000000000092
:10D29C000000000000000000000000000000000082
:10D2AC000000000000000000000000000000000072
:10D2BC000000000000000000000000000000000062
:10D2CC000000000000000000000000000000000052
:10D2DC000000000000000000000000000000000042
:10D2EC000000000000000000000000000000000032
:10D2FC000000000000000000000000000000000022
:10D30C000000000000000000000000000000000011
:10D31C000000000000000000000000000000000001
:10D32C0000000000000000000000000000000000F1
:10D33C0000000000000000000000000000000000E1
:10D34C0000000000000000000000000000000000D1
:10D35C0000000000000000000000000000000000C1
:10D36C0000000000000000000000000000000000B1
:10D37C0000000000000000000000000000000000A1
:10D38C000000000000000000000000000000000091
:10D39C000000000000000000000000000000000081
:10D3AC000000000000000000000000000000000071
:10D3BC000000000000000000000000000000000061
:10D3CC000000000000000000000000000000000051
:10D3DC000000000000000000000000000000000041
:10D3EC000000000000000000000000000000000031
:10D3FC000000000000000000000000000000000021
:10D40C000000000000000000000000000000000010
:10D41C000000000000000000000000000000000000
:10D42C0000000000000000000000000000000000F0
:10D43C0000000000000000000000000000000000E0
:10D44C0000000000000000000000000000000000D0
:10D45C0000000000000000000000000000000000C0
:10D46C0000000000000000000000000000000000B0
:10D47C0000000000000000000000000000000000A0
:10D48C000000000000000000000000000000000090
:10D49C000000000000000000000000000000000080
:10D4AC000000000000000000000000000000000070
:10D4BC000000000000000000000000000000000060
:10D4CC000000000000000000000000000000000050
:10D4DC000000000000000000000000000000000040
:10D4EC000000000000000000000000000000000030
:10D4FC000000000000000000000000000000000020
:10D50C00000000000000000000000000000000000F
:10D51C0000000000000000000000000000000000FF
:10D52C0000000000000000000000000000000000EF
:10D53C0000000000000000000000000000000000DF
:10D54C0000000000000000000000000000000000CF
:10D55C0000000000000000000000000000000000BF
:10D56C0000000000000000000000000000000000AF
:10D57C00000000000000000000000000000000009F
:10D58C00000000000000000000000000000000008F
:10D59C00000000000000000000000000000000007F
:10D5AC00000000000000000000000000000000006F
:10D5BC00000000000000000000000000000000005F
:10D5CC00000000000000000000000000000000004F
:10D5DC00000000000000000000000000000000003F
:10D5EC00000000000000000000000000000000002F
:10D5FC00000000000000000000000000000000001F
:10D60C00000000000000000000000000000000000E
:10D61C0000000000000000000000000000000000FE
:10D62C0000000000000000000000000000000000EE
:10D63C0000000000000000000000000000000000DE
:10D64C0000000000000000000000000000000000CE
:10D65C0000000000000000000000000000000000BE
:10D66C0000000000000000000000000000000000AE
:10D67C00000000000000000000000000000000009E
:10D68C00000000000000000000000000000000008E
:10D69C00000000000000000000000000000000007E
:10D6AC00000000000000000000000000000000006E
:10D6BC00000000000000000000000000000000005E
:10D6CC00000000000000000000000000000000004E
:10D6DC00000000000000000000000000000000003E
:10D6EC00000000000000000000000000000000002E
:10D6FC00000000000000000000000000000000001E
:10D70C00000000000000000000000000000000000D
:10D71C0000000000000000000000000000000000FD
:10D72C0000000000000000000000000000000000ED
:10D73C0000000000000000000000000000000000DD
:10D74C0000000000000000000000000000000000CD
:10D75C0000000000000000000000000000000000BD
:10D76C0000000000000000000000000000000000AD
:10D77C00000000000000000000000000000000009D
:10D78C00000000000000000000000000000000008D
:10D79C00000000000000000000000000000000007D
:10D7AC00000000000000000000000000000000006D
:10D7BC00000000000000000000000000000000005D
:10D7CC00000000000000000000000000000000004D
:10D7DC00000000000000000000000000000000003D
:10D7EC00000000000000000000000000000000002D
:10D7FC00000000000000000000000000000000001D
:10D80C00000000000000000000000000000000000C
:10D81C0000000000000000000000000000000000FC
:10D82C0000000000000000000000000000000000EC
:10D83C0000000000000000000000000000000000DC
:10D84C0000000000000000000000000000000000CC
:10D85C0000000000000000000000000000000000BC
:10D86C0000000000000000000000000000000000AC
:10D87C00000000000000000000000000000000009C
:10D88C00000000000000000000000000000000008C
:10D89C00000000000000000000000000000000007C
:10D8AC00000000000000000000000000000000006C
:10D8BC00000000000000000000000000000000005C
:10D8CC00000000000000000000000000000000004C
:10D8DC00000000000000000000000000000000003C
:10D8EC00000000000000000000000000000000002C
:10D8FC00000000000000000000000000000000001C
:10D90C00000000000000000000000000000000000B
:10D91C0000000000000000000000000000000000FB
:10D92C0000000000000000000000000000000000EB
:10D93C0000000000000000000000000000000000DB
:10D94C0000000000000000000000000000000000CB
:10D95C0000000000000000000000000000000000BB
:10D96C0000000000000000000000000000000000AB
:10D97C00000000000000000000000000000000009B
:10D98C00000000000000000000000000000000008B
:10D99C00000000000000000000000000000000007B
:10D9AC00000000000000000000000000000000006B
:10D9BC00000000000000000000000000000000005B
:10D9CC00000000000000000000000000000000004B
:10D9DC00000000000000000000000000000000003B
:10D9EC00000000000000000000000000000000002B
:10D9FC00000000000000000000000000000000001B
:10DA0C00000000000000000000000000000000000A
:10DA1C0000000000000000000000000000000000FA
:10DA2C0000000000000000000000000000000000EA
:10DA3C0000000000000000000000000000000000DA
:10DA4C0000000000000000000000000000000000CA
:10DA5C0000000000000000000000000000000000BA
:10DA6C0000000000000000000000000000000000AA
:10DA7C00000000000000000000000000000000009A
:10DA8C00000000000000000000000000000000008A
:10DA9C00000000000000000000000000000000007A
:10DAAC00000000000000000000000000000000006A
:10DABC00000000000000000000000000000000005A
:10DACC00000000000000000000000000000000004A
:10DADC00000000000000000000000000000000003A
:10DAEC00000000000000000000000000000000002A
:10DAFC00000000000000000000000000000000001A
:10DB0C000000000000000000000000000000000009
:10DB1C0000000000000000000000000000000000F9
:10DB2C0000000000000000000000000000000000E9
:10DB3C0000000000000000000000000000000000D9
:10DB4C0000000000000000000000000000000000C9
:10DB5C0000000000000000000000000000000000B9
:10DB6C0000000000000000000000000000000000A9
:10DB7C000000000000000000000000000000000099
:10DB8C000000000000000000000000000000000089
:10DB9C000000000000000000000000000000000079
:10DBAC000000000000000000000000000000000069
:10DBBC000000000000000000000000000000000059
:10DBCC000000000000000000000000000000000049
:10DBDC000000000000000000000000000000000039
:10DBEC000000000000000000000000000000000029
:10DBFC000000000000000000000000000000000019
:10DC0C000000000000000000000000000000000008
:10DC1C0000000000000000000000000000000000F8
:10DC2C0000000000000000000000000000000000E8
:10DC3C0000000000000000000000000000000000D8
:10DC4C0000000000000000000000000000000000C8
:10DC5C0000000000000000000000000000000000B8
:10DC6C0000000000000000000000000000000000A8
:10DC7C000000000000000000000000000000000098
:10DC8C000000000000000000000000000000000088
:10DC9C000000000000000000000000000000000078
:10DCAC000000000000000000000000000000000068
:10DCBC000000000000000000000000000000000058
:10DCCC000000000000000000000000000000000048
:10DCDC000000000000000000000000000000000038
:10DCEC000000000000000000000000000000000028
:10DCFC000000000000000000000000000000000018
:10DD0C000000000000000000000000000000000007
:10DD1C0000000000000000000000000000000000F7
:10DD2C0000000000000000000000000000000000E7
:10DD3C0000000000000000000000000000000000D7
:10DD4C0000000000000000000000000000000000C7
:10DD5C0000000000000000000000000000000000B7
:10DD6C0000000000000000000000000000000000A7
:10DD7C000000000000000000000000000000000097
:10DD8C000000000000000000000000000000000087
:10DD9C000000000000000000000000000000000077
:10DDAC000000000000000000000000000000000067
:10DDBC000000000000000000000000000000000057
:10DDCC000000000000000000000000000000000047
:10DDDC000000000000000000000000000000000037
:10DDEC000000000000000000000000000000000027
:10DDFC000000000000000000000000000000000017
:10DE0C000000000000000000000000000000000006
:10DE1C0000000000000000000000000000000000F6
:10DE2C0000000000000000000000000000000000E6
:10DE3C0000000000000000000000000000000000D6
:10DE4C0000000000000000000000000000000000C6
:10DE5C0000000000000000000000000000000000B6
:10DE6C0000000000000000000000000000000000A6
:10DE7C000000000000000000000000000000000096
:10DE8C000000000000000000000000000000000086
:10DE9C000000000000000000000000000000000076
:10DEAC000000000000000000000000000000000066
:10DEBC000000000000000000000000000000000056
:10DECC000000000000000000000000000000000046
:10DEDC000000000000000000000000000000000036
:10DEEC000000000000000000000000000000000026
:10DEFC000000000000000000000000000000000016
:10DF0C000000000000000000000000000000000005
:10DF1C0000000000000000000000000000000000F5
:10DF2C0000000000000000000000000000000000E5
:10DF3C0000000000000000000000000000000000D5
:10DF4C0000000000000000000000000000000000C5
:10DF5C0000000000000000000000000000000000B5
:10DF6C0000000000000000000000000000000000A5
:10DF7C000000000000000000000000000000000095
:10DF8C000000000000000000000000000000000085
:10DF9C000000000000000000000000000000000075
:10DFAC000000000000000000000000000000000065
:10DFBC000000000000000000000000000000000055
:10DFCC000000000000000000000000000000000045
:10DFDC000000000000000000000000000000000035
:10DFEC000000000000000000000000000000000025
:10DFFC000000000000000000000000000000000015
:10E00C000000000000000000000000000000000004
:10E01C0000000000000000000000000000000000F4
:10E02C0000000000000000000000000000000000E4
:10E03C0000000000000000000000000000000000D4
:10E04C0000000000000000000000000000000000C4
:10E05C0000000000000000000000000000000000B4
:10E06C0000000000000000000000000000000000A4
:10E07C000000000000000000000000000000000094
:10E08C000000000000000000000000000000000084
:10E09C000000000000000000000000000000000074
:10E0AC000000000000000000000000000000000064
:10E0BC000000000000000000000000000000000054
:10E0CC000000000000000000000000000000000044
:10E0DC000000000000000000000000000000000034
:10E0EC000000000000000000000000000000000024
:10E0FC000000000000000000000000000000000014
:10E10C000000000000000000000000000000000003
:10E11C0000000000E12600080000000000000000E4
:10E12C0000000000000000000000000000000000E3
:10E13C000000000078D5002060EA0000000001011A
:10E14C0000000000000000000000000004000000BF
:10E15C00401F0000B9500008E950000801510008A8
:10E16C006D5100088D5A0008E95C00082D59000813
:10E17C00A95B000800000000195A00086559000846
:10E18C00195C0008F15800082D5B0008D5580008F0
:10E19C0035590008D9580008E5580008E55B000817
:10E1AC00399001083B9001085C8C01083D900108F6
:10E1BC004688010842900108080000160000000083
:10E1CC00DF63000815680008F9680008716800082A
:10E1DC00096400085D690008EB650008DB6900084C
:10E1EC00B1690008416200083D660008F966000844
:10E1FC00716600086962000845670008B56300088D
:10E20C00A96700087F670008556500084968000881
:10E21C002B6600080562000809730008AD7300083E
:10E22C004D730008A9720008FF73000861720008A2
:10E23C00DD7300082D730008D571000800093D003E
:10E24C0001000000100000000000000080D8002039
:10E25C000000000000000000FF00000000000000B3
:10E26C0080D800200000000000000000000000002A
:10E27C00000000000000000080D800200000FF001B
:10E28C0000000000E000000055C6000885C500082D
:10E29C0091C50008BDC5000800000000000000008A
:10E2AC00ADC600089DC500081DCA0008000000008E
:10E2BC00000000000000000000000000000E0F0D28
:10E2CC000109081101000000FF000000FFFFFFFF23
:10E2DC00FFFFFFFF000000000300000098F4002087
:10E2EC0014B400200000000098F4002000F5002079
:10E2FC0068F5002000000000000000000000000095
:10E30C000000000000000000000000000000000001
:10E31C0000000000000000000000000000000000F1
:10E32C0000000000000000000000000000000000E1
:10E33C00430000000000000000000000000000008E
:10E34C0000000000000000000000000000000000C1
:10E35C00430000000000000000000000000000006E
:10E36C0000000000000000000000000000000000A1
:10E37C00430000000000000000000000000000004E
:10E38C000000000000000000000000000000000081
:10E39C00430000000000000000000000000000002E
:10E3AC000000000000000000000000000000000061
:10E3BC00430000000000000000000000000000000E
:10E3CC000000000000000000000000000000000041
:10E3DC0043000000000000000000000000000000EE
:10E3EC000000000000000000000000000000000021
:10E3FC0043000000000000000000000000000000CE
:10E40C000000000000000000000000000000000000
:10E41C008B7F0108677F010800000000E02C0208D8
:10E42C00DE2C0208F28A0108F28A0108F28A01083D
:10E43C00F28A0108F28A0108F28A0108F28A0108BC
:10E44C00F28A0108F28A0108FFFFFFFFFFFFFFFFBE
:10E45C00FFFFFFFFFFFF000001004153434949004C
:10E46C0000000000000000000000000000000000A0
:10E47C000000000000000000000041534349490027
:10E48C000000000000000000000000000000000080
:10E49C000000000000000000000000006042A20D1F
:04E4AC000000803FAD
:0400000508005FCDC3
:00000001FF
